team,W0,exp_W,dV_old,dV_new,dPlayoff,dPlayin,EV_old,EV_new,P_playoff,P_rel,P_np3,P_pi910,P_pi78,state
ATL,26.0,41.49325,0.0,0.0,0.08625,0.07775,0.0,0.0,0.34425,0.0,0.153,0.6135,0.113,0
BOS,42.0,59.07725,0.15764923941798958,0.15764923941798958,0.0,0.0,5.608864087301587,5.608864087301587,1.0,0.0,0.0,0.0,0.0,0
BKN,16.0,25.73975,0.005648809523809495,-0.012771874999999948,0.0,0.0,8.745050297619047,8.775351934523812,0.0,0.39175,0.60825,0.0,0.0,0
CHA,27.0,38.30825,0.24496837931830356,0.1892802803527494,0.02125,0.11725,9.633452477896729,12.383787124963419,0.05025,0.0,0.71775,0.2535,0.01875,0
CHI,15.0,24.73425,0.2340731334419643,-0.10934890354798171,0.0,0.0,14.910674466163837,12.315792165296644,0.0,0.566,0.434,0.0,0.0,0
CLE,28.0,42.702,0.0,0.0,0.096,0.03125,0.0,0.0,0.4315,0.0,0.07625,0.52575,0.20025,0
DET,31.0,49.002,0.1744962208665179,0.2843259081955853,0.02175,-0.08825,6.870551383109078,7.063324386783234,0.96775,0.0,0.00025,0.017,0.05975,0
IND,38.0,55.35425,0.06968918895362108,0.07076092676924609,0.00025,-0.00175,6.121122467172317,6.121551485214132,0.99975,0.0,0.0,0.0,0.00025,0
MIA,29.0,44.15325,-0.008953511420761583,0.30806739159483093,0.08725,-0.0195,9.131134019933931,10.633906353928957,0.6075,0.0,0.02875,0.3155,0.27875,0
MIL,16.0,24.4285,0.0,0.0,0.0,0.0,0.0,0.0,0.0,0.61425,0.38575,0.0,0.0,0
NYK,41.0,59.11075,0.0,0.0,0.0,0.0,0.0,0.0,1.0,0.0,0.0,0.0,0.0,0
ORL,37.0,52.5705,0.08100390925651452,0.09920240298627642,0.00225,-0.015,6.300532133005017,6.314817586069897,0.9965,0.0,0.0,0.0,0.00675,0
PHI,37.0,55.1655,0.05877791005291009,0.06008686150529104,0.0,-0.001,6.139938062169313,6.140580781943123,1.0,0.0,0.0,0.0,0.00025,0
TOR,31.0,44.47325,0.16802478054925604,0.4352650184622732,0.06975,-0.0405,7.843274823313839,9.452952548443347,0.6025,0.0,0.024,0.27475,0.32225,0
WAS,18.0,27.58325,0.33497451091473185,-0.0439856068452381,0.0,0.0,13.981389785335267,11.788940469460718,0.0,0.13875,0.86125,0.0,0.0,0
DAL,21.0,35.8635,0.23250549978794646,0.3585586258326318,0.11025,0.05175,0.7386749524888394,1.6907261300132022,0.45575,0.0,0.196,0.4055,0.1505,0
DEN,34.0,48.778,0.0,0.0,0.0,0.0,0.0,0.0,1.0,0.0,0.0,0.0,0.0,0
GSW,26.0,38.1735,0.4137771907593751,0.5457825768702097,0.10975,-0.07775,8.398287835876191,9.092093099710658,0.69825,0.0,0.03975,0.20575,0.2445,0
HOU,24.0,37.02575,0.45208496185833336,0.5528506192386905,0.09775,-0.01575,8.947860278876338,9.819589269438119,0.5685,0.0,0.09525,0.31475,0.23075,0
LAC,11.0,19.04125,-0.0018068672839506193,-0.0018068672839506193,0.0,0.0,5.3369606040564355,5.3369606040564355,0.0,0.99225,0.00775,0.0,0.0,0
LAL,20.0,33.51175,0.0,0.0,0.07125,0.119,0.0,0.0,0.17025,0.0005,0.55925,0.32225,0.05575,0
MEM,23.0,32.6765,0.4574612618325892,0.2641221208827027,0.03925,0.1145,11.736176828567562,12.243050817950751,0.07425,0.001,0.68625,0.25025,0.034,0
MIN,32.0,46.36975,0.0,0.0,0.00175,-0.00425,0.0,0.0,0.99875,0.0,0.0,0.00025,0.00125,0
NOP,24.0,34.1735,0.29070758928571433,0.16057232142857136,0.0765,0.11875,16.426147023809527,14.884298809523811,0.175,0.0,0.445,0.39,0.0905,0
OKC,40.0,60.68325,0.11744637345679024,0.11744637345679024,0.0,0.0,5.3369606040564355,5.3369606040564355,1.0,0.0,0.0,0.0,0.0,0
PHX,26.0,40.09325,0.0,0.0,0.0515,-0.125,0.0,0.0,0.886,0.0,0.0075,0.067,0.1415,0
POR,19.0,28.75125,0.3512118494761902,-0.005053784204111351,0.00375,0.02075,13.488161512958927,12.694440388516183,0.00425,0.0615,0.90975,0.0255,0.002,0
SAC,19.0,26.67525,0.3150165016325891,-0.08515717128691173,0.00025,0.00375,14.306876695435712,12.589428054973963,0.0,0.234,0.76325,0.00275,0.0,0
SAS,41.0,61.948,0.0,0.0,0.0,0.0,0.0,0.0,1.0,0.0,0.0,0.0,0.0,0
UTA,28.0,42.3395,0.07474344464181547,0.07566091994940476,0.01975,-0.06425,7.460762796039433,7.473595757189879,0.969,0.0,0.001,0.016,0.04925,0
ATL,23.0,36.2995,0.0,0.0,0.07425,0.0955,0.0,0.0,0.28225,0.0,0.2265,0.58475,0.09525,1
BOS,34.0,49.93325,0.14472380094656637,0.14771086992350085,0.00025,-0.0025,6.268907627865962,6.270192432824296,1.0,0.0,0.0,0.0,0.0005,1
BKN,15.0,24.813,-0.0030494047619047614,-0.011035416666666634,0.0,0.00025,7.6794191964285705,8.187357886904762,0.0,0.40925,0.5905,0.00025,0.0,1
CHA,23.0,34.43625,0.5043251092443451,0.28413917691259494,0.0455,0.1285,11.934506744276637,12.061408669027722,0.11075,0.0,0.52075,0.41575,0.0355,1
CHI,13.0,21.79475,0.11778122444955368,-0.057571863353217054,0.0,0.0,15.482240312639282,12.07458663668298,0.0,0.86725,0.13275,0.0,0.0,1
CLE,29.0,44.7725,0.0,0.0,0.0135,-0.081,0.0,0.0,0.97775,0.0,0.0,0.00775,0.05975,1
DET,26.0,40.49425,0.3253493216334821,0.36021641625375567,0.06425,-0.0555,8.18028062531875,8.927955182809672,0.74675,0.0,0.0165,0.147,0.326,1
IND,27.0,39.85825,0.4011990061315477,0.39250904020197275,0.0775,-0.0345,8.521129194963839,9.355076114118372,0.648,0.0,0.01925,0.214,0.37475,1
MIA,31.0,46.54225,-0.003665396746841928,0.023295434801599058,0.006,-0.039,9.379216395502306,9.410536582931535,0.99275,0.0,0.0,0.00125,0.01875,1
MIL,19.0,28.4545,0.0,0.0,0.00125,0.0095,0.0,0.0,0.001,0.04525,0.94675,0.0075,0.0005,1
NYK,33.0,49.53075,0.0,0.0,0.00025,-0.00375,0.0,0.0,0.99975,0.0,0.0,0.0,0.00175,1
ORL,24.0,35.97575,0.6038700261047618,0.3428651467084808,0.06875,0.1135,10.877944855018603,11.499236682496525,0.23775,0.0,0.25075,0.597,0.08675,1
PHI,36.0,53.23525,0.1550455026455028,0.1550455026455028,0.0,0.0,5.745401741622574,5.745401741622574,1.0,0.0,0.0,0.0,0.0,1
TOR,36.0,52.78275,0.1610727292768961,0.16170413071677706,0.0,-0.00025,5.840288227513228,5.840288227513228,1.0,0.0,0.0,0.0,0.0,1
WAS,19.0,29.6735,0.21414441081130936,0.020728611385119087,0.00625,0.0275,13.863382925453864,11.842383911995837,0.00325,0.01725,0.95725,0.02475,0.0005,1
DAL,25.0,37.9715,0.26649719673214284,0.22551837492945578,0.05375,0.1075,1.033297365860268,2.764268157457658,0.108,0.0,0.665,0.24725,0.04375,1
DEN,30.0,44.703,0.0,0.0,0.0665,-0.11625,0.0,0.0,0.87325,0.0,0.02025,0.0805,0.1335,1
GSW,27.0,40.0645,0.4686936455592263,0.55748914963588,0.10375,0.0775,9.026158594824407,11.161540225757097,0.31675,0.0,0.32425,0.416,0.10225,1
HOU,29.0,43.3395,0.264619086749256,0.5877988364386152,0.10025,-0.096,7.717264660879613,8.784522834912238,0.7525,0.0,0.0485,0.172,0.18925,1
LAC,14.0,21.911,-0.0009404431216931228,-0.0009404431216931228,0.0,0.0,5.391566391093473,5.391566391093473,0.0,0.88,0.12,0.0,0.0,1
LAL,29.0,43.70175,0.0,0.0,0.09325,-0.1165,0.0,0.0,0.77475,0.0,0.03475,0.15425,0.18175,1
MEM,27.0,38.91425,0.5111278142851191,0.38771127856487386,0.071,0.12275,9.74053135923765,11.808394796002212,0.15975,0.0,0.51675,0.34675,0.0605,1
MIN,36.0,52.36025,0.0,0.0,0.0005,-0.00275,0.0,0.0,0.99975,0.0,0.0,0.00025,0.00075,1
NOP,25.0,36.1975,0.2425537202380953,0.22946473214285715,0.0215,0.066,15.79631488095238,16.277367708333333,0.02475,0.0,0.87025,0.11075,0.01075,1
OKC,36.0,55.31025,0.11684701278659623,0.11684701278659623,0.0,0.0,5.391566391093473,5.391566391093473,1.0,0.0,0.0,0.0,0.0,1
PHX,30.0,45.1225,0.0,0.0,0.056,-0.12375,0.0,0.0,0.90275,0.0,0.0105,0.063,0.11425,1
POR,27.0,39.02325,0.48637292247306557,0.4286077907909396,0.06225,0.1185,9.658718148919943,11.783588913200907,0.173,0.0,0.5015,0.35925,0.06275,1
SAC,15.0,22.8355,0.14088882904196445,-0.09597632644065465,0.0,0.0,15.320489045623212,12.146963863146604,0.0,0.781,0.219,0.0,0.0,1
SAS,51.0,74.36075,0.0,0.0,0.0,0.0,0.0,0.0,1.0,0.0,0.0,0.0,0.0,1
UTA,31.0,45.588,0.19404785452728177,0.27499105541329366,0.0405,-0.1145,7.182967751155451,7.342810883644289,0.91475,0.0,0.00825,0.05,0.1005,1
ATL,29.0,42.29625,0.0,0.0,0.09375,0.0955,0.0,0.0,0.19125,0.0,0.4735,0.3385,0.081,2
BOS,29.0,44.149,0.33361607939717275,0.708719575486848,0.122,-0.02025,8.333764178867561,10.24703232599096,0.476,0.0,0.1725,0.39175,0.118,2
BKN,16.0,26.51125,-0.0011219025573192243,-0.0007034501763668432,0.0,0.0,6.1308535604056456,6.132290018738979,0.0,0.10225,0.89775,0.0,0.0,2
CHA,32.0,44.70775,0.35145703490119057,0.7416235997114512,0.134,-0.06,8.196441070374552,9.874863520377149,0.5085,0.0,0.13275,0.3325,0.16275,2
CHI,14.0,24.01775,0.3418839732352677,-0.12042474532046464,0.0,0.0,14.565700294276784,12.47464073502564,0.0,0.4005,0.5995,0.0,0.0,2
CLE,31.0,46.8795,0.0,0.0,0.095,-0.12125,0.0,0.0,0.81525,0.0,0.03175,0.13375,0.1125,2
DET,29.0,45.30525,0.3183527215444941,0.7279841552928147,0.11375,-0.073,7.916915233669048,9.304179084689258,0.651,0.0,0.08975,0.282,0.12975,2
IND,31.0,46.1685,0.3088951007538691,0.704938227240136,0.1165,-0.12375,7.659878290751636,8.690709061671074,0.7325,0.0,0.03975,0.20375,0.1515,2
MIA,37.0,54.83275,0.0,0.0003315850646296297,0.0,-0.001,9.382940917107586,9.382940917107586,1.0,0.0,0.0,0.0,0.0,2
MIL,19.0,26.82775,0.0,0.0,0.0,0.0,0.0,0.0,0.0,0.064,0.936,0.0,0.0,2
NYK,42.0,61.2975,0.0,0.0,0.0,0.0,0.0,0.0,1.0,0.0,0.0,0.0,0.0,2
ORL,32.0,48.52375,0.24004581216097884,0.44428757409875513,0.04075,-0.09525,6.937369375770359,7.208894638555812,0.9425,0.0,0.00675,0.04325,0.05325,2
PHI,29.0,46.533,0.27968134553110124,0.6387525709557468,0.0955,-0.13825,7.48361416627619,8.29672155493732,0.8195,0.0,0.032,0.153,0.11,2
TOR,31.0,47.3025,0.2772343582287202,0.5733559299544927,0.0755,-0.123,7.277081080980208,7.897627664083127,0.8635,0.0,0.02125,0.1215,0.08125,2
WAS,16.0,23.8575,0.3369430228933034,-0.08618275702440466,0.0,0.0,14.632484724107588,11.64503555443929,0.0,0.42875,0.57125,0.0,0.0,2
DAL,20.0,30.86675,0.2269475634308036,0.13860283829551445,0.01375,0.13125,1.618540432013393,2.656308950244771,0.058,0.001,0.425,0.57375,0.00025,2
DEN,33.0,48.335,0.0,0.0,0.01375,-0.07725,0.0,0.0,0.9755,0.0,0.0,0.002,0.062,2
GSW,32.0,43.86125,0.1971185386221726,0.26935252062633924,0.03875,-0.096,7.968283746058036,8.73844098946994,0.7575,0.0,0.0,0.075,0.4175,2
HOU,38.0,53.61575,0.08984439177549057,0.09285550444825842,0.00025,-0.00275,6.1308535604056456,6.132805498277967,1.0,0.0,0.0,0.0,0.00075,2
LAC,19.0,28.23775,0.00287507716049383,0.00287507716049383,0.008,0.07925,5.381014704585536,5.381014704585536,0.017,0.01875,0.83525,0.146,0.0,2
LAL,30.0,47.04225,0.0,0.0,0.0175,-0.1135,0.0,0.0,0.9625,0.0,0.0,0.00725,0.106,2
MEM,13.0,19.85425,0.1200949224308036,-0.04047589557881228,0.0,0.0,15.666091153560263,12.019486420128914,0.0,0.941,0.05875,0.00025,0.0,2
MIN,34.0,51.562,0.0,0.0,0.0005,-0.0105,0.0,0.0,0.9985,0.0,0.0,0.0,0.0045,2
NOP,16.0,23.70075,0.26091562500000004,-0.27096369047619046,0.0,0.00425,17.985333333333337,15.780400446428573,0.0,0.457,0.53925,0.00375,0.0,2
OKC,38.0,57.9365,0.1201321097883599,0.1201321097883599,0.0,0.0,5.381014704585536,5.381014704585536,1.0,0.0,0.0,0.0,0.0,2
PHX,25.0,38.895,0.0,0.0,0.03275,-0.00125,0.0,0.0,0.3605,0.0,0.001,0.86375,0.0745,2
POR,17.0,29.20775,0.3777880222075891,0.11313190519398371,0.018,0.10475,12.179616835770982,12.480453034789301,0.047,0.01025,0.714,0.27575,0.0,2
SAC,16.0,23.01775,0.3010205925285714,-0.12823338652740904,0.0,0.00175,14.942944002876335,12.324896954744558,0.0,0.5765,0.42225,0.00125,0.0,2
SAS,41.0,60.06975,0.0,0.0,0.0,0.0,0.0,0.0,1.0,0.0,0.0,0.0,0.0,2
UTA,31.0,44.5875,0.1888793218613095,0.16941203417976192,0.0375,-0.10525,7.763542416975,7.900589847013095,0.8235,0.0,0.0,0.05125,0.3345,2
ATL,29.0,44.41975,0.0,0.0,0.0265,-0.1255,0.0,0.0,0.928,0.0,0.00125,0.016,0.154,3
BOS,36.0,54.17775,0.0610861441798942,0.0610861441798942,0.0,0.0,6.143244146825398,6.143244146825398,1.0,0.0,0.0,0.0,0.0,3
BKN,11.0,20.4265,-0.005948214285714285,-0.005068601190476183,0.0,0.0,7.493696874999998,7.69959925595238,0.0,0.9315,0.0685,0.0,0.0,3
CHA,15.0,24.07275,0.12344779069241084,-0.1059812822700057,0.0,0.0,15.086473790880802,12.347075715755519,0.0,0.53075,0.46925,0.0,0.0,3
CHI,22.0,33.94275,0.5417805370379463,0.1611628933446344,0.03,0.08925,12.045221391957886,12.497417594883352,0.05025,0.00025,0.8095,0.164,0.016,3
CLE,29.0,45.15975,0.0,0.0,0.0135,-0.10975,0.0,0.0,0.9625,0.0,0.00025,0.00575,0.09075,3
DET,35.0,50.4535,0.10341238546475415,0.10791053511787915,0.00125,-0.00525,6.4343006209351294,6.443217432442868,0.9985,0.0,0.0,0.0,0.004,3
IND,21.0,35.30525,0.6339510087239583,0.2887442986866809,0.0585,0.13125,11.041637899696132,12.105411081265665,0.1455,0.0005,0.61,0.30725,0.04675,3
MIA,21.0,35.34175,0.5321257566806327,0.22834465595102965,0.0635,0.135,11.263171479871414,12.363398667556423,0.14475,0.0,0.6125,0.304,0.0505,3
MIL,24.0,36.7345,0.0,0.0,0.082,0.12275,0.0,0.0,0.21825,0.0,0.37975,0.422,0.12025,3
NYK,37.0,54.53175,0.0,0.0,0.0,0.0,0.0,0.0,1.0,0.0,0.0,0.0,0.0,3
ORL,27.0,38.62575,0.48775348550684533,0.4771164647205996,0.08825,0.06475,8.988007948085418,10.516513321154529,0.40875,0.0,0.15625,0.3595,0.29875,3
PHI,35.0,53.27925,0.04851977757795964,0.048929076528406064,0.00025,-0.00075,6.201582972022405,6.201992270972851,0.99975,0.0,0.0,0.0,0.00025,3
TOR,31.0,45.01925,0.0879168915046131,0.20847605474945433,0.0285,-0.1165,7.352792802614583,7.644931955852599,0.943,0.0,0.001,0.01,0.12175,3
WAS,24.0,36.39825,0.6121870049714285,0.2914213401994049,0.0665,0.1345,10.294771309518898,10.998273975923214,0.20075,0.0,0.42875,0.4115,0.097,3
DAL,19.0,29.79775,0.23921880626473216,-0.002978093806441326,0.002,0.00925,3.682447256466965,3.2100401747982743,0.001,0.01425,0.9785,0.00725,0.0,3
DEN,29.0,41.799,0.0,0.0,0.08575,-0.12825,0.0,0.0,0.796,0.0,0.016,0.1305,0.20075,3
GSW,24.0,36.41775,0.6250652751363095,0.37640093397295216,0.06725,0.11375,10.308384056091368,11.78311890335626,0.19575,0.0,0.47125,0.4025,0.0575,3
HOU,28.0,43.0955,0.11356474314270837,0.30557097149063206,0.047,-0.11625,7.505144069559522,7.919674114804506,0.91675,0.0,0.0045,0.06425,0.104,3
LAC,15.0,23.667,-0.002839362874779544,-0.002839362874779544,0.0,0.0,5.25177971781305,5.25177971781305,0.0,0.62125,0.37875,0.0,0.0,3
LAL,25.0,37.12875,0.0,0.0,0.08175,0.10225,0.0,0.0,0.23975,0.0,0.334,0.48725,0.0875,3
MEM,30.0,39.4125,0.4033750043004465,0.5755135112131661,0.10425,-0.04025,8.60731778333036,10.125105642306625,0.45175,0.0,0.07725,0.405,0.239,3
MIN,41.0,59.47275,0.0,0.0,0.0,0.0,0.0,0.0,1.0,0.0,0.0,0.0,0.0,3
NOP,15.0,21.4745,0.17004895833333342,-0.11253244047619049,0.0,0.0,16.66219761904762,14.612445833333336,0.0,0.89725,0.10275,0.0,0.0,3
OKC,39.0,60.14225,0.06895479497354505,0.06895479497354505,0.0,0.0,5.25177971781305,5.25177971781305,1.0,0.0,0.0,0.0,0.0,3
PHX,27.0,39.179,0.0,0.0,0.106,-0.0025,0.0,0.0,0.49325,0.0,0.1095,0.4155,0.1935,3
POR,38.0,54.6345,0.07172333553791893,0.07172333553791893,0.0,0.0,6.109214208553793,6.109214208553793,1.0,0.0,0.0,0.0,0.0,3
SAC,22.0,30.53375,0.2847296680718748,0.011984845874832775,0.0015,0.012,13.662881730723806,12.770897117832813,0.0015,0.00425,0.98325,0.01175,0.0005,3
SAS,43.0,62.50275,0.0,0.0,0.0,0.0,0.0,0.0,1.0,0.0,0.0,0.0,0.0,3
UTA,28.0,42.85375,0.1239175175653274,0.1890864493845238,0.04875,-0.1285,7.543202146200594,7.714108247566666,0.90425,0.0,0.00725,0.076,0.11725,3
ATL,24.0,37.06475,0.0,0.0,0.0485,0.11725,0.0,0.0,0.077,0.00025,0.702,0.24825,0.026,4
BOS,28.0,42.2105,0.40221645185901683,0.6302959284462404,0.10225,-0.081,8.200318853821429,9.44710329785044,0.62925,0.0,0.04425,0.333,0.18525,4
BKN,19.0,28.64975,0.003279464285714283,0.006770535714285718,0.0,0.0,7.384266969797178,7.610561166225748,0.0,0.33375,0.66625,0.0,0.0,4
CHA,25.0,35.7705,0.4340368197154761,0.13736805204505248,0.01875,0.0845,11.946040876933184,12.618014245585114,0.0235,0.001,0.86325,0.1225,0.00825,4
CHI,9.0,17.7795,0.00795967720669642,-0.00036051832437641716,0.0,0.0,15.85320573190446,11.970035221146627,0.0,1.0,0.0,0.0,0.0,4
CLE,25.0,41.318,0.0,0.0,0.10775,-0.0085,0.0,0.0,0.5485,0.0,0.10325,0.40725,0.16325,4
DET,31.0,49.0995,0.14486698321607694,0.16858158081057098,0.006,-0.021,6.2740005268341665,6.297546334373523,0.996,0.0,0.00025,0.0015,0.00825,4
IND,32.0,44.22675,0.3295025334928241,0.5400827584231032,0.09025,-0.1235,7.522935252373247,8.19101914473786,0.775,0.0,0.00675,0.1145,0.211,4
MIA,36.0,54.05425,0.0,0.0,0.0,0.0,9.382940917107586,9.382940917107586,1.0,0.0,0.0,0.0,0.0,4
MIL,20.0,28.7545,0.0,0.0,0.00025,0.0005,0.0,0.0,0.00025,0.32725,0.67225,0.0005,0.0,4
NYK,30.0,46.647,0.0,0.0,0.02275,-0.07125,0.0,0.0,0.96325,0.0,0.00125,0.0235,0.05225,4
ORL,27.0,43.15875,0.3508476204141369,0.6128496818022392,0.0935,-0.1245,7.775211154747767,8.675817012383837,0.77725,0.0,0.024,0.202,0.167,4
PHI,31.0,48.34825,0.16209446031064811,0.19395294121908066,0.00575,-0.0305,6.3947969416401795,6.440072242263692,0.99075,0.0,0.0,0.00425,0.0155,4
TOR,33.0,46.93075,0.21822242360468475,0.3106962541836175,0.0255,-0.0705,6.719032563923607,6.87851123888179,0.95525,0.0,0.0,0.021,0.05425,4
WAS,27.0,39.60825,0.5491574762444942,0.39933402317559535,0.08575,0.07825,9.646221235001935,10.642577556350002,0.264,0.0,0.25425,0.52175,0.109,4
DAL,18.0,28.64975,0.26121512821875004,-0.1268004002853146,0.0,0.0,4.456391889310715,2.9022249780678995,0.0,0.332,0.668,0.0,0.0,4
DEN,29.0,44.719,0.0,0.0,0.055,-0.126,0.0,0.0,0.887,0.0,0.00925,0.10225,0.09825,4
GSW,31.0,44.5025,0.32022352696895395,0.5771391728744598,0.0765,-0.13375,7.380998717710483,7.944613433604665,0.84475,0.0,0.01275,0.11625,0.116,4
HOU,31.0,44.4635,0.30855496555115747,0.5184330345738261,0.0735,-0.123,7.3954040408226245,7.97306416018059,0.84,0.0,0.01175,0.1175,0.1265,4
LAC,22.0,30.738,0.0,0.0,0.0,0.003,5.157822619047618,5.157822619047618,0.0,0.089,0.91,0.00075,0.00025,4
LAL,30.0,46.94425,0.0,0.0,0.022,-0.064,0.0,0.0,0.97125,0.0,0.001,0.02225,0.03375,4
MEM,30.0,43.16325,0.3667901825166667,0.6347614689245181,0.10725,-0.1165,7.875504000406459,8.847941101211058,0.70475,0.0,0.031,0.24075,0.16225,4
MIN,26.0,40.28875,0.0,0.0,0.10775,0.03075,0.0,0.0,0.40025,0.0,0.21025,0.49925,0.0875,4
NOP,24.0,32.80875,0.11149687500000008,-0.020845535714285688,0.0005,0.0095,17.425139583333333,15.958581101190477,0.00125,0.01425,0.97575,0.00925,0.0005,4
OKC,39.0,59.5635,0.000774371693121694,0.000774371693121694,0.0,0.0,5.157822619047618,5.157822619047618,1.0,0.0,0.0,0.0,0.0,4
PHX,24.0,37.9605,0.0,0.0,0.05075,0.111,0.0,0.0,0.113,0.0,0.6345,0.2925,0.0325,4
POR,31.0,41.95875,0.4568418007921132,0.6750543532629889,0.13,-0.0685,8.462875669694643,9.84970549458456,0.4945,0.0,0.072,0.3875,0.1875,4
SAC,16.0,24.5785,0.08182809643571438,-0.05269125863997735,0.0,0.0,15.370178764684821,12.052295241194242,0.0,0.9025,0.0975,0.0,0.0,4
SAS,42.0,62.58125,0.0,0.0,0.0,0.0,0.0,0.0,1.0,0.0,0.0,0.0,0.0,4
UTA,30.0,43.45875,0.34910502189925596,0.3891628953017857,0.096,-0.1175,7.740407538304972,7.970459697405864,0.74325,0.0,0.0285,0.21175,0.155,4
ATL,18.0,30.094,0.0,0.0,0.0025,0.01175,0.0,0.0,0.00225,0.028,0.95825,0.01325,0.0005,5
BOS,31.0,45.288,0.0632156119154762,0.1588571554659722,0.0235,-0.089,7.393057454060862,7.574257185335861,0.97,0.0,0.0,0.01775,0.0605,5
BKN,14.0,23.03725,-0.0012906194885361566,-0.0012906194885361566,0.0,0.0,5.231904177689593,5.231904177689593,0.0,0.8255,0.1745,0.0,0.0,5
CHA,26.0,38.25775,0.31876275800922627,0.4768243395424604,0.08625,0.06125,8.918367879269198,11.05974963905153,0.35075,0.0,0.152,0.595,0.12275,5
CHI,16.0,25.80225,0.2942017783361606,-0.11255579045082209,0.0,0.0,14.663524474221427,12.480490662367348,0.0,0.398,0.602,0.0,0.0,5
CLE,28.0,43.44375,0.0,0.0,0.042,-0.13,0.0,0.0,0.9155,0.0,0.0015,0.063,0.12925,5
DET,34.0,52.44675,0.11979852292768955,0.11979852292768955,0.0,-0.00075,6.382538679453265,6.382538679453265,1.0,0.0,0.0,0.0,0.0,5
IND,28.0,41.677,0.17809821186860122,0.45830663696971374,0.069,-0.109,7.8463464380449395,8.80341179856926,0.76675,0.0,0.00675,0.184,0.234,5
MIA,21.0,34.76425,0.3461990121523479,0.15440296581082605,0.04125,0.11,10.495702123077635,12.590742108813146,0.08225,0.0,0.72275,0.2485,0.0165,5
MIL,25.0,32.11425,0.0,0.0,0.00475,0.03175,0.0,0.0,0.003,0.00125,0.96125,0.03675,0.0005,5
NYK,41.0,60.51025,0.0,0.0,0.0,0.0,0.0,0.0,1.0,0.0,0.0,0.0,0.0,5
ORL,30.0,41.333,0.23379099574211318,0.4923511845851616,0.0945,-0.099,8.053902111509673,9.244870532533566,0.6355,0.0,0.01625,0.23075,0.30775,5
PHI,35.0,52.35625,0.12641232363315694,0.12641232363315694,0.0,-0.0005,6.382147585978837,6.382147585978837,1.0,0.0,0.0,0.0,0.0,5
TOR,35.0,51.9545,0.14017047202240407,0.1419110269460648,0.00025,-0.00075,6.44176784611993,6.443084665657729,1.0,0.0,0.0,0.0,0.0005,5
WAS,28.0,38.227,0.30272550338050597,0.3578409044625,0.08625,0.05075,9.03798948674524,10.55647526294881,0.274,0.0,0.152,0.611,0.12775,5
DAL,19.0,30.21575,0.4107901606763394,0.09299464013616071,0.01175,0.10775,2.6408928897254462,2.942323775672853,0.031,0.02375,0.7085,0.2675,0.00025,5
DEN,34.0,50.08775,0.0,0.0,0.00225,-0.017,0.0,0.0,0.9965,0.0,0.0,0.00025,0.008,5
GSW,27.0,39.88725,0.2257354385677084,0.38804564544581216,0.06425,-0.006,8.330226040386458,10.380000709363186,0.5195,0.0,0.0005,0.57925,0.20675,5
HOU,43.0,59.93275,0.04911496913580252,0.04911496913580252,0.0,0.0,5.231904177689593,5.231904177689593,1.0,0.0,0.0,0.0,0.0,5
LAC,19.0,26.86075,-4.1192680776014345e-05,-4.1192680776014345e-05,0.001,0.02275,6.262456007495593,6.262628477733688,0.002,0.2365,0.73275,0.03075,0.0,5
LAL,37.0,53.8335,0.0,0.0,0.0,-0.00125,0.0,0.0,1.0,0.0,0.0,0.0,0.00075,5
MEM,15.0,24.737,0.2338823919151786,-0.10751714464704518,0.00025,0.00475,15.005174631395533,12.319673351757244,0.00075,0.58375,0.4125,0.00375,0.0,5
MIN,30.0,47.70525,0.0,0.0,0.0055,-0.06825,0.0,0.0,0.9885,0.0,0.0,0.0025,0.03475,5
NOP,19.0,30.03225,0.4282520833333331,0.004874851190476164,0.015,0.101,14.837691815476191,16.164154315476193,0.0295,0.026,0.73625,0.23775,0.0,5
OKC,34.0,53.44175,0.08602595899470898,0.08601906806345898,0.0,-0.0005,6.262456007495593,6.263098092680115,1.0,0.0,0.0,0.0,0.00025,5
PHX,20.0,31.27325,0.0,0.0,0.015,0.13025,0.0,0.0,0.04975,0.011,0.52875,0.45975,0.0005,5
POR,28.0,41.49025,0.1707551817552084,0.37035423419920643,0.0565,-0.0245,7.9590690123218755,9.422855332541044,0.66125,0.0,0.00025,0.27875,0.33325,5
SAC,12.0,22.64325,0.15114603921428577,-0.07139622583293656,0.0,0.0005,15.4780201051433,12.084320884511223,0.0,0.86625,0.13325,0.0005,0.0,5
SAS,43.0,63.66075,0.0,0.0,0.0,0.0,0.0,0.0,1.0,0.0,0.0,0.0,0.0,5
UTA,30.0,42.89225,0.12244310606785719,0.16185679961190477,0.051,-0.05475,7.763693344356696,8.263747143769644,0.72125,0.0,0.0,0.13925,0.4155,5
ATL,29.0,43.27775,0.0,0.0,0.07125,-0.04675,0.0,0.0,0.6215,0.0,0.00975,0.24475,0.36325,6
BOS,37.0,54.467,0.18930882078783634,0.18975255104215183,0.00025,-0.00175,5.773872078924161,5.773872078924161,1.0,0.0,0.0,0.0,0.0,6
BKN,16.0,24.2595,-0.0028913029100529107,-0.0028913029100529107,0.0,0.0,5.898569841269842,5.898569841269842,0.0,0.684,0.316,0.0,0.0,6
CHA,22.0,34.60525,0.4324569968985118,0.07112404068961589,0.0095,0.053,11.71278859941533,12.855375198874029,0.01675,0.00025,0.905,0.09125,0.00175,6
CHI,23.0,35.227,0.4590984103022321,0.100138522534691,0.0125,0.0695,11.414156891254166,12.794319433461828,0.024,0.0005,0.8595,0.1345,0.00275,6
CLE,34.0,50.611,0.0,0.0,0.00325,-0.02225,0.0,0.0,0.997,0.0,0.0,0.00025,0.00975,6
DET,35.0,49.6325,0.1860007714661596,0.23646207429502863,0.009,-0.04125,6.828037846428654,6.884729300368685,0.98825,0.0,0.0,0.001,0.0235,6
IND,28.0,42.623,0.2036380077709822,0.4459862710383176,0.0695,-0.01275,8.00457871012113,9.723745119896849,0.59925,0.0,0.022,0.32175,0.30375,6
MIA,32.0,49.227,-0.010474598722156085,0.033238826884358454,0.00975,-0.04775,9.371660977299689,9.423245347093655,0.9885,0.0,0.0,0.00275,0.02375,6
MIL,25.0,33.34575,0.0,0.0,0.0025,0.0275,0.0,0.0,0.003,0.00025,0.96025,0.0385,0.00025,6
NYK,37.0,55.745,0.0,0.0,0.0,0.0,0.0,0.0,1.0,0.0,0.0,0.0,0.00025,6
ORL,26.0,41.5225,0.2825368573964287,0.4869627249253556,0.081,0.0165,8.257593139279168,10.382170952135086,0.5245,0.0,0.043,0.5145,0.1885,6
PHI,34.0,51.7665,0.1921454928280699,0.19905221658714728,0.00125,-0.01025,6.349810514632827,6.357605955781339,0.999,0.0,0.0,0.0,0.00325,6
TOR,25.0,39.1875,0.38514063606458343,0.3481468524334423,0.06175,0.08725,9.260661296741965,11.566580130884079,0.23825,0.0,0.1995,0.65075,0.07925,6
WAS,16.0,24.72925,0.2092787520334822,-0.08720308574821403,0.0,0.0,15.12743158583214,11.63778008847738,0.0,0.61775,0.38225,0.0,0.0,6
DAL,18.0,30.2915,0.2694743986950893,-0.011670840680688773,0.00175,0.008,3.3265519119303573,3.4485354339564673,0.00175,0.027,0.95925,0.0135,0.00025,6
DEN,36.0,52.4315,0.0,0.0,0.0,0.0,0.0,0.0,1.0,0.0,0.0,0.0,0.0,6
GSW,27.0,39.865,0.36092774708601194,0.5901621782523679,0.1055,-0.0815,8.517498993869047,9.84230105579566,0.59375,0.0,0.01675,0.42525,0.18825,6
HOU,38.0,53.87675,0.1981271494708996,0.1981271494708996,0.0,0.0,5.898569841269842,5.898569841269842,1.0,0.0,0.0,0.0,0.0,6
LAC,19.0,27.6485,0.0010888337742504422,0.0010888337742504422,-0.00025,0.00025,5.681665999779542,5.681665999779542,0.0,0.149,0.85025,0.00075,0.0,6
LAL,27.0,43.06675,0.0,0.0,0.05225,-0.12775,0.0,0.0,0.9125,0.0,0.001,0.083,0.104,6
MEM,29.0,38.60375,0.4442626455191964,0.4856967273621158,0.093,-0.033,9.286084519747769,10.759787035392971,0.325,0.0,0.0365,0.62225,0.16625,6
MIN,28.0,41.53675,0.0,0.0,0.075,-0.13575,0.0,0.0,0.781,0.0,0.006,0.19275,0.18925,6
NOP,16.0,23.77925,0.11158526785714291,-0.05656711309523811,0.0,0.0,17.721611011904766,16.09421592261905,0.0,0.75775,0.24225,0.0,0.0,6
OKC,36.0,54.852,0.17977607166967055,0.18021990100791457,0.00025,0.0,5.681719424844273,5.682163254182517,0.99975,0.0,0.0,0.0,0.00025,6
PHX,26.0,39.44325,0.0,0.0,0.09625,-0.05625,0.0,0.0,0.51775,0.0,0.0285,0.4835,0.17675,6
POR,30.0,42.4915,0.19461560168690475,0.40136036573122863,0.0695,-0.13825,7.742722803445832,8.32275188889077,0.84725,0.0,0.00225,0.1085,0.17225,6
SAC,16.0,23.71575,0.17776735873348223,-0.10756978032168914,0.0,0.0,15.34142308037098,12.307152646481544,0.0,0.76025,0.23975,0.0,0.0,6
SAS,37.0,55.8375,0.0,0.0,0.0,0.0,0.0,0.0,1.0,0.0,0.0,0.0,0.0,6
UTA,18.0,32.33375,0.3802966645488093,0.030469222986904743,0.014,0.04225,12.665243737225445,10.089734168842263,0.02125,0.00325,0.92025,0.0705,0.00275,6
ATL,33.0,49.40125,0.0,0.0,0.01125,-0.04625,0.0,0.0,0.98875,0.0,0.0,0.00625,0.02175,7
BOS,32.0,46.7455,0.17473886354866072,0.38482578046493054,0.036,-0.11775,7.184768593405654,7.566627654472612,0.92375,0.0,0.00325,0.041,0.10475,7
BKN,13.0,21.84375,-0.0018668154761904748,-0.011855505952380952,0.0,0.0,7.3799537202380945,7.446547172619046,0.0,0.84875,0.15125,0.0,0.0,7
CHA,20.0,31.73025,0.23721221752916644,0.0026121824609112677,0.00075,0.00275,12.511024088656846,12.944593457631491,0.0005,0.001,0.995,0.004,0.0,7
CHI,17.0,25.94,0.27833816516205345,-0.09011097336798175,0.0,0.0,14.379488778655356,12.745458789255913,0.0,0.233,0.767,0.0,0.0,7
CLE,30.0,44.02775,0.0,0.0,0.09625,-0.0995,0.0,0.0,0.68625,0.0,0.025,0.2275,0.242,7
DET,27.0,41.4615,0.3212577923418156,0.5491779171654365,0.0995,0.0365,8.58917873282768,10.93818269690282,0.358,0.0,0.156,0.539,0.12925,7
IND,39.0,56.682,0.14112142857142873,0.14112142857142873,0.0,0.0,5.510142846119928,5.510142846119928,1.0,0.0,0.0,0.0,0.0,7
MIA,29.0,44.96875,-0.027003079543871194,0.25681177625412555,0.0725,-0.1285,9.258429511963058,10.040241892837022,0.817,0.0,0.011,0.13625,0.18925,7
MIL,16.0,25.5055,0.0,0.0,0.0,0.0,0.0,0.0,0.0,0.291,0.709,0.0,0.0,7
NYK,43.0,63.0935,0.0,0.0,0.0,0.0,0.0,0.0,1.0,0.0,0.0,0.0,0.0,7
ORL,31.0,45.41075,0.17528784397440478,0.4603768713419713,0.055,-0.131,7.475907652555506,8.288032212479004,0.8255,0.0,0.011,0.111,0.188,7
PHI,36.0,54.621,0.11356956569664914,0.11289994013950627,0.0,-0.0005,5.964329188712523,5.964329188712523,1.0,0.0,0.0,0.0,0.0,7
TOR,26.0,40.5535,0.3279953960822917,0.4625931631656179,0.078,0.09125,8.875999574445537,11.419186592046918,0.29725,0.0,0.26025,0.54275,0.08475,7
WAS,28.0,38.99675,0.36140359981547626,0.2541891964422616,0.04975,0.12875,9.619731470105508,11.381671342910716,0.103,0.0,0.5375,0.39225,0.04025,7
DAL,28.0,41.5065,0.06438303000491072,0.19117543657590136,0.06475,-0.094,0.13725446913303574,0.6490379473989116,0.79875,0.0,0.00975,0.12925,0.2675,7
DEN,35.0,52.01775,0.0,0.0,0.0,-0.0005,0.0,0.0,1.0,0.0,0.0,0.0,0.0,7
GSW,27.0,39.221,0.3680133463233632,0.47911391833809525,0.08375,-0.012,8.803269940230505,9.990471313709222,0.55025,0.0,0.052,0.34775,0.3035,7
HOU,29.0,44.54875,0.08915356226443452,0.1677531439033872,0.015,-0.08975,7.386317170351637,7.555270475587726,0.97575,0.0,0.00025,0.01625,0.06275,7
LAC,25.0,36.3275,-0.000748511904761904,-0.000748511904761904,0.06825,0.10325,6.217287918871254,6.217287918871254,0.2015,0.0,0.3035,0.549,0.08175,7
LAL,25.0,37.70825,0.0,0.0,0.09025,0.0525,0.0,0.0,0.35725,0.0,0.145,0.521,0.173,7
MEM,18.0,27.2785,0.2855114213714284,-0.05109188871482278,0.00025,0.00275,13.94051678427366,12.850567134336314,0.00025,0.1115,0.88725,0.00125,0.0,7
MIN,35.0,50.99525,0.0,0.0,0.0,-0.00075,0.0,0.0,0.99975,0.0,0.0,0.0,0.00075,7
NOP,20.0,28.9005,0.24065297619047618,0.05865386904761901,0.00175,0.00875,17.83892336309524,16.64310669642857,0.00075,0.024,0.9685,0.00725,0.0,7
OKC,35.0,52.18825,0.09131552028218695,0.09129200837742504,0.0,-0.00025,6.217287918871254,6.217287918871254,1.0,0.0,0.0,0.0,0.0,7
PHX,30.0,45.06575,0.0,0.0,0.01425,-0.08325,0.0,0.0,0.971,0.0,0.0,0.00625,0.06675,7
POR,23.0,35.25775,0.4516355201708335,0.30691541880123996,0.06025,0.1235,10.960492173231698,12.114706634922698,0.14475,0.0,0.49825,0.422,0.044,7
SAC,13.0,20.8705,0.11876120003883932,-0.04409019907117346,0.0,0.0,15.585426218076336,12.150049738602975,0.0,0.92025,0.07975,0.0,0.0,7
SAS,44.0,63.294,0.0,0.0,0.0,0.0,0.0,0.0,1.0,0.0,0.0,0.0,0.0,7
UTA,13.0,23.838,0.22051095735625,-0.007950742119642756,0.0,0.0,14.987980203299998,10.106054466210715,0.0,0.5705,0.4295,0.0,0.0,7
ATL,33.0,47.699,0.0,0.0,0.022,-0.06375,0.0,0.0,0.96675,0.0,0.00275,0.0215,0.04125,8
BOS,26.0,40.32525,0.47046918603407745,0.49549185357891146,0.0975,0.10125,9.421768020232143,11.523020104006438,0.23275,0.0,0.4005,0.423,0.06625,8
BKN,12.0,19.81425,-0.0020995535714285686,-0.011360416666666664,0.0,0.0,6.93982855489418,7.106256531084656,0.0,0.9145,0.0855,0.0,0.0,8
CHA,28.0,41.7925,0.40667353308854176,0.6583705320578301,0.1205,0.015,8.687628042296877,10.543424215041115,0.41925,0.0,0.18925,0.42075,0.13775,8
CHI,17.0,25.32775,0.272265705349107,-0.06925313031561782,0.0,0.0,14.1856554848058,12.686204305164349,0.0,0.14475,0.85525,0.0,0.0,8
CLE,36.0,54.4855,0.0,0.0,0.0,0.0,0.0,0.0,1.0,0.0,0.0,0.0,0.0,8
DET,31.0,45.52975,0.22619907252333007,0.5065871669625165,0.07,-0.116,7.486755311728781,8.056344479566478,0.85225,0.0,0.01675,0.10075,0.1165,8
IND,33.0,48.4565,0.20704004361051034,0.27561233978754407,0.0165,-0.04725,6.8212550583613645,6.891769662211017,0.98125,0.0,0.0005,0.00925,0.02375,8
MIA,30.0,44.0545,0.025367573585819102,0.3472088689063805,0.10675,-0.11625,9.294318061759196,10.317144903854558,0.681,0.0,0.04225,0.21575,0.1865,8
MIL,17.0,26.4615,0.0,0.0,0.0,0.0,0.0,0.0,0.0,0.0675,0.9325,0.0,0.0,8
NYK,30.0,44.895,0.0,0.0,0.088,-0.13275,0.0,0.0,0.8135,0.0,0.02,0.14275,0.1395,8
ORL,33.0,48.148,0.19745349836680443,0.28943434709770727,0.022,-0.05975,6.8890971583628415,6.995793037314924,0.9755,0.0,0.00175,0.0115,0.0335,8
PHI,27.0,43.9245,0.26305722024211314,0.5967403856492701,0.098,-0.107,7.82022388878869,8.888895987029796,0.75225,0.0,0.04175,0.2195,0.148,8
TOR,27.0,41.0695,0.43729102727470254,0.5522777265705215,0.1005,0.067,9.041796877769496,11.04862268452762,0.32525,0.0,0.2865,0.43325,0.107,8
WAS,22.0,31.909,0.10992175195357129,0.0011405219309523784,0.00025,0.0015,12.459557954475894,11.879769017267266,0.00025,0.00025,0.99775,0.002,0.0,8
DAL,23.0,37.278,0.21976977113973215,0.21926721666785715,0.06675,0.13025,1.1906866760299109,2.614462282361395,0.15375,0.0,0.49475,0.4295,0.04325,8
DEN,24.0,38.9325,0.0,0.0,0.09075,0.09275,0.0,0.0,0.32375,0.0,0.22025,0.55475,0.12125,8
GSW,27.0,40.39875,0.42297727985922634,0.42071172399920637,0.082,0.0525,9.064039641321578,10.449724992585269,0.441,0.0,0.0895,0.4495,0.26225,8
HOU,33.0,48.0445,0.21094683368156414,0.31851617343900457,0.0215,-0.121,6.943564054728258,7.243088360294478,0.9475,0.0,0.0,0.0025,0.13375,8
LAC,15.0,23.8325,0.005185989858906531,0.005604442239858912,0.0,0.0,5.339130092592591,5.339130092592591,0.0,0.3345,0.6655,0.0,0.0,8
LAL,37.0,55.58325,0.0,0.0,0.00025,-0.00125,0.0,0.0,0.99975,0.0,0.0,0.0,0.00025,8
MEM,15.0,20.81375,0.16506734277142868,-0.08402893569821415,0.0,0.0,15.423599140960713,12.089745786443492,0.0,0.85325,0.14675,0.0,0.0,8
MIN,36.0,50.716,0.0,0.0,0.008,-0.04175,0.0,0.0,0.984,0.0,0.0,0.0005,0.0365,8
NOP,16.0,22.4395,0.13159985119047624,-0.1097909226190476,0.0,0.0,18.838911160714282,15.656264434523811,0.0,0.6255,0.3745,0.0,0.0,8
OKC,38.0,57.1635,0.10052689594356272,0.10052689594356272,0.0,-0.0005,5.339130092592591,5.339130092592591,1.0,0.0,0.0,0.0,0.0,8
PHX,26.0,39.16025,0.0,0.0,0.0715,0.08625,0.0,0.0,0.26025,0.0,0.19525,0.55375,0.155,8
POR,35.0,53.051,0.134829733727348,0.14040067657407418,0.0005,-0.00775,6.0519409072901516,6.066280592716491,0.99875,0.0,0.0,0.0,0.00575,8
SAC,18.0,26.7815,0.24656715735803555,-0.03370337991046622,0.00025,0.00025,13.73418512029464,12.757473479652141,0.0,0.05975,0.94,0.00025,0.0,8
SAS,43.0,65.04025,0.0,0.0,0.0,0.0,0.0,0.0,1.0,0.0,0.0,0.0,0.0,8
UTA,32.0,46.87225,0.1836520235197586,0.23585515299907409,0.02925,-0.12975,7.219366977918281,7.457174499359502,0.89125,0.0,0.0005,0.00925,0.242,8
ATL,23.0,36.64275,0.0,0.0,0.01425,0.047,0.0,0.0,0.01725,0.0,0.92,0.07525,0.003,9
BOS,35.0,50.7665,0.18534611594255399,0.23719739360728614,0.009,-0.0415,6.530729560548413,6.596150609628968,0.9905,0.0,0.0,0.00375,0.02175,9
BKN,14.0,22.57525,-0.0033707010582010614,-0.0033707010582010614,0.0,0.0,5.383950440917106,5.383950440917106,0.0,0.89425,0.10575,0.0,0.0,9
CHA,35.0,49.666,0.19504080660151013,0.2877826060536927,0.019,-0.0765,6.777027142357661,6.928571019311283,0.9725,0.0,0.0,0.013,0.04625,9
CHI,16.0,22.5845,0.0785558579303573,-0.05237234837996301,0.0,0.0,15.330532583594639,12.164201805466313,0.0,0.91825,0.08175,0.0,0.0,9
CLE,29.0,44.58175,0.0,0.0,0.0805,-0.071,0.0,0.0,0.652,0.0,0.0265,0.33475,0.21975,9
DET,32.0,49.11125,0.20381790516327708,0.35061640097391206,0.023,-0.094,6.893710670584341,7.107794488001317,0.96675,0.0,0.0005,0.02325,0.0545,9
IND,29.0,43.79475,0.21547804434866083,0.5098277629820194,0.08825,-0.02575,8.095052069136013,10.195686681591818,0.51525,0.0,0.03775,0.4685,0.211,9
MIA,32.0,50.46775,-0.006596979541181657,0.031712100924107874,0.007,-0.0465,9.374402373496359,9.41807764601551,0.99175,0.0,0.0,0.00375,0.01825,9
MIL,27.0,37.50775,0.0,0.0,0.0085,0.06725,0.0,0.0,0.01375,0.0,0.8735,0.11775,0.0065,9
NYK,33.0,50.52475,0.0,0.0,0.006,-0.04675,0.0,0.0,0.9905,0.0,0.0,0.00575,0.0215,9
ORL,32.0,44.65525,0.19608555215922632,0.529983190094236,0.0835,-0.07825,7.938769217619643,9.687091117467562,0.5595,0.0,0.0225,0.33975,0.273,9
PHI,38.0,55.8615,0.15855781770141658,0.1589984207232916,0.00025,-0.001,5.638902603856619,5.640012832435637,0.99975,0.0,0.0,0.0,0.0005,9
TOR,29.0,42.36625,0.25429252682098225,0.4327777015243395,0.0865,0.0325,8.570878256033186,11.069650715605377,0.3305,0.0,0.11925,0.6145,0.124,9
WAS,19.0,28.0515,0.23371264381026763,-0.030782704714285642,0.0,0.0,14.319264365241517,11.957998066902976,0.0,0.07625,0.92375,0.0,0.0,9
DAL,23.0,35.71525,0.3254223996366072,0.32723619668025516,0.09625,0.084,1.036635456705357,1.9959085500245877,0.36375,0.0,0.19725,0.44025,0.21925,9
DEN,27.0,42.113,0.0,0.0,0.02675,-0.1205,0.0,0.0,0.9375,0.0,0.00075,0.01875,0.13225,9
GSW,23.0,35.9805,0.5852926462413691,0.5202670626543648,0.0985,0.07375,9.880227972502084,10.784928543200406,0.44175,0.0,0.18475,0.3935,0.24125,9
HOU,40.0,57.324,0.10995433201058213,0.10995433201058213,0.0,0.0,5.383950440917106,5.383950440917106,1.0,0.0,0.0,0.0,0.0,9
LAC,23.0,33.2515,0.003212753527336865,0.003212753527336865,0.049,0.137,5.6683552028218696,5.6683552028218696,0.105,0.00025,0.59225,0.3235,0.05875,9
LAL,26.0,41.75975,0.0,0.0,0.027,-0.1215,0.0,0.0,0.93975,0.0,0.0015,0.02075,0.14375,9
MEM,21.0,27.3765,0.20520102391964268,-0.045497573994970106,0.0,0.0085,14.516868637527976,12.880546201829501,0.00025,0.106,0.88875,0.005,0.0,9
MIN,35.0,52.68275,0.0,0.0,0.0,0.0,0.0,0.0,1.0,0.0,0.0,0.0,0.0,9
NOP,23.0,33.47725,0.45266428571428546,0.18972098214285713,0.0505,0.137,12.934031547619048,16.090387946428574,0.1225,0.00025,0.53725,0.35875,0.074,9
OKC,36.0,55.702,0.15074879850088196,0.15074879850088196,0.0,0.0,5.6683552028218696,5.6683552028218696,1.0,0.0,0.0,0.0,0.0,9
PHX,19.0,31.95625,0.0,0.0,0.03825,0.10575,0.0,0.0,0.0655,0.0025,0.74875,0.21175,0.024,9
POR,29.0,43.0675,0.06143201219627976,0.12837463145377975,0.01725,-0.09975,7.470248864755951,7.620480258442716,0.9615,0.0,0.0005,0.00625,0.08175,9
SAC,10.0,16.84575,0.020287869751785703,0.0001271742826388924,0.0,0.0,15.835061685138387,12.091759178973613,0.0,1.0,0.0,0.0,0.0,9
SAS,41.0,61.4375,0.0,0.0,0.0,0.0,0.0,0.0,1.0,0.0,0.0,0.0,0.0,9
UTA,21.0,32.153,0.5218081444510415,0.10669172180059515,0.04175,0.12275,12.59655557565119,9.948876191226189,0.0625,0.00225,0.737,0.2215,0.025,9
ATL,29.0,42.95175,0.0,0.0,0.07325,-0.12,0.0,0.0,0.786,0.0,0.00375,0.10425,0.3055,10
BOS,38.0,53.46175,0.21966674382716064,0.22032966499769635,0.0,-0.00025,5.901927535273368,5.901927535273368,1.0,0.0,0.0,0.0,0.0,10
BKN,17.0,24.22925,0.003425446428571431,0.007769047619047617,0.0,0.0,7.388452888007053,7.489682352292767,0.0,0.94775,0.05225,0.0,0.0,10
CHA,27.0,38.6605,0.4939973387032739,0.41363719943652205,0.08125,0.05625,9.146005592662947,11.214414867270461,0.2775,0.0,0.145,0.61925,0.13225,10
CHI,27.0,35.8305,0.6370157553651786,0.2516895500946102,0.02325,0.13875,11.091579236890178,12.304679771535364,0.04475,0.00025,0.561,0.40825,0.02,10
CLE,37.0,52.1025,0.0,0.0,0.0005,-0.00125,0.0,0.0,0.99975,0.0,0.0,0.0,0.00025,10
DET,33.0,51.2295,0.20397224915944667,0.20809935772373236,0.0005,-0.00475,6.3929957231040575,6.397581749673402,1.0,0.0,0.0,0.0,0.00175,10
IND,35.0,50.36625,0.21506030728369707,0.22197160528488757,0.002,-0.007,6.604563499400546,6.60854003212629,0.99925,0.0,0.0,0.0,0.00175,10
MIA,26.0,42.433,0.0031220204466325505,0.2543998492126587,0.064,-0.10375,9.287448245230905,10.123926135591915,0.81225,0.0,0.00625,0.13775,0.2665,10
MIL,20.0,30.186,0.0,0.0,0.003,0.01375,0.0,0.0,0.002,0.04325,0.9425,0.014,0.00025,10
NYK,20.0,32.89075,0.0,0.0,0.01175,0.0645,0.0,0.0,0.01725,0.00775,0.88825,0.1015,0.00125,10
ORL,28.0,43.268,0.11605883243422623,0.3748685369713931,0.0535,-0.12275,7.577157724682588,8.38307145480685,0.8635,0.0,0.002,0.0875,0.23575,10
PHI,36.0,53.30925,0.19328559547919436,0.19372262134690266,0.00025,-0.00075,5.941829618606702,5.9424858998061065,1.0,0.0,0.0,0.0,0.00025,10
TOR,22.0,36.61625,0.6554285483325892,0.28356349346206194,0.069,0.1265,10.297129522771877,11.968738811867256,0.19775,0.0005,0.3995,0.5275,0.0345,10
WAS,15.0,22.551,0.07233070645089293,-0.007543736127976181,0.0,0.0,15.502666866016517,11.380333947235714,0.0,0.98975,0.01025,0.0,0.0,10
DAL,24.0,36.99725,0.34624580915401787,0.3264206108389541,0.0965,0.125,0.9793790086584822,2.2966737042521004,0.284,0.00025,0.36925,0.39725,0.1275,10
DEN,38.0,55.4785,0.0,0.0,0.0,0.0,0.0,0.0,1.0,0.0,0.0,0.0,0.0,10
GSW,19.0,32.5235,0.5135997500873508,0.07173265382670632,0.01575,0.04775,13.182843800632588,12.798373437362399,0.02175,0.007,0.9225,0.06425,0.003,10
HOU,30.0,44.75525,0.06402271685491073,0.16401064623713152,0.019,-0.10575,7.392512560208242,7.593293585190449,0.9715,0.0,0.001,0.01025,0.07625,10
LAC,23.0,32.501,0.0027777336860670206,0.0027777336860670206,0.01175,0.04275,5.883044786155203,5.883044786155203,0.0115,0.005,0.928,0.06125,0.004,10
LAL,30.0,46.92875,0.0,0.0,0.00375,-0.04575,0.0,0.0,0.99375,0.0,0.0,0.001,0.018,10
MEM,24.0,35.33775,0.6760353036401784,0.30522419536005946,0.05525,0.13475,11.282679459890922,12.249254847283503,0.11625,0.00075,0.64,0.27625,0.05025,10
MIN,34.0,52.11925,0.0,0.0,0.00025,-0.0005,0.0,0.0,1.0,0.0,0.0,0.0,0.0005,10
NOP,27.0,35.95825,0.24082797619047625,0.241521875,0.05475,0.1455,15.721811607142858,16.076418154761907,0.10425,0.0,0.5525,0.34025,0.076,10
OKC,34.0,53.547,0.20972197971781317,0.20972197971781317,0.0,0.0,5.883044786155203,5.883044786155203,1.0,0.0,0.0,0.0,0.0,10
PHX,24.0,37.9415,0.0,0.0,0.08975,0.08725,0.0,0.0,0.39625,0.0,0.24825,0.3685,0.1985,10
POR,29.0,42.03475,0.15793990938616076,0.3309863327651077,0.052,-0.097,7.72434780098854,8.513464571051566,0.8195,0.0,0.012,0.0775,0.2795,10
SAC,13.0,20.481,0.06011649682321429,-0.0020291819085175747,0.0,0.0,15.726604922418298,12.041255208438281,0.0,0.99775,0.00225,0.0,0.0,10
SAS,35.0,55.936,0.0,0.0,0.0,0.0,0.0,0.0,1.0,0.0,0.0,0.0,0.0,10
UTA,26.0,37.374,0.6017971546474703,0.2353409895303571,0.08575,0.1045,9.801580437392262,9.379356771187501,0.28125,0.0,0.3135,0.4035,0.1665,10
ATL,31.0,44.5475,0.0,0.0,0.09175,-0.135,0.0,0.0,0.74575,0.0,0.00525,0.18075,0.20325,11
BOS,41.0,58.98625,0.03587922178130515,0.03587922178130515,0.0,0.0,5.196541203703702,5.196541203703702,1.0,0.0,0.0,0.0,0.0,11
BKN,12.0,21.09725,0.008740773809523806,-0.007513095238095248,0.0,0.0,8.852554910714288,9.181496130952382,0.0,0.95625,0.04375,0.0,0.0,11
CHA,22.0,33.4125,0.39594507788794614,0.04209743968710312,0.004,0.03525,12.603647217766964,12.913920147693297,0.00625,0.00075,0.94425,0.0545,0.0005,11
CHI,26.0,36.437,0.49617637722232144,0.17673624880710867,0.0175,0.1165,11.015104978813097,12.58019121702066,0.03275,0.0,0.69475,0.29325,0.0075,11
CLE,31.0,46.87175,0.0,0.0,0.03425,-0.10475,0.0,0.0,0.945,0.0,0.00025,0.0365,0.0775,11
DET,34.0,51.6175,0.09099373160532412,0.10052214992328047,0.0015,-0.00675,6.156689929935463,6.162916555456295,0.9995,0.0,0.0,0.0,0.0025,11
IND,28.0,43.76,0.2553215061632441,0.6168851387306745,0.0955,-0.12875,7.662965496485119,8.945781309841943,0.75075,0.0,0.00825,0.255,0.1875,11
MIA,30.0,46.15575,-0.03224004507369928,0.1723883024169237,0.047,-0.13275,9.31023294378246,9.694917947582812,0.915,0.0,0.00075,0.062,0.105,11
MIL,25.0,34.885,0.0,0.0,0.01225,0.0745,0.0,0.0,0.01375,0.0,0.858,0.13825,0.00225,11
NYK,30.0,44.67075,0.0,0.0,0.07125,-0.13475,0.0,0.0,0.80575,0.0,0.0055,0.1655,0.1715,11
ORL,29.0,43.51175,0.24938675022291673,0.5923397975606547,0.0855,-0.12,7.7805042327776786,9.198627056874823,0.6825,0.0,0.011,0.30975,0.183,11
PHI,31.0,47.67875,0.19675552633221996,0.30133546632026564,0.0205,-0.075,6.695820863252425,6.843683850723517,0.97075,0.0,0.00025,0.0165,0.0405,11
TOR,23.0,37.60125,0.5347911886712797,0.24691958037675998,0.0565,0.12925,10.241796289928276,12.224192734836612,0.13125,0.0,0.48025,0.47875,0.019,11
WAS,22.0,31.40425,0.3045782786696426,0.0055620321446428565,0.001,0.0075,13.432956533652675,11.992189992282142,0.001,0.003,0.98775,0.00925,0.0,11
DAL,27.0,38.44225,0.21763654274642857,0.2632851919483461,0.071,0.052,0.7278403229379464,2.1034653259171643,0.2485,0.0,0.13575,0.615,0.146,11
DEN,29.0,44.5475,0.0,0.0,0.0345,-0.132,0.0,0.0,0.9305,0.0,0.00025,0.03325,0.14275,11
GSW,26.0,39.5065,0.4014018576415179,0.48752385122725184,0.089,0.0105,8.99789014074524,10.543350631143548,0.46,0.0,0.08625,0.4905,0.1995,11
HOU,25.0,39.3705,0.4114900595827382,0.48935672775774786,0.0825,0.017,9.019922055923661,10.585679557380487,0.46,0.0,0.08175,0.50875,0.194,11
LAC,13.0,20.217,0.002557727072310408,0.002557727072310408,0.0,0.0,5.747255886243386,5.747255886243386,0.0,0.98375,0.01625,0.0,0.0,11
LAL,38.0,54.81325,0.0,0.0,0.0,0.0,0.0,0.0,1.0,0.0,0.0,0.0,0.0,11
MEM,18.0,28.58125,0.19309907114999977,-0.027127997121334957,0.0,0.0025,14.277990418480357,12.933214724620164,0.0,0.051,0.94625,0.00275,0.0,11
MIN,31.0,46.86075,0.0,0.0,0.01325,-0.059,0.0,0.0,0.983,0.0,0.0,0.00575,0.03625,11
NOP,14.0,22.90975,0.07755565476190475,-0.01275610119047618,0.0,0.0,17.374955208333333,15.915432886904764,0.0,0.8635,0.1365,0.0,0.0,11
OKC,36.0,54.496,0.13380358245149926,0.13380358245149926,0.0,0.0,5.747255886243386,5.747255886243386,1.0,0.0,0.0,0.0,0.0,11
PHX,33.0,46.35125,0.0,0.0,0.025,-0.07575,0.0,0.0,0.9635,0.0,0.00025,0.0075,0.07025,11
POR,29.0,43.67225,0.207164776578362,0.38211542231280077,0.04875,-0.1325,7.545496905626696,8.094130717522331,0.87925,0.0,0.00375,0.0655,0.19125,11
SAC,18.0,27.095,0.1569980736999999,-0.0568558302185004,0.0,0.00075,14.612427681935268,12.855077618261243,0.0,0.1415,0.85775,0.00075,0.0,11
SAS,45.0,65.304,0.0,0.0,0.0,0.0,0.0,0.0,1.0,0.0,0.0,0.0,0.0,11
UTA,23.0,35.1955,0.5258091841995536,0.09390562355833323,0.03275,0.11,11.565357641901192,9.929633485544045,0.07525,0.00025,0.69525,0.27025,0.02,11
ATL,30.0,45.3035,0.0,0.0,0.0945,-0.1235,0.0,0.0,0.719,0.0,0.0005,0.2185,0.23375,12
BOS,37.0,54.62825,0.16033695129930015,0.16145030711075845,0.00025,-0.001,6.040050462962963,6.040716961287666,1.0,0.0,0.0,0.0,0.00025,12
BKN,14.0,20.898,-0.0015558917548500883,-0.003931338183421516,0.0,0.0,6.9058334545855375,6.909192829585538,0.0,0.94575,0.05425,0.0,0.0,12
CHA,22.0,32.61975,0.3319541443900298,0.007872194929781737,0.0005,0.007,11.013141170603722,12.96469520235973,0.00075,0.00025,0.98925,0.0105,0.0,12
CHI,19.0,28.68175,0.4434426158607139,-0.034262563580972134,0.0,0.0,12.898618260234821,12.932369389189848,0.0,0.05075,0.94925,0.0,0.0,12
CLE,31.0,45.1195,0.0,0.0,0.09025,-0.12375,0.0,0.0,0.69425,0.0,0.00025,0.2325,0.251,12
DET,40.0,60.45875,0.040374470899470945,0.040374470899470945,0.0,0.0,5.1967993276014095,5.1967993276014095,1.0,0.0,0.0,0.0,0.0,12
IND,29.0,44.86575,0.14651719636383934,0.48571366580133923,0.076,-0.103,7.744872264876487,9.06147492744112,0.731,0.0,0.00025,0.2485,0.226,12
MIA,36.0,51.66,-0.003028206422304894,0.01338838240243974,0.003,-0.018,9.379090842722192,9.397293512430766,0.996,0.0,0.0,0.00125,0.008,12
MIL,18.0,25.1635,0.0,0.0,0.0,0.0,0.0,0.0,0.0,0.422,0.578,0.0,0.0,12
NYK,37.0,55.00725,0.0,0.0,0.00025,-0.001,0.0,0.0,0.99975,0.0,0.0,0.0,0.00025,12
ORL,38.0,53.37775,0.1722469462898424,0.17787163223423724,0.00075,-0.00425,6.251317372134039,6.2539898180655875,1.0,0.0,0.0,0.0,0.001,12
PHI,27.0,43.507,0.187512340467262,0.5760009233370933,0.09175,-0.06525,8.023883135130356,9.981130582730298,0.5815,0.0,0.0015,0.475,0.191,12
TOR,28.0,41.111,0.18245489542991083,0.2975434307285005,0.0535,-0.01175,8.770529819567114,11.233135579884566,0.27775,0.0,0.008,0.81375,0.08875,12
WAS,19.0,25.85375,0.388589520260714,-0.07810618045297603,0.0,0.0,14.306368845381694,11.828246235045237,0.0,0.29225,0.70775,0.0,0.0,12
DAL,24.0,36.1585,0.08947034696830358,0.11558948925070155,0.04,0.02675,0.6048924704857143,2.2580904816163057,0.20725,0.0,0.0395,0.8675,0.05975,12
DEN,36.0,53.5955,0.0,0.0,0.0,0.0,0.0,0.0,1.0,0.0,0.0,0.0,0.0,12
GSW,28.0,41.267,0.16077095736547617,0.24793272341324402,0.04175,-0.05525,8.04140810825774,8.85000762781488,0.78,0.0,0.0,0.073,0.4315,12
HOU,34.0,50.1695,0.1714715569387511,0.17931734506211422,0.0025,-0.01325,6.906454205950269,6.918485382456967,0.998,0.0,0.0,0.0,0.006,12
LAC,16.0,26.1575,0.003449553571428572,0.002539136904761905,0.00125,0.01175,7.085461078042327,7.092869411375661,0.002,0.26125,0.724,0.01475,0.0,12
LAL,29.0,43.4575,0.0,0.0,0.0335,-0.102,0.0,0.0,0.86075,0.0,0.0,0.02325,0.32975,12
MEM,15.0,23.1155,0.23406287338392862,-0.10795240904185917,0.0,0.00075,15.232556402075444,12.301792950516104,0.0,0.7605,0.2395,0.0,0.0,12
MIN,38.0,55.854,0.0,0.0,0.0,0.0,0.0,0.0,1.0,0.0,0.0,0.0,0.0,12
NOP,18.0,27.6005,0.22216235119047623,-0.09405163690476187,0.0025,0.0305,17.810816220238095,16.253305952380952,0.00425,0.1025,0.85875,0.03875,0.0,12
OKC,31.0,49.152,0.13677007540392416,0.1537342934324956,0.002,-0.0275,7.086082722165542,7.110041730809292,0.9975,0.0,0.0,0.0,0.01025,12
PHX,31.0,45.35175,0.0,0.0,0.0285,-0.11025,0.0,0.0,0.934,0.0,0.0,0.00375,0.15825,12
POR,18.0,32.506,0.4235487399724702,0.14488126146254382,0.0325,0.11225,10.590042208254317,12.15532201232282,0.17125,0.00075,0.3355,0.65775,0.00375,12
SAC,18.0,27.00175,0.4423038007214283,-0.04654873287672888,0.00125,0.02075,13.731519826703122,12.810343418539011,0.0015,0.1525,0.8215,0.026,0.0,12
SAS,40.0,59.783,0.0,0.0,0.0,0.0,0.0,0.0,1.0,0.0,0.0,0.0,0.0,12
UTA,19.0,30.5745,0.4714822215648809,0.05868174521130946,0.02075,0.10625,11.824331930842709,9.981186656347022,0.0435,0.0115,0.69225,0.29525,0.00075,12
ATL,31.0,44.93925,0.0,0.0,0.05525,-0.13125,0.0,0.0,0.82875,0.0,0.00275,0.10725,0.2025,13
BOS,34.0,51.44325,0.20284059620249126,0.20791157058314605,0.001,-0.00725,6.085555151196164,6.092498244345271,0.99925,0.0,0.0,0.0005,0.00225,13
BKN,22.0,33.50425,0.0006953869047619059,-0.005141815476190474,0.003,0.032,7.302695182980599,7.409036254409171,0.0055,0.00725,0.94675,0.044,0.00125,13
CHA,33.0,46.14725,0.18022536415706572,0.35707061832706993,0.04625,-0.123,7.285339932505885,7.712418639519831,0.901,0.0,0.00175,0.0485,0.13025,13
CHI,16.0,25.898,0.22900043775625006,-0.10734791942383784,0.0,0.0,15.181165160475445,12.19533211130483,0.0,0.70125,0.29875,0.0,0.0,13
CLE,26.0,40.81925,0.0,0.0,0.08925,0.022,0.0,0.0,0.39875,0.0,0.08325,0.597,0.14,13
DET,36.0,52.858,0.19765091490299835,0.20022179399823647,0.0,-0.00175,5.777713205467371,5.777713205467371,1.0,0.0,0.0,0.0,0.0,13
IND,26.0,39.4625,0.3479653808404762,0.33570282575986404,0.06975,0.06475,9.144540325248066,11.407593230688834,0.215,0.0,0.1785,0.677,0.079,13
MIA,35.0,52.31125,-0.0011031692296075838,0.0035512513165277776,0.001,-0.00525,9.382389332492782,9.38519941390538,0.9995,0.0,0.0,0.0,0.00175,13
MIL,17.0,26.98925,0.0,0.0,0.0,0.0,0.0,0.0,0.0,0.51725,0.48275,0.0,0.0,13
NYK,29.0,44.8525,0.0,0.0,0.054,-0.1375,0.0,0.0,0.85275,0.0,0.003,0.1025,0.19,13
ORL,36.0,50.94275,0.21690425938226968,0.22439027091843042,0.00125,-0.009,6.199254832736757,6.2104358940459825,0.998,0.0,0.0,0.00025,0.00475,13
PHI,28.0,43.63425,0.18398559274993942,0.4825046118631267,0.08075,-0.1055,7.723310771506817,8.877762525037012,0.758,0.0,0.00975,0.20725,0.23675,13
TOR,18.0,27.73475,0.31343713554151775,-0.11025780001565332,0.0,0.00025,14.612267642010712,12.44258297311732,0.0,0.404,0.596,0.0,0.0,13
WAS,25.0,36.37025,0.45186513426339286,0.1313109831357145,0.02425,0.109,10.62580507587396,11.613116775527386,0.0435,0.00025,0.76675,0.21575,0.0115,13
DAL,28.0,43.04575,0.028948100965625,0.14443445889000853,0.0425,-0.10575,0.06688397925044644,0.4926988948080358,0.839,0.0,0.00075,0.07725,0.29225,13
DEN,26.0,40.27525,0.0,0.0,0.07775,-0.0245,0.0,0.0,0.60625,0.0,0.01525,0.3525,0.32275,13
GSW,25.0,36.655,0.45202184126532746,0.25059283791859416,0.04725,0.083,10.152041327712352,11.495434914151573,0.192,0.0,0.17075,0.7115,0.07225,13
HOU,29.0,45.58325,0.12621031895094798,0.23595964002321979,0.01925,-0.112,7.31005625322167,7.52075263573541,0.96825,0.0,0.0,0.014,0.0835,13
LAC,23.0,31.781,-0.000774371693121694,-0.000774371693121694,0.004,0.05225,5.159887610229276,5.159887610229276,0.006,0.0235,0.89775,0.078,0.00075,13
LAL,34.0,49.0545,0.0,0.0,0.00375,-0.02525,0.0,0.0,0.99675,0.0,0.0,0.0,0.011,13
MEM,24.0,32.48325,0.4371593356047616,0.08901269615233848,0.00775,0.074,12.551972606345982,12.6155112715986,0.01375,0.01025,0.8675,0.11725,0.00375,13
MIN,32.0,47.98975,0.0,0.0,0.006,-0.04,0.0,0.0,0.992,0.0,0.0,0.00025,0.0235,13
NOP,19.0,27.96475,0.43610967261904765,-0.22882633928571425,0.0005,0.004,19.363052083333336,15.429793154761906,0.00025,0.34975,0.646,0.004,0.00025,13
OKC,39.0,59.58375,0.0051624779541446265,0.0051624779541446265,0.0,0.0,5.159887610229276,5.159887610229276,1.0,0.0,0.0,0.0,0.0,13
PHX,25.0,38.7065,0.0,0.0,0.078,0.019,0.0,0.0,0.383,0.0,0.04625,0.6175,0.1895,13
POR,18.0,30.073,0.40528525515089253,-0.02931893669720094,0.003,0.021,13.678098908889284,12.647643127205644,0.003,0.1185,0.85375,0.02775,0.0,13
SAC,16.0,24.4405,0.16590384058750002,-0.06397153854090133,0.0,0.00025,15.512065336414281,12.056651426162937,0.0,0.868,0.132,0.0,0.0,13
SAS,34.0,52.34625,0.0,0.0,0.0005,-0.002,0.0,0.0,1.0,0.0,0.0,0.0,0.00025,13
UTA,36.0,52.11075,0.20297477096420313,0.203446320399471,0.00025,-0.0015,5.95937068145803,5.95949350852425,0.99975,0.0,0.0,0.0,0.00025,13
ATL,35.0,51.61625,0.0,0.0,0.00825,-0.06425,0.0,0.0,0.9845,0.0,0.0,0.00175,0.044,14
BOS,35.0,52.62,0.12061835189971887,0.16007004712288356,0.00325,-0.0355,6.37795066724089,6.424000928640196,0.9945,0.0,0.0,0.002,0.01625,14
BKN,11.0,19.5925,-0.0023638392857142864,-0.004752976190476184,0.0,0.0,8.314361904761903,8.346059077380954,0.0,0.983,0.017,0.0,0.0,14
CHA,25.0,36.28725,0.45803667618020827,0.15036965618430118,0.01575,0.125,10.506432600608186,12.48424465052041,0.04125,0.0,0.66775,0.33175,0.00025,14
CHI,21.0,31.00325,0.3520278302941961,0.008064541968591256,0.001,0.00775,13.183064131544791,12.868408171473314,0.00125,0.0005,0.99,0.0095,0.0,14
CLE,31.0,46.91875,0.0,0.0,0.0455,-0.099,0.0,0.0,0.78025,0.0,0.0,0.13375,0.3265,14
DET,36.0,54.4655,0.08354338744888118,0.09248980281673833,0.00125,-0.00825,6.203900709118553,6.213669290072719,0.9985,0.0,0.0,0.0,0.00425,14
IND,29.0,43.749,0.11381548102500004,0.3697400541484609,0.05975,-0.01375,8.036705668079465,10.734607606646842,0.4105,0.0,0.00675,0.65975,0.18225,14
MIA,34.0,49.87425,-0.031677552637406306,0.10951886916534612,0.0305,-0.1215,9.327826527300134,9.588243410338844,0.948,0.0,0.0,0.0165,0.12175,14
MIL,10.0,17.08025,0.0,0.0,0.0,0.0,0.0,0.0,0.0,0.99925,0.00075,0.0,0.0,14
NYK,30.0,46.49375,0.0,0.0,0.05825,-0.08925,0.0,0.0,0.77675,0.0,0.00025,0.18175,0.29925,14
ORL,25.0,36.5995,0.4157175037645833,0.1493719468295974,0.01625,0.12475,10.3575314383125,12.398766628355736,0.042,0.0,0.59725,0.401,0.0015,14
PHI,36.0,55.86375,0.10332086640211648,0.1033238406729498,0.0,-0.002,6.060001894703374,6.063057260546231,0.999,0.0,0.0,0.0,0.0015,14
TOR,39.0,55.93525,0.11186500465027015,0.11825480440190705,0.00025,-0.00325,6.025533613797895,6.0309975404434315,0.9995,0.0,0.0,0.0,0.00225,14
WAS,26.0,35.7845,0.4765315266980654,0.11032810149702388,0.01425,0.117,10.763921272361458,11.693459263055953,0.024,0.0,0.7375,0.26225,0.00025,14
DAL,24.0,38.439,0.1693714448325893,0.34323057877769986,0.1155,-0.09025,0.34359627434910717,1.0183642654308929,0.66425,0.0,0.04825,0.2925,0.1745,14
DEN,40.0,58.89525,0.0,0.0,0.0,0.0,0.0,0.0,1.0,0.0,0.0,0.0,0.0,14
GSW,22.0,35.6955,0.5884873038583334,0.5142545958591254,0.088,0.07225,10.151731900204465,11.184715110613174,0.33375,0.0,0.257,0.502,0.08825,14
HOU,26.0,38.8375,0.4187048216404763,0.5632553057448298,0.11075,-0.105,8.41371335973512,9.126666550432736,0.67725,0.0,0.0375,0.23025,0.2115,14
LAC,19.0,28.1105,-0.0005162477954144627,-0.0005162477954144627,0.001,0.008,5.190862477954143,5.190862477954143,0.00075,0.01325,0.98,0.0065,0.00025,14
LAL,22.0,33.864,0.0,0.0,0.05875,0.117,0.0,0.0,0.11425,0.0,0.592,0.31975,0.04925,14
MEM,19.0,27.14425,0.18432911946741048,-0.014820424782117323,0.0,0.004,14.417843883262947,12.84851284004967,0.00025,0.0315,0.96475,0.00375,0.0,14
MIN,26.0,40.1815,0.0,0.0,0.06925,-0.1275,0.0,0.0,0.8435,0.0,0.00975,0.12625,0.1285,14
NOP,21.0,29.9075,0.18930714285714287,0.02729717261904762,0.0055,0.032,19.071519196428568,15.468470089285715,0.00675,0.002,0.96075,0.0345,0.0015,14
OKC,42.0,62.23375,0.028909876543209912,0.028909876543209912,0.0,0.0,5.190862477954143,5.190862477954143,1.0,0.0,0.0,0.0,0.0,14
PHX,30.0,42.13125,0.0,0.0,0.03725,-0.081,0.0,0.0,0.935,0.0,0.0025,0.0325,0.0735,14
POR,29.0,41.49825,0.1521345728997024,0.2905521084870181,0.05175,-0.11,7.608883750759076,7.858579650748454,0.91875,0.0,0.00225,0.05175,0.095,14
SAC,12.0,20.3545,0.07333889151696439,-0.024994704954625812,0.0,0.0,15.382543451616513,12.043036994989114,0.0,0.9705,0.0295,0.0,0.0,14
SAS,41.0,61.37425,0.0,0.0,0.0,0.0,0.0,0.0,1.0,0.0,0.0,0.0,0.0,14
UTA,24.0,37.44925,0.5317327099936012,0.3203813517208333,0.11075,-0.0365,9.14488126404494,8.789582735372024,0.5055,0.0,0.0985,0.40025,0.17775,14
ATL,31.0,48.06175,0.0,0.0,0.04275,-0.14475,0.0,0.0,0.9075,0.0,0.0005,0.04525,0.1775,15
BOS,35.0,50.3485,0.19770745823450175,0.3046280264528549,0.01775,-0.077,6.816680802894565,6.983568710756819,0.97275,0.0,0.0,0.0065,0.06275,15
BKN,13.0,22.8975,0.0004727072310405651,0.0004727072310405651,0.0,0.0,6.824373093033509,6.824373093033509,0.0,0.74925,0.25075,0.0,0.0,15
CHA,23.0,33.671,0.3975192555983631,0.014344085552247737,0.00175,0.01225,11.36205473940863,12.86494690159316,0.002,0.00025,0.9855,0.01425,0.0,15
CHI,21.0,30.71325,0.37083057019955323,-0.002542627392596376,0.0,0.00125,12.673811321719644,12.874847578819,0.0,0.00775,0.99175,0.0005,0.0,15
CLE,32.0,47.20775,0.0,0.0,0.0555,-0.13425,0.0,0.0,0.83175,0.0,0.00125,0.06425,0.287,15
DET,34.0,49.88925,0.18589796274343584,0.3232705717366756,0.02675,-0.09725,6.920759045873203,7.150478411256437,0.9585,0.0,0.0,0.0115,0.084,15
IND,34.0,49.15675,0.19527371778460095,0.3962874088275076,0.0395,-0.1225,7.0842660711419425,7.426699180220315,0.93475,0.0,0.0,0.01575,0.12875,15
MIA,31.0,48.3045,-0.031233997836337075,0.14168196862232135,0.0355,-0.14125,9.312746093738886,9.671560760470069,0.93025,0.0,0.0,0.02825,0.1615,15
MIL,26.0,37.31625,0.0,0.0,0.01675,0.10175,0.0,0.0,0.03,0.0,0.7935,0.20375,0.002,15
NYK,37.0,55.96625,0.0,0.0,0.0,-0.0015,0.0,0.0,1.0,0.0,0.0,0.0,0.00025,15
ORL,23.0,36.70625,0.2943535492870535,0.08903067057145549,0.018,0.071,10.006640522516667,12.702824224901088,0.029,0.0,0.85325,0.145,0.001,15
PHI,37.0,56.23675,0.16502889109347457,0.16502889109347457,0.0,-0.001,5.751891843033508,5.751891843033508,1.0,0.0,0.0,0.0,0.0,15
TOR,26.0,40.629,0.20576174775535724,0.2589074752319275,0.04975,0.094,8.816706401883781,11.79826396030272,0.226,0.0,0.246,0.6895,0.03475,15
WAS,30.0,41.67375,0.18316615603988107,0.21208248123928572,0.046,0.053,8.714735195149554,10.886174924222026,0.1775,0.0,0.12025,0.7755,0.0605,15
DAL,15.0,25.05475,0.24332631987008926,-0.11391731048427724,0.004,0.021,4.602128185407144,2.9037214245355907,0.0055,0.3685,0.60225,0.02725,0.0015,15
DEN,45.0,63.4385,0.0,0.0,0.0,0.0,0.0,0.0,1.0,0.0,0.0,0.0,0.0,15
GSW,22.0,33.14525,0.6154231315380952,0.4456706890143779,0.095,0.05425,9.781023279180209,10.07617666807659,0.5305,0.0,0.0815,0.3335,0.31125,15
HOU,33.0,50.13875,0.1723521164021164,0.1723521164021164,0.0,0.0,6.824373093033509,6.824373093033509,1.0,0.0,0.0,0.0,0.0,15
LAC,15.0,23.3535,-0.004367482363315702,-0.004367482363315702,0.0005,0.00875,5.289161199294532,5.289161199294532,0.00125,0.69075,0.305,0.00375,0.00025,15
LAL,35.0,52.49125,0.0,0.0,0.0,0.0,0.0,0.0,1.0,0.0,0.0,0.0,0.0,15
MEM,22.0,30.81725,0.5958499739296129,0.418552238772799,0.0705,0.117,11.811701806990627,11.476765163129519,0.2105,0.003,0.29975,0.48475,0.132,15
MIN,34.0,47.25975,0.0,0.0,0.0,0.0,0.0,0.0,0.99975,0.0,0.0,0.0,0.00025,15
NOP,19.0,26.2775,0.2430229166666665,-0.06322574404761908,0.0075,0.0515,15.124418898809523,16.154200744047618,0.0105,0.18075,0.7515,0.06425,0.0015,15
OKC,39.0,59.02075,0.09032970679012355,0.09032970679012355,0.0,0.0,5.289161199294532,5.289161199294532,1.0,0.0,0.0,0.0,0.0,15
PHX,20.0,33.76725,0.0,0.0,0.08825,0.04275,0.0,0.0,0.65625,0.001,0.0535,0.26925,0.28275,15
POR,20.0,29.6655,0.6068640392989582,0.36503334428146833,0.0615,0.1515,12.566821462620682,11.99882920161712,0.13025,0.0185,0.487,0.39075,0.065,15
SAC,13.0,19.62425,0.07630377322187501,-0.019114310069628694,0.0,0.00025,15.734259651058478,12.037409855482132,0.0,0.97875,0.02125,0.0,0.0,15
SAS,36.0,55.02925,0.0,0.0,0.0,0.0,0.0,0.0,1.0,0.0,0.0,0.0,0.0,15
UTA,19.0,32.138,0.7107578059188988,0.2771046663375,0.111,0.08175,10.379412644830955,9.05094418070238,0.4555,0.0015,0.1555,0.4265,0.2055,15
ATL,35.0,51.44875,0.0,0.0,0.003,-0.00875,0.0,0.0,0.99775,0.0,0.0,0.0005,0.004,16
BOS,41.0,57.68375,0.09531914682539692,0.09531914682539692,0.0,0.0,5.329510725308641,5.329510725308641,1.0,0.0,0.0,0.0,0.0,16
BKN,18.0,30.17925,-0.001832589285714288,-0.012617857142857139,0.00025,0.0055,7.2076578869047605,7.262889136904762,0.00025,0.14625,0.849,0.00475,0.0,16
CHA,21.0,33.037,0.40131001880788664,0.031382872447232125,0.00625,0.03075,12.463691425319347,12.814470475331277,0.008,0.01475,0.939,0.0455,0.0005,16
CHI,17.0,27.768,0.31315001558035704,-0.12004028406603438,0.00025,0.00075,14.72032131829464,12.483815506977997,0.0,0.463,0.5365,0.0005,0.0,16
CLE,26.0,40.953,0.0,0.0,0.0735,-0.02875,0.0,0.0,0.4685,0.0,0.01375,0.591,0.17425,16
DET,28.0,43.47325,0.2334172691349703,0.5228777423835884,0.0795,-0.11325,7.6646411741925595,8.81958557093453,0.743,0.0,0.0015,0.21075,0.2405,16
IND,30.0,44.7245,0.2100212363166667,0.4894066039243055,0.059,-0.13625,7.363439015712798,8.092726040076686,0.83825,0.0,0.0,0.10375,0.19125,16
MIA,33.0,49.08025,-0.005115193238806216,0.023756606538568852,0.006,-0.03575,9.369816729035893,9.41551579703608,0.98725,0.0,0.0,0.00275,0.019,16
MIL,18.0,27.4205,0.0,0.0,0.0,0.0005,0.0,0.0,0.0,0.5215,0.47825,0.00025,0.0,16
NYK,40.0,57.24925,0.0,0.0,0.0,0.0,0.0,0.0,1.0,0.0,0.0,0.0,0.0,16
ORL,26.0,39.70225,0.36141298464925603,0.358123537184562,0.0725,-0.001,8.980076627660416,11.077386851481574,0.31275,0.0,0.03325,0.752,0.1045,16
PHI,36.0,52.19125,0.07404033778378531,0.07753371235104722,0.0005,-0.00275,6.111953166025932,6.11236962105257,0.99975,0.0,0.0,0.0,0.00025,16
TOR,29.0,42.7765,0.2672635166815477,0.5687016506221754,0.09175,-0.0845,7.881438658406251,9.26370398519018,0.64425,0.0,0.0035,0.288,0.26575,16
WAS,17.0,26.62025,0.2548606868446429,-0.08708951948809517,0.00025,0.0005,15.093745993576784,11.560879772526192,0.00025,0.654,0.34575,0.00025,0.0,16
DAL,25.0,38.96625,0.1757132082075893,0.36451578630526366,0.1115,0.044,0.5142487191124999,1.8196851185038776,0.42175,0.0,0.2125,0.42875,0.1245,16
DEN,28.0,39.17775,0.0,0.0,0.112,0.022,0.0,0.0,0.3595,0.0,0.18825,0.4255,0.174,16
GSW,30.0,43.373,0.21655141369687506,0.38302235861595096,0.05575,-0.11625,7.509284535773808,7.885445933995871,0.90325,0.0,0.01,0.06975,0.09775,16
HOU,28.0,44.736,0.16568391095491072,0.26249686770371317,0.02,-0.08825,7.216775637183928,7.358899187887868,0.9725,0.0,0.00125,0.021,0.04225,16
LAC,21.0,31.73325,-0.0005162477954144627,-0.0005162477954144627,0.004,0.0185,5.420370337301587,5.420370337301587,0.004,0.0475,0.93625,0.015,0.00075,16
LAL,27.0,43.5855,0.0,0.0,0.039,-0.12325,0.0,0.0,0.93575,0.0,0.00575,0.05725,0.08325,16
MEM,32.0,41.9545,0.30117737574627984,0.5419962659362031,0.10275,-0.1325,7.949631724269792,8.718861887069712,0.7345,0.0,0.029,0.155,0.2105,16
MIN,31.0,46.371,0.0,0.0,0.0075,-0.04175,0.0,0.0,0.98925,0.0,0.0,0.0065,0.02025,16
NOP,20.0,28.883,0.3206973214285715,-0.07698645833333333,0.00025,0.0025,19.11340580357143,15.916478422619049,0.0,0.2905,0.7085,0.001,0.0,16
OKC,36.0,56.74225,0.12699695767195782,0.12699695767195782,0.0,0.0,5.420370337301587,5.420370337301587,1.0,0.0,0.0,0.0,0.0,16
PHX,21.0,32.66025,0.0,0.0,0.007,0.029,0.0,0.0,0.00875,0.0235,0.937,0.035,0.003,16
POR,26.0,37.54325,0.5060261810758929,0.44383575025419486,0.08625,0.104,10.034203626772769,11.683946449770774,0.213,0.0,0.442,0.383,0.085,16
SAC,17.0,25.18175,0.17685717287008934,-0.08006711266333603,0.0,0.0,15.450687327450892,12.159941867734851,0.0,0.839,0.161,0.0,0.0,16
SAS,37.0,55.41275,0.0,0.0,0.0,0.0,0.0,0.0,1.0,0.0,0.0,0.0,0.0,16
UTA,26.0,39.37175,0.45618358729449415,0.3275641010791666,0.1125,0.01025,8.946885229067709,8.956712254639285,0.45775,0.0,0.168,0.40225,0.15875,16
ATL,27.0,41.30425,0.0,0.0,0.099,-0.0135,0.0,0.0,0.4955,0.0,0.0615,0.44375,0.23075,17
BOS,40.0,59.36125,0.09511182760141104,0.09511182760141104,0.0,0.0,5.314575253527336,5.314575253527336,1.0,0.0,0.0,0.0,0.0,17
BKN,15.0,25.3205,0.00025583112874779637,0.00011193231922398871,0.0,0.0,6.475418061067021,6.48913368606702,0.0,0.06625,0.93375,0.0,0.0,17
CHA,29.0,41.418,0.3020841701190477,0.518628777996807,0.1,-0.024,8.467537190265626,10.134601642571438,0.46875,0.0,0.052,0.42825,0.24875,17
CHI,13.0,19.44325,0.089597994450893,-0.06046008082757925,0.0,0.0,15.351751971325891,12.06765246940009,0.0,0.891,0.109,0.0,0.0,17
CLE,22.0,36.6585,0.0,0.0,0.04125,0.11475,0.0,0.0,0.07775,0.0,0.701,0.2685,0.016,17
DET,37.0,54.61425,0.11705222663139336,0.11705222663139336,0.0,0.0,6.076370546737214,6.076370546737214,1.0,0.0,0.0,0.0,0.0,17
IND,31.0,45.635,0.12131911694270835,0.30749460489051866,0.04125,-0.12725,7.435494312466069,7.765985441829661,0.9265,0.0,0.0,0.036,0.1145,17
MIA,31.0,47.11475,-0.01055536479828592,0.06920295163651512,0.02075,-0.082,9.357525821464293,9.49584485330684,0.96425,0.0,0.0,0.0145,0.058,17
MIL,20.0,30.07,0.0,0.0,0.0,0.00175,0.0,0.0,0.00075,0.00025,0.99775,0.002,0.0,17
NYK,34.0,50.58725,0.0,0.0,0.00075,-0.007,0.0,0.0,0.99925,0.0,0.0,0.0,0.00275,17
ORL,28.0,43.16375,0.21801456742648814,0.4884675513988734,0.087,-0.10025,7.82978095814375,8.854150394153033,0.7765,0.0,0.01075,0.20225,0.21575,17
PHI,25.0,39.50875,0.3382551574866072,0.39817809842962015,0.071,0.065,9.1106623461628,11.216381991036275,0.29075,0.0,0.17675,0.60475,0.1135,17
TOR,39.0,56.57675,0.15419873236331585,0.15419873236331585,0.0,0.0,5.770616975308642,5.770616975308642,1.0,0.0,0.0,0.0,0.0,17
WAS,11.0,19.80275,0.1079778194459823,-0.05759336021726183,0.0,0.0,15.299380523897318,11.417038750966668,0.0,0.84125,0.15875,0.0,0.0,17
DAL,24.0,35.70025,0.23294527219419645,0.1500546653223002,0.02075,0.13025,1.2388971987897321,2.6120023696196,0.084,0.0,0.3955,0.595,0.00725,17
DEN,35.0,53.096,0.0,0.0,0.00025,-0.00375,0.0,0.0,0.9995,0.0,0.0,0.0,0.002,17
GSW,36.0,48.51225,0.164037950400496,0.2541037976414186,0.01575,-0.08275,7.059957643702392,7.244328150548968,0.96875,0.0,0.0,0.00325,0.079,17
HOU,35.0,51.403,0.1400918797534722,0.15878345316850198,0.0015,-0.0155,6.475738611455413,6.494599447398715,0.9985,0.0,0.0,0.00025,0.0075,17
LAC,15.0,23.22775,-0.00171770282186949,-0.00171770282186949,0.0,0.0,5.619689285714284,5.619689285714284,0.0,0.2055,0.7945,0.0,0.0,17
LAL,31.0,47.26875,0.0,0.0,0.02425,-0.11775,0.0,0.0,0.95375,0.0,0.0,0.013,0.1215,17
MEM,23.0,32.87425,0.3512229217693451,0.0920560705292445,0.0125,0.07875,12.166283082356102,12.654033887035645,0.01725,0.0,0.859,0.1405,0.0005,17
MIN,31.0,45.47875,0.0,0.0,0.0315,-0.126,0.0,0.0,0.86875,0.0,0.00025,0.03925,0.28725,17
NOP,21.0,29.9465,0.060759672619047536,-0.045112202380952406,0.00075,0.0115,16.13387068452381,16.68311517857143,0.00125,0.0005,0.98575,0.01375,0.0,17
OKC,38.0,57.26675,0.15632631172839523,0.15632631172839523,0.0,-0.00025,5.619689285714284,5.619689285714284,1.0,0.0,0.0,0.0,0.0,17
PHX,21.0,33.909,0.0,0.0,0.022,0.10125,0.0,0.0,0.05525,0.0,0.72175,0.27575,0.00075,17
POR,28.0,39.74375,0.29277453357842265,0.25012205447691327,0.05475,0.0175,8.988923968693602,11.209052764729012,0.30575,0.0,0.0365,0.78675,0.1075,17
SAC,9.0,15.596,0.047903917396874995,-0.004033495009041944,0.0,0.0,15.790674526303121,11.979705526253234,0.0,0.99525,0.00475,0.0,0.0,17
SAS,41.0,61.70325,0.0,0.0,0.0,0.0,0.0,0.0,1.0,0.0,0.0,0.0,0.0,17
UTA,30.0,43.69475,0.15256975470357145,0.16874932042559523,0.05125,-0.078,7.791293241150595,8.203845575058333,0.74725,0.0,0.00075,0.1325,0.38675,17
ATL,20.0,35.46675,0.0,0.0,0.04175,0.12975,0.0,0.0,0.1325,0.0,0.42125,0.5625,0.00725,18
BOS,42.0,61.513,0.0560128858024692,0.0560128858024692,0.0,0.0,5.245842868165783,5.245842868165783,1.0,0.0,0.0,0.0,0.0,18
BKN,14.0,24.606,0.002055654761904763,0.0014622023809523798,0.0,0.0,7.550874553571428,7.917272023809523,0.0,0.36925,0.63075,0.0,0.0,18
CHA,22.0,31.9585,0.4662387508608628,0.06757376102703509,0.007,0.0575,12.46063602670342,12.79336634605207,0.008,0.001,0.913,0.086,0.0,18
CHI,22.0,31.88775,0.46665030513288663,0.06974307813161842,0.00575,0.05825,12.495471511233186,12.800070357439019,0.00825,0.0005,0.92075,0.07775,0.00075,18
CLE,28.0,43.53725,0.0,0.0,0.06425,-0.15025,0.0,0.0,0.82725,0.0,0.001,0.137,0.1905,18
DET,44.0,63.39075,0.019101168430335116,0.019101168430335116,0.0,0.0,5.177181911375661,5.177181911375661,1.0,0.0,0.0,0.0,0.0,18
IND,29.0,41.85675,0.23535441325877987,0.5396454119972931,0.102,-0.1085,8.070251250238393,9.648178710862862,0.576,0.0,0.00475,0.37825,0.2355,18
MIA,31.0,47.1305,-0.009471456626978611,0.05015793036635545,0.01225,-0.05925,9.367137255328595,9.445907554747603,0.9815,0.0,0.0,0.01,0.0275,18
MIL,24.0,33.88125,0.0,0.0,0.0115,0.11675,0.0,0.0,0.03025,0.0,0.733,0.2635,0.0025,18
NYK,28.0,43.508,0.0,0.0,0.07225,-0.146,0.0,0.0,0.82525,0.0,0.0015,0.1535,0.166,18
ORL,28.0,42.43175,0.20983685790967266,0.5514319502324788,0.093,-0.127,7.833178246666221,9.160518039566432,0.71,0.0,0.003,0.2745,0.23,18
PHI,32.0,45.98325,0.17700191804404763,0.3165678101952381,0.0305,-0.09975,7.16897314238854,7.421439069956349,0.9495,0.0,0.0,0.02625,0.077,18
TOR,32.0,46.16025,0.1712845748061012,0.29662965076011905,0.0275,-0.08525,7.135612727414284,7.368496740384913,0.9515,0.0,0.00025,0.03075,0.063,18
WAS,17.0,23.22875,0.1157052604401787,-0.07778486020238096,0.0,0.0,15.149788519480353,11.558305211032142,0.0,0.67425,0.32575,0.0,0.0,18
DAL,18.0,29.7145,0.32941075319330365,0.009828007328409867,0.00325,0.016,3.3114227880919644,3.3315406901614795,0.002,0.01275,0.97025,0.01675,0.00025,18
DEN,34.0,52.77925,0.0,0.0,0.0,-0.00075,0.0,0.0,1.0,0.0,0.0,0.0,0.00025,18
GSW,32.0,44.21775,0.1410042311654762,0.3007231769599632,0.03875,-0.1265,7.4642002259171125,7.954006561481092,0.88525,0.0,0.0005,0.04275,0.1865,18
HOU,28.0,43.24975,0.14390824577738096,0.32566405496206774,0.0435,-0.118,7.58182935045491,8.290558887920492,0.86875,0.0,0.0005,0.08025,0.2325,18
LAC,21.0,29.922,-0.0025663690476190456,-0.0025663690476190456,0.00275,0.0135,6.369208035714287,6.370890476190477,0.0015,0.008,0.9765,0.015,0.00025,18
LAL,38.0,56.943,0.0,0.0,0.0,0.0,0.0,0.0,1.0,0.0,0.0,0.0,0.0,18
MEM,23.0,32.47025,0.4756686697300594,0.08432376661782308,0.009,0.0635,12.2085922958875,12.76355165967448,0.0125,0.0,0.89425,0.103,0.002,18
MIN,36.0,53.274,0.0,0.0,0.0,0.0,0.0,0.0,1.0,0.0,0.0,0.0,0.0,18
NOP,12.0,20.2205,0.11880133928571432,0.0056538690476190265,0.0,0.0,17.257213988095238,15.176051339285715,0.0,0.95975,0.04025,0.0,0.0,18
OKC,31.0,50.2015,0.10364916085505947,0.10839437119583328,0.00025,-0.00825,6.3693148858437505,6.3728066348875005,0.9995,0.0,0.0,0.0,0.0015,18
PHX,26.0,37.6835,0.0,0.0,0.05775,0.0425,0.0,0.0,0.2335,0.0,0.0835,0.7425,0.1015,18
POR,28.0,40.55775,0.26480411010342264,0.458313392176233,0.08675,-0.04025,8.27460506864524,9.766380625069289,0.5885,0.0,0.009,0.34175,0.33075,18
SAC,12.0,19.258,0.08022038243526787,-0.018303640406731846,0.0,0.0,15.668002914243745,12.050033709706423,0.0,0.9745,0.0255,0.0,0.0,18
SAS,43.0,64.28825,0.0,0.0,0.0,0.0,0.0,0.0,1.0,0.0,0.0,0.0,0.0,18
UTA,25.0,38.6795,0.3145569035309524,0.21290554514107143,0.08025,0.01025,8.87115402430372,9.173144094553571,0.4085,0.0,0.04475,0.658,0.1445,18
ATL,24.0,36.367,0.0,0.0,0.03525,0.1145,0.0,0.0,0.07625,0.00325,0.66125,0.29525,0.01925,19
BOS,37.0,54.11675,0.05670767195767199,0.05670767195767199,0.0,-0.00025,6.13452028218695,6.13452028218695,1.0,0.0,0.0,0.0,0.0,19
BKN,24.0,33.9455,-0.002492559523809522,-0.0018031249999999994,0.009,0.05475,6.953829673721341,6.958113155864197,0.0085,0.0205,0.891,0.082,0.005,19
CHA,28.0,41.1785,0.259493359555506,0.48394747240932534,0.09025,-0.0185,8.138221789576637,10.022719912772518,0.533,0.0,0.06275,0.3695,0.25775,19
CHI,19.0,30.234,0.4069778194943449,-0.10990502781836847,0.0005,0.003,14.252840628044193,12.671141055915761,0.0005,0.31725,0.68,0.00275,0.0,19
CLE,34.0,50.74475,0.0,0.0,0.0025,-0.00775,0.0,0.0,0.99825,0.0,0.0,0.0,0.00425,19
DET,35.0,52.95625,0.04108930776014108,0.04175580608484347,0.0,-0.00025,6.1926884149029995,6.1926884149029995,1.0,0.0,0.0,0.0,0.0,19
IND,31.0,43.97175,0.15438611668794647,0.42537745669089283,0.0675,-0.1295,7.532214540762202,8.380096320735287,0.7975,0.0,0.00525,0.09175,0.24575,19
MIA,24.0,40.6555,0.08306678567404663,0.3885258342642874,0.097,0.02275,9.284329589691472,11.119707614999298,0.576,0.0,0.08925,0.4425,0.17825,19
MIL,12.0,18.90325,0.0,0.0,0.0,0.0,0.0,0.0,0.0,1.0,0.0,0.0,0.0,19
NYK,40.0,60.04175,0.0,0.0,0.0,0.0,0.0,0.0,1.0,0.0,0.0,0.0,0.0,19
ORL,29.0,43.683,0.14474831910654767,0.45824978892261903,0.06075,-0.11275,7.546112433663839,8.47612732462295,0.81825,0.0,0.00775,0.12325,0.21625,19
PHI,37.0,54.36975,0.05959707892416231,0.05959707892416231,0.0,-0.00025,6.111408179012347,6.111408179012347,1.0,0.0,0.0,0.0,0.0,19
TOR,26.0,38.29,0.46591719276011906,0.4119288894123099,0.07025,0.1125,9.397302563029614,11.714040441272887,0.184,0.0,0.3265,0.531,0.072,19
WAS,23.0,33.74025,0.6123789172775295,0.04305529929107141,0.008,0.0505,12.231367068613245,11.901334033339284,0.00775,0.02925,0.906,0.062,0.0015,19
DAL,28.0,42.2975,0.020868094536160717,0.10329875043445154,0.02675,-0.11075,0.037462797973660714,0.22131418027035718,0.93475,0.0,0.00175,0.034,0.114,19
DEN,18.0,31.35925,0.0,0.0,0.024,0.07225,0.0,0.0,0.03275,0.16025,0.71025,0.121,0.00475,19
GSW,27.0,38.01125,0.4513496587471726,0.5057561704526162,0.0875,-0.0185,8.964917200442262,10.099802708911811,0.5065,0.0005,0.06025,0.3745,0.28125,19
HOU,33.0,47.0775,0.14979410611214178,0.15279049921338184,0.00125,-0.00725,6.9549372430008045,6.964764537308444,0.99725,0.0,0.0,0.00075,0.004,19
LAC,23.0,30.4825,0.0005162477954144627,0.0005162477954144627,0.00425,0.04525,5.25642594797178,5.25642594797178,0.0065,0.2625,0.691,0.04425,0.0015,19
LAL,30.0,48.12325,0.0,0.0,0.0,-0.0055,0.0,0.0,0.999,0.0,0.0,0.00025,0.0015,19
MEM,25.0,37.7055,0.48482817244672616,0.5114823653004208,0.0885,-0.003,9.037937731665329,10.222398225153356,0.525,0.00075,0.07625,0.40875,0.237,19
MIN,26.0,39.73925,0.0,0.0,0.06025,-0.0875,0.0,0.0,0.79425,0.0,0.01275,0.1755,0.23425,19
NOP,21.0,31.6815,0.5595816964285714,-0.015587202380952363,0.0165,0.08425,19.07812410714286,15.36634330357143,0.02675,0.1355,0.71225,0.1405,0.00575,19
OKC,40.0,59.575,0.07098407186948862,0.07098407186948862,0.0,0.0,5.25642594797178,5.25642594797178,1.0,0.0,0.0,0.0,0.0,19
PHX,28.0,43.91575,0.0,0.0,0.013,-0.06675,0.0,0.0,0.9845,0.0,0.00025,0.009,0.03875,19
POR,24.0,32.78725,0.6504648537572914,0.176790516993268,0.02125,0.12525,12.75951357251369,12.523662308161951,0.036,0.052,0.678,0.2455,0.01825,19
SAC,9.0,16.105,0.03707844242142853,0.00024157682450397423,0.0,0.0,15.789998979957138,12.072152603053969,0.0,1.0,0.0,0.0,0.0,19
SAS,42.0,63.543,0.0,0.0,0.0,0.0,0.0,0.0,1.0,0.0,0.0,0.0,0.0,19
UTA,23.0,34.3985,0.6904807750633927,0.1775782990107142,0.06125,0.14175,11.439897220074108,9.684419591027975,0.15675,0.01825,0.4275,0.446,0.059,19
ATL,24.0,38.90225,0.0,0.0,0.0635,0.0965,0.0,0.0,0.25775,0.0,0.21425,0.6505,0.067,20
BOS,27.0,42.81775,0.1680044822614584,0.5005146525453528,0.0765,-0.0655,7.774467296784225,9.193804455330303,0.71,0.0,0.0105,0.23725,0.272,20
BKN,14.0,24.2485,-0.0004361000881834227,-0.0004361000881834227,0.0,0.0,6.442123225308643,6.441877243165785,0.0,0.7655,0.2345,0.0,0.0,20
CHA,23.0,33.516,0.43129351579077363,0.05741782398832762,0.00525,0.04575,11.87748210545402,12.909671228133709,0.008,0.00075,0.93725,0.061,0.00075,20
CHI,23.0,33.15175,0.40264369394494026,0.040063281315861655,0.0025,0.0305,12.064251980459376,12.933144560548165,0.0045,0.00225,0.9565,0.04,0.001,20
CLE,30.0,47.26775,0.0,0.0,0.017,-0.098,0.0,0.0,0.965,0.0,0.0,0.01125,0.07475,20
DET,33.0,51.6035,0.10308772903579694,0.10732515724189812,-0.00025,-0.00875,6.321225170235286,6.329453569818619,0.9995,0.0,0.0,0.0,0.00325,20
IND,31.0,45.3005,0.15096015775833338,0.40650465643857286,0.06025,-0.13275,7.471722578059077,8.240883319984583,0.82225,0.0,0.00175,0.054,0.268,20
MIA,33.0,48.524,-0.012642374467559522,0.04287346033843106,0.0135,-0.06075,9.357590060663075,9.457856494444954,0.976,0.0,0.0,0.0025,0.04925,20
MIL,20.0,28.087,0.0,0.0,0.0,0.0,0.0,0.0,0.0,0.153,0.847,0.0,0.0,20
NYK,41.0,57.282,0.0,0.0,0.0,-0.00025,0.0,0.0,1.0,0.0,0.0,0.0,0.0,20
ORL,32.0,46.436,0.16857045699151785,0.3665837069363732,0.0465,-0.12,7.268992353320981,7.707920543278422,0.90575,0.0,0.0,0.02775,0.15525,20
PHI,32.0,51.11375,0.12376212887163797,0.13329947937654868,0.0015,-0.0095,6.380846187075575,6.393878488025873,0.99725,0.0,0.0,0.00025,0.0055,20
TOR,24.0,39.52325,0.34157399599657745,0.39844882266775355,0.07475,0.07225,8.818954381698363,11.352498138006414,0.3165,0.0,0.147,0.6585,0.095,20
WAS,25.0,35.9875,0.44025372585148814,0.14186865946488075,0.0195,0.118,10.583967480915625,11.721599697147026,0.0375,0.0,0.72975,0.257,0.00825,20
DAL,27.0,42.005,0.03718705083660715,0.18444668295355018,0.0505,-0.1295,0.06770693707321429,0.42421845944347364,0.867,0.0,0.00075,0.0785,0.19625,20
DEN,26.0,40.41125,0.0,0.0,0.067,-0.09975,0.0,0.0,0.738,0.0,0.0025,0.1875,0.292,20
GSW,36.0,48.67325,0.18568399821722328,0.19156609168701497,0.0015,-0.0065,6.810223010784706,6.817737040110153,0.999,0.0,0.0,0.0,0.00325,20
HOU,36.0,50.728,0.13105446917708333,0.13194192968571425,0.0005,-0.00125,6.442211969497036,6.442374398484834,0.99975,0.0,0.0,0.0,0.00025,20
LAC,16.0,22.71475,-0.0038924823633157014,-0.0038924823633157014,0.0,0.0,5.486730235890652,5.486730235890652,0.0,0.91975,0.08025,0.0,0.0,20
LAL,23.0,37.17925,0.0,0.0,0.06425,0.012,0.0,0.0,0.3875,0.0,0.04725,0.67825,0.12775,20
MEM,16.0,24.82325,0.20177834711830367,-0.11442705872804391,0.0,0.001,15.153667282698658,12.380457300471557,0.0,0.681,0.31825,0.00075,0.0,20
MIN,41.0,59.762,0.0,0.0,0.0,0.0,0.0,0.0,1.0,0.0,0.0,0.0,0.0,20
NOP,19.0,28.03375,0.20867872023809525,-0.13025624999999996,0.0005,0.01,18.19879181547619,16.652480505952383,0.00075,0.17175,0.81575,0.0125,0.0,20
OKC,38.0,57.79475,0.12794436728395076,0.12794436728395076,0.0,0.0,5.486730235890652,5.486730235890652,1.0,0.0,0.0,0.0,0.0,20
PHX,27.0,40.71925,0.0,0.0,0.07225,-0.1055,0.0,0.0,0.751,0.0,0.0035,0.154,0.298,20
POR,24.0,36.03475,0.491143666352381,0.3050985790388902,0.063,0.04725,10.107122917819048,11.45050330085134,0.238,0.0,0.0935,0.75825,0.08,20
SAC,19.0,27.0845,0.2977776572571428,-0.11024935552108531,0.00075,0.005,14.512121578349552,12.720447166102982,0.00025,0.294,0.70125,0.00475,0.0,20
SAS,39.0,58.9565,0.0,0.0,0.0,0.0,0.0,0.0,1.0,0.0,0.0,0.0,0.0,20
UTA,21.0,31.31825,0.4071496046629461,0.04471492771904758,0.0115,0.07525,12.810078510472914,10.064657979872615,0.01875,0.012,0.8585,0.1255,0.0025,20
ATL,23.0,35.5715,0.0,0.0,0.02925,0.0885,0.0,0.0,0.1415,0.0,0.1725,0.79125,0.02225,21
BOS,32.0,49.688,0.18727669260480048,0.20426428988233025,0.00175,-0.0285,6.759658764433008,6.780507358681371,0.99875,0.0,0.0,0.0005,0.00775,21
BKN,20.0,31.29275,0.007054315476190478,-0.0070732142857142695,0.008,0.06125,8.162708779761903,9.053564732142856,0.01475,0.013,0.882,0.1035,0.00125,21
CHA,17.0,26.6635,0.3491985423254462,-0.10091587874571266,0.00025,0.00225,14.314621888462497,12.584024508730414,0.00025,0.304,0.693,0.003,0.0,21
CHI,20.0,30.154,0.4349748278566961,0.019585282578805263,0.00375,0.0345,12.730094234517411,12.76716707337455,0.00425,0.03025,0.92375,0.046,0.0,21
CLE,29.0,44.54325,0.0,0.0,0.037,-0.118,0.0,0.0,0.87025,0.0,0.0,0.03325,0.2765,21
DET,36.0,54.818,0.17911773589065272,0.17911773589065272,0.0,0.0,5.743216920194003,5.743216920194003,1.0,0.0,0.0,0.0,0.0,21
IND,28.0,41.041,0.21873214884345246,0.37519847582632515,0.06925,-0.02975,8.208050081173067,9.678409209894372,0.5795,0.0,0.00275,0.30375,0.3775,21
MIA,36.0,54.061,0.0,0.0,0.0,-0.0005,9.382940917107586,9.382940917107586,1.0,0.0,0.0,0.0,0.0,21
MIL,19.0,27.706,0.0,0.0,0.00025,0.00425,0.0,0.0,0.00025,0.1645,0.831,0.0045,0.0,21
NYK,32.0,47.29275,0.0,0.0,0.01875,-0.08725,0.0,0.0,0.96825,0.0,0.0,0.00275,0.0765,21
ORL,25.0,39.0905,0.25541428967991076,0.33711019211314486,0.065,0.00625,8.6675915342128,10.795647308632653,0.45,0.0,0.015,0.67725,0.1655,21
PHI,31.0,47.3005,0.12876701044737654,0.20723765899157298,0.0145,-0.08425,7.200920770066103,7.367181718658217,0.96925,0.0,0.0,0.0025,0.07275,21
TOR,35.0,52.96175,0.16349692704885918,0.1652450170784723,0.00025,-0.00275,6.1411101300705475,6.1411101300705475,1.0,0.0,0.0,0.0,0.0,21
WAS,20.0,29.4975,0.4094072656788687,0.007980411098214325,0.0025,0.0275,13.026691303310267,11.858511933145836,0.003,0.04275,0.9255,0.03175,0.0,21
DAL,27.0,38.98275,0.0846506946419643,0.19600181785699408,0.066,0.025,0.4127242737383929,1.897982886199724,0.2555,0.0,0.045,0.70925,0.14225,21
DEN,24.0,40.14775,0.0,0.0,0.074,0.00925,0.0,0.0,0.57475,0.0,0.0175,0.5625,0.17025,21
GSW,36.0,50.18925,0.18508799828048939,0.19760208212379296,0.00175,-0.01475,6.662594791011878,6.675609680137324,0.99725,0.0,0.0,0.0,0.006,21
HOU,27.0,40.678,0.21039868580982146,0.41403577628771965,0.06325,0.0005,8.324745117239287,10.14569853326034,0.51175,0.0,0.01225,0.47175,0.26275,21
LAC,13.0,19.736,0.0,0.0,0.0,0.0,5.156790123456789,5.156790123456789,0.0,0.995,0.005,0.0,0.0,21
LAL,32.0,49.8145,0.0,0.0,0.00175,-0.0225,0.0,0.0,0.99675,0.0,0.0,0.0005,0.01075,21
MEM,23.0,33.1285,0.3964026719799108,0.06377273568071846,0.0115,0.04825,11.366556255962948,12.748512337765442,0.01275,0.00075,0.9225,0.0735,0.0025,21
MIN,35.0,50.4845,0.0,0.0,0.00175,-0.01525,0.0,0.0,0.997,0.0,0.0,0.0005,0.0065,21
NOP,17.0,25.662,0.1467135416666667,-0.12197559523809526,0.0,0.0,18.480006547619052,15.86946785714286,0.0,0.4695,0.5305,0.0,0.0,21
OKC,44.0,64.92875,0.0,0.0,0.0,0.0,5.156790123456789,5.156790123456789,1.0,0.0,0.0,0.0,0.0,21
PHX,17.0,26.30425,0.0,0.0,0.0,0.00025,0.0,0.0,0.0,0.362,0.638,0.0,0.0,21
POR,35.0,49.60475,0.19442147166845788,0.2219195753093805,0.00425,-0.025,6.783283745698441,6.816138446028202,0.99575,0.0,0.0,0.00025,0.01425,21
SAC,17.0,24.84975,0.2676893487294643,-0.12787234421462845,0.0,0.0,14.970779653409373,12.319092841218866,0.0,0.61825,0.38175,0.0,0.0,21
SAS,40.0,61.099,0.0,0.0,0.0,0.0,0.0,0.0,1.0,0.0,0.0,0.0,0.0,21
UTA,30.0,42.70825,0.1634117002444941,0.18527001119404762,0.062,-0.04825,7.913462939407143,8.31808030001131,0.6585,0.0,0.002,0.18175,0.38475,21
ATL,24.0,37.94925,0.0,0.0,0.06375,0.097,0.0,0.0,0.20075,0.0,0.25425,0.626,0.06925,22
BOS,37.0,54.75975,0.15406451719576733,0.15406451719576733,0.0,0.0,5.5795380291005285,5.5795380291005285,1.0,0.0,0.0,0.0,0.0,22
BKN,20.0,30.1205,0.003001410934744273,0.003001410934744273,0.00075,0.0075,5.566403185626102,5.566403185626102,0.00075,0.026,0.9635,0.0105,0.0,22
CHA,23.0,36.7425,0.46769628225386906,0.2749645327314199,0.0495,0.1255,10.18910996267902,12.014132493498638,0.1535,0.0,0.45025,0.4845,0.0365,22
CHI,15.0,24.0455,0.10980128307901796,-0.07673871547032582,0.0,0.0,15.224062685562496,12.122049973697774,0.0,0.8495,0.1505,0.0,0.0,22
CLE,30.0,44.986,0.0,0.0,0.04225,-0.12975,0.0,0.0,0.9025,0.0,0.001,0.03325,0.168,22
DET,27.0,42.5895,0.21306070452529763,0.44255422931130955,0.081,-0.10425,7.839176286544196,8.885123983640687,0.74825,0.0,0.0105,0.15375,0.30775,22
IND,35.0,51.069,0.17351861403899363,0.18129513521682106,0.00075,-0.00475,6.302609686087661,6.307825257355964,0.99975,0.0,0.0,0.00025,0.00175,22
MIA,24.0,37.64225,0.3454823602862986,0.21993455131188983,0.052,0.108,10.06774189700976,12.061247056735995,0.1865,0.0,0.30875,0.58775,0.06,22
MIL,15.0,21.5475,0.0,0.0,0.0,0.0,0.0,0.0,0.0,0.9775,0.0225,0.0,0.0,22
NYK,29.0,44.1725,0.0,0.0,0.05075,-0.14075,0.0,0.0,0.87725,0.0,0.00225,0.053,0.2045,22
ORL,28.0,44.72425,0.11904554968630952,0.2934318342669643,0.03475,-0.1355,7.434508662776932,7.85784881150615,0.92925,0.0,0.001,0.03375,0.15025,22
PHI,36.0,53.26325,0.17025152116402126,0.1709064345086641,0.0,-0.0005,5.888460626102293,5.889115539446936,1.0,0.0,0.0,0.0,0.00025,22
TOR,37.0,51.88925,0.1661278598296407,0.16761642211624786,0.0005,-0.00275,6.154601515032464,6.158065793742285,0.9995,0.0,0.0,0.0,0.0015,22
WAS,22.0,31.219,0.39621604882276745,0.012102090664285737,0.00125,0.01775,13.09020516476503,11.891486774922027,0.002,0.007,0.9755,0.01725,0.00025,22
DAL,26.0,38.123,0.17224984464419646,0.22070874336483845,0.06575,0.07075,0.6401337098125,2.1834380291100985,0.23175,0.0,0.1575,0.69925,0.08475,22
DEN,27.0,43.0795,0.0,0.0,0.05825,-0.0945,0.0,0.0,0.82975,0.0,0.00425,0.12325,0.27125,22
GSW,19.0,28.6385,0.307154768335714,-0.0401941775880838,0.00075,0.00225,14.118869594081694,12.77929613419795,0.0005,0.078,0.92075,0.00125,0.0,22
HOU,37.0,54.7525,0.16162707231040577,0.1622697920842153,0.0,-0.00025,5.566403185626102,5.566403185626102,1.0,0.0,0.0,0.0,0.0,22
LAC,26.0,34.68275,-0.0014418430335097015,-0.0014219025573192269,0.01825,0.1175,6.277105831128749,6.278369819223987,0.0225,0.00025,0.752,0.24,0.00475,22
LAL,32.0,50.03325,0.0,0.0,0.001,-0.017,0.0,0.0,0.9975,0.0,0.0,0.001,0.00875,22
MEM,13.0,19.63875,0.05779952365982142,-0.004543042629166658,0.0,0.0,15.731215032351782,11.996362622640474,0.0,0.9965,0.0035,0.0,0.0,22
MIN,32.0,49.09925,0.0,0.0,0.00475,-0.032,0.0,0.0,0.99625,0.0,0.0,0.001,0.01525,22
NOP,22.0,29.47725,0.43206145833333337,-0.057741071428571406,0.0,0.00525,19.252605654761904,15.445556696428572,0.0,0.042,0.954,0.004,0.0,22
OKC,33.0,51.1785,0.16901876268627097,0.17464532887833448,0.0,-0.00825,6.277159256193482,6.2799982680724975,0.99975,0.0,0.0,0.0,0.00125,22
PHX,24.0,38.67725,0.0,0.0,0.0665,0.056,0.0,0.0,0.30675,0.0,0.10225,0.712,0.096,22
POR,31.0,45.38275,0.12237213323371915,0.2742879497901675,0.02925,-0.12275,7.3738019914122015,7.7489134111455344,0.92825,0.0,0.0,0.0285,0.137,22
SAC,20.0,30.4915,0.36731906260208297,-0.00033203772214710224,0.001,0.012,13.38862082927336,12.80715921001909,0.00325,0.02325,0.96025,0.01625,0.0,22
SAS,46.0,67.529,0.0,0.0,0.0,0.0,0.0,0.0,1.0,0.0,0.0,0.0,0.0,22
UTA,30.0,42.49625,0.20882393485907744,0.2157654959875,0.07475,-0.0795,7.920586207834524,8.297154481860714,0.68375,0.0,0.0055,0.1735,0.381,22
ATL,30.0,45.09275,0.0,0.0,0.042,-0.12325,0.0,0.0,0.94,0.0,0.002,0.03075,0.1,23
BOS,40.0,58.42175,0.04723667328042333,0.04723667328042333,0.0,0.0,5.2138355048500875,5.2138355048500875,1.0,0.0,0.0,0.0,0.0,23
BKN,15.0,23.34425,0.011361458333333335,-0.01552604166666666,0.0,0.0,8.836885267857141,9.421869047619047,0.0,0.91125,0.08875,0.0,0.0,23
CHA,26.0,40.01675,0.4001428904208334,0.5294278581399731,0.096,0.001,8.739717635900744,10.478121052888138,0.46125,0.0,0.094,0.473,0.19575,23
CHI,20.0,29.31925,0.2560701586178569,-0.056712851480466245,0.0,0.0015,14.232519313718749,12.847966480483148,0.0,0.11225,0.8865,0.00125,0.0,23
CLE,32.0,47.4505,0.0,0.0,0.01325,-0.04825,0.0,0.0,0.9875,0.0,0.00025,0.0035,0.02425,23
DET,27.0,43.2785,0.2086469137514881,0.4934732345715363,0.06475,-0.1355,7.612179980776339,8.33178900773676,0.844,0.0,0.0095,0.1125,0.18175,23
IND,33.0,47.78825,0.174945328236078,0.2136530605219907,0.008,-0.03525,6.669774353691182,6.717468258194059,0.991,0.0,0.0,0.002,0.01975,23
MIA,22.0,34.2295,0.4607947018030476,0.08566953802244331,0.013,0.065,12.221365028290249,12.914346117733635,0.02075,0.0015,0.87775,0.11175,0.00575,23
MIL,17.0,25.67675,0.0,0.0,0.0,0.0,0.0,0.0,0.0,0.6565,0.3435,0.0,0.0,23
NYK,37.0,55.5735,0.0,0.0,0.0,0.0,0.0,0.0,1.0,0.0,0.0,0.0,0.0,23
ORL,29.0,45.04925,0.18448406491696429,0.32245728136117063,0.0335,-0.1155,7.249154919136607,7.540927509445025,0.93975,0.0,0.001,0.033,0.09175,23
PHI,25.0,39.77825,0.40109663454002986,0.5212745691384849,0.09625,0.01725,8.85785511315625,10.663413030770393,0.43775,0.0,0.11825,0.489,0.18775,23
TOR,27.0,39.434,0.4199679051392858,0.5041818422845563,0.08575,0.03475,9.072827764454464,10.896491609518966,0.34775,0.0,0.1275,0.53725,0.177,23
WAS,27.0,35.5145,0.5354795510744047,0.1557593736053569,0.02325,0.105,11.470076342460866,11.706407147679762,0.03025,0.0,0.7695,0.206,0.01625,23
DAL,34.0,49.4915,0.0015635458200892857,0.021746283478422623,0.00675,-0.02525,0.001611484471875,0.02200089723839286,0.99225,0.0,0.0,0.0015,0.01575,23
DEN,27.0,42.514,0.0,0.0,0.06975,-0.08125,0.0,0.0,0.752,0.0,0.011,0.2045,0.2775,23
GSW,26.0,38.0975,0.49110580173705365,0.32114251140655464,0.0565,0.09625,9.798991212267858,11.692801259448245,0.18575,0.0,0.23925,0.643,0.06675,23
HOU,25.0,39.514,0.4437596678450893,0.48085055337959326,0.09075,0.04625,8.999438857432887,11.067567558166553,0.3675,0.0,0.1145,0.626,0.1215,23
LAC,24.0,33.46925,-0.0016053240740740748,-0.0016053240740740748,0.00525,0.0565,5.81703110670194,5.81703110670194,0.0085,0.00125,0.91175,0.0835,0.0025,23
LAL,29.0,43.308,0.0,0.0,0.07175,-0.106,0.0,0.0,0.7655,0.0,0.00625,0.137,0.29275,23
MEM,26.0,35.41225,0.5302122770415177,0.19181297063833325,0.018,0.11475,11.54347779808765,12.590298166789587,0.0295,0.0005,0.74375,0.238,0.01075,23
MIN,32.0,49.04275,0.0,0.0,0.00625,-0.0275,0.0,0.0,0.9965,0.0,0.0,0.00025,0.01225,23
NOP,21.0,32.02325,0.42057053571428576,0.12422916666666665,0.0025,0.0225,18.491395535714283,16.283360416666667,0.002,0.0135,0.95875,0.027,0.00075,23
OKC,36.0,54.162,0.13932309303350981,0.13932309303350981,0.0,-0.00025,5.81703110670194,5.81703110670194,1.0,0.0,0.0,0.0,0.0,23
PHX,31.0,46.07875,0.0,0.0,0.03025,-0.10725,0.0,0.0,0.9435,0.0,0.0,0.0205,0.10475,23
POR,30.0,46.066,0.18892177017934303,0.3289810337480434,0.02325,-0.112,7.048515852078604,7.323013851276719,0.957,0.0,0.00025,0.018,0.09475,23
SAC,17.0,26.07825,0.18028233747321437,-0.12034377202032455,0.0,0.00025,15.07068821460223,12.450789577760915,0.0,0.569,0.43025,0.00075,0.0,23
SAS,39.0,59.712,0.0,0.0,0.0,0.0,0.0,0.0,1.0,0.0,0.0,0.0,0.0,23
UTA,16.0,25.06275,0.16279837543973225,-0.006413178247023693,0.0,0.0,15.280820733591515,10.096986168345833,0.0,0.73425,0.26575,0.0,0.0,23
ATL,29.0,44.40975,0.0,0.0,0.0765,-0.12,0.0,0.0,0.73025,0.0,0.00575,0.238,0.21225,24
BOS,31.0,45.38925,0.23122782651437393,0.5273852581432854,0.06875,-0.1425,7.371514042194256,8.19774448188052,0.84025,0.0,0.00225,0.12375,0.18725,24
BKN,15.0,23.54525,0.001865625,0.0014766369047619033,0.0,0.0,6.9877038690476185,7.032447619047619,0.0,0.7265,0.2735,0.0,0.0,24
CHA,21.0,34.85325,0.40053371656428566,0.05673891812411561,0.008,0.044,11.660127329694793,12.81985648748793,0.01325,0.0,0.91525,0.083,0.0015,24
CHI,25.0,35.885,0.4094209665470238,0.10807786459141008,0.00975,0.0795,11.179283901987501,12.732396797600373,0.01775,0.0,0.8465,0.15025,0.002,24
CLE,27.0,39.52475,0.0,0.0,0.041,0.084,0.0,0.0,0.165,0.0,0.20675,0.6985,0.049,24
DET,28.0,45.80225,0.23062483077053578,0.5125156453043863,0.055,-0.14875,7.264732464871576,7.923872688098788,0.89225,0.0,0.001,0.10525,0.13575,24
IND,31.0,45.7185,0.23922589112806442,0.5104070220472027,0.0595,-0.13525,7.3089267911276785,8.047295193405203,0.85125,0.0,0.00125,0.114,0.16625,24
MIA,37.0,51.5375,-0.0019250371926973103,0.0047519974237654325,0.002,-0.00825,9.381010370955773,9.389653755929382,0.99825,0.0,0.0,0.00075,0.0035,24
MIL,17.0,26.3095,0.0,0.0,0.0,0.0,0.0,0.0,0.0,0.2275,0.7725,0.0,0.0,24
NYK,39.0,56.7175,0.0,0.0,0.0,-0.00025,0.0,0.0,1.0,0.0,0.0,0.0,0.0,24
ORL,39.0,57.23525,0.1273622244268079,0.1273622244268079,0.0,0.0,5.478706338183421,5.478706338183421,1.0,0.0,0.0,0.0,0.0,24
PHI,31.0,48.4835,0.1757383042344025,0.26934431531415737,0.013,-0.0745,6.626115256015152,6.759850953014855,0.9795,0.0,0.0,0.0115,0.04025,24
TOR,30.0,42.85625,0.28492392573669545,0.5812792366747805,0.098,-0.073,8.16064431545006,10.050217107953385,0.51225,0.0,0.02125,0.475,0.20225,24
WAS,15.0,23.10175,0.13260265863303583,-0.0649913304922619,0.0,0.0,15.256583148623212,11.507274183360117,0.0,0.79025,0.20975,0.0,0.0,24
DAL,30.0,43.54,0.039515296766964296,0.19377349806860122,0.065,-0.1395,0.08407175387232144,0.52027604798412,0.812,0.0,0.00075,0.10825,0.2315,24
DEN,42.0,60.7685,0.0,0.0,0.0,0.0,0.0,0.0,1.0,0.0,0.0,0.0,0.0,24
GSW,27.0,39.6145,0.3506276392166667,0.4196947110579365,0.0745,-0.01325,9.060499841223514,10.8490217274436,0.3915,0.0,0.04375,0.664,0.1295,24
HOU,31.0,46.73125,0.1813099529488095,0.2532061367284722,0.015,-0.07025,6.9869437284610125,7.0912220892896825,0.98,0.0,0.0,0.008,0.042,24
LAC,17.0,26.384,-0.0020649911816578506,-0.0020649911816578506,0.0,0.0005,5.467829420194002,5.467829420194002,0.0,0.225,0.77475,0.00025,0.0,24
LAL,29.0,43.99875,0.0,0.0,0.04825,-0.1375,0.0,0.0,0.87925,0.0,0.001,0.085,0.16575,24
MEM,24.0,32.91875,0.36269166511919615,0.08116117760034582,0.006,0.06825,12.467326005695684,12.801994823065648,0.009,0.0005,0.9015,0.09625,0.00125,24
MIN,30.0,44.12175,0.0,0.0,0.06125,-0.1375,0.0,0.0,0.87225,0.0,0.0005,0.082,0.16775,24
NOP,23.0,32.89925,0.18596205357142861,-0.00677767857142851,0.0065,0.05975,17.148411607142858,16.314395386904764,0.01175,0.0005,0.89075,0.10675,0.0015,24
OKC,37.0,57.2635,0.12443080908289256,0.12443080908289256,0.0,0.0,5.467829420194002,5.467829420194002,1.0,0.0,0.0,0.0,0.0,24
PHX,30.0,43.729,0.0,0.0,0.07375,-0.1405,0.0,0.0,0.8215,0.0,0.00025,0.103,0.2135,24
POR,18.0,29.469,0.26011727146473185,-0.010950648305007056,0.0015,0.008,13.689700273604464,12.881113105545191,0.0025,0.03625,0.95375,0.01,0.0,24
SAC,11.0,18.54225,0.04234239779642857,-0.0072702207100481826,0.0,0.0,15.801007580016067,12.054246134805318,0.0,0.9935,0.0065,0.0,0.0,24
SAS,32.0,51.238,0.0,0.0,0.0,-0.0025,0.0,0.0,1.0,0.0,0.0,0.0,0.001,24
UTA,24.0,37.41225,0.40927001011532743,0.13249673324702377,0.0435,0.07475,10.015456481728423,9.561286287280952,0.22025,0.0,0.17075,0.7365,0.04625,24
ATL,32.0,48.37425,0.0,0.0,0.036,-0.124,0.0,0.0,0.91575,0.0,0.00025,0.04125,0.144,25
BOS,25.0,39.3055,0.26435040454389885,0.17635385795979147,0.03525,0.094,9.270837112994496,11.94155490772319,0.167,0.0,0.2635,0.70275,0.01875,25
BKN,12.0,21.605,-0.00030434303350969924,-0.00032785493827160406,0.0,0.0,6.457903847001764,6.458005781525573,0.0,0.7725,0.2275,0.0,0.0,25
CHA,26.0,37.16775,0.3450476947421131,0.1451317603126273,0.019,0.10775,10.125590490017412,12.555131644643193,0.04075,0.0,0.711,0.28325,0.003,25
CHI,12.0,21.57375,0.16864767801250008,-0.09420945388617323,0.0,0.0,15.346807891406247,12.242876717126377,0.0,0.77175,0.22825,0.0,0.0,25
CLE,37.0,54.753,0.0,0.0,0.0,-0.00275,0.0,0.0,0.9995,0.0,0.0,0.0,0.00175,25
DET,36.0,53.9315,0.18514564714905765,0.19410262798159733,0.00125,-0.00675,5.9750194628044255,5.9796180152902885,0.99925,0.0,0.0,0.0,0.002,25
IND,29.0,44.58725,0.1621782174476191,0.5224128919726587,0.08725,-0.05375,7.873210341199405,9.795331177228164,0.59175,0.0,0.01,0.39175,0.255,25
MIA,34.0,50.15425,-0.017612144959909613,0.06797142766062023,0.01775,-0.08375,9.348257193884338,9.492648265438783,0.9655,0.0,0.0,0.01025,0.06125,25
MIL,16.0,24.76725,0.0,0.0,0.0,0.0,0.0,0.0,0.0,0.2525,0.7475,0.0,0.0,25
NYK,39.0,56.0925,0.0,0.0,0.00025,-0.00175,0.0,0.0,0.99975,0.0,0.0,0.0,0.0005,25
ORL,33.0,47.1135,0.16557006578350975,0.45418874572043433,0.06825,-0.12575,7.447532779044168,8.393020491847095,0.80225,0.0,0.0005,0.10225,0.2685,25
PHI,35.0,52.261,0.1871547714558642,0.21274162609266978,0.00475,-0.02325,6.326971190529813,6.3628728212202885,0.99425,0.0,0.0,0.0015,0.01325,25
TOR,30.0,44.28675,0.18381060526339293,0.5190377180698852,0.09425,-0.04375,7.975686782734971,10.083454079443861,0.52425,0.0,0.01475,0.467,0.232,25
WAS,19.0,28.4415,0.22099286889196412,-0.008530241974999984,0.0,0.0,13.52630773570446,11.950119177982144,0.0,0.017,0.983,0.0,0.0,25
DAL,19.0,29.1825,0.23146752177678578,0.011931466798380103,0.00325,0.0185,3.1113948038004464,3.379960865043202,0.003,0.0095,0.975,0.015,0.00025,25
DEN,34.0,51.17925,0.0,0.0,0.0,-0.00025,0.0,0.0,1.0,0.0,0.0,0.0,0.0,25
GSW,28.0,40.62825,0.17542479701949407,0.31389440281133213,0.04475,-0.068,7.961783442952976,8.6745905771836,0.8005,0.0,0.0145,0.10575,0.28875,25
HOU,35.0,51.574,0.18930068342151676,0.18920663580246913,0.0,-0.0005,6.457903847001764,6.45914252938599,1.0,0.0,0.0,0.0,0.0005,25
LAC,14.0,21.946,0.0032693893298060004,0.0032693893298060004,0.0,0.0,5.787800077160494,5.787800077160494,0.0,0.74625,0.25375,0.0,0.0,25
LAL,30.0,45.326,0.0,0.0,0.00925,-0.055,0.0,0.0,0.98675,0.0,0.00025,0.004,0.03225,25
MEM,22.0,33.249,0.4473046624477679,0.2482799835435074,0.04225,0.126,11.703096422059375,12.501669516070558,0.0715,0.0,0.73925,0.223,0.0235,25
MIN,29.0,44.75875,0.0,0.0,0.00975,-0.06125,0.0,0.0,0.98375,0.0,0.0,0.00375,0.04325,25
NOP,27.0,36.9405,0.22591264880952383,0.3146815476190476,0.08675,0.068,15.26642023809524,14.770402083333334,0.336,0.0,0.1665,0.474,0.2155,25
OKC,35.0,54.83725,0.180156183862434,0.180156183862434,0.0,0.0,5.787800077160494,5.787800077160494,1.0,0.0,0.0,0.0,0.0,25
PHX,21.0,33.71475,0.0,0.0,0.04675,0.124,0.0,0.0,0.09925,0.0,0.67725,0.268,0.03425,25
POR,25.0,36.6655,0.4865671391205358,0.47272497624484666,0.08675,0.09275,9.738792970423662,11.016400151331057,0.3495,0.0,0.214,0.4615,0.17175,25
SAC,16.0,23.714,0.21755723120982146,-0.12324600302135172,0.0,0.0,14.860284196991516,12.540942093689248,0.0,0.4305,0.5695,0.0,0.0,25
SAS,45.0,65.05825,0.0,0.0,0.0,0.0,0.0,0.0,1.0,0.0,0.0,0.0,0.0,25
UTA,25.0,36.81125,0.5301742714026788,0.254765908010119,0.10425,0.09275,9.668629534909078,9.196753439903572,0.36975,0.0,0.20375,0.445,0.19,25
ATL,26.0,41.4175,0.0,0.0,0.082,-0.12425,0.0,0.0,0.82325,0.0,0.02925,0.13625,0.1375,26
BOS,42.0,60.116,0.03434556878306882,0.03434556878306882,0.0,0.0,5.202219929453262,5.202219929453262,1.0,0.0,0.0,0.0,0.0,26
BKN,18.0,28.3105,-0.004562648809523812,-0.00448422619047619,0.00025,0.0005,6.739323936287478,6.8329193231922405,0.00025,0.39975,0.59875,0.0015,0.0,26
CHA,20.0,33.34625,0.5513350884616068,0.1211043738595238,0.0285,0.0675,12.672443277923064,12.626340015264919,0.03875,0.01525,0.87425,0.09275,0.00725,26
CHI,10.0,18.35875,0.021754356240178553,0.00048274172063491737,0.0,0.0,15.529929722006697,11.978208297457739,0.0,0.99975,0.00025,0.0,0.0,26
CLE,26.0,39.648,0.0,0.0,0.12025,-0.055,0.0,0.0,0.6365,0.0,0.097,0.27475,0.19,26
DET,27.0,42.1615,0.2053078677747024,0.3784272880105867,0.06425,-0.11175,7.707552244900743,8.149915334260657,0.8785,0.0,0.0175,0.095,0.1085,26
IND,35.0,50.6245,0.12640815145502643,0.12578657407407404,0.0,0.0,6.40190157627866,6.401595921516756,1.0,0.0,0.0,0.0,0.0,26
MIA,24.0,36.45575,0.5075253645864197,0.3138855837871063,0.08075,0.1125,10.881171387061702,12.101211212015896,0.19225,0.00075,0.48125,0.3575,0.08,26
MIL,23.0,34.4555,0.0,0.0,0.0405,0.102,0.0,0.0,0.06,0.006,0.7875,0.16175,0.023,26
NYK,29.0,45.791,0.0,0.0,0.0055,-0.0325,0.0,0.0,0.9945,0.0,0.0,0.004,0.0145,26
ORL,24.0,36.50125,0.6398623298940477,0.44901800603007375,0.074,0.113,10.518434644933038,11.67448277708573,0.21175,0.00075,0.48375,0.34325,0.074,26
PHI,34.0,52.00725,0.08805309744268078,0.08772154982363316,0.0,0.0,6.235662147266315,6.235140123456791,1.0,0.0,0.0,0.0,0.0,26
TOR,29.0,41.22175,0.28838339491026793,0.48389578457017435,0.089,-0.12425,7.968967185073214,8.590437550398015,0.7875,0.0,0.03325,0.13575,0.17625,26
WAS,29.0,38.541,0.5214597380638393,0.544612984372619,0.11825,0.00825,9.255713615751787,10.032868593476193,0.37675,0.0,0.175,0.3975,0.189,26
DAL,19.0,30.99425,0.3517299581727679,-0.045088493817474484,0.00125,0.01075,3.7841342576147325,3.144693279625085,0.001,0.088,0.89575,0.01625,0.0,26
DEN,39.0,56.75,0.0,0.0,0.0,0.0,0.0,0.0,1.0,0.0,0.0,0.0,0.0,26
GSW,31.0,44.56875,0.1625907174998512,0.45575522443451677,0.07725,-0.083,7.593731064774553,8.957194484657474,0.738,0.0,0.0005,0.20825,0.29725,26
HOU,32.0,48.765,0.18661436683960533,0.28436264662254185,0.0155,-0.0915,6.742324649202804,6.910869165488271,0.978,0.0,0.0,0.00925,0.0575,26
LAC,26.0,34.5925,0.0011985670194003541,0.0011985670194003541,0.0085,0.09,5.8268625220458565,5.82703499228395,0.01325,0.003,0.82875,0.16775,0.0,26
LAL,32.0,49.57825,0.0,0.0,0.00775,-0.06525,0.0,0.0,0.98775,0.0,0.0,0.0045,0.03425,26
MEM,25.0,33.70775,0.538116561265327,0.06638020017164824,0.00325,0.05925,12.58670060256116,12.697463550712913,0.0105,0.008,0.8905,0.10025,0.001,26
MIN,33.0,49.78725,0.0,0.0,0.008,-0.05375,0.0,0.0,0.9875,0.0,0.0,0.004,0.032,26
NOP,18.0,27.969,0.19207291666666665,-0.1534541666666667,0.0005,0.00125,16.890423214285715,15.91983273809524,0.0,0.47875,0.52075,0.0005,0.0,26
OKC,35.0,55.34925,0.13403066578483258,0.13403066578483258,0.0,-0.00025,5.8268625220458565,5.828163278216391,1.0,0.0,0.0,0.0,0.0005,26
PHX,26.0,37.48375,0.0,0.0,0.02075,0.102,0.0,0.0,0.09975,0.0,0.27725,0.69975,0.015,26
POR,29.0,42.68075,0.18614902445907744,0.4747931088990009,0.0815,-0.02575,7.944804010139584,10.122199765764499,0.56275,0.0,0.006,0.5005,0.2295,26
SAC,8.0,14.27975,0.0251822623098214,-0.00024625592063491376,0.0,0.0,15.821459476557138,11.977988459726985,0.0,1.0,0.0,0.0,0.0,26
SAS,40.0,60.5945,0.0,0.0,0.0,0.0,0.0,0.0,1.0,0.0,0.0,0.0,0.0,26
UTA,31.0,43.94275,0.1572309340431548,0.2433193375422619,0.071,-0.07,7.760449120004315,8.435415830363096,0.6215,0.0,0.00275,0.289,0.333,26
ATL,24.0,37.89525,0.0,0.0,0.056,0.111,0.0,0.0,0.23025,0.0,0.24675,0.64725,0.06475,27
BOS,34.0,50.4255,0.14575134290219904,0.1758003243102844,0.00375,-0.034,6.375832604510528,6.412057851467472,0.9945,0.0,0.0,0.00025,0.01525,27
BKN,10.0,16.56,-0.0027527998236331567,-0.004298781966490297,0.0,0.0,6.684467763447972,6.705039489638448,0.0,0.99975,0.00025,0.0,0.0,27
CHA,26.0,37.709,0.43373332502380957,0.2626452468630426,0.0465,0.101,10.000894528760863,11.817072731886325,0.16025,0.0,0.2525,0.671,0.05025,27
CHI,19.0,27.642,0.27724278134821406,-0.06147298999404606,0.0,0.00025,14.255981350287053,12.787905106149669,0.0,0.134,0.8655,0.0005,0.0,27
CLE,32.0,48.99725,0.0,0.0,0.00625,-0.062,0.0,0.0,0.988,0.0,0.0,0.0005,0.03375,27
DET,37.0,56.651,0.06266253306878314,0.06266253306878314,0.0,0.0,5.262413602292768,5.262413602292768,1.0,0.0,0.0,0.0,0.0,27
IND,36.0,51.362,0.11869849902154982,0.131665413164407,0.0015,-0.0155,6.241430255421435,6.260648265682894,0.99575,0.0,0.0,0.0,0.00875,27
MIA,28.0,42.33425,0.07195389899492954,0.21640024644022765,0.05875,-0.02775,9.292445989682216,10.497842933588407,0.66875,0.0,0.01075,0.17775,0.456,27
MIL,17.0,24.2765,0.0,0.0,0.0,0.0,0.0,0.0,0.0,0.7275,0.2725,0.0,0.0,27
NYK,41.0,59.1775,0.0,0.0,0.0,0.0,0.0,0.0,1.0,0.0,0.0,0.0,0.0,27
ORL,32.0,46.73275,0.20010837014276342,0.32172171284167217,0.0265,-0.1285,7.12702575889682,7.519730302236601,0.92425,0.0,0.0,0.00725,0.1715,27
PHI,29.0,46.10775,0.17094495361175596,0.31117023795644844,0.0245,-0.13825,7.229343454687263,7.675704855672431,0.9355,0.0,0.0,0.01125,0.1845,27
TOR,23.0,35.9665,0.45223424512410726,0.20487775749537382,0.03275,0.13175,10.901833134038245,12.324637617465894,0.094,0.0,0.567,0.40925,0.01425,27
WAS,23.0,32.83125,0.3212934354574402,0.04742224914702385,0.00575,0.04975,12.364197220999406,11.87802759427738,0.00875,0.0015,0.922,0.075,0.001,27
DAL,28.0,40.71975,0.11133364480267857,0.2975244097329507,0.10025,-0.01575,0.35770449017812495,1.7745854744493412,0.36,0.0,0.0795,0.572,0.16825,27
DEN,26.0,43.76775,0.0,0.0,0.05925,-0.13375,0.0,0.0,0.84275,0.0,0.0105,0.1715,0.14975,27
GSW,26.0,36.37525,0.424069444794643,0.16116892964383342,0.0195,0.09875,10.90166531051875,12.613853069537102,0.03325,0.0,0.7985,0.1825,0.0125,27
HOU,33.0,48.56375,0.18915957340765538,0.22760398423369707,0.00675,-0.02975,6.686371174320293,6.724605810444997,0.99225,0.0,0.0,0.0035,0.0125,27
LAC,15.0,22.013,0.0007377369929453261,0.0020130346119929437,0.0,0.0,6.57695792548501,6.5900818838183435,0.0,0.93725,0.06275,0.0,0.0,27
LAL,27.0,43.39375,0.0,0.0,0.0775,-0.12425,0.0,0.0,0.776,0.0,0.01275,0.221,0.1785,27
MEM,19.0,28.456,0.2836582990812498,-0.04522154081671192,0.0,0.0005,13.986999211356247,12.832015613824288,0.0,0.084,0.916,0.0,0.0,27
MIN,32.0,47.59225,0.0,0.0,0.0175,-0.06025,0.0,0.0,0.98225,0.0,0.0005,0.01175,0.029,27
NOP,18.0,28.77975,0.30765997023809527,-0.08236235119047618,0.0,0.00025,19.197400000000002,15.928342261904763,0.0,0.07125,0.92825,0.0005,0.0,27
OKC,31.0,49.13225,0.18232474072386462,0.2139254398662257,0.00475,-0.0255,6.577633452626974,6.602521758803065,0.9975,0.0,0.0,0.0025,0.007,27
PHX,30.0,46.94825,0.0,0.0,0.01725,-0.07775,0.0,0.0,0.97175,0.0,0.0,0.015,0.046,27
POR,29.0,43.05225,0.24135104062827387,0.5745719751974562,0.09525,-0.12275,7.9070604511876486,9.160314972550694,0.6965,0.0,0.01725,0.2565,0.2305,27
SAC,20.0,29.19475,0.288233473601339,-0.024393476856420016,0.0,0.00125,13.723794471224105,12.86522534773251,0.0,0.04475,0.9545,0.00075,0.0,27
SAS,46.0,66.48875,0.0,0.0,0.0,0.0,0.0,0.0,1.0,0.0,0.0,0.0,0.0,27
UTA,29.0,40.854,0.3346195288803572,0.2533510582916666,0.09175,-0.00975,8.768674830775447,9.084024037344049,0.34775,0.0,0.08225,0.5625,0.166,27
ATL,25.0,41.379,0.0,0.0,0.109,-0.0625,0.0,0.0,0.5745,0.0,0.02675,0.46575,0.164,28
BOS,38.0,55.89325,0.12244764109347456,0.12244764109347456,0.0,0.0,5.430566854056437,5.430566854056437,1.0,0.0,0.0,0.0,0.0,28
BKN,17.0,24.80075,-0.0017960427689594353,-0.0017960427689594353,0.0,0.00025,6.11981097883598,6.11981097883598,0.0,0.511,0.489,0.0,0.0,28
CHA,21.0,32.408,0.3127698437717259,0.016111456645649076,0.0005,0.0145,12.56496168261235,12.887392491174765,0.002,0.001,0.98425,0.0145,0.00025,28
CHI,24.0,34.50125,0.4063697780343749,0.07788684195778617,0.007,0.0525,11.702559961932739,12.809318039654984,0.00925,0.0,0.9265,0.0695,0.003,28
CLE,31.0,47.729,0.0,0.0,0.0125,-0.0425,0.0,0.0,0.9855,0.0,0.0,0.00525,0.02525,28
DET,31.0,47.56775,0.18241273579948192,0.23720846239258706,0.009,-0.04625,6.885046515021351,6.966650666620608,0.9845,0.0,0.0,0.00925,0.02325,28
IND,27.0,41.6495,0.30446065371904774,0.5586675369804974,0.108,-0.0645,8.216909177613394,9.831390738995468,0.56575,0.0,0.02475,0.41975,0.19125,28
MIA,27.0,41.53575,0.06162376815150475,0.3559652703316798,0.111,-0.0675,9.307010069551886,10.860890070720565,0.52875,0.0,0.019,0.43925,0.20075,28
MIL,18.0,24.48775,0.0,0.0,0.0,0.0,0.0,0.0,0.0,0.6045,0.3955,0.0,0.0,28
NYK,33.0,51.241,0.0,0.0,0.0005,-0.005,0.0,0.0,1.0,0.0,0.0,0.0,0.00075,28
ORL,28.0,42.1125,0.26005051903616083,0.5661320060253047,0.094,-0.0985,8.078667344187648,9.512834914680479,0.6155,0.0,0.01175,0.3565,0.204,28
PHI,35.0,52.83075,0.1282491291887126,0.1282491291887126,0.0,0.0,6.025324029982364,6.025324029982364,1.0,0.0,0.0,0.0,0.0,28
TOR,29.0,43.1695,0.2226806766431548,0.5338489974038989,0.09325,-0.128,7.788519736895535,8.822205429033163,0.73425,0.0,0.006,0.22025,0.1875,28
WAS,19.0,26.6445,0.23022570188839273,-0.059263162544047586,0.0,0.0,14.473127974108927,11.828139855820238,0.0,0.2165,0.7835,0.0,0.0,28
DAL,24.0,35.4855,0.2788117459433036,0.17718815370576108,0.03825,0.116,1.4083888784187502,2.924335164729001,0.07975,0.0,0.642,0.31525,0.02475,28
DEN,31.0,47.67625,0.0,0.0,0.00525,-0.035,0.0,0.0,0.994,0.0,0.00025,0.0015,0.012,28
GSW,13.0,22.78075,0.1607333590111608,-0.08611809832810924,0.0,0.0,15.43149410565848,12.192985397137262,0.0,0.82,0.18,0.0,0.0,28
HOU,35.0,52.17675,0.12365570987654327,0.12301335954707898,0.0,-0.001,6.11981097883598,6.11981097883598,1.0,0.0,0.0,0.0,0.0,28
LAC,29.0,41.1735,0.0025812389770723133,0.0025812389770723133,0.09175,-0.03975,5.2998772817460305,5.2998772817460305,0.65425,0.0,0.02,0.26975,0.29075,28
LAL,21.0,32.71175,0.0,0.0,0.01175,0.0515,0.0,0.0,0.0175,0.003,0.91575,0.07725,0.003,28
MEM,32.0,41.854,0.2582394214035715,0.4069654483811224,0.08275,-0.07625,8.113785294460863,9.275313638284588,0.6305,0.0,0.012,0.20225,0.36875,28
MIN,33.0,47.995,0.0,0.0,0.00375,-0.03825,0.0,0.0,0.99275,0.0,0.0,0.0015,0.0155,28
NOP,19.0,28.9855,0.08100104166666663,-0.15042663690476188,0.00025,0.00275,18.671498511904762,16.179284374999998,0.0,0.05075,0.9465,0.00275,0.0,28
OKC,37.0,56.8025,0.09109740961199304,0.09109740961199304,0.0,0.0,5.2998772817460305,5.2998772817460305,1.0,0.0,0.0,0.0,0.0,28
PHX,24.0,37.3785,0.0,0.0,0.0735,0.1115,0.0,0.0,0.23375,0.0,0.29025,0.5725,0.075,28
POR,32.0,46.149,0.16566729013243497,0.24590784386308973,0.01975,-0.0855,7.157341082484793,7.307219940921797,0.96925,0.0,0.0,0.0075,0.06225,28
SAC,15.0,23.09625,0.17648445038571436,-0.09084652698199812,0.0,0.0,15.374334985484817,12.21609547502816,0.0,0.79325,0.20675,0.0,0.0,28
SAS,47.0,68.80225,0.0,0.0,0.0,0.0,0.0,0.0,1.0,0.0,0.0,0.0,0.0,28
UTA,25.0,38.98225,0.4084097076535715,0.25009783487559517,0.09125,0.04425,9.04058425487902,9.139667376884525,0.42825,0.0,0.1195,0.54975,0.148,28
ATL,31.0,46.23225,0.0,0.0,0.077,-0.115,0.0,0.0,0.77125,0.0,0.02725,0.18325,0.14175,29
BOS,31.0,46.53425,0.29547235289303353,0.6678560771800517,0.08675,-0.14075,7.233495909936403,8.074784720028834,0.82625,0.0,0.01775,0.1525,0.128,29
BKN,12.0,22.28475,0.0016099702380952413,0.0018964285714285637,0.0,0.0,7.658347470238094,7.7168135416666646,0.0,0.96575,0.03425,0.0,0.0,29
CHA,33.0,46.38,0.3157430654491348,0.6855844605601182,0.09225,-0.14425,7.313761962703456,8.262898239329973,0.78,0.0,0.017,0.181,0.1465,29
CHI,25.0,34.93575,0.41473063142514877,0.009222721400510201,0.001,0.00775,11.73030110674003,12.866891355627327,0.00025,0.00075,0.99225,0.007,0.0,29
CLE,35.0,50.98625,0.0,0.0,0.0065,-0.02525,0.0,0.0,0.99275,0.0,0.00025,0.00325,0.01,29
DET,38.0,58.8745,0.019617416225749584,0.019617416225749584,0.0,0.0,5.170728813932979,5.170728813932979,1.0,0.0,0.0,0.0,0.0,29
IND,30.0,43.08,0.33380056259791685,0.623511783145248,0.10475,0.0335,8.553688423925596,10.866237121352613,0.3285,0.0,0.19625,0.502,0.11275,29
MIA,32.0,46.81,-0.031100063712973913,0.2879709472224712,0.08275,-0.14125,9.282400403403237,9.936108756715425,0.83725,0.0,0.0085,0.14175,0.11925,29
MIL,16.0,25.265,0.0,0.0,0.0,0.0,0.0,0.0,0.0,0.7805,0.2195,0.0,0.0,29
NYK,30.0,46.66325,0.0,0.0,0.0815,-0.13375,0.0,0.0,0.84925,0.0,0.01925,0.14375,0.10775,29
ORL,31.0,44.364,0.324969320422024,0.763539215467534,0.12025,-0.06425,8.049639304062055,9.90439309820069,0.51,0.0,0.088,0.3895,0.17925,29
PHI,34.0,50.37575,0.12841690017304894,0.19548244885801916,0.013,-0.046,6.344720962630501,6.427823784401782,0.98775,0.0,0.0,0.009,0.022,29
TOR,27.0,40.63025,0.28206988719032744,0.3362637622460884,0.05675,0.108,9.361784827130657,12.17495058876435,0.11675,0.0,0.63275,0.287,0.03275,29
WAS,13.0,21.55075,0.07141712801696429,-0.009415611586309519,0.0,0.0,15.657407564037497,11.367462132988097,0.0,0.98225,0.01775,0.0,0.0,29
DAL,26.0,37.93775,0.22282962216250002,0.3343176289068665,0.1065,0.00025,0.6390968049120536,1.409228645292262,0.49675,0.0,0.0855,0.38375,0.23425,29
DEN,28.0,46.6305,0.0,0.0,0.0015,-0.01375,0.0,0.0,0.9995,0.0,0.0,0.00025,0.00225,29
GSW,27.0,39.01525,0.4415880528699405,0.5321859235839569,0.1,-0.05775,8.653151666668451,9.35864944149338,0.652,0.0,0.04675,0.247,0.25425,29
HOU,27.0,41.556,0.20092379535773808,0.32760099278983135,0.05,-0.12475,7.691050800797915,7.974957157292147,0.9025,0.0,0.00325,0.062,0.12525,29
LAC,19.0,28.8175,0.0002581238977072313,0.0002581238977072313,0.00175,0.00975,5.175116920194002,5.175116920194002,0.00125,0.131,0.85875,0.01025,0.0,29
LAL,31.0,48.0275,0.0,0.0,0.00125,-0.00325,0.0,0.0,0.999,0.0,0.0,0.0,0.001,29
MEM,22.0,29.32625,0.30940745730580327,-0.025017884938232655,0.00225,0.0145,14.14078189929955,12.78141910620396,0.0025,0.08675,0.899,0.0125,0.00175,29
MIN,32.0,47.113,0.0,0.0,0.00125,-0.0085,0.0,0.0,0.9985,0.0,0.0,0.0005,0.004,29
NOP,24.0,31.26425,0.233828125,0.01970967261904759,0.00775,0.05275,18.46940818452381,15.746177678571428,0.006,0.01575,0.91975,0.0595,0.003,29
OKC,38.0,58.37625,0.019875540123456808,0.019875540123456808,0.0,0.0,5.175116920194002,5.175116920194002,1.0,0.0,0.0,0.0,0.0,29
PHX,19.0,33.886,0.0,0.0,0.07175,0.1335,0.0,0.0,0.13075,0.0025,0.65325,0.2755,0.0305,29
POR,24.0,36.47,0.5618934169321429,0.5407482242953231,0.0815,0.08075,10.146247400294794,10.995620223891809,0.35075,0.0,0.21275,0.4855,0.1375,29
SAC,21.0,30.92475,0.3931435798342259,0.055115547518619606,0.0115,0.0465,13.503946840160562,12.76629682426021,0.007,0.03475,0.9075,0.05325,0.00325,29
SAS,39.0,58.3285,0.0,0.0,0.0,0.0,0.0,0.0,1.0,0.0,0.0,0.0,0.0,29
UTA,25.0,37.35975,0.5306196108553572,0.2677297208994047,0.09475,0.03225,9.585822878194493,8.973268915804761,0.4535,0.0,0.14275,0.41,0.203,29
ATL,25.0,39.28375,0.0,0.0,0.0915,0.08025,0.0,0.0,0.327,0.0,0.2185,0.46975,0.16275,30
BOS,37.0,52.55575,0.18826801390952938,0.18930330736086867,0.00025,-0.00125,6.191995513668431,6.191995513668431,1.0,0.0,0.0,0.0,0.0,30
BKN,19.0,32.06975,0.07730997023809523,0.01941860119047618,0.00275,0.02,10.38124791666667,10.265381845238096,0.00425,0.0005,0.97425,0.02425,0.00075,30
CHA,39.0,52.79125,0.20235459900653116,0.20472459890667996,0.00025,-0.00175,6.147811576519759,6.150182944274669,0.99975,0.0,0.0,0.0,0.001,30
CHI,13.0,22.0805,0.18192893992008938,-0.1083556198768705,0.0,0.0,15.279854397202675,12.19188109371283,0.0,0.719,0.281,0.0,0.0,30
CLE,26.0,42.89025,0.0,0.0,0.06525,-0.04575,0.0,0.0,0.78775,0.0,0.0195,0.14775,0.279,30
DET,25.0,39.6955,0.40511880916726195,0.4975952257864512,0.086,0.07475,8.997398772397023,10.750776809672528,0.38775,0.0,0.17575,0.44025,0.21375,30
IND,25.0,38.873,0.44347214764657744,0.4201912134168438,0.08275,0.0955,9.431293565436757,11.225755825179311,0.281,0.0,0.26825,0.4705,0.154,30
MIA,32.0,47.15425,-0.010050282126614848,0.054315875488443195,0.0175,-0.0685,9.363978983256091,9.467067436636624,0.974,0.0,0.0,0.00525,0.0545,30
MIL,14.0,22.1395,0.0,0.0,0.0,0.0,0.0,0.0,0.0,0.70125,0.29875,0.0,0.0,30
NYK,36.0,51.6785,0.0,0.0,0.00125,-0.006,0.0,0.0,0.99925,0.0,0.0,0.0,0.00375,30
ORL,34.0,50.301,0.18660068182213954,0.19480418171306219,0.00175,-0.0135,6.679744273195183,6.691811122854708,0.997,0.0,0.0,0.0,0.006,30
PHI,37.0,53.54025,0.19700505094656648,0.19741192493838194,0.00025,-0.0005,5.978849660734926,5.979280046631504,0.99975,0.0,0.0,0.0,0.00025,30
TOR,25.0,38.42725,0.45121869913779766,0.4069492284137754,0.06675,0.116,9.638360387823958,11.43505873426599,0.2425,0.0,0.34325,0.44225,0.12425,30
WAS,14.0,22.3315,0.1794749771705358,-0.0753504213244047,0.0,0.0,15.23503700442589,11.485996911024408,0.0,0.68925,0.31075,0.0,0.0,30
DAL,17.0,28.3555,0.18783399902500006,-0.020687850092602045,0.0,0.003,3.5575892560562496,3.2051352451261272,0.0005,0.028,0.9685,0.0035,0.0,30
DEN,33.0,50.6985,0.0,0.0,0.0015,-0.021,0.0,0.0,0.99775,0.0,0.0,0.00025,0.007,30
GSW,28.0,40.66875,0.3289493615254465,0.40068788809649947,0.082,0.00875,8.566789105277083,10.587148969538088,0.44825,0.0,0.043,0.5915,0.1815,30
HOU,22.0,34.95075,0.4416439494427083,0.1527952349779548,0.02875,0.10975,11.484213694468007,12.425349425290463,0.06725,0.0,0.708,0.282,0.00625,30
LAC,25.0,36.47875,-0.0028660052910052932,-0.0028660052910052932,0.034,0.12325,5.607097089947089,5.607097089947089,0.10475,0.0,0.43,0.543,0.018,30
LAL,39.0,57.222,0.0,0.0,0.0,-0.00025,0.0,0.0,1.0,0.0,0.0,0.0,0.00025,30
MEM,14.0,22.57475,0.18945653366830367,-0.11911737358911538,0.0,0.0,15.181881343588836,12.250960179527695,0.0,0.6485,0.3515,0.0,0.0,30
MIN,32.0,47.08925,0.0,0.0,0.0255,-0.12275,0.0,0.0,0.9505,0.0,0.0,0.01325,0.112,30
NOP,16.0,25.32625,0.13630505952380953,-0.12989925595238094,0.0,0.0,19.63522217261905,15.497485565476193,0.0,0.2135,0.7865,0.0,0.0,30
OKC,36.0,55.2015,0.18089855599647278,0.18089855599647278,0.0,-0.0005,5.607097089947089,5.607097089947089,1.0,0.0,0.0,0.0,0.0,30
PHX,32.0,46.88825,0.0,0.0,0.0325,-0.11625,0.0,0.0,0.936,0.0,0.00025,0.021,0.1335,30
POR,29.0,42.189,0.23063900994985123,0.40146876033735124,0.07375,-0.03,8.070337444700296,9.635144029529187,0.6155,0.0,0.01125,0.32575,0.31775,30
SAC,24.0,34.259,0.3739813253126487,0.10645645598154752,0.01075,0.08175,11.899254422321578,12.562744301675513,0.018,0.0,0.811,0.18525,0.0025,30
SAS,38.0,56.16375,0.0,0.0,0.0,0.0,0.0,0.0,1.0,0.0,0.0,0.0,0.0,30
UTA,34.0,46.122,0.1269601179060406,0.1895018415161596,0.0475,-0.1355,7.457552447440001,7.68280411818018,0.8615,0.0,0.0,0.0345,0.22125,30
ATL,25.0,38.3135,0.0,0.0,0.03875,0.01325,0.0,0.0,0.22425,0.0,0.01725,0.883,0.06075,31
BOS,30.0,44.36625,0.08925327573526788,0.3202757850801587,0.04175,-0.112,7.501814766480207,8.437369343013492,0.836,0.0,0.0,0.06275,0.31125,31
BKN,16.0,25.787,0.025103869047619014,-0.015262053571428487,0.0,0.0005,9.184678125,9.371329166666667,0.0,0.5295,0.47025,0.00025,0.0,31
CHA,19.0,30.82375,0.5388806964279759,0.01686420797957484,0.00375,0.03,12.432820304916666,12.89594280398473,0.00325,0.0265,0.93625,0.037,0.00025,31
CHI,19.0,28.35675,0.45036107446160684,-0.06519584186125557,0.00025,0.0035,13.789431678651336,12.834224604663389,0.0,0.14525,0.85275,0.002,0.0,31
CLE,29.0,43.54325,0.0,0.0,0.05625,-0.08475,0.0,0.0,0.74175,0.0,0.0,0.11575,0.38475,31
DET,38.0,56.0385,0.13267671957671973,0.13267671957671973,0.0,0.0,5.815403758818342,5.815403758818342,1.0,0.0,0.0,0.0,0.0,31
IND,32.0,48.75925,0.17527260785121804,0.24708272999814257,0.01125,-0.063,6.8368697010903,6.925143493519764,0.9865,0.0,0.0,0.00125,0.03575,31
MIA,24.0,38.24075,0.13334594356300164,0.11592353408821007,0.037,0.01525,9.254300817219441,11.889373183400265,0.2665,0.0,0.02375,0.89225,0.048,31
MIL,18.0,27.549,0.0,0.0,0.0,0.0015,0.0,0.0,0.0,0.2405,0.758,0.0015,0.0,31
NYK,32.0,47.9525,0.0,0.0,0.01425,-0.083,0.0,0.0,0.97425,0.0,0.0,0.0015,0.0705,31
ORL,35.0,50.18225,0.14908202261349202,0.17677587921676585,0.00275,-0.028,6.560392206686039,6.598912972574879,0.99325,0.0,0.0,0.00075,0.0155,31
PHI,34.0,53.38475,0.08535105206949958,0.08623871074598767,0.0005,-0.0015,6.167544742063494,6.167544742063494,1.0,0.0,0.0,0.0,0.0,31
TOR,33.0,47.9645,0.1629317144031195,0.26317066153744484,0.017,-0.08825,6.996272119066314,7.17638434321929,0.97425,0.0,0.0,0.002,0.07325,31
WAS,14.0,23.36325,0.17303000102857147,-0.049759348815476064,0.0,0.0,15.505759007939727,11.482834894241071,0.0,0.86575,0.13425,0.0,0.0,31
DAL,22.0,33.1315,0.3494653154883929,0.24105878309492776,0.056,0.1405,1.3435439015375,2.7401401777291037,0.14825,0.002,0.51575,0.36275,0.084,31
DEN,38.0,55.86,0.0,0.0,0.0,0.0,0.0,0.0,1.0,0.0,0.0,0.0,0.0,31
GSW,29.0,43.673,0.043506198127529774,0.12747132630664681,0.0115,-0.119,7.41897638817351,7.718367123722121,0.9605,0.0,0.0,0.00325,0.13025,31
HOU,23.0,35.36975,0.4499013128113096,0.4333864679160444,0.08375,0.093,9.434706018202233,10.91700060940925,0.40025,0.00025,0.211,0.388,0.24725,31
LAC,23.0,33.39675,0.0,0.0,0.074,0.133,5.156790123456789,5.156790123456789,0.15675,0.00125,0.474,0.38825,0.094,31
LAL,30.0,45.80425,0.0,0.0,0.0075,-0.06975,0.0,0.0,0.986,0.0,0.0,0.00025,0.04175,31
MEM,18.0,25.6945,0.3021220882946428,-0.1364943283315276,0.00025,0.00225,14.909163713874998,12.472291100749178,0.0,0.55725,0.44125,0.0015,0.0,31
MIN,36.0,55.265,0.0,0.0,0.0,0.0,0.0,0.0,1.0,0.0,0.0,0.0,0.0,31
NOP,22.0,31.97575,0.38898258928571433,0.23774732142857147,0.034,0.12775,16.129542113095237,16.29086726190476,0.0665,0.00675,0.70525,0.24425,0.03175,31
OKC,44.0,66.3515,0.0,0.0,0.0,0.0,5.156790123456789,5.156790123456789,1.0,0.0,0.0,0.0,0.0,31
PHX,22.0,34.6355,0.0,0.0,0.08275,0.11675,0.0,0.0,0.3095,0.00075,0.27875,0.43975,0.18075,31
POR,31.0,43.5205,0.058682702132142876,0.1564705045431051,0.0195,-0.12525,7.4526690526311,7.827379288155257,0.92925,0.0,0.00025,0.00125,0.1755,31
SAC,19.0,25.368,0.2857737171089286,-0.13838782196791083,0.0,0.00175,15.032138096443301,12.430006735043051,0.0,0.6075,0.3925,0.0,0.0,31
SAS,44.0,64.0995,0.0,0.0,0.0,0.0,0.0,0.0,1.0,0.0,0.0,0.0,0.0,31
UTA,21.0,31.22925,0.5977985697218746,0.07931659192261901,0.028,0.1015,12.11927944078363,10.003883706235715,0.043,0.01675,0.78875,0.17075,0.01475,31
ATL,32.0,49.083,0.0,0.0,0.00925,-0.04475,0.0,0.0,0.989,0.0,0.0,0.00475,0.0245,32
BOS,35.0,51.01475,0.13676147571403213,0.149469206773804,0.002,-0.015,6.4203118238808425,6.437963749937391,0.997,0.0,0.0,0.0005,0.007,32
BKN,15.0,23.72925,0.004798511904761904,0.004798511904761904,0.0,0.0,6.556491060405644,6.556491060405644,0.0,0.7535,0.2465,0.0,0.0,32
CHA,27.0,38.54275,0.250215512241369,0.2929082263413009,0.04625,0.1165,9.42688227824747,12.162598815118269,0.09325,0.0,0.60025,0.3345,0.03425,32
CHI,16.0,26.1955,0.26957550490624993,-0.10724633241463984,0.0,0.0,14.606071533533035,12.534726859108702,0.0,0.34,0.66,0.0,0.0,32
CLE,38.0,55.24525,0.0,0.0,0.0,0.0,0.0,0.0,1.0,0.0,0.0,0.0,0.0,32
DET,37.0,57.114,0.14847636684303367,0.14847636684303367,0.0,-0.00025,5.633391633597884,5.633391633597884,1.0,0.0,0.0,0.0,0.0,32
IND,31.0,45.42775,0.16988744424077384,0.46890726224644275,0.0705,-0.133,7.475063043552678,8.21682116348801,0.83825,0.0,0.007,0.10625,0.172,32
MIA,30.0,44.18675,-0.030440566703791805,0.29236331762175516,0.095,-0.10175,9.192241018402823,10.313756813620385,0.70975,0.0,0.02425,0.214,0.2325,32
MIL,17.0,24.208,0.0,0.0,0.0,0.0,0.0,0.0,0.0,0.707,0.293,0.0,0.0,32
NYK,26.0,40.40275,0.0,0.0,0.0835,0.08,0.0,0.0,0.26,0.0,0.23625,0.57375,0.09075,32
ORL,29.0,43.7455,0.18082848372827387,0.5380830424455073,0.08675,-0.08875,7.795822942891815,9.22101740310467,0.6855,0.0,0.026,0.276,0.2125,32
PHI,27.0,41.9975,0.2591305497156251,0.5570119586679236,0.1035,0.006,8.270489304780506,10.430009395273373,0.45725,0.0,0.106,0.475,0.1745,32
TOR,32.0,47.94325,0.17642446391931216,0.2811432376879276,0.0195,-0.07825,6.995465363300777,7.1651727475814315,0.97,0.0,0.00025,0.01525,0.052,32
WAS,19.0,27.77275,0.3193849696290176,-0.03967739415892852,0.0,0.0,14.053440229955354,11.81969954580655,0.0,0.13075,0.86925,0.0,0.0,32
DAL,22.0,33.22125,0.3370082107616072,0.23033783685737672,0.053,0.146,1.6357990407375,2.704810380359184,0.12075,0.00175,0.546,0.38775,0.0425,32
DEN,39.0,57.64225,0.0,0.0,0.0,0.0,0.0,0.0,1.0,0.0,0.0,0.0,0.0,32
GSW,24.0,33.28525,0.4784971797706845,0.29677966981655596,0.04175,0.1385,11.341835203798812,12.092529677532827,0.10475,0.0,0.5395,0.38925,0.045,32
HOU,33.0,50.07525,0.15039417989417986,0.15039417989417986,0.0,-0.00075,6.556491060405644,6.556491060405644,1.0,0.0,0.0,0.0,0.0,32
LAC,19.0,28.12025,0.0,0.0,0.002,0.017,5.1570482473544965,5.1570482473544965,0.00225,0.0945,0.88525,0.02025,0.0,32
LAL,32.0,48.56475,0.0,0.0,0.0005,-0.00725,0.0,0.0,0.999,0.0,0.0,0.00025,0.003,32
MEM,21.0,30.0265,0.3968845444492556,0.05430114432757651,0.0085,0.0525,13.104139823437052,12.706372679871809,0.01275,0.022,0.905,0.06775,0.004,32
MIN,29.0,43.494,0.0,0.0,0.0175,-0.0945,0.0,0.0,0.96875,0.0,0.00025,0.0045,0.0945,32
NOP,23.0,33.015,0.4069632440476191,0.2973516369047619,0.04075,0.13525,16.885561607142858,15.390657589285714,0.0915,0.00075,0.581,0.37175,0.031,32
OKC,43.0,64.67175,0.0010324955908289253,0.0010324955908289253,0.0,0.0,5.1570482473544965,5.1570482473544965,1.0,0.0,0.0,0.0,0.0,32
PHX,23.0,34.195,0.0,0.0,0.06125,0.1345,0.0,0.0,0.15025,0.00025,0.385,0.49275,0.07975,32
POR,25.0,38.165,0.2885557717181548,0.42407618980736256,0.065,-0.00375,8.459316971364435,9.369656032478302,0.70775,0.0,0.03075,0.2005,0.3775,32
SAC,13.0,21.34725,0.10371839655044647,-0.035480000703372955,0.0,0.0,15.658787715733924,12.019330562996034,0.0,0.9495,0.0505,0.0,0.0,32
SAS,37.0,57.2665,0.0,0.0,0.0,0.0,0.0,0.0,1.0,0.0,0.0,0.0,0.0,32
UTA,26.0,40.30125,0.16759276262157738,0.1421896378607143,0.03675,-0.07975,7.859550797153868,7.993739733217263,0.84225,0.0,0.008,0.06525,0.32275,32
ATL,28.0,41.83475,0.0,0.0,0.10375,-0.00475,0.0,0.0,0.51825,0.0,0.084,0.395,0.2455,33
BOS,38.0,53.51425,0.11631854056437399,0.1176277586628859,0.0,-0.001,6.051392526455027,6.053345072918122,1.0,0.0,0.0,0.0,0.00075,33
BKN,28.0,38.42225,0.0008313988095238101,0.0075205357142857105,0.04725,0.13175,7.210299763007054,7.26263398919753,0.087,0.0,0.48075,0.42675,0.062,33
CHA,28.0,41.6515,0.290475103624256,0.5805531390753542,0.08,0.008,8.307255297167856,10.22381492170289,0.5125,0.0,0.09125,0.41325,0.21825,33
CHI,18.0,28.59025,0.2707751956236604,-0.02393831129890868,0.0,0.0005,13.879536842716961,12.837404085197358,0.0,0.03975,0.96025,0.0,0.0,33
CLE,22.0,36.6085,0.0,0.0,0.028,0.0955,0.0,0.0,0.05625,0.0,0.7785,0.202,0.01025,33
DET,39.0,57.355,0.11618334435626114,0.11618334435626114,0.0,0.0,5.405212455908289,5.405212455908289,1.0,0.0,0.0,0.0,0.0,33
IND,33.0,49.11275,0.17835625167721555,0.2121005536071759,0.007,-0.04,6.638074230574416,6.6881622792168764,0.99375,0.0,0.0,0.0015,0.019,33
MIA,31.0,44.77725,-0.03217323453265539,0.23284417401733357,0.069,-0.13,9.249228194278112,9.967900964207901,0.813,0.0,0.00525,0.102,0.22875,33
MIL,13.0,20.22925,0.0,0.0,0.0,0.0,0.0,0.0,0.0,0.96725,0.03275,0.0,0.0,33
NYK,29.0,44.976,0.0,0.0,0.051,-0.132,0.0,0.0,0.88225,0.0,0.00525,0.081,0.16,33
ORL,36.0,53.4795,0.10722658730158738,0.10722658730158738,0.0,-0.00075,6.05924632936508,6.05924632936508,1.0,0.0,0.0,0.0,0.0,33
PHI,32.0,49.02225,0.17379509346260472,0.2209489953736166,0.00575,-0.04325,6.650030694020789,6.703601465110869,0.9925,0.0,0.0,0.00225,0.02,33
TOR,24.0,37.97025,0.43129405292529766,0.3272058960495533,0.06475,0.13675,9.851975395244793,12.14681972980408,0.143,0.0,0.55875,0.3725,0.0355,33
WAS,21.0,31.06875,0.323623231223958,0.0016180097089285765,0.00075,0.00325,12.997362146645235,11.923752439926194,0.0015,0.00275,0.9935,0.00375,0.0,33
DAL,23.0,33.305,0.29383028480312506,0.1434352092836097,0.0145,0.1245,1.955824167239732,2.6671483245316163,0.0635,0.00075,0.379,0.61475,0.0035,33
DEN,27.0,41.82225,0.0,0.0,0.06925,-0.09325,0.0,0.0,0.7485,0.0,0.00025,0.2005,0.2885,33
GSW,29.0,40.63675,0.2949969569010417,0.4477431241164187,0.08025,-0.05325,8.422728347262353,9.786451043860714,0.584,0.0,0.001,0.376,0.3035,33
HOU,29.0,45.99025,0.1350884534140763,0.22464886580098106,0.0105,-0.08675,7.2214304553545245,7.354757421487561,0.97725,0.0,0.0,0.00925,0.05225,33
LAC,16.0,24.62,0.0,0.0,0.0,0.00125,5.1570482473544965,5.1570482473544965,0.0,0.46975,0.5295,0.00075,0.0,33
LAL,31.0,46.16325,0.0,0.0,0.01625,-0.0685,0.0,0.0,0.97275,0.0,0.0,0.00975,0.05575,33
MEM,18.0,24.431,0.15404045668303576,-0.12067503829901759,0.0,0.00025,14.986728875800443,12.41730885565357,0.0,0.52775,0.47175,0.0005,0.0,33
MIN,38.0,56.57925,0.0,0.0,0.0,0.0,0.0,0.0,1.0,0.0,0.0,0.0,0.0,33
NOP,13.0,20.271,-0.04195625,0.01774910714285714,0.0,0.0,20.918477232142862,14.769889434523812,0.0,0.97025,0.02975,0.0,0.0,33
OKC,43.0,64.50925,0.0002581238977072313,0.0002581238977072313,0.0,0.0,5.1570482473544965,5.1570482473544965,1.0,0.0,0.0,0.0,0.0,33
PHX,19.0,31.65875,0.0,0.0,0.01525,0.103,0.0,0.0,0.036,0.003,0.70625,0.29,0.0005,33
POR,32.0,46.699,0.15019681892845016,0.20380687844184303,0.00975,-0.0585,7.1186129827481865,7.222514434793573,0.9835,0.0,0.0,0.0055,0.04175,33
SAC,19.0,29.678,0.31174189289330323,0.04816026776117197,0.00575,0.05225,13.474725325975445,12.747871526201816,0.0075,0.01875,0.89025,0.091,0.0,33
SAS,36.0,54.556,0.0,0.0,0.0,0.0,0.0,0.0,1.0,0.0,0.0,0.0,0.0,33
UTA,27.0,40.46775,0.2855746801215774,0.22150629804345237,0.07125,-0.053,8.365586375888691,8.631456260333334,0.627,0.0,0.002,0.402,0.25425,33
ATL,33.0,47.34025,0.0,0.0,0.085,-0.1425,0.0,0.0,0.797,0.0,0.0105,0.12675,0.18025,34
BOS,36.0,52.079,0.2416132608914849,0.265465310832769,0.005,-0.0245,5.938988973056521,5.969572054870062,0.9945,0.0,0.0,0.00275,0.00975,34
BKN,14.0,21.0265,0.0017636904761904762,-0.00258660714285714,0.0,0.0,6.971451388888888,7.004369841269841,0.0,0.86425,0.13575,0.0,0.0,34
CHA,31.0,43.03975,0.28870855905758935,0.4768269692442034,0.0785,0.05825,8.827027280061905,11.163007957517227,0.251,0.0,0.22825,0.53375,0.111,34
CHI,16.0,24.448,0.23818911826874992,-0.09885041996232972,0.0,0.0,14.667791991318747,12.563996738221023,0.0,0.2945,0.7055,0.0,0.0,34
CLE,33.0,50.54375,0.0,0.0,0.01725,-0.0605,0.0,0.0,0.98225,0.0,0.00025,0.0105,0.03125,34
DET,33.0,49.09375,0.2793350413611772,0.4582985917690784,0.04225,-0.10925,6.733332982244797,7.044963312411188,0.928,0.0,0.0015,0.03925,0.0855,34
IND,34.0,49.483,0.26136149452940366,0.4139042480473033,0.03225,-0.0975,6.622043279394974,6.854567047226125,0.95175,0.0,0.001,0.02725,0.06525,34
MIA,27.0,43.53425,0.06752344499799944,0.37727651328747036,0.10275,0.0395,9.282219244184988,11.442634657887252,0.4155,0.0,0.15425,0.54125,0.11475,34
MIL,19.0,27.6665,0.0,0.0,0.0,0.0,0.0,0.0,0.0,0.03625,0.96375,0.0,0.0,34
NYK,26.0,41.077,0.0,0.0,0.0585,0.122,0.0,0.0,0.1425,0.0,0.566,0.362,0.0305,34
ORL,32.0,46.67475,0.2871058380776401,0.6207458910439198,0.0885,-0.129,7.485273254925716,8.546660261033416,0.746,0.0,0.0185,0.19325,0.19175,34
PHI,34.0,51.45525,0.23797709232868727,0.28247606449356816,0.0075,-0.037,6.085497607724046,6.141396918247807,0.99125,0.0,0.0,0.00525,0.01675,34
TOR,31.0,46.9135,0.2729925574730876,0.6112918433031753,0.076,-0.1285,7.377121433953704,8.293187953011788,0.80025,0.0,0.01975,0.158,0.16325,34
WAS,13.0,21.031,0.14444132098169649,-0.04728682677678568,0.0,0.0,15.453526240130799,11.400546143506551,0.0,0.8615,0.1385,0.0,0.0,34
DAL,20.0,30.53725,0.24231683223258932,0.04323986461171345,0.006,0.043,2.5531280070772318,3.1972969582842143,0.006,0.0025,0.944,0.0535,0.0,34
DEN,31.0,47.986,0.0,0.0,0.00825,-0.0575,0.0,0.0,0.9885,0.0,0.00025,0.00225,0.0325,34
GSW,23.0,34.73425,0.2802528805061013,0.16880665305807807,0.0285,0.121,11.198809022500598,12.115519324583241,0.11175,0.0,0.42975,0.5605,0.00525,34
HOU,31.0,47.80025,0.20765729523105161,0.24673937670813492,0.00875,-0.05225,6.972373085471627,7.0407307165472215,0.989,0.0,0.0,0.00525,0.03025,34
LAC,29.0,39.94425,-0.0010324955908289253,-0.0010324955908289253,0.06875,-0.01325,5.203719301146383,5.203719301146383,0.32975,0.0,0.01325,0.698,0.1595,34
LAL,21.0,33.731,0.0,0.0,0.01825,0.11625,0.0,0.0,0.07125,0.0,0.6275,0.36775,0.00175,34
MEM,17.0,25.869,0.26140277262812484,-0.06579633439278615,0.0,0.0,14.25792213926071,12.694821355599238,0.0,0.13875,0.861,0.00025,0.0,34
MIN,29.0,45.2375,0.0,0.0,0.02425,-0.13725,0.0,0.0,0.9375,0.0,0.0,0.04125,0.12675,34
NOP,20.0,29.03275,0.23622098214285714,0.026201190476190423,0.00125,0.01925,16.79588244047619,16.186433779761906,0.001,0.0095,0.97175,0.01875,0.0,34
OKC,36.0,56.78175,0.047641975308642025,0.047641975308642025,0.0,0.0,5.203719301146383,5.203719301146383,1.0,0.0,0.0,0.0,0.0,34
PHX,33.0,49.57975,0.0,0.0,0.0035,-0.0195,0.0,0.0,0.997,0.0,0.0,0.00125,0.00975,34
POR,31.0,43.47775,0.2077708723458333,0.3760492660374291,0.056,-0.11325,7.963067202040922,8.721220272991431,0.777,0.0,0.0005,0.11675,0.33725,34
SAC,14.0,21.82375,0.1661841464575894,-0.0957917584717685,0.0,0.0,15.311020817650443,12.144631840507063,0.0,0.79275,0.20725,0.0,0.0,34
SAS,44.0,64.80875,0.0,0.0,0.0,0.0,0.0,0.0,1.0,0.0,0.0,0.0,0.0,34
UTA,29.0,43.24975,0.22498861626830355,0.2126915857297619,0.05575,-0.103,7.967420905141964,8.071760144006547,0.79125,0.0,0.00125,0.1345,0.297,34
ATL,31.0,46.59525,0.0,0.0,0.02175,-0.12925,0.0,0.0,0.9335,0.0,0.0,0.0225,0.147,35
BOS,30.0,46.333,0.17405943561220238,0.3614695287710317,0.0325,-0.12925,7.155151546835714,7.567425507989086,0.9325,0.0,0.0,0.02275,0.14475,35
BKN,13.0,21.44025,-0.0005639880952380937,0.006537797619047619,0.0,0.0,7.141616071428571,7.201032440476189,0.0,0.97325,0.02675,0.0,0.0,35
CHA,27.0,40.46375,0.1864377745260417,0.34430407910173755,0.0545,-0.01175,8.253812274605654,10.898056517422589,0.45825,0.0,0.0075,0.714,0.14325,35
CHI,19.0,28.508,0.3397950749316962,-0.0471509007688732,0.001,0.0165,14.111638182742409,12.767345096202588,0.00075,0.153,0.83425,0.01275,0.0,35
CLE,41.0,58.1335,0.0,0.0,0.0,0.0,0.0,0.0,1.0,0.0,0.0,0.0,0.0,35
DET,44.0,64.26675,0.008001840828924172,0.008001840828924172,0.0,0.0,5.166598831569663,5.166598831569663,1.0,0.0,0.0,0.0,0.0,35
IND,30.0,42.876,0.16226076630937508,0.4394228464784014,0.07625,-0.0625,7.830535397052381,9.470360211482342,0.60475,0.0,0.0,0.23,0.42425,35
MIA,32.0,47.99575,-0.017915482062891314,0.06688624853377721,0.01675,-0.0995,9.35319941958111,9.50308590872836,0.971,0.0,0.0,0.006,0.07725,35
MIL,14.0,22.49,0.0,0.0,0.0,0.0,0.0,0.0,0.0,0.9355,0.0645,0.0,0.0,35
NYK,31.0,48.4945,0.0,0.0,0.0135,-0.0755,0.0,0.0,0.9825,0.0,0.0,0.00425,0.0465,35
ORL,24.0,35.0755,0.45688953740163685,0.1515403304997476,0.0135,0.11275,10.56126126912366,12.043343457693055,0.08725,0.0005,0.284,0.70875,0.004,35
PHI,32.0,50.0425,0.13780053376026227,0.1652285968990024,0.00425,-0.036,6.427565390221106,6.457776820781224,0.996,0.0,0.0,0.00025,0.0125,35
TOR,18.0,31.06175,0.49381529242008887,0.04832304758632364,0.01025,0.0545,12.909356118805505,12.780287263703864,0.0155,0.024,0.88,0.09575,0.00025,35
WAS,23.0,32.2515,0.4991378141773806,0.08706571720654763,0.006,0.096,12.28689252475982,11.787430993831547,0.018,0.00475,0.812,0.183,0.00025,35
DAL,24.0,36.838,0.20748147201250003,0.30878465350281464,0.0845,0.09825,0.6420035160575893,2.1253552859432183,0.32075,0.0,0.26875,0.44625,0.1635,35
DEN,33.0,50.45975,0.0,0.0,0.0,-0.00625,0.0,0.0,0.9995,0.0,0.0,0.0,0.001,35
GSW,22.0,33.90925,0.5737156975691963,0.23727542172234103,0.042,0.1245,11.27460241084137,12.471648724156013,0.0835,0.001,0.72675,0.22725,0.02975,35
HOU,30.0,46.0695,0.14427175289464286,0.20173903497926585,0.0095,-0.0705,7.144829843412945,7.253756207364732,0.985,0.0,0.0,0.00125,0.0485,35
LAC,19.0,27.597,0.0033556106701940073,0.0033556106701940073,0.0,0.0015,5.340574338624338,5.340574338624338,0.0,0.22625,0.7725,0.00125,0.0,35
LAL,22.0,35.25875,0.0,0.0,0.05875,0.14225,0.0,0.0,0.17,0.00075,0.51075,0.364,0.07025,35
MEM,22.0,29.99925,0.4111387998099699,0.0021505369182228005,0.00275,0.01775,13.47535577443601,12.857129879407701,0.00175,0.03775,0.94325,0.0175,0.00125,35
MIN,32.0,47.21525,0.0,0.0,0.00375,-0.03825,0.0,0.0,0.99375,0.0,0.0,0.0005,0.019,35
NOP,17.0,25.4425,0.22651517857142864,-0.14086190476190477,0.0,0.00025,20.35691830357143,15.094866517857144,0.0,0.64325,0.3565,0.00025,0.0,35
OKC,40.0,60.00825,0.1078957892416227,0.1078957892416227,0.0,0.0,5.340574338624338,5.340574338624338,1.0,0.0,0.0,0.0,0.0,35
PHX,30.0,43.953,0.0,0.0,0.02925,-0.1225,0.0,0.0,0.9185,0.0,0.001,0.01225,0.165,35
POR,29.0,43.76325,0.10280945514077382,0.23255654294378117,0.032,-0.13075,7.430718618397022,7.7948124639414775,0.942,0.0,0.00075,0.017,0.14925,35
SAC,26.0,36.61075,0.43175153587202386,0.39765137855367894,0.061,0.11125,9.705866306740031,11.459022964940361,0.21875,0.0,0.28425,0.48325,0.156,35
SAS,41.0,59.622,0.0,0.0,0.0,0.0,0.0,0.0,1.0,0.0,0.0,0.0,0.0,35
UTA,24.0,37.2255,0.45398747675669654,0.22648443070416657,0.08925,0.1,9.30687027238899,9.234093511166073,0.3665,0.0,0.2265,0.42925,0.1965,35
ATL,27.0,39.104,0.0,0.0,0.08775,0.0175,0.0,0.0,0.4325,0.0,0.068,0.4315,0.29075,36
BOS,31.0,47.1045,0.1455168003735064,0.18281384891800043,0.00375,-0.049,7.092945797330599,7.139489534272761,0.9925,0.0,0.0,0.0015,0.021,36
BKN,18.0,28.99725,0.06615163690476183,-0.03900877976190473,0.00075,0.00925,9.973526041666668,10.021028273809524,0.00125,0.21,0.77925,0.01075,0.0,36
CHA,25.0,38.5945,0.4295099394159227,0.46307662749283596,0.092,0.0415,8.806599430864733,10.455555145070841,0.489,0.0,0.0985,0.47325,0.213,36
CHI,17.0,27.6565,0.24522803970238086,-0.10975705390986397,0.0005,0.00225,14.70936118155967,12.420649090450086,0.0005,0.4195,0.57725,0.003,0.00025,36
CLE,34.0,48.8795,0.0,0.0,0.00375,-0.01375,0.0,0.0,0.99625,0.0,0.0,0.0,0.00775,36
DET,29.0,46.11625,0.11662647758440255,0.17751293282224975,0.009,-0.06625,7.236225661329078,7.360470306239692,0.9795,0.0,0.0,0.006,0.05125,36
IND,22.0,35.3615,0.5813560790824404,0.2610248936248584,0.04875,0.13225,10.801051287656103,12.026047976316365,0.13125,0.001,0.5085,0.42775,0.03625,36
MIA,32.0,49.14875,-0.0013624346596615951,0.009015488764382717,0.002,-0.01275,9.381567464529693,9.389717212471488,0.9985,0.0,0.0,0.0,0.00525,36
MIL,16.0,23.99725,0.0,0.0,0.0,0.0,0.0,0.0,0.0,0.9095,0.09025,0.00025,0.0,36
NYK,28.0,42.981,0.0,0.0,0.04175,-0.1275,0.0,0.0,0.87425,0.0,0.004,0.05175,0.24125,36
ORL,32.0,45.64,0.11305552039190365,0.21050252655643734,0.0205,-0.08875,7.297461874454435,7.4815878414420345,0.9605,0.0,0.0,0.006,0.0825,36
PHI,36.0,55.48675,0.1343623236331571,0.1344700617283952,0.0,0.0,5.4443190696649015,5.44382055776014,1.0,0.0,0.0,0.0,0.0,36
TOR,21.0,33.24775,0.5585994051773807,0.12271650951696435,0.02275,0.08375,12.190588599919046,12.523002874241572,0.04125,0.0115,0.8155,0.158,0.00975,36
WAS,25.0,35.4145,0.5460698387866071,0.21819789709940496,0.0395,0.12475,10.822211439456698,11.280235921343454,0.10275,0.0,0.50725,0.43025,0.041,36
DAL,27.0,40.545,0.07817974652812501,0.20377838378324833,0.0655,0.024,0.2092710026964286,1.289315497797194,0.5245,0.0,0.031,0.36325,0.36475,36
DEN,35.0,50.0455,0.0,0.0,0.016,-0.08675,0.0,0.0,0.97425,0.0,0.0,0.0,0.069,36
GSW,24.0,36.4175,0.5523786678229167,0.26203044032891876,0.05,0.13975,10.24756282457872,11.939069950384463,0.1465,0.00025,0.4325,0.5015,0.04175,36
HOU,23.0,35.922,0.5866273386083333,0.2436497381252056,0.04675,0.1405,10.54032459245015,12.076584922710241,0.11125,0.001,0.51725,0.432,0.03025,36
LAC,23.0,32.4665,0.0,0.0,0.00975,0.05325,5.156790123456789,5.156790123456789,0.009,0.01525,0.91,0.07325,0.001,36
LAL,33.0,49.3665,0.0,0.0,0.015,-0.1135,0.0,0.0,0.967,0.0,0.0,0.00025,0.10225,36
MEM,20.0,27.69675,0.250530739161607,-0.10663102090248021,0.0,0.00175,14.701731735960266,12.45252394096304,0.0,0.386,0.61375,0.00025,0.0,36
MIN,35.0,51.27625,0.0,0.0,0.00675,-0.049,0.0,0.0,0.99125,0.0,0.0,0.00025,0.03025,36
NOP,22.0,31.14325,0.3118059523809525,-0.17108422619047622,0.00225,0.0285,18.785505952380955,15.395769047619048,0.0025,0.04625,0.9245,0.0285,0.00075,36
OKC,42.0,62.572,0.0002581238977072313,0.0002581238977072313,0.0,0.0,5.156790123456789,5.156790123456789,1.0,0.0,0.0,0.0,0.0,36
PHX,24.0,38.85525,0.0,0.0,0.0685,0.07,0.0,0.0,0.348,0.0,0.12225,0.59925,0.15825,36
POR,34.0,48.2315,0.19600166467164348,0.32602401523488755,0.02075,-0.13,6.95330157351089,7.373459448473143,0.93375,0.0,0.0,0.0015,0.1825,36
SAC,10.0,17.77075,0.009255026236607134,3.29247289682506e-05,0.0,0.0,15.850732675337047,11.942783229280128,0.0,0.99975,0.00025,0.0,0.0,36
SAS,37.0,57.87675,0.0,0.0,0.0,0.0,0.0,0.0,1.0,0.0,0.0,0.0,0.0,36
UTA,38.0,52.0845,0.1760593399668486,0.19163744911640218,0.00825,-0.03775,6.169085142194886,6.18996072941929,0.992,0.0,0.0,0.0,0.01925,36
ATL,39.0,56.8495,0.0,0.0,0.0,0.0,0.0,0.0,1.0,0.0,0.0,0.0,0.0,37
BOS,34.0,49.625,0.19589243054066907,0.2105359381781195,0.00225,-0.01425,6.620795766378732,6.636304274161618,0.998,0.0,0.0,0.00025,0.00625,37
BKN,11.0,20.12325,-0.0034247023809523824,-0.0031559523809523817,0.0,0.0,7.663183691578483,8.009434435626101,0.0,0.99175,0.00825,0.0,0.0,37
CHA,27.0,40.9345,0.351602533454762,0.5866021391416608,0.10175,0.0115,8.602697708569048,10.442755402159904,0.45475,0.0,0.1445,0.38925,0.2105,37
CHI,22.0,31.26925,0.34417606439062465,-0.009995877832627521,0.0005,0.005,13.103144695275445,12.922508075563007,0.00025,0.0195,0.9755,0.005,0.0,37
CLE,26.0,40.2445,0.0,0.0,0.10425,0.05775,0.0,0.0,0.36725,0.0,0.2075,0.44,0.163,37
DET,37.0,53.55675,0.18185060626102303,0.18251710458572543,0.0,-0.00075,5.814881373697889,5.815321976719765,0.99975,0.0,0.0,0.0,0.00025,37
IND,35.0,51.18875,0.18294632672245376,0.18782648264656088,0.00125,-0.005,6.297026229479592,6.3020493290032515,0.999,0.0,0.0,0.0005,0.0015,37
MIA,31.0,45.177,-0.0080049988385306,0.15710251660590463,0.04925,-0.10775,9.317661387472588,9.735970168859744,0.8835,0.0,0.0065,0.054,0.137,37
MIL,17.0,25.33825,0.0,0.0,0.0,0.0,0.0,0.0,0.0,0.6675,0.3325,0.0,0.0,37
NYK,31.0,48.04175,0.0,0.0,0.00875,-0.04875,0.0,0.0,0.988,0.0,0.00025,0.005,0.023,37
ORL,26.0,39.28125,0.41922689215014886,0.4506210998312865,0.074,0.10425,9.380188870685567,11.493807224888908,0.24275,0.0,0.34125,0.43725,0.1145,37
PHI,23.0,39.75275,0.4385680845001489,0.5322268547076344,0.1025,0.08525,9.07291136117619,11.152100803446436,0.3565,0.0,0.279,0.4395,0.11275,37
TOR,28.0,42.72925,0.2433768244233025,0.5098574543161354,0.086,-0.0655,7.937380447001785,9.146141625323082,0.70775,0.0,0.041,0.21425,0.23125,37
WAS,23.0,32.79625,0.33085432731845216,0.01317984026190476,0.00125,0.0145,12.498530096869793,11.96489379607143,0.0025,0.003,0.982,0.015,0.0,37
DAL,23.0,34.18325,0.2867299129138393,0.11486066234621602,0.01525,0.097,1.9288998774589285,3.1606791761384576,0.029,0.0015,0.76525,0.22325,0.00575,37
DEN,34.0,49.5425,0.0,0.0,0.002,-0.01275,0.0,0.0,0.99775,0.0,0.0,0.0,0.0055,37
GSW,37.0,50.7385,0.19616226176686508,0.20084839074940475,0.001,-0.0065,6.391479601452216,6.395026800794776,0.9995,0.0,0.0,0.0,0.0015,37
HOU,29.0,43.52275,0.17752672389621915,0.3997814014335207,0.0655,-0.11775,7.679658680452887,8.436639834410922,0.824,0.0,0.00025,0.1,0.241,37
LAC,17.0,26.51625,-0.0040648699294532666,-0.0044919532627866,0.0,0.0005,6.2468015652557325,6.247220017636685,0.0,0.4555,0.54425,0.00025,0.0,37
LAL,24.0,40.07925,0.0,0.0,0.09325,-0.00925,0.0,0.0,0.5105,0.0,0.037,0.57725,0.16825,37
MEM,18.0,26.49625,0.24335117525937497,-0.1192449244414736,0.0,0.0005,14.796860352751784,12.53541774738018,0.0,0.4655,0.534,0.0005,0.0,37
MIN,36.0,53.3225,0.0,0.0,0.00025,-0.00075,0.0,0.0,0.99975,0.0,0.0,0.0,0.0005,37
NOP,21.0,29.69825,0.30198511904761904,-0.04632559523809524,0.0005,0.0105,18.888477678571427,16.075790773809523,0.00025,0.079,0.9105,0.0105,0.0,37
OKC,34.0,51.52975,0.1801072530864198,0.1834397447099317,0.0,-0.004,6.246908415385196,6.2497653378521605,0.9995,0.0,0.0,0.0,0.00125,37
PHX,27.0,43.49425,0.0,0.0,0.0565,-0.12125,0.0,0.0,0.85175,0.0,0.0025,0.10325,0.20925,37
POR,29.0,41.94375,0.2848723386815477,0.46858611625937496,0.089,-0.0685,8.158032976477976,9.426229767347264,0.63,0.0,0.007,0.267,0.319,37
SAC,19.0,27.3515,0.29393653952901777,-0.11461412854102576,0.0,0.002,14.554665960869196,12.664757199377087,0.0,0.31675,0.68175,0.0015,0.0,37
SAS,37.0,57.55,0.0,0.0,0.0,0.0,0.0,0.0,1.0,0.0,0.0,0.0,0.0,37
UTA,25.0,37.12325,0.427065719361756,0.12451262121071421,0.04125,0.0785,10.328552167702977,9.59147857260774,0.158,0.0,0.19925,0.7165,0.048,37
ATL,26.0,40.16725,0.0,0.0,0.0695,0.00925,0.0,0.0,0.29375,0.0,0.051,0.77175,0.08425,38
BOS,29.0,45.107,0.13462716459955362,0.43447257005538553,0.059,-0.13725,7.469889702412052,8.174383402016545,0.86625,0.0,0.001,0.11925,0.1355,38
BKN,19.0,30.57525,0.02611175595238094,-0.007724404761904763,0.0,0.00275,8.674419196428572,9.023434226190476,0.0,0.02825,0.96875,0.003,0.0,38
CHA,30.0,43.14725,0.20727117190357155,0.5634286048015803,0.10325,-0.1075,7.929039298426191,9.496476851019516,0.61525,0.0,0.005,0.3755,0.192,38
CHI,20.0,29.68725,0.3386757051688985,-0.021547580621215947,0.00025,0.00075,13.707617324029464,12.811782799145139,0.0,0.0335,0.966,0.0005,0.0,38
CLE,32.0,49.596,0.0,0.0,0.003,-0.0255,0.0,0.0,0.99725,0.0,0.0,0.00125,0.0095,38
DET,30.0,46.273,0.14495490220714288,0.38574238463874005,0.04275,-0.1225,7.294369947984435,7.722993115844065,0.91675,0.0,0.00025,0.069,0.08825,38
IND,31.0,45.2375,0.14252304244211314,0.442532621332072,0.07025,-0.1435,7.476703072506695,8.22564751328925,0.85125,0.0,0.00075,0.1105,0.17475,38
MIA,31.0,46.16275,-0.029294904633708086,0.16688243773937242,0.04675,-0.12575,9.304879184914695,9.701029957353928,0.90475,0.0,0.0,0.07275,0.1005,38
MIL,16.0,24.6605,0.0,0.0,0.0,0.0,0.0,0.0,0.0,0.65575,0.34425,0.0,0.0,38
NYK,36.0,54.6055,0.0,0.0,0.00025,-0.001,0.0,0.0,1.0,0.0,0.0,0.0,0.00025,38
ORL,30.0,42.88425,0.226505401520387,0.5520709188954295,0.10225,-0.0955,8.033703554225447,9.741997821774406,0.545,0.0,0.005,0.41775,0.2145,38
PHI,37.0,55.2905,0.1549392526455028,0.1549392526455028,0.0,0.0,5.826721108906526,5.826721108906526,1.0,0.0,0.0,0.0,0.0,38
TOR,22.0,34.04825,0.44601984384940463,0.04390232537482281,0.00575,0.035,11.717672373291222,12.767738671961254,0.00975,0.00125,0.93925,0.05875,0.0005,38
WAS,15.0,22.10075,0.10502623217276794,-0.030627755097619024,0.0,0.0,15.536489242791514,11.373910619491667,0.0,0.937,0.063,0.0,0.0,38
DAL,29.0,41.903,0.03982523534464286,0.14774139769685377,0.04925,-0.1155,0.07792914357812501,0.3433715403597577,0.87075,0.0,0.00775,0.067,0.152,38
DEN,35.0,52.2805,0.0,0.0,0.0,0.0,0.0,0.0,1.0,0.0,0.0,0.0,0.0,38
GSW,26.0,38.40225,0.43464473092455364,0.5465614800786848,0.108,-0.007,8.935632512252976,10.112949367657956,0.5035,0.0,0.12225,0.3535,0.2155,38
HOU,26.0,38.406,0.44921861022172627,0.5594625370333433,0.10425,0.01425,8.945935782469496,10.131214718230574,0.49225,0.0,0.1205,0.357,0.22,38
LAC,25.0,36.33375,0.0016558862433862446,0.0016558862433862446,0.078,0.11375,5.802368694885362,5.802368694885362,0.2475,0.0,0.35175,0.43825,0.10875,38
LAL,36.0,53.7075,0.0,0.0,0.0,0.0,0.0,0.0,1.0,0.0,0.0,0.0,0.0,38
MEM,18.0,26.01725,0.1971778170491071,-0.1174744761631404,0.0,0.00025,14.839643041633034,12.52424280964215,0.0,0.37175,0.628,0.00025,0.0,38
MIN,41.0,59.33875,0.0,0.0,0.0,0.0,0.0,0.0,1.0,0.0,0.0,0.0,0.0,38
NOP,22.0,30.688,0.40150907738095243,0.23682291666666666,0.00275,0.024,18.429238839285716,15.918472470238095,0.004,0.01175,0.96475,0.0225,0.0005,38
OKC,35.0,55.48675,0.1650519731040566,0.1650519731040566,0.0,0.0,5.802368694885362,5.802368694885362,1.0,0.0,0.0,0.0,0.0,38
PHX,23.0,35.751,0.0,0.0,0.0765,0.11825,0.0,0.0,0.18525,0.0,0.4695,0.3815,0.07775,38
POR,21.0,32.697,0.49290277426770807,0.1263406479151728,0.023,0.07325,12.336071794952826,12.662941655364614,0.02875,0.00075,0.88675,0.09625,0.00975,38
SAC,15.0,21.387,0.08939031950535718,-0.027775749429804368,0.0,0.0,15.631991895689282,12.024537698970937,0.0,0.96,0.04,0.0,0.0,38
SAS,39.0,58.85725,0.0,0.0,0.0,0.0,0.0,0.0,1.0,0.0,0.0,0.0,0.0,38
UTA,25.0,39.201,0.3568172936471727,0.2746608228273809,0.095,-0.02025,8.416752813256547,8.49146716242619,0.668,0.0,0.0645,0.28375,0.21575,38
ATL,25.0,37.929,0.0,0.0,0.0785,0.025,0.0,0.0,0.442,0.0,0.04525,0.5655,0.20925,39
BOS,32.0,48.0495,0.20127658935701057,0.21554414529093913,0.00175,-0.0185,6.898931402455004,6.9193917637529205,0.9975,0.0,0.0,0.00075,0.009,39
BKN,16.0,27.56675,-0.002030081569664907,-0.018520260141093474,0.00175,0.011,6.677383300264551,6.8065980324074085,0.002,0.2915,0.693,0.0155,0.0,39
CHA,23.0,33.3185,0.4602230593002975,0.21815537136906887,0.033,0.13475,11.877155716185715,12.203733940074427,0.07025,0.00125,0.555,0.4165,0.01825,39
CHI,22.0,29.95975,0.36902936200505915,0.017853254456413004,0.00475,0.03775,13.480062165978271,12.676737000501372,0.00575,0.05075,0.88925,0.05875,0.0005,39
CLE,38.0,56.58575,0.0,0.0,0.0,0.0,0.0,0.0,1.0,0.0,0.0,0.0,0.0,39
DET,26.0,39.86925,0.2877227952513393,0.39008378110355024,0.06675,-0.02575,8.442370241060566,9.396401246308773,0.649,0.0,0.012,0.24825,0.34975,39
IND,26.0,40.30175,0.2437407442311012,0.35450591276189763,0.05775,-0.0395,8.229773211778571,9.094620455548489,0.71925,0.0,0.00375,0.18775,0.35,39
MIA,32.0,49.681,-0.00027579230740189595,0.0016142399876256613,0.00025,-0.00225,9.382665124800184,9.383909933280187,0.99975,0.0,0.0,0.0,0.00075,39
MIL,14.0,22.75125,0.0,0.0,0.0,0.0,0.0,0.0,0.0,0.9295,0.0705,0.0,0.0,39
NYK,36.0,51.60675,0.0,0.0,0.0,-0.00075,0.0,0.0,0.99975,0.0,0.0,0.0,0.00025,39
ORL,31.0,45.672,0.11391956141731151,0.16234370146746027,0.01125,-0.064,7.28959927215212,7.377167599510354,0.982,0.0,0.0,0.004,0.043,39
PHI,32.0,50.37825,0.2302689139414793,0.23173914359475314,0.00025,-0.003,6.35138258377425,6.351359071869489,1.0,0.0,0.0,0.0,0.0,39
TOR,20.0,33.56375,0.4664526421967261,0.22704332840651215,0.03875,0.12525,11.593081522264436,12.08082112400194,0.129,0.00275,0.48875,0.47,0.019,39
WAS,20.0,29.02575,0.3513631544540176,-0.014063681004166629,0.003,0.0255,13.855076056043748,11.77581032026548,0.00375,0.11525,0.8515,0.033,0.00025,39
DAL,24.0,35.31,0.2330076256214286,0.04461294829781038,0.00575,0.0385,1.4465686583714288,3.1870864456410555,0.0055,0.0005,0.94075,0.0575,0.0005,39
DEN,28.0,44.689,0.0,0.0,0.09125,-0.08125,0.0,0.0,0.69825,0.0,0.01475,0.27575,0.256,39
GSW,28.0,39.95225,0.2750144667544644,0.25563783732855017,0.0455,0.10025,9.288720365664732,11.786581982472875,0.1275,0.0,0.3115,0.61325,0.0465,39
HOU,35.0,49.20225,0.2467050700174824,0.37345594406009147,0.032,-0.079,6.683080577837467,6.914905211430374,0.95,0.0,0.0,0.01675,0.0815,39
LAC,14.0,22.75175,0.0,0.0,0.0,0.0,5.157306371252203,5.157306371252203,0.0,0.92875,0.07125,0.0,0.0,39
LAL,27.0,42.945,0.0,0.0,0.0935,-0.0035,0.0,0.0,0.463,0.0,0.05975,0.574,0.156,39
MEM,28.0,38.179,0.31227285854910714,0.17642300190057392,0.02075,0.1125,9.946749777708483,12.356544555876859,0.04575,0.0,0.671,0.30975,0.01175,39
MIN,31.0,46.82975,0.0,0.0,0.05825,-0.1275,0.0,0.0,0.85775,0.0,0.001,0.08925,0.19475,39
NOP,19.0,26.75175,0.3195187500000001,-0.06372380952380949,0.0,0.0,20.153311904761903,15.25803630952381,0.0,0.42275,0.57725,0.0,0.0,39
OKC,42.0,61.2895,0.000774371693121694,0.000774371693121694,0.0,0.0,5.157306371252203,5.157306371252203,1.0,0.0,0.0,0.0,0.0,39
PHX,33.0,49.62425,0.0,0.0,0.01875,-0.074,0.0,0.0,0.97375,0.0,0.00025,0.008,0.05,39
POR,34.0,48.60925,0.25706455759416336,0.4218140200125165,0.03325,-0.10675,6.834115828417123,7.122415796137759,0.943,0.0,0.0,0.02325,0.096,39
SAC,18.0,27.82575,0.31311329754776773,-0.09485085530890013,0.0,0.00025,14.327450904060711,12.578593104418385,0.0,0.257,0.743,0.0,0.0,39
SAS,33.0,50.9825,0.0,0.0,0.00675,-0.0365,0.0,0.0,0.99225,0.0,0.0,0.003,0.019,39
UTA,33.0,48.799,0.24306775319034948,0.308162160402403,0.03,-0.10325,6.784763078362913,6.914530852764551,0.94325,0.0,0.0005,0.0295,0.088,39
ATL,27.0,40.58475,0.0,0.0,0.097,-0.006,0.0,0.0,0.43925,0.0,0.0675,0.4675,0.23725,40
BOS,35.0,52.811,0.1793655202821871,0.18066278395629426,0.0,-0.0005,5.740083465608465,5.742023079612037,1.0,0.0,0.0,0.0,0.00075,40
BKN,16.0,23.865,-0.0010379464285714293,-0.0015385416666666685,0.0,0.0,6.513418761022927,6.526297630070546,0.0,0.94925,0.05075,0.0,0.0,40
CHA,24.0,37.27375,0.5035856173491071,0.3206174060921045,0.06125,0.12375,10.032871480409822,11.917260116711386,0.14425,0.0,0.4305,0.48525,0.044,40
CHI,24.0,33.59075,0.5189062132973212,0.07112535107234687,0.006,0.0575,12.275498938414284,12.727392649608202,0.0055,0.0075,0.9115,0.079,0.0015,40
CLE,32.0,46.55025,0.0,0.0,0.02775,-0.09525,0.0,0.0,0.95525,0.0,0.00025,0.01625,0.07675,40
DET,28.0,44.92475,0.1500915065140763,0.337939231761589,0.034,-0.1235,7.367214196401101,7.827896016686943,0.913,0.0,0.00075,0.05275,0.1375,40
IND,26.0,41.24825,0.2761303319293156,0.5500905641920352,0.0865,-0.02675,8.19521887560119,9.855353598077127,0.59975,0.0,0.03625,0.38575,0.24375,40
MIA,35.0,52.24575,0.0,0.0013176524450198412,0.0,-0.00125,9.382665124800184,9.38393552815411,0.99975,0.0,0.0,0.0,0.00075,40
MIL,20.0,30.24325,0.0,0.0,0.0,0.003,0.0,0.0,0.00025,0.11525,0.879,0.0055,0.00025,40
NYK,28.0,43.8955,0.0,0.0,0.0525,-0.12975,0.0,0.0,0.8575,0.0,0.00275,0.10125,0.20175,40
ORL,35.0,49.5995,0.19352250966464948,0.209071950116584,0.002,-0.01525,6.403421298087193,6.419123972311447,0.997,0.0,0.0,0.001,0.0055,40
PHI,23.0,36.6385,0.5130970430360119,0.26332640827098486,0.04,0.132,10.426975649763394,12.167655413450099,0.09725,0.00075,0.548,0.402,0.02925,40
TOR,32.0,48.4085,0.20306290910238647,0.2425522445031305,0.006,-0.03375,6.672118524107821,6.73203340317047,0.99125,0.0,0.0,0.00375,0.021,40
WAS,17.0,27.10875,0.1693068926008929,-0.07492298388333324,0.0,0.0,14.963497999685263,11.540584710942264,0.0,0.63775,0.36225,0.0,0.0,40
DAL,28.0,40.75925,0.08884668815357145,0.2589292158010204,0.0935,-0.0465,0.2274152505133929,1.230032967730846,0.569,0.0,0.01575,0.39175,0.281,40
DEN,29.0,44.981,0.0,0.0,0.02775,-0.1245,0.0,0.0,0.94775,0.0,0.00025,0.033,0.098,40
GSW,24.0,33.488,0.549083010819345,0.13012215746016426,0.016,0.10025,12.261202322095537,12.561950002072892,0.0325,0.00825,0.7825,0.20325,0.00275,40
HOU,33.0,49.12775,0.19977444208656303,0.22093087053537258,0.004,-0.01775,6.514202031052839,6.5364649586483745,0.9965,0.0,0.0,0.001,0.0085,40
LAC,21.0,30.4765,0.0,0.0,0.002,0.0215,5.156790123456789,5.156790123456789,0.00325,0.1135,0.85725,0.029,0.00025,40
LAL,32.0,48.435,0.0,0.0,0.0035,-0.029,0.0,0.0,0.9925,0.0,0.0,0.00225,0.017,40
MEM,25.0,35.796,0.5751373976767857,0.25242690278493746,0.04975,0.135,10.742595444272174,11.979172826477818,0.12075,0.0015,0.37575,0.58175,0.0215,40
MIN,34.0,50.627,0.0,0.0,0.0005,-0.00675,0.0,0.0,0.9995,0.0,0.0,0.0,0.0025,40
NOP,24.0,33.1145,0.32980595238095234,0.1463514880952381,0.00925,0.0795,16.57012023809524,16.214739285714288,0.0165,0.01225,0.8325,0.1515,0.0025,40
OKC,48.0,69.5395,0.0,0.0,0.0,0.0,5.156790123456789,5.156790123456789,1.0,0.0,0.0,0.0,0.0,40
PHX,27.0,41.02775,0.0,0.0,0.07875,-0.04225,0.0,0.0,0.6165,0.0,0.0165,0.35725,0.2665,40
POR,18.0,29.9715,0.3649535215934521,-0.039517595673521755,0.0035,0.0205,14.057889863272617,12.677799492212653,0.00575,0.154,0.825,0.021,0.0,40
SAC,11.0,16.7945,0.00477525394821428,0.00011345625267857207,0.0,0.0,15.858229051848207,11.984786238064485,0.0,1.0,0.0,0.0,0.0,40
SAS,35.0,54.97675,0.0,0.0,0.0,0.0,0.0,0.0,1.0,0.0,0.0,0.0,0.0,40
UTA,29.0,41.89675,0.23014911347455363,0.22400891349821428,0.075,-0.074,7.972163477179762,8.307720213768452,0.6995,0.0,0.005,0.22825,0.2995,40
ATL,33.0,47.65025,0.0,0.0,0.02175,-0.133,0.0,0.0,0.94725,0.0,0.0,0.00325,0.152,41
BOS,28.0,40.42325,0.21226462083288697,0.30715261044589,0.055,-0.004,8.386959978399107,10.419876015226928,0.4995,0.0,0.00025,0.493,0.3345,41
BKN,20.0,29.53975,-0.004495249118165789,-0.004495249118165789,0.00525,0.1025,5.506420513668431,5.506420513668431,0.00925,0.03325,0.7335,0.23325,0.0,41
CHA,15.0,23.91275,0.1875589407968751,-0.10915620662043776,0.00025,0.0055,15.061643593230354,12.354577386678674,0.00025,0.65825,0.3355,0.00625,0.0,41
CHI,22.0,32.00575,0.4346124728549106,0.12490895207675869,0.01175,0.10275,11.742624124737054,12.07820883585209,0.068,0.00225,0.282,0.7145,0.00125,41
CLE,34.0,51.62,0.0,0.0,0.001,-0.02575,0.0,0.0,0.99825,0.0,0.0,0.0,0.007,41
DET,31.0,49.31725,0.17482726378838181,0.24073761847419534,0.0095,-0.08325,6.965971348397894,7.086596827680532,0.986,0.0,0.0,0.00075,0.04925,41
IND,26.0,40.3895,0.1984152299775298,0.3169312681552579,0.05225,-0.006,8.351651653929167,10.37540056635387,0.5315,0.0,0.00025,0.5,0.30675,41
MIA,33.0,49.83875,-0.00881984487774471,0.034437487293484705,0.00825,-0.06675,9.37302341195935,9.433158092022625,0.9905,0.0,0.0,0.0005,0.03575,41
MIL,12.0,17.6925,0.0,0.0,0.0,0.0,0.0,0.0,0.0,0.99875,0.00125,0.0,0.0,41
NYK,32.0,48.065,0.0,0.0,0.014,-0.1235,0.0,0.0,0.96375,0.0,0.0,0.00325,0.10925,41
ORL,42.0,58.81175,0.09364695767195777,0.09364695767195777,0.0,0.0,5.334122674162256,5.334122674162256,1.0,0.0,0.0,0.0,0.0,41
PHI,36.0,52.598,0.14944414620530205,0.16407870667732585,0.0005,-0.0135,6.336987381193481,6.348035510711488,0.99975,0.0,0.0,0.0,0.00425,41
TOR,15.0,26.7305,0.32232159615848194,-0.047970492617012354,0.004,0.0295,14.233176727872767,12.71236506491102,0.005,0.20325,0.75525,0.0415,0.0,41
WAS,17.0,24.4455,0.2046903152241072,-0.07911570415059517,0.0,0.00525,14.954447728180801,11.650669391971428,0.001,0.5535,0.44275,0.00375,0.0,41
DAL,31.0,43.669,0.02609612253392857,0.1837474769954932,0.0675,-0.1265,0.06369312069910715,0.5473734723268283,0.793,0.0,0.00425,0.08725,0.281,41
DEN,37.0,53.75,0.0,0.0,0.0,-0.00025,0.0,0.0,1.0,0.0,0.0,0.0,0.0,41
GSW,20.0,31.42,0.40974202132857124,0.01782050242734977,0.00275,0.0165,12.283435933579764,12.91182469936481,0.00375,0.00425,0.9755,0.02,0.0,41
HOU,41.0,57.519,0.1354397927689596,0.1354397927689596,0.0,0.0,5.506420513668431,5.506420513668431,1.0,0.0,0.0,0.0,0.0,41
LAC,16.0,24.6625,0.004900573192239865,0.004900573192239865,0.0,0.0,5.801181955467373,5.801181955467373,0.0,0.5225,0.4775,0.0,0.0,41
LAL,27.0,43.18175,0.0,0.0,0.061,-0.113,0.0,0.0,0.82025,0.0,0.00675,0.1315,0.21725,41
MEM,21.0,31.4305,0.40837752121979143,0.02046686435407595,0.002,0.01925,12.265629838807442,12.912676713170505,0.0035,0.00425,0.976,0.01925,0.0005,41
MIN,24.0,36.631,0.0,0.0,0.05425,0.12725,0.0,0.0,0.123,0.0,0.514,0.4365,0.0265,41
NOP,30.0,42.89625,0.02598616071428572,0.23447619047619045,0.0675,-0.09775,15.915269940476191,12.88676398809524,0.73975,0.0,0.008,0.14975,0.2995,41
OKC,36.0,56.01425,0.15282264109347457,0.15282264109347457,0.0,0.0,5.801181955467373,5.801181955467373,1.0,0.0,0.0,0.0,0.0,41
PHX,32.0,49.3565,0.0,0.0,0.00225,-0.01925,0.0,0.0,0.9965,0.0,0.0,0.00025,0.00875,41
POR,26.0,39.083,0.2649340124903274,0.41760358271080483,0.07375,0.05225,8.857448094521578,11.174970474737835,0.3295,0.0,0.1435,0.6195,0.11225,41
SAC,20.0,29.9185,0.3998280957997021,-0.00842880201471228,0.0005,0.005,12.954294261498063,12.91590224995547,0.0005,0.01975,0.97375,0.0065,0.0,41
SAS,39.0,59.9285,0.0,0.0,0.0,0.0,0.0,0.0,1.0,0.0,0.0,0.0,0.0,41
UTA,24.0,37.49875,0.33173252423869054,0.16357970472142852,0.065,0.10775,9.45886835112262,9.658416931204167,0.19025,0.0,0.37,0.5295,0.05425,41
ATL,31.0,45.27725,0.0,0.0,0.07425,-0.13175,0.0,0.0,0.841,0.0,0.00825,0.09575,0.1915,42
BOS,40.0,59.29975,0.050592283950617344,0.050592283950617344,0.0,0.0,5.229839186507935,5.229839186507935,1.0,0.0,0.0,0.0,0.0,42
BKN,15.0,23.70475,-0.0050998511904761885,-0.0018202380952380942,0.0,0.0,6.732008934082892,6.739727684082893,0.0,0.823,0.177,0.0,0.0,42
CHA,28.0,39.838,0.30764190052648815,0.37298390756999017,0.075,0.087,9.006564335631996,11.448554508187565,0.19475,0.0,0.2625,0.57125,0.093,42
CHI,20.0,28.2045,0.32949155297276755,-0.05883545352556689,0.0,0.0,14.015871865526336,12.662457571443625,0.0,0.13775,0.86225,0.0,0.0,42
CLE,31.0,46.1805,0.0,0.0,0.04525,-0.12075,0.0,0.0,0.91125,0.0,0.00175,0.04675,0.1295,42
DET,41.0,61.15,0.01574555776014111,0.01574555776014111,0.0,0.0,5.171761309523808,5.171761309523808,1.0,0.0,0.0,0.0,0.0,42
IND,28.0,43.18425,0.18512265943333342,0.5265899909738379,0.09125,-0.0805,7.802390096534969,9.293055749149193,0.69525,0.0,0.027,0.277,0.23825,42
MIA,27.0,41.091,0.07339256937869282,0.31810856367591883,0.10975,0.03525,9.215054564262646,11.415368199948684,0.3655,0.0,0.1415,0.53975,0.149,42
MIL,21.0,31.76325,0.0,0.0,0.001,0.003,0.0,0.0,0.0005,0.007,0.98875,0.00425,0.0,42
NYK,33.0,49.4695,0.0,0.0,0.00625,-0.0315,0.0,0.0,0.994,0.0,0.0,0.00275,0.014,42
ORL,31.0,45.922,0.14559530074904653,0.40190872100448155,0.05275,-0.14,7.3513873971287795,7.840273975551774,0.917,0.0,0.0035,0.05475,0.132,42
PHI,33.0,48.583,0.1849899929241347,0.2668472430377968,0.01475,-0.05575,6.886472221458305,6.9850632744588514,0.98375,0.0,0.0,0.00725,0.03325,42
TOR,23.0,36.1285,0.43109639533601196,0.12178592233300742,0.024,0.07625,10.49258150469018,12.564667744340756,0.036,0.00025,0.85075,0.136,0.00675,42
WAS,26.0,37.361,0.36481079795788696,0.16235342367321448,0.0325,0.11425,9.934293704638245,11.528802178994647,0.061,0.0,0.70875,0.2645,0.01275,42
DAL,16.0,28.85825,0.38171514475580365,-0.011063296702466004,0.011,0.04975,3.561325737276339,3.036410403414882,0.01875,0.10025,0.81825,0.08025,0.001,42
DEN,33.0,49.578,0.0,0.0,0.0005,-0.0065,0.0,0.0,0.99975,0.0,0.0,0.0,0.00125,42
GSW,22.0,34.653,0.471182624380506,0.2883380954737883,0.056,0.05775,10.246803289714139,11.251492337675177,0.34475,0.00025,0.0915,0.74125,0.095,42
HOU,32.0,49.24075,0.18021762931255508,0.18592087157445986,0.0015,-0.009,6.732329484471286,6.7430013800962865,0.9985,0.0,0.0,0.0,0.00475,42
LAC,26.0,34.16425,-0.0005162477954144627,-0.0005162477954144627,0.0415,0.0615,5.192669345238094,5.192669345238094,0.15075,0.0,0.10775,0.77425,0.08475,42
LAL,27.0,40.8345,0.0,0.0,0.019,-0.014,0.0,0.0,0.83375,0.0,0.0,0.04575,0.38075,42
MEM,19.0,27.56025,0.32076867196026765,-0.04279658384626558,0.001,0.027,14.22855685134598,12.58313756571725,0.006,0.18475,0.78175,0.03325,0.0,42
MIN,35.0,52.5905,0.0,0.0,0.0,0.0,0.0,0.0,1.0,0.0,0.0,0.0,0.0,42
NOP,16.0,24.80925,0.265321875,-0.1620599702380952,0.00025,0.002,17.629842261904763,15.69441636904762,0.0,0.6755,0.322,0.0025,0.0,42
OKC,39.0,60.09375,0.03587922178130515,0.03587922178130515,0.0,0.0,5.192669345238094,5.192669345238094,1.0,0.0,0.0,0.0,0.0,42
PHX,18.0,28.97125,0.0,0.0,0.01125,0.06375,0.0,0.0,0.017,0.082,0.82925,0.087,0.001,42
POR,26.0,37.9615,0.2935352652175595,0.28637657733518285,0.04825,0.004,8.698740959607887,9.512749850016073,0.63175,0.0,0.00675,0.23575,0.42925,42
SAC,13.0,19.78475,0.045270517700892854,-0.007868144056660998,0.0,0.0,15.78548029349062,11.95449831834773,0.0,0.98925,0.01075,0.0,0.0,42
SAS,33.0,50.10475,0.0,0.0,0.00125,-0.0065,0.0,0.0,0.999,0.0,0.0,0.0,0.002,42
UTA,37.0,53.638,0.0762768298059965,0.07662555217504412,0.0,-0.00025,6.156056635802471,6.156405358171518,1.0,0.0,0.0,0.0,0.00025,42
ATL,22.0,36.97125,0.0,0.0,0.021,0.082,0.0,0.0,0.169,0.00025,0.1865,0.80375,0.00625,43
BOS,37.0,52.54,0.15694946453627653,0.16946108325036383,0.00425,-0.01,6.024737475473765,6.037352866284182,0.998,0.0,0.0,0.00025,0.005,43
BKN,11.0,18.0325,-0.0018889880952380946,-0.0018889880952380946,0.0,0.0,6.210593860229277,6.211383741181659,0.0,0.9965,0.0035,0.0,0.0,43
CHA,30.0,46.24525,0.1830723715105324,0.4914044814901455,0.0575,-0.14825,7.340690574572563,8.130084534982386,0.86925,0.0,0.0,0.099,0.18825,43
CHI,22.0,30.941,0.36329080592410684,0.01880446220319017,0.0015,0.01975,13.283974485284226,12.94211624551491,0.00175,0.006,0.97125,0.02275,0.0,43
CLE,21.0,33.15175,0.0,0.0,0.009,0.0705,0.0,0.0,0.01625,0.00075,0.84525,0.15375,0.00025,43
DET,32.0,48.83725,0.20750809364109898,0.32638439813549375,0.02325,-0.09125,6.7668326424721785,6.983080341300254,0.9645,0.0,0.0,0.0135,0.0725,43
IND,34.0,50.34225,0.1877580797658785,0.2491551337778825,0.0085,-0.043,6.434918070971887,6.501935474285032,0.98975,0.0,0.0,0.004,0.02225,43
MIA,34.0,50.5215,-0.011572258992647707,0.035671581211062606,0.011,-0.04425,9.371363149155822,9.420835682233752,0.98925,0.0,0.0,0.00325,0.02125,43
MIL,14.0,22.69325,0.0,0.0,0.0,0.0,0.0,0.0,0.0,0.8805,0.1195,0.0,0.0,43
NYK,38.0,53.97575,0.0,0.0,0.001,-0.00275,0.0,0.0,0.9995,0.0,0.0,0.0,0.00225,43
ORL,29.0,42.7,0.20438000406785722,0.4545495161613194,0.073,-0.04725,8.1828765499628,10.494939170012708,0.43725,0.0,0.00225,0.5985,0.18425,43
PHI,31.0,46.3675,0.191719282718265,0.46429741125764984,0.06275,-0.13475,7.336763420041435,8.150926744173727,0.8355,0.0,0.0,0.0875,0.22925,43
TOR,30.0,44.99325,0.18574563811055997,0.5439756370586751,0.0795,-0.1165,7.6204811118267575,8.885602392254237,0.72875,0.0,0.0,0.2015,0.2685,43
WAS,20.0,29.786,0.31051050193124974,0.002147379944642865,0.001,0.012,13.715683290872319,11.974408218967858,0.00125,0.02075,0.967,0.01225,0.0,43
DAL,27.0,41.90975,0.058206147523214284,0.24478067237897536,0.07675,-0.079,0.11830671484151788,0.7219526856469813,0.77825,0.0,0.0185,0.1515,0.251,43
DEN,25.0,39.07975,0.0,0.0,0.09375,0.05075,0.0,0.0,0.46625,0.0,0.1195,0.483,0.19625,43
GSW,32.0,46.98075,0.14897073169147376,0.18575650749529318,0.00775,-0.0425,7.0944134503484335,7.155280162744962,0.98825,0.0,0.00025,0.003,0.027,43
HOU,35.0,51.536,0.15931932563792445,0.1597160320827161,0.00025,-0.00125,6.210593860229277,6.212555713091182,1.0,0.0,0.0,0.0,0.00075,43
LAC,25.0,35.373,-0.0005162477954144627,-0.0005162477954144627,0.03625,0.12075,5.162985097001763,5.162985097001763,0.0665,0.0,0.67175,0.28675,0.026,43
LAL,30.0,45.30725,0.0,0.0,0.0215,-0.09,0.0,0.0,0.96175,0.0,0.001,0.01475,0.08075,43
MEM,16.0,26.126,0.16661497933794642,-0.09867967855764147,0.0,0.00025,14.787388122423213,12.705698975373382,0.0,0.3025,0.69725,0.00025,0.0,43
MIN,32.0,47.5885,0.0,0.0,0.00175,-0.02675,0.0,0.0,0.995,0.0,0.0,0.00075,0.01375,43
NOP,20.0,30.60225,0.336139880952381,0.04131130952380954,0.00325,0.01525,18.80994092261905,15.772023809523809,0.0015,0.01625,0.969,0.01475,0.0,43
OKC,41.0,60.67075,0.0051624779541446265,0.0051624779541446265,0.0,0.0,5.162985097001763,5.162985097001763,1.0,0.0,0.0,0.0,0.0,43
PHX,28.0,40.25525,0.0,0.0,0.09425,-0.0045,0.0,0.0,0.502,0.0,0.06175,0.32625,0.32675,43
POR,24.0,36.2345,0.5102094198644346,0.32012635480309076,0.05175,0.13925,10.477462659333185,12.146471029080278,0.142,0.0,0.515,0.402,0.04675,43
SAC,17.0,23.702,0.11271788749553587,-0.10129861290314315,0.0,0.0,15.215184910546425,12.284420134771313,0.0,0.7765,0.2235,0.0,0.0,43
SAS,40.0,61.03475,0.0,0.0,0.0,0.0,0.0,0.0,1.0,0.0,0.0,0.0,0.0,43
UTA,23.0,35.501,0.5120772899494047,0.11631588330119039,0.0425,0.11625,10.917576734924852,9.860521642022023,0.0985,0.0,0.62725,0.317,0.031,43
ATL,30.0,44.00125,0.0,0.0,0.06,-0.12925,0.0,0.0,0.895,0.0,0.0035,0.06325,0.12425,44
BOS,39.0,55.378,0.10958889991181667,0.10961241181657858,0.0,0.0,6.006728042328042,6.006704530423281,1.0,0.0,0.0,0.0,0.0,44
BKN,14.0,24.54675,0.0005162477954144627,0.0005162477954144627,0.0,0.0,5.1967993276014095,5.1967993276014095,0.0,0.84975,0.15025,0.0,0.0,44
CHA,19.0,29.52325,0.49461365449151756,-0.063191978373115,0.0005,0.0045,13.6138375511872,12.804471505991746,0.0005,0.15625,0.839,0.00475,0.0,44
CHI,17.0,27.95025,0.3868486265787201,-0.11235497190590688,0.0,0.0005,14.340944050629464,12.624023695783587,0.00025,0.3665,0.632,0.0015,0.0,44
CLE,30.0,43.74825,0.0,0.0,0.04575,-0.12325,0.0,0.0,0.88775,0.0,0.00325,0.05625,0.15225,44
DET,39.0,58.259,0.12819460978835995,0.12819460978835995,0.0,0.0,5.451042030423279,5.451042030423279,1.0,0.0,0.0,0.0,0.0,44
IND,22.0,36.23425,0.4327204996977679,0.3050418715248341,0.0625,0.1345,9.698432514295984,12.295933715362342,0.122,0.0,0.61325,0.3265,0.02925,44
MIA,25.0,38.8505,0.11026184980212204,0.3642587713621035,0.10825,0.046,9.327688132823546,11.567813236144397,0.345,0.0,0.16775,0.52375,0.14275,44
MIL,24.0,31.97525,0.0,0.0,0.00225,0.022,0.0,0.0,0.0035,0.01825,0.956,0.02425,0.00075,44
NYK,33.0,50.38875,0.0,0.0,0.0,-0.0045,0.0,0.0,0.99975,0.0,0.0,0.00025,0.0005,44
ORL,26.0,40.346,0.25787911990699414,0.5887751027377053,0.10475,-0.0275,8.111237391699108,9.931570175214631,0.57275,0.0,0.0735,0.3665,0.20575,44
PHI,32.0,49.83275,0.1709670755582396,0.17348590274425152,0.0005,-0.0035,6.802880151196165,6.804768618793634,0.99925,0.0,0.0,0.00025,0.00075,44
TOR,29.0,42.65825,0.12542323340952385,0.4354092545314866,0.07475,-0.12925,7.637148345856694,8.50934269020644,0.81,0.0,0.01325,0.122,0.2,44
WAS,27.0,39.02925,0.30700894652946437,0.4609047195880951,0.10025,0.03125,8.596645699865924,10.306940803901192,0.36425,0.0,0.1575,0.51075,0.14375,44
DAL,24.0,37.1255,0.11584825170625002,0.18791959933132654,0.05575,0.025,0.2931171306709822,1.1754214622385928,0.65425,0.00025,0.029,0.23275,0.457,44
DEN,35.0,51.23325,0.0,0.0,0.0015,-0.0145,0.0,0.0,0.99825,0.0,0.0,0.0,0.00625,44
GSW,22.0,33.951,0.5662425572604166,0.30027387885031454,0.058,0.10775,10.38377817203259,11.61602507767151,0.2685,0.0045,0.237,0.59975,0.104,44
HOU,43.0,61.36625,0.036152436067019435,0.036152436067019435,0.0,0.0,5.1967993276014095,5.1967993276014095,1.0,0.0,0.0,0.0,0.0,44
LAC,23.0,31.81275,0.0005162477954144627,0.0005162477954144627,0.034,0.154,5.1929274691358005,5.1929274691358005,0.06825,0.02,0.57025,0.373,0.02675,44
LAL,28.0,44.14575,0.0,0.0,0.00775,-0.04825,0.0,0.0,0.89525,0.0,0.0,0.0005,0.3295,44
MEM,25.0,32.34525,0.6160389128374998,0.2387635554254506,0.0255,0.15075,11.773083609127381,12.223685860453374,0.0565,0.01025,0.483,0.46025,0.03625,44
MIN,34.0,51.5945,0.0,0.0,0.00125,-0.0145,0.0,0.0,0.999,0.0,0.0,0.0,0.00475,44
NOP,12.0,19.8945,0.02038348214285712,-0.030345833333333332,0.0,0.0,17.94857455357143,15.648456547619046,0.0,0.99625,0.00375,0.0,0.0,44
OKC,42.0,61.379,0.03436619268077605,0.03436619268077605,0.0,0.0,5.1929274691358005,5.1929274691358005,1.0,0.0,0.0,0.0,0.0,44
PHX,33.0,49.78525,0.0,0.0,0.00525,-0.0345,0.0,0.0,0.99575,0.0,0.0,0.0,0.01875,44
POR,19.0,30.33875,0.588171611530208,0.10952516789427298,0.02275,0.10625,13.022378602823657,12.590362579927428,0.04225,0.09125,0.704,0.19125,0.0105,44
SAC,19.0,28.39925,0.4427114187406248,-0.04930239158543776,0.00375,0.045,14.158956557583478,12.629518942192771,0.0045,0.28475,0.6625,0.05075,0.0015,44
SAS,36.0,54.8505,0.0,0.0,0.0,-0.00125,0.0,0.0,1.0,0.0,0.0,0.0,0.0005,44
UTA,19.0,29.05675,0.4855092536605652,0.03077635131785713,0.0105,0.06125,13.787674335531694,10.070624667875595,0.0175,0.202,0.70125,0.09175,0.00425,44
ATL,40.0,56.24175,0.0,0.0,0.0,-0.00025,0.0,0.0,1.0,0.0,0.0,0.0,0.0,45
BOS,33.0,50.02125,0.15842445565800814,0.23894769531123233,0.01275,-0.07,6.447676478359817,6.551348070164182,0.981,0.0,0.0,0.00775,0.0335,45
BKN,17.0,27.85775,0.0019397321428571428,0.005728720238095238,0.0,0.00025,7.287515922619046,7.296817708333332,0.0,0.60175,0.39825,0.0,0.0,45
CHA,26.0,35.677,0.42151750807857136,0.12572648406906586,0.00925,0.10225,10.384345053361907,12.631613339074997,0.01925,0.00075,0.77075,0.22725,0.00075,45
CHI,23.0,33.52775,0.6026414992946427,0.040652736225762424,0.00325,0.047,11.645741028043602,12.819136629344564,0.005,0.021,0.92,0.05875,0.00025,45
CLE,24.0,38.06525,0.0,0.0,0.0295,0.124,0.0,0.0,0.135,0.0,0.32375,0.66125,0.00825,45
DET,31.0,48.80675,0.20428474203233574,0.3358998937368496,0.021,-0.10225,6.660838305384277,6.871019033525794,0.9695,0.0,0.00025,0.01725,0.06225,45
IND,31.0,45.70325,0.18658275348416561,0.500231801983644,0.06025,-0.1165,7.420019449823214,8.589702076782402,0.768,0.0,0.0005,0.15525,0.27925,45
MIA,31.0,46.27425,-0.05250641885151012,0.21036570447380584,0.0635,-0.14725,9.221264816197854,9.9466317742433,0.8355,0.0,0.0,0.0995,0.22675,45
MIL,19.0,28.39675,0.0,0.0,0.0,0.0005,0.0,0.0,0.0,0.51525,0.484,0.00075,0.0,45
NYK,35.0,52.00825,0.0,0.0,0.004,-0.02075,0.0,0.0,0.995,0.0,0.0,0.0005,0.01125,45
ORL,33.0,46.738,0.20709999005487764,0.458550301486241,0.0545,-0.13525,7.202172021146224,7.968624317687012,0.83425,0.0,0.0005,0.0765,0.226,45
PHI,42.0,61.8105,0.004129982363315701,0.004129982363315701,0.0,0.0,5.160403858024691,5.160403858024691,1.0,0.0,0.0,0.0,0.0,45
TOR,28.0,42.63225,0.16091960685907747,0.4186197516395564,0.071,-0.02275,8.054814548344496,10.63296956009379,0.45325,0.0,0.0175,0.641,0.15175,45
WAS,24.0,33.51275,0.5758338923017856,0.024100868908333357,0.00375,0.03625,11.660458405243453,11.892666519666072,0.00425,0.01925,0.9265,0.05425,0.0,45
DAL,25.0,37.074,0.15897880909464285,0.21680352260608846,0.075,-0.01825,0.38002003836562503,1.0003096985834057,0.6475,0.0005,0.03275,0.20325,0.3695,45
DEN,32.0,47.65925,0.0,0.0,0.00025,-0.002,0.0,0.0,1.0,0.0,0.0,0.0,0.00025,45
GSW,20.0,31.0,0.6951339921647318,0.1727165143359679,0.041,0.1285,13.02630009344866,12.325330841861353,0.07825,0.14575,0.56375,0.24925,0.02675,45
HOU,29.0,44.5885,0.06866641257202383,0.08582896291190477,0.0025,-0.02225,7.2886637362641356,7.303799250326635,0.9975,0.0,0.0,0.00025,0.008,45
LAC,23.0,32.075,0.0019089285714285688,0.0013556547619047606,0.0575,0.14875,7.382988839285713,7.409116220238093,0.10825,0.064,0.47725,0.37725,0.05475,45
LAL,31.0,47.56075,0.0,0.0,0.00025,-0.0025,0.0,0.0,1.0,0.0,0.0,0.0,0.00075,45
MEM,18.0,26.6695,0.2790589573322917,-0.09061308357180392,0.003,0.012,15.3102116684433,12.20998444398456,0.002,0.78475,0.204,0.01025,0.001,45
MIN,35.0,52.9515,0.0,0.0,0.0,0.0,0.0,0.0,1.0,0.0,0.0,0.0,0.0,45
NOP,20.0,30.258,0.7311342261904763,-0.008565773809523784,0.0235,0.098,18.382768601190474,15.570414732142858,0.04475,0.22525,0.58725,0.1675,0.01225,45
OKC,26.0,42.876,0.046754875431398814,0.08523666900044642,0.00825,-0.055,7.386570111059671,7.447614838931397,0.98775,0.0,0.00025,0.0025,0.031,45
PHX,19.0,30.42925,0.0,0.0,0.031,0.11025,0.0,0.0,0.0505,0.20575,0.5685,0.19925,0.01475,45
POR,24.0,36.50375,0.4683864360625,0.4957608006119401,0.08875,0.00525,8.800448074772174,9.570963957455675,0.6265,0.00125,0.04775,0.25075,0.32075,45
SAC,21.0,29.03725,0.49346561301681524,-0.0358689420526713,0.01075,0.063,14.369383057149552,12.439115698497197,0.01075,0.40425,0.511,0.079,0.0035,45
SAS,39.0,59.45975,0.0,0.0,0.0,0.0,0.0,0.0,1.0,0.0,0.0,0.0,0.0,45
UTA,21.0,34.584,0.7023245148361607,0.2721910980488094,0.101,0.0895,9.94767633131786,9.108309165880359,0.44625,0.0105,0.1655,0.46075,0.15675,45
ATL,31.0,45.3655,0.0,0.0,0.064,-0.12875,0.0,0.0,0.824,0.0,0.00025,0.09825,0.21875,46
BOS,30.0,45.37225,0.1651610429790179,0.43588653327018845,0.056,-0.13775,7.398002478494345,8.206433107833927,0.84475,0.0,0.0,0.10175,0.20325,46
BKN,17.0,26.055,-0.0044468750000000055,-0.025456249999999975,0.0,0.0,8.475623511904761,8.639254017857143,0.0,0.76275,0.23725,0.0,0.0,46
CHA,21.0,31.63475,0.49084211609092226,-0.01754541973478876,0.00075,0.012,13.005939767226636,12.91526687325295,0.00075,0.04875,0.939,0.01225,0.0,46
CHI,21.0,32.15925,0.5126002721241069,-0.012662695332953453,0.001,0.0125,12.736258051591369,12.916793698518218,0.001,0.04125,0.94225,0.0165,0.0,46
CLE,40.0,57.729,0.0,0.0,0.0,0.0,0.0,0.0,1.0,0.0,0.0,0.0,0.0,46
DET,33.0,50.968,0.09056287089672616,0.1119226734708333,0.00225,-0.0205,6.315418165553197,6.33452687835052,0.99625,0.0,0.0,0.00125,0.0065,46
IND,31.0,44.22525,0.18729072268735125,0.48931698195268836,0.089,-0.109,7.708918516354613,9.094752616922214,0.657,0.0,0.00025,0.2045,0.33375,46
MIA,35.0,51.01525,-0.0024821307666170636,0.010115663365986918,0.00225,-0.02025,9.37825795684087,9.399010679007445,0.9955,0.0,0.0,0.001,0.00975,46
MIL,22.0,31.189,0.0,0.0,0.00025,0.0045,0.0,0.0,0.00025,0.059,0.93375,0.00725,0.0,46
NYK,26.0,40.7985,0.0,0.0,0.07,-0.00475,0.0,0.0,0.37025,0.0,0.018,0.75375,0.106,46
ORL,26.0,40.432,0.24166272136607156,0.3057586893286139,0.0615,-0.00575,8.59719776490134,11.202609579985824,0.3305,0.0,0.02075,0.794,0.08575,46
PHI,33.0,49.1185,0.1567997878154431,0.22998724183959982,0.01075,-0.0575,6.582007407050865,6.684821066005727,0.98025,0.0,0.0,0.00625,0.0355,46
TOR,36.0,53.76525,0.07013379874198085,0.07124054925076061,0.00025,-0.00225,6.127720265032464,6.1292776483500235,0.9995,0.0,0.0,0.0,0.00075,46
WAS,19.0,29.968,0.4250571515346723,-0.05201120988214274,0.0005,0.00225,13.865333466303571,11.894674404883927,0.0,0.1685,0.82825,0.00325,0.0,46
DAL,22.0,35.0195,0.35441154795133933,0.3370009375319346,0.09225,0.12225,1.2923672331473213,2.6190101851773218,0.20775,0.00225,0.4955,0.338,0.07425,46
DEN,24.0,37.091,0.0,0.0,0.115,0.0215,0.0,0.0,0.47,0.0,0.19725,0.34275,0.16275,46
GSW,26.0,39.36175,0.2986948291160714,0.5197923175914937,0.085,-0.10825,8.052998030553423,8.722050383547032,0.779,0.0,0.0395,0.153,0.17075,46
HOU,25.0,38.1165,0.4594814305130953,0.6733787958685131,0.1165,-0.037,8.60711700047143,9.638870814513687,0.62025,0.0,0.104,0.28,0.16975,46
LAC,26.0,36.36125,-0.0002581238977072313,-0.0002581238977072313,0.12275,0.064,5.1967993276014095,5.1967993276014095,0.32725,0.0,0.2885,0.37425,0.15375,46
LAL,38.0,56.15825,0.0,0.0,0.0,0.0,0.0,0.0,1.0,0.0,0.0,0.0,0.0,46
MEM,26.0,37.6095,0.5178439717541666,0.6421412578329633,0.11725,-0.00575,8.994355792182589,10.123951607095634,0.508,0.0,0.154,0.30225,0.21075,46
MIN,28.0,43.9755,0.0,0.0,0.00725,-0.04125,0.0,0.0,0.993,0.0,0.0,0.00475,0.01375,46
NOP,20.0,27.68575,0.34100714285714284,-0.09765952380952381,0.0005,0.00525,17.994715922619047,16.367093898809525,0.00025,0.5,0.4975,0.0025,0.0,46
OKC,40.0,60.7195,0.03742796516754854,0.03742796516754854,0.0,0.0,5.1967993276014095,5.1967993276014095,1.0,0.0,0.0,0.0,0.0,46
PHX,31.0,45.364,0.0,0.0,0.003,-0.02025,0.0,0.0,0.99425,0.0,0.0,0.00075,0.01025,46
POR,20.0,28.13475,0.3141524836638392,-0.12391882508146368,0.00025,0.00425,14.628975945311158,12.605084766793,0.0005,0.4085,0.5875,0.00375,0.00025,46
SAC,12.0,19.408,0.012298796791964278,-0.0009342614473837832,0.0,0.0,15.85100686991919,12.086659342635935,0.0,0.99925,0.00075,0.0,0.0,46
SAS,40.0,61.547,0.0,0.0,0.0,0.0,0.0,0.0,1.0,0.0,0.0,0.0,0.0,46
UTA,21.0,33.65225,0.6498293448647321,0.14740709096904756,0.063,0.108,11.649162464579167,9.870294028382736,0.09975,0.00975,0.71575,0.198,0.03375,46
ATL,28.0,42.754,0.0,0.0,0.076,-0.0655,0.0,0.0,0.63075,0.0,0.00075,0.29725,0.3185,47
BOS,36.0,53.43125,0.06428132716049385,0.06695322408638671,0.0,-0.00325,6.147342647707232,6.148675293518839,1.0,0.0,0.0,0.0,0.0005,47
BKN,21.0,30.9835,-0.0008964285714285698,0.004130803571428581,0.0015,0.014,7.4055897321428565,7.501053869047617,0.0015,0.01675,0.969,0.014,0.00025,47
CHA,16.0,26.04125,0.26104449667142854,-0.12062557826926004,0.0,0.00025,14.76349132096607,12.574514370225657,0.0,0.442,0.558,0.0,0.0,47
CHI,17.0,28.2485,0.33077188472410696,-0.07286215872732983,0.00025,0.00075,14.005836360534373,12.83422803064892,0.0,0.14475,0.85375,0.0015,0.0,47
CLE,31.0,48.082,0.0,0.0,0.016,-0.079,0.0,0.0,0.977,0.0,0.0,0.007,0.054,47
DET,36.0,54.89,0.0921001984126985,0.0921001984126985,0.0,0.0,6.035663084215168,6.035663084215168,1.0,0.0,0.0,0.0,0.0,47
IND,40.0,57.29225,0.13901351410934756,0.13901351410934756,0.0,0.0,5.623285901675485,5.623285901675485,1.0,0.0,0.0,0.0,0.0,47
MIA,32.0,47.50075,-0.01891148734910714,0.0909450027698449,0.02025,-0.1105,9.340554029874621,9.534944435678566,0.96,0.0,0.0,0.009,0.09275,47
MIL,18.0,27.04775,0.0,0.0,0.0,0.0005,0.0,0.0,0.0,0.274,0.72525,0.00075,0.0,47
NYK,34.0,49.908,0.0,0.0,0.00725,-0.03025,0.0,0.0,0.99325,0.0,0.0,0.00075,0.0185,47
ORL,25.0,39.1475,0.2722774584421132,0.23915093865814338,0.042,0.00625,8.86609992531027,11.353563339844031,0.28675,0.0,0.01,0.8405,0.0895,47
PHI,28.0,44.46775,0.1571106634819941,0.42036142021736106,0.0555,-0.10725,7.483098899638988,8.451450352529118,0.8295,0.0,0.0,0.0975,0.27975,47
TOR,27.0,40.17575,0.23928698842916674,0.3004631792425666,0.05675,-0.0065,8.609479744504016,11.000225182170357,0.32125,0.0,0.00575,0.73175,0.14625,47
WAS,14.0,22.67625,0.13419012134419647,-0.04251797288035704,0.0,0.0,15.55257272911696,11.457096581191665,0.0,0.9075,0.0925,0.0,0.0,47
DAL,26.0,39.034,0.12158868325982143,0.3525615119052594,0.1155,-0.06,0.32042933392812506,1.3292105655282185,0.55825,0.0,0.074,0.3495,0.2145,47
DEN,26.0,41.37775,0.0,0.0,0.0605,-0.13025,0.0,0.0,0.86125,0.0,0.01125,0.1155,0.14875,47
GSW,22.0,33.255,0.48519850868214276,0.1578865795066992,0.026,0.0905,11.768897645199555,12.695586616582652,0.0405,0.0025,0.8275,0.15,0.01025,47
HOU,29.0,43.557,0.11044769966160715,0.2274146060489016,0.02625,-0.091,7.421984131551933,7.614398881830193,0.95675,0.0,0.0015,0.023,0.06925,47
LAC,16.0,23.147,0.0,0.0,0.0,0.0,5.1570482473544965,5.1570482473544965,0.0,0.8745,0.1255,0.0,0.0,47
LAL,26.0,40.935,0.0,0.0,0.0895,-0.11275,0.0,0.0,0.82,0.0,0.022,0.14575,0.18175,47
MEM,27.0,36.0655,0.5003033269819941,0.46317892680000844,0.07775,0.11275,10.176119582505656,11.804599199058222,0.15375,0.0,0.3975,0.45475,0.081,47
MIN,39.0,56.12925,0.0,0.0,0.0,0.0,0.0,0.0,1.0,0.0,0.0,0.0,0.0,47
NOP,23.0,33.768,0.45246324404761906,0.15685476190476189,0.037,0.10175,16.299680952380953,16.307775595238095,0.05525,0.00025,0.7745,0.1935,0.01725,47
OKC,46.0,67.254,0.0,0.0,0.0,0.0,5.1570482473544965,5.1570482473544965,1.0,0.0,0.0,0.0,0.0,47
PHX,30.0,43.87775,0.0,0.0,0.02875,-0.07925,0.0,0.0,0.964,0.0,0.0015,0.0185,0.05825,47
POR,26.0,38.7885,0.3997143183456846,0.6066233241033461,0.116,-0.02225,8.663647723261606,10.069825944138222,0.544,0.0,0.08725,0.38,0.203,47
SAC,19.0,26.59,0.2892511056200892,-0.11406200881318296,0.0,0.0015,14.592736382454015,12.665633876406305,0.0,0.33675,0.662,0.00125,0.0,47
SAS,40.0,60.1645,0.0,0.0,0.0,0.0,0.0,0.0,1.0,0.0,0.0,0.0,0.0,47
UTA,22.0,33.41025,0.48629759526949395,0.08770335858333331,0.0285,0.09925,11.666370596825596,9.989836351764882,0.04625,0.001,0.8005,0.16825,0.016,47
ATL,27.0,41.66875,0.0,0.0,0.0855,0.02575,0.0,0.0,0.47625,0.0,0.1,0.42275,0.2365,48
BOS,34.0,50.53875,0.20860113982434422,0.23392763355425494,0.00575,-0.024,6.088017258833559,6.119725614444026,0.9935,0.0,0.0,0.001,0.01275,48
BKN,16.0,25.03325,-0.001169670414462083,0.006035984347442678,0.0,0.0,6.839069543650793,6.886687549603176,0.0,0.829,0.171,0.0,0.0,48
CHA,27.0,38.98,0.3520410331130953,0.3410249527358741,0.056,0.12575,9.530073154468898,11.912649009777578,0.15825,0.0,0.40925,0.469,0.0745,48
CHI,17.0,25.33875,0.15713531984553578,-0.09068289292771234,0.0,0.0,15.207375755100891,12.248563186400709,0.0,0.8005,0.1995,0.0,0.0,48
CLE,35.0,50.5715,0.0,0.0,0.00375,-0.0265,0.0,0.0,0.99425,0.0,0.0,0.001,0.01425,48
DET,34.0,50.4175,0.21755237964280214,0.2489961838201831,0.0055,-0.02725,6.122916660431024,6.1738941578842494,0.99275,0.0,0.0,0.0005,0.02075,48
IND,32.0,46.8585,0.23233367076884923,0.3996858402355655,0.032,-0.12525,7.008287354196214,7.3915814019324735,0.93325,0.0,0.001,0.02125,0.137,48
MIA,24.0,39.22725,0.22048601638559304,0.28264992522725063,0.0725,0.12575,9.733018853457493,12.115654483217112,0.24075,0.0,0.357,0.50025,0.0745,48
MIL,20.0,29.68875,0.0,0.0,0.0,0.001,0.0,0.0,0.0,0.1135,0.886,0.0005,0.0,48
NYK,31.0,48.5295,0.0,0.0,0.01075,-0.074,0.0,0.0,0.9825,0.0,0.0,0.008,0.039,48
ORL,31.0,46.08475,0.22569845500982144,0.44324948816509924,0.043,-0.13875,7.205080223740697,7.77034301277013,0.8945,0.0,0.00225,0.04575,0.186,48
PHI,32.0,49.569,0.22189673331518964,0.26203707956807654,0.00525,-0.04175,6.315120396224229,6.35848048473539,0.9915,0.0,0.0,0.00125,0.0175,48
TOR,28.0,40.912,0.31269927054532637,0.46077897639889465,0.0795,0.05125,8.738377013422145,10.923318365712253,0.342,0.0,0.1375,0.5225,0.187,48
WAS,23.0,32.09575,0.4143385223300592,-0.00022482242142855924,0.001,0.0075,12.767866702458035,11.972034845680952,0.0005,0.015,0.9785,0.00625,0.00025,48
DAL,30.0,45.10575,0.01666349215714286,0.12604199481994047,0.0375,-0.13475,0.030031392278571427,0.2715361046116072,0.92,0.0,0.0,0.04175,0.146,48
DEN,30.0,46.422,0.0,0.0,0.01775,-0.09175,0.0,0.0,0.971,0.0,0.0,0.013,0.0595,48
GSW,29.0,41.74525,0.25129298963913693,0.498088113602629,0.07525,-0.081,8.229444358192858,9.571928640602332,0.62125,0.0,0.00125,0.3275,0.28775,48
HOU,31.0,47.38275,0.21929690456688714,0.28384434541708553,0.00975,-0.06425,6.841822924849901,6.932280915957191,0.986,0.0,0.0,0.00575,0.0335,48
LAC,21.0,30.4535,0.0002581238977072313,0.0002581238977072313,0.004,0.03025,5.1950281746031735,5.1950281746031735,0.005,0.066,0.8915,0.0425,0.0,48
LAL,31.0,46.13025,0.0,0.0,0.02525,-0.10725,0.0,0.0,0.95225,0.0,0.0,0.02275,0.0865,48
MEM,23.0,31.77275,0.4500839529425591,0.06507943953885481,0.00825,0.067,12.893025795179316,12.79283257328504,0.00875,0.0215,0.8605,0.11775,0.00025,48
MIN,30.0,44.94675,0.0,0.0,0.03925,-0.14175,0.0,0.0,0.93175,0.0,0.0,0.04575,0.13325,48
NOP,12.0,19.98325,-0.02074687499999998,0.00857648809523809,0.0,0.0,19.58290535714286,15.655959970238097,0.0,0.99625,0.00375,0.0,0.0,48
OKC,36.0,56.23875,0.03357263007054677,0.03357263007054677,0.0,0.0,5.1950281746031735,5.1950281746031735,1.0,0.0,0.0,0.0,0.0,48
PHX,18.0,31.139,0.0,0.0,0.01075,0.04325,0.0,0.0,0.017,0.052,0.8635,0.0845,0.0,48
POR,29.0,40.4555,0.29009149750178576,0.4378570969652678,0.0705,-0.038,8.74226561036875,10.507176341830775,0.4265,0.0,0.008,0.561,0.237,48
SAC,21.0,29.778,0.38513668770937465,-0.026772765405090597,0.0015,0.02175,13.84164017607991,12.828926791653357,0.0005,0.10575,0.86675,0.0275,0.0,48
SAS,46.0,67.388,0.0,0.0,0.0,0.0,0.0,0.0,1.0,0.0,0.0,0.0,0.0,48
UTA,22.0,35.5445,0.42759249835639884,0.08625931877202374,0.03375,0.1025,10.742363738472768,9.71021431156369,0.16,0.0005,0.26275,0.71025,0.01625,48
ATL,29.0,43.9675,0.0,0.0,0.05425,-0.06325,0.0,0.0,0.75825,0.0,0.00525,0.1185,0.354,49
BOS,35.0,51.00225,0.23055305944783402,0.24494421505333996,0.00175,-0.018,6.586949174451223,6.606927970745867,0.9965,0.0,0.0,0.0,0.00875,49
BKN,18.0,27.39025,0.001596792328042326,0.00035274470899470734,0.0,0.00075,6.682932517636685,6.692797100970018,0.00025,0.346,0.653,0.001,0.0,49
CHA,25.0,36.65825,0.46078818559851187,0.2331122289788844,0.03325,0.1315,10.026347263209226,12.19013607799153,0.09525,0.0,0.47375,0.482,0.02875,49
CHI,21.0,32.74475,0.5496988068160711,0.04405325594721365,0.00475,0.042,12.385392760750893,12.844752607385068,0.0105,0.0075,0.9235,0.06775,0.001,49
CLE,33.0,49.07675,0.0,0.0,0.012,-0.0575,0.0,0.0,0.984,0.0,0.0,0.0025,0.03725,49
DET,34.0,52.74575,0.21654151723704815,0.22273185527722672,0.0005,-0.0045,6.16493082499719,6.166473198850463,0.9995,0.0,0.0,0.0,0.00075,49
IND,27.0,41.46025,0.17134364609880962,0.3636371106336933,0.06925,0.00725,8.084046117462947,10.205671972180534,0.50375,0.0,0.023,0.4435,0.289,49
MIA,37.0,55.268,-0.00027579230740189595,0.0010138213473500884,0.00025,-0.00075,9.382665124800184,9.383283953838017,0.99975,0.0,0.0,0.0,0.00025,49
MIL,19.0,28.3215,0.0,0.0,0.0,0.0005,0.0,0.0,0.0,0.19825,0.801,0.00075,0.0,49
NYK,40.0,56.24,0.0,0.0,0.0,-0.00025,0.0,0.0,1.0,0.0,0.0,0.0,0.0,49
ORL,23.0,35.87975,0.5103453651043155,0.1929873759805539,0.0275,0.124,10.415354710224404,12.429614976153458,0.07375,0.0,0.60675,0.37775,0.01175,49
PHI,25.0,41.41625,0.18752162778630957,0.4425890448111295,0.0775,0.01375,8.00936295651994,10.118065168717676,0.57975,0.0,0.024,0.44475,0.2515,49
TOR,35.0,50.25825,0.21488144221175046,0.24587050979012348,0.005,-0.03,6.7600530912070385,6.800091182861552,0.99275,0.0,0.0,0.0005,0.01675,49
WAS,22.0,32.7925,0.5522129819163688,0.03788659550178572,0.005,0.04425,12.364324772899256,11.90834546438631,0.006,0.00825,0.92975,0.061,0.00025,49
DAL,23.0,34.6465,0.4002799265607143,0.27158206757790393,0.07025,0.12525,1.4597543765647323,2.544704216417513,0.19475,0.00075,0.41975,0.4175,0.115,49
DEN,28.0,43.42725,0.0,0.0,0.009,-0.051,0.0,0.0,0.89375,0.0,0.0,0.00825,0.29575,49
GSW,36.0,51.4815,0.23498111648467815,0.24194693342307103,0.001,-0.0085,6.467793305397019,6.472996792285263,0.99925,0.0,0.0,0.0,0.00225,49
HOU,35.0,50.58925,0.20871133522084434,0.21931053576578483,0.0015,-0.01425,6.683359918154541,6.698215694105435,0.998,0.0,0.0,0.0,0.00625,49
LAC,26.0,36.39175,0.0015805665784832449,0.0015805665784832449,0.08175,0.09,6.207748324514992,6.207748324514992,0.3395,0.0,0.17575,0.4275,0.2675,49
LAL,34.0,50.174,0.0,0.0,0.00225,-0.01625,0.0,0.0,0.99725,0.0,0.0,0.0,0.00775,49
MEM,19.0,26.8855,0.19020422661874994,-0.10454581215984243,0.0005,0.00425,14.802806859845088,12.542853984619153,0.00025,0.444,0.55275,0.00325,0.0,49
MIN,33.0,48.683,0.0,0.0,0.00375,-0.03,0.0,0.0,0.9945,0.0,0.0,0.00025,0.0145,49
NOP,13.0,19.79675,0.09918705357142862,0.003715773809523851,0.0,0.0,20.24036741071429,15.53701011904762,0.0,0.99575,0.00425,0.0,0.0,49
OKC,33.0,52.5085,0.24343541666666677,0.24546467801041674,0.0,-0.00275,6.207748324514992,6.208417950072135,1.0,0.0,0.0,0.0,0.00025,49
PHX,22.0,34.461,0.0,0.0,0.06775,0.13725,0.0,0.0,0.1785,0.0015,0.4465,0.4065,0.096,49
POR,21.0,33.22675,0.6715566441955354,0.2790717053665501,0.0545,0.1375,11.8596591400375,12.330270820243436,0.1115,0.00475,0.64,0.28975,0.042,49
SAC,13.0,20.05025,0.06193551848749998,-0.004349603159637176,0.0,0.0,15.65236559025446,12.064780040668705,0.0,0.9925,0.0075,0.0,0.0,49
SAS,39.0,57.08425,0.0,0.0,0.0,0.0,0.0,0.0,1.0,0.0,0.0,0.0,0.0,49
UTA,22.0,35.37175,0.6163954000912203,0.2020673120089285,0.086,0.1125,10.307933811843453,9.454838820577976,0.29275,0.00075,0.3135,0.447,0.15275,49
ATL,30.0,45.227,0.0,0.0,0.06675,-0.11325,0.0,0.0,0.81425,0.0,0.003,0.10625,0.27925,50
BOS,38.0,54.70075,0.13139433421516766,0.13139433421516766,0.0,-0.0005,5.428986000881834,5.428986000881834,1.0,0.0,0.0,0.0,0.0,50
BKN,10.0,15.13175,-0.0006863425925925919,-0.0006863425925925919,0.0,0.0,5.914098578042329,5.914098578042329,0.0,1.0,0.0,0.0,0.0,50
CHA,24.0,36.7535,0.5823344143602678,0.18485768257875543,0.032,0.12325,10.777053967190477,12.481670080477553,0.05825,0.00525,0.685,0.29125,0.01175,50
CHI,21.0,32.13875,0.4758919202782735,-0.053590538489946014,0.00075,0.0125,13.729165590743749,12.743061786372502,0.00075,0.164,0.82075,0.01525,0.0,50
CLE,29.0,43.27975,0.0,0.0,0.0705,-0.05825,0.0,0.0,0.642,0.0,0.01275,0.2915,0.31275,50
DET,32.0,47.947,0.21150455928559853,0.3483338928106482,0.0245,-0.10475,6.899289949328963,7.139785193955351,0.95675,0.0,0.0,0.0145,0.084,50
IND,33.0,48.80375,0.22206800551295747,0.3243371739917273,0.01775,-0.07875,6.6907421960114535,6.818901169704558,0.9815,0.0,0.0,0.0045,0.048,50
MIA,27.0,38.89675,0.3476117399414187,0.21677711060201232,0.04275,0.114,9.844365807109508,12.142273979949769,0.11775,0.0,0.2905,0.6315,0.05175,50
MIL,23.0,32.29075,0.0,0.0,0.00125,0.01525,0.0,0.0,0.00225,0.153,0.8335,0.013,0.00025,50
NYK,31.0,49.10425,0.0,0.0,0.009,-0.06325,0.0,0.0,0.98825,0.0,0.0,0.0045,0.0325,50
ORL,27.0,41.4365,0.273614315389137,0.41575972442606285,0.07625,0.017,8.34625016909271,10.725263278903983,0.44525,0.0,0.05825,0.601,0.161,50
PHI,33.0,51.411,0.19967950713723553,0.2157401147581681,0.001,-0.0185,6.071783143463184,6.083818197781041,0.998,0.0,0.0,0.0,0.00525,50
TOR,34.0,50.84175,0.21454787968037373,0.23890848940264559,0.0045,-0.02525,6.2184342810387845,6.252600658806791,0.994,0.0,0.0,0.00125,0.013,50
WAS,24.0,33.05225,0.5347181592680056,-0.011873165859523782,0.0005,0.01975,13.239800452637795,11.881648680668453,0.001,0.07775,0.89625,0.0255,0.0005,50
DAL,26.0,39.483,0.1762507071383929,0.31825497008937076,0.11325,-0.01425,0.4179299474495536,1.3726666205461437,0.531,0.0005,0.079,0.34975,0.26825,50
DEN,26.0,42.13275,0.0,0.0,0.06425,-0.12725,0.0,0.0,0.8535,0.0,0.009,0.1005,0.19875,50
GSW,24.0,36.0795,0.6790967829997023,0.3589211187591324,0.06875,0.13525,10.98700592016399,11.943379513631138,0.1545,0.00625,0.454,0.43075,0.062,50
HOU,36.0,52.18875,0.19016941137566148,0.1901223875661377,0.0,-0.00025,5.914098578042329,5.914098578042329,1.0,0.0,0.0,0.0,0.0,50
LAC,32.0,44.136,0.0005162477954144627,0.0005162477954144627,0.03775,-0.11025,5.168921946649029,5.168921946649029,0.92425,0.0,0.0015,0.02225,0.11975,50
LAL,30.0,44.22375,0.0,0.0,0.03625,-0.108,0.0,0.0,0.93125,0.0,0.00025,0.032,0.1115,50
MEM,20.0,30.49325,0.348615419806845,-0.0949504165893521,0.0035,0.01625,14.476965172691365,12.514508790282154,0.0035,0.42075,0.5615,0.017,0.00025,50
MIN,35.0,48.884,0.0,0.0,0.00225,-0.00775,0.0,0.0,0.99825,0.0,0.0,0.0005,0.0055,50
NOP,23.0,33.15075,0.3192261904761904,0.03458005952380954,0.01875,0.07475,17.015584077380954,16.27952857142857,0.01625,0.08975,0.7865,0.11475,0.006,50
OKC,37.0,58.346,0.01600368165784834,0.01600368165784834,0.0,0.0,5.168921946649029,5.168921946649029,1.0,0.0,0.0,0.0,0.0,50
PHX,23.0,35.39175,0.0,0.0,0.0565,0.139,0.0,0.0,0.1025,0.0165,0.576,0.3365,0.0395,50
POR,24.0,33.50675,0.6041029091575889,0.10338051332346081,0.0165,0.08275,12.915802203001785,12.627695150879887,0.02625,0.065,0.78625,0.1325,0.01075,50
SAC,12.0,20.42275,0.010219320379464276,4.8682869246032825e-05,0.0,0.0,15.505352729113392,12.034701232066766,0.0,1.0,0.0,0.0,0.0,50
SAS,33.0,52.06875,0.0,0.0,0.0,-0.0005,0.0,0.0,1.0,0.0,0.0,0.0,0.0,50
UTA,23.0,38.47675,0.537518731332143,0.26189483644880945,0.09975,0.04675,9.263931370952232,9.064993620239882,0.45875,0.00125,0.146,0.4635,0.17775,50
ATL,27.0,40.4165,0.0,0.0,0.069,0.00375,0.0,0.0,0.36,0.0,0.06875,0.63825,0.14475,51
BOS,43.0,62.1415,0.004904354056437395,0.004904354056437395,0.0,0.0,5.162985097001761,5.162985097001761,1.0,0.0,0.0,0.0,0.0,51
BKN,17.0,27.6965,0.011367113095238092,-0.009137053571428563,0.0,0.0,8.452509672619048,8.802732738095237,0.0,0.257,0.743,0.0,0.0,51
CHA,24.0,35.778,0.4454961247212798,0.15876114244187348,0.01675,0.1085,10.581715052208633,12.592750105226688,0.05125,0.00025,0.7015,0.28325,0.00875,51
CHI,18.0,26.74125,0.24551985464374987,-0.11880433335640839,0.0,0.0,14.664668924458034,12.629436014200742,0.0,0.411,0.58875,0.00025,0.0,51
CLE,29.0,44.92025,0.0,0.0,0.05625,-0.12175,0.0,0.0,0.87375,0.0,0.0025,0.07975,0.18725,51
DET,37.0,53.7815,0.12009120370370377,0.12143045481798947,0.0,-0.00075,6.082736981922398,6.082736981922398,1.0,0.0,0.0,0.0,0.0,51
IND,31.0,45.247,0.11026611585961202,0.3385400925173897,0.0515,-0.13725,7.45157665380765,8.116060750855675,0.87125,0.0,0.00025,0.05725,0.20575,51
MIA,37.0,53.02575,-0.00027579230740189595,0.0006955944597310406,0.00025,-0.001,9.382940917107586,9.382940917107586,1.0,0.0,0.0,0.0,0.0,51
MIL,13.0,20.14,0.0,0.0,0.0,0.0,0.0,0.0,0.0,0.993,0.007,0.0,0.0,51
NYK,31.0,46.28525,0.0,0.0,0.0295,-0.11425,0.0,0.0,0.9325,0.0,0.0005,0.027,0.11775,51
ORL,29.0,43.1445,0.15083847905788697,0.4311976546206986,0.075,-0.09225,7.722569098925743,9.11800448915757,0.72875,0.0,0.0075,0.21075,0.29325,51
PHI,24.0,38.16725,0.3656829284287203,0.2530278049724404,0.0435,0.08625,9.378540135574555,11.846134637363036,0.17925,0.0,0.2395,0.683,0.0425,51
TOR,39.0,56.979,0.12770822310405658,0.12770822310405658,0.0,0.0,5.464360196208112,5.464360196208112,1.0,0.0,0.0,0.0,0.0,51
WAS,21.0,31.41,0.4056737686119044,0.007881347995238085,0.00325,0.0165,12.83135261633616,11.982513553813689,0.00325,0.01725,0.96225,0.0205,0.0,51
DAL,25.0,37.51975,0.18399834005000001,0.3322832070710332,0.087,0.038,0.5728298071933037,1.8029182507711647,0.40075,0.0,0.12175,0.47925,0.191,51
DEN,33.0,50.09275,0.0,0.0,0.0,-0.00125,0.0,0.0,1.0,0.0,0.0,0.0,0.0,51
GSW,25.0,36.593,0.5290872923473214,0.5143576954928655,0.09725,0.0795,9.73137757471771,11.266224543524816,0.3095,0.0,0.208,0.543,0.12275,51
HOU,24.0,38.641,0.36464434326517864,0.5254503964377578,0.07925,-0.0125,8.58620806435759,9.849566325452674,0.6215,0.0,0.07225,0.33275,0.2245,51
LAC,25.0,34.2365,0.0,0.0,0.04175,0.13325,5.157822619047618,5.157822619047618,0.071,0.00125,0.6405,0.30125,0.03875,51
LAL,34.0,50.14675,0.0,0.0,0.0005,-0.0025,0.0,0.0,1.0,0.0,0.0,0.0,0.0005,51
MEM,18.0,28.28975,0.32855417190937475,-0.07461434052601593,0.0015,0.0095,14.152196515645533,12.828251827010238,0.00175,0.1785,0.81375,0.0075,0.00025,51
MIN,35.0,51.3195,0.0,0.0,0.0,-0.00025,0.0,0.0,1.0,0.0,0.0,0.0,0.0,51
NOP,18.0,29.021,0.4780142857142857,-0.04270267857142858,0.002,0.008,19.40076830357143,15.845003125000002,0.00175,0.11875,0.871,0.01025,0.0,51
OKC,43.0,64.49475,0.000774371693121694,0.000774371693121694,0.0,0.0,5.157822619047618,5.157822619047618,1.0,0.0,0.0,0.0,0.0,51
PHX,28.0,42.5455,0.0,0.0,0.04425,-0.12,0.0,0.0,0.9175,0.0,0.00225,0.0395,0.125,51
POR,27.0,39.687,0.31273189099107146,0.5096151677142927,0.0915,-0.05825,8.278648215585863,9.360131179617808,0.6645,0.0,0.02925,0.234,0.29475,51
SAC,13.0,19.25525,0.058206253683928524,-0.0031185948102976095,0.0,0.0,15.70977951500089,12.105356666469088,0.0,0.9975,0.0025,0.0,0.0,51
SAS,32.0,51.29475,0.0,0.0,0.0,-0.00025,0.0,0.0,1.0,0.0,0.0,0.0,0.00025,51
UTA,20.0,30.9885,0.4051465437992556,0.026166801760119048,0.00875,0.03475,13.009801188378718,10.101505448253567,0.01175,0.0255,0.91725,0.0525,0.00225,51
ATL,25.0,37.10975,0.0,0.0,0.056,0.14075,0.0,0.0,0.14725,0.00075,0.39275,0.505,0.07075,52
BOS,32.0,49.28475,0.18207588726089063,0.2778246408245811,0.0075,-0.107,6.6006342786165675,6.784911091914286,0.9845,0.0,0.0,0.00025,0.07525,52
BKN,20.0,30.7585,0.005316666666666663,-0.018978422619047607,0.00225,0.01475,7.597199851190475,7.792288988095237,0.00325,0.291,0.6945,0.01325,0.00075,52
CHA,25.0,36.0585,0.6514466142257439,0.25032060936372025,0.049,0.141,11.125474519421282,12.239249225612458,0.08425,0.00425,0.57275,0.3815,0.02925,52
CHI,24.0,35.32725,0.6339250033931546,0.1765066598559269,0.0275,0.115,11.647968118442858,12.412732315525835,0.05425,0.0115,0.68075,0.28475,0.01525,52
CLE,35.0,52.17425,0.0,0.0,0.00225,-0.025,0.0,0.0,0.998,0.0,0.0,0.0,0.01175,52
DET,32.0,49.23375,0.19027092137797616,0.2816800481244047,0.009,-0.1065,6.607825909699377,6.782077465115449,0.98025,0.0,0.0,0.00025,0.073,52
IND,15.0,26.68775,0.09679923250089296,-0.05788176764493055,0.0,0.0005,15.320923171076338,12.093070753214377,0.0,0.88125,0.11825,0.0005,0.0,52
MIA,34.0,50.57575,-0.009376938451664462,0.032635048069459875,0.0085,-0.064,9.372460809426313,9.435280607612556,0.9905,0.0,0.0,0.0,0.0395,52
MIL,23.0,31.61075,0.0,0.0,0.0015,0.02125,0.0,0.0,0.00325,0.1765,0.80075,0.022,0.00075,52
NYK,40.0,59.635,0.0,0.0,0.0,0.0,0.0,0.0,1.0,0.0,0.0,0.0,0.0,52
ORL,26.0,41.21875,0.26678099011592266,0.35699207053574267,0.06125,0.0195,8.048865995116964,9.659697472826059,0.6915,0.0,0.034,0.231,0.4265,52
PHI,32.0,48.58525,0.20003495434184299,0.32341068391976957,0.0155,-0.1315,6.764899209706178,7.075154993314661,0.96225,0.0,0.0,0.001,0.13,52
TOR,33.0,50.064,0.17224942879017305,0.23113099323704803,0.00775,-0.072,6.460586607977939,6.588627278472135,0.986,0.0,0.0,0.0005,0.05275,52
WAS,28.0,37.4355,0.5862064109308036,0.24711831103273818,0.05325,0.1225,10.208204325213543,11.117777540394048,0.11475,0.00025,0.34075,0.56,0.0745,52
DAL,29.0,41.3555,0.09156537688794643,0.3113712134076999,0.11,-0.10975,0.17765160695624999,0.8544741341084822,0.674,0.0,0.043,0.231,0.179,52
DEN,33.0,48.9465,0.0,0.0,0.00025,-0.0025,0.0,0.0,1.0,0.0,0.0,0.0,0.00025,52
GSW,27.0,38.5875,0.562344956699256,0.5818849010446995,0.10925,0.0375,9.347701742489287,10.962470731785501,0.3395,0.00075,0.24275,0.4555,0.11775,52
HOU,27.0,42.799,0.18809245964255955,0.42425980041843114,0.064,-0.13425,7.621189153611458,8.10917811513066,0.88475,0.0,0.01125,0.108,0.088,52
LAC,24.0,32.4845,-0.0005519620811287483,-0.0005519620811287483,0.005,0.023,5.398976510141093,5.398739010141093,0.00375,0.1025,0.87025,0.02575,0.00075,52
LAL,27.0,42.7855,0.0,0.0,0.06675,-0.11475,0.0,0.0,0.86725,0.0,0.01525,0.115,0.0995,52
MEM,22.0,30.0525,0.31919373506741056,-0.11338906144685798,0.0005,0.005,14.59102088735982,12.48740528869179,0.0,0.41675,0.581,0.00225,0.0,52
MIN,27.0,41.7905,0.0,0.0,0.095,-0.14475,0.0,0.0,0.78475,0.0,0.02875,0.1845,0.137,52
NOP,23.0,32.3765,0.22016056547619042,0.002953125000000028,0.00325,0.0235,17.429925744047623,15.957690922619047,0.00375,0.11075,0.8585,0.0285,0.00075,52
OKC,36.0,55.4865,0.1190748126102294,0.1188373126102294,0.0,0.0,5.398976510141093,5.398739010141093,1.0,0.0,0.0,0.0,0.0,52
PHX,27.0,41.09725,0.0,0.0,0.10275,-0.10425,0.0,0.0,0.68725,0.00025,0.04825,0.256,0.169,52
POR,24.0,36.62025,0.6430638666294642,0.3697359723745975,0.07075,0.112,10.717478528921431,12.033232526210188,0.136,0.0035,0.59275,0.3,0.0445,52
SAC,5.0,11.773,0.0,-0.00020560954533730192,0.0,0.0,15.863406805357135,11.992311703543946,0.0,1.0,0.0,0.0,0.0,52
SAS,38.0,57.3845,0.0,0.0,0.0,0.0,0.0,0.0,1.0,0.0,0.0,0.0,0.0,52
UTA,27.0,40.701,0.36019022036130954,0.3277604074005952,0.10675,-0.0885,8.293500661512946,8.461964831582144,0.619,0.0,0.07375,0.2935,0.1635,52
ATL,25.0,38.24,0.0,0.0,0.043,0.124,0.0,0.0,0.15925,0.0,0.3715,0.538,0.0555,53
BOS,33.0,50.9195,0.12552868041765872,0.1397626010519345,0.001,-0.0125,6.340173636808148,6.354693272053335,0.9985,0.0,0.0,0.0005,0.00525,53
BKN,22.0,30.72875,0.0034361000881834216,0.002292498897707229,0.00025,0.00625,6.696338701499118,6.702336618165786,0.00025,0.0665,0.92825,0.00525,0.0,53
CHA,30.0,42.43175,0.23460855686086318,0.4892550859656916,0.0845,-0.031,8.059499224940923,9.749013983217335,0.567,0.0,0.0295,0.33975,0.29525,53
CHI,21.0,31.87775,0.439117686452827,0.00014316480742348637,0.00225,0.0155,12.956375745700743,12.808500771301787,0.00175,0.02425,0.96075,0.01475,0.00025,53
CLE,36.0,51.23025,0.0,0.0,0.00425,-0.01075,0.0,0.0,0.997,0.0,0.0,0.00025,0.005,53
DET,38.0,56.91,0.08941096781305125,0.08941096781305125,0.0,-0.00025,5.336154839065254,5.336154839065254,1.0,0.0,0.0,0.0,0.0,53
IND,24.0,37.31725,0.4505446674578869,0.24222838359661403,0.0445,0.12875,10.123780522088097,12.183953585868247,0.109,0.0,0.554,0.39825,0.026,53
MIA,33.0,49.01825,-0.0076946398116732794,0.03258328263457819,0.00825,-0.0465,9.36970839531141,9.429744915852467,0.98775,0.0,0.0,0.00375,0.02825,53
MIL,11.0,18.81075,0.0,0.0,0.0,0.0,0.0,0.0,0.0,0.99925,0.00075,0.0,0.0,53
NYK,35.0,52.68275,0.0,0.0,0.00025,-0.00225,0.0,0.0,0.99925,0.0,0.0,0.0,0.002,53
ORL,29.0,42.725,0.21815086349538698,0.48484118543715277,0.07425,-0.0415,7.977264331042114,9.540989529513169,0.62075,0.0,0.02625,0.301,0.287,53
PHI,30.0,47.56425,0.17640051715844907,0.27033041469932206,0.01275,-0.0875,6.96230176219393,7.107102709931382,0.97475,0.0,0.0,0.012,0.04725,53
TOR,28.0,42.09925,0.24914308317931555,0.5101342780299801,0.0815,-0.01075,8.10148215895,9.887814482348528,0.584,0.0,0.042,0.3835,0.24825,53
WAS,19.0,29.6805,0.3542047665897318,-0.03838990697202377,0.0005,0.0025,13.943387230064284,11.823701744645241,0.00075,0.14925,0.84775,0.003,0.0,53
DAL,17.0,28.137,0.3149675057482143,-0.12778920511482145,0.0005,0.00425,4.4046032365723224,2.9389490648114505,0.0005,0.34525,0.6515,0.00325,0.0,53
DEN,26.0,42.824,0.0,0.0,0.03725,-0.132,0.0,0.0,0.905,0.0,0.0035,0.08525,0.144,53
GSW,26.0,36.45275,0.49062442251101196,0.3019831900120846,0.05325,0.09575,10.403327235501788,11.724723029126606,0.14975,0.00025,0.2525,0.6615,0.0495,53
HOU,34.0,48.80075,0.16596871683293649,0.1747607160820436,0.001,-0.01125,6.6965696149406355,6.708030878093166,0.99925,0.0,0.0,0.0,0.005,53
LAC,19.0,27.9765,0.0002581238977072313,0.0002581238977072313,0.001,0.00425,5.1653082120811264,5.1653082120811264,0.00025,0.3735,0.6245,0.002,0.0,53
LAL,29.0,43.6435,0.0,0.0,0.054,-0.13775,0.0,0.0,0.9015,0.0,0.001,0.05825,0.1435,53
MEM,24.0,33.91275,0.46640551311413675,0.15691910922751542,0.01825,0.10575,11.876985801318156,12.505282489653615,0.03725,0.00225,0.7425,0.2405,0.0095,53
MIN,26.0,39.3015,0.0,0.0,0.08225,-0.018,0.0,0.0,0.4825,0.0,0.04325,0.56125,0.1695,53
NOP,21.0,31.30675,0.43655892857142864,-0.07538467261904758,0.00325,0.041,18.745728571428575,15.447586458333335,0.00575,0.03975,0.90725,0.05225,0.0005,53
OKC,40.0,60.5955,0.011615575396825409,0.011615575396825409,0.0,0.0,5.1653082120811264,5.1653082120811264,1.0,0.0,0.0,0.0,0.0,53
PHX,31.0,48.8975,0.0,0.0,0.0005,-0.008,0.0,0.0,0.99825,0.0,0.0,0.00025,0.00325,53
POR,31.0,43.038,0.17031882106101193,0.3413032513950042,0.05625,-0.1375,7.690973142250297,8.265474302649455,0.843,0.0,0.002,0.07925,0.2175,53
SAC,11.0,17.92025,0.04453136404553567,-0.000863607520847506,0.0,0.0,15.71285218031473,11.994426048540136,0.0,0.99975,0.00025,0.0,0.0,53
SAS,43.0,63.709,0.0,0.0,0.0,0.0,0.0,0.0,1.0,0.0,0.0,0.0,0.0,53
UTA,28.0,41.24825,0.285704942208631,0.27006230231250006,0.0915,-0.09725,8.150976823554315,8.331880904642263,0.677,0.0,0.011,0.25625,0.25775,53
ATL,28.0,42.85475,0.0,0.0,0.1075,-0.0015,0.0,0.0,0.39225,0.0,0.07175,0.58975,0.1445,54
BOS,34.0,49.4035,0.22369540495113538,0.3137851439822578,0.02,-0.06825,6.898899806938398,7.036425862705859,0.97075,0.0,0.0,0.0135,0.04425,54
BKN,13.0,21.25,0.0013733355379188705,0.0005277998236331556,0.0,0.0,6.253850341710758,6.257494835758378,0.0,0.509,0.491,0.0,0.0,54
CHA,31.0,44.581,0.24344522378943464,0.5584345891704295,0.1025,-0.10325,7.999070839027976,9.51141951982424,0.58775,0.0,0.0165,0.355,0.218,54
CHI,12.0,20.01375,0.1136983303816966,-0.09967500889994324,0.0,0.0,15.2849636456433,12.178444171294926,0.0,0.74025,0.25975,0.0,0.0,54
CLE,19.0,33.7365,0.0,0.0,0.0015,0.006,0.0,0.0,0.0015,0.0,0.993,0.007,0.0,54
DET,34.0,50.34025,0.21803881119041557,0.2827734339867095,0.0135,-0.0455,6.669927870807408,6.746798468170206,0.98425,0.0,0.0,0.00575,0.02725,54
IND,31.0,46.80875,0.1787709031311233,0.4550741494378125,0.064,-0.14075,7.443757315864169,8.08347028806577,0.85675,0.0,0.002,0.1005,0.15325,54
MIA,30.0,45.76025,-0.03584575994761346,0.3083440757380654,0.0955,-0.1325,9.242308687079928,10.14354580801606,0.7665,0.0,0.006,0.2015,0.18025,54
MIL,21.0,29.211,0.0,0.0,0.0,0.0,0.0,0.0,0.0,0.00075,0.99925,0.0,0.0,54
NYK,27.0,43.0955,0.0,0.0,0.0945,-0.019,0.0,0.0,0.47475,0.0,0.067,0.54575,0.147,54
ORL,32.0,48.3335,0.18816657084740962,0.37877764051349516,0.0325,-0.11325,7.129618212289941,7.405274942540635,0.9505,0.0,0.0,0.03375,0.07375,54
PHI,33.0,52.53525,0.21581134484133604,0.22650097277734796,0.00175,-0.0075,6.1558585462578925,6.168146396211564,0.99925,0.0,0.0,0.001,0.0035,54
TOR,40.0,54.62975,0.19023032651975874,0.19257531031216946,0.00025,-0.0015,5.695920182980599,5.6984910620758376,1.0,0.0,0.0,0.0,0.001,54
WAS,30.0,38.01025,0.3414682076727679,0.10366608252261915,0.01175,0.085,10.356180395705804,11.715253057250598,0.01575,0.0,0.84375,0.1465,0.00725,54
DAL,23.0,35.98,0.27456298527098216,0.18020472775843963,0.042,0.1275,1.3637780487933038,2.5233231763167945,0.13425,0.0,0.368,0.58775,0.029,54
DEN,38.0,56.75075,0.0,0.0,0.0,0.0,0.0,0.0,1.0,0.0,0.0,0.0,0.0,54
GSW,29.0,40.17025,0.32539151219494056,0.3946220225389385,0.0765,0.00125,9.049002397998064,10.44727844225791,0.40125,0.0,0.02975,0.51425,0.2815,54
HOU,36.0,52.048,0.20775482806162374,0.20978489516534396,0.00075,-0.0045,6.253850341710758,6.256420586216712,1.0,0.0,0.0,0.0,0.001,54
LAC,20.0,27.641,0.0018605379188712495,0.0018605379188712495,0.00025,0.002,5.995472337962963,5.995472337962963,0.0,0.0035,0.99425,0.00225,0.0,54
LAL,29.0,44.55075,0.0,0.0,0.03325,-0.1205,0.0,0.0,0.8845,0.0,0.0005,0.048,0.23225,54
MEM,24.0,33.92425,0.3878100702281248,0.150338017579443,0.01725,0.11175,12.105235360176192,12.50780874255738,0.031,0.0,0.76425,0.2295,0.0045,54
MIN,37.0,53.89525,0.0,0.0,0.00025,-0.00125,0.0,0.0,0.99975,0.0,0.0,0.0,0.0005,54
NOP,9.0,17.07375,0.01968407738095243,-0.023604315476190497,0.0,0.0,18.969534226190476,15.686666964285717,0.0,0.9635,0.0365,0.0,0.0,54
OKC,34.0,53.19875,0.2150809878954201,0.21549781236640222,0.00025,-0.001,5.995525763027696,5.995942587498678,0.99975,0.0,0.0,0.0,0.00025,54
PHX,20.0,33.33175,0.0,0.0,0.0195,0.0815,0.0,0.0,0.03375,0.0,0.82,0.17475,0.00375,54
POR,27.0,40.66875,0.2870312998796131,0.43065915026175594,0.06775,-0.00875,8.635307044715923,9.996512950939676,0.59025,0.0,0.0195,0.4185,0.287,54
SAC,13.0,19.775,0.11344601578973232,-0.09208273511867907,0.0,0.0,15.320932963695087,12.142650050831037,0.0,0.783,0.217,0.0,0.0,54
SAS,35.0,54.849,0.0,0.0,0.0,-0.00025,0.0,0.0,1.0,0.0,0.0,0.0,0.0,54
UTA,31.0,45.57875,0.1127353606607694,0.14162741931344797,0.02825,-0.128,7.476942450340806,7.59966678030152,0.9255,0.0,0.00025,0.025,0.16025,54
ATL,29.0,43.827,0.0,0.0,0.10725,-0.1135,0.0,0.0,0.741,0.0,0.0585,0.19975,0.138,55
BOS,36.0,52.77825,0.15214399110197324,0.15273452682102087,0.00025,-0.0005,5.77117133898557,5.771761874704618,0.99975,0.0,0.0,0.00025,0.0,55
BKN,16.0,27.44525,0.0022865465167548537,-0.003863007054673716,0.0,0.0,7.022324448853616,7.166299746472663,0.0,0.449,0.551,0.0,0.0,55
CHA,22.0,33.793,0.35765326119613083,0.015106173184628686,0.0025,0.01375,11.997992230636758,12.94008535337244,0.00325,0.004,0.9825,0.01225,0.00075,55
CHI,30.0,42.56725,0.33970734936830366,0.6837911002520223,0.11775,-0.04725,8.303458010489944,9.888353203162751,0.521,0.0,0.13275,0.323,0.15075,55
CLE,26.0,40.9995,0.0,0.0,0.1135,0.0475,0.0,0.0,0.364,0.0,0.3045,0.37725,0.096,55
DET,29.0,45.4165,0.2459967950916281,0.5081615572703185,0.05925,-0.1135,7.288719177364589,7.777819256143192,0.8855,0.0,0.01925,0.0865,0.0795,55
IND,30.0,43.53725,0.3279127804635418,0.7104953545032991,0.1145,-0.098,7.900890720446279,9.081104074640411,0.6765,0.0,0.0685,0.23975,0.13925,55
MIA,27.0,40.705,0.15070414183463962,0.4013262262289777,0.10875,0.07025,9.568698790089634,11.803021726540429,0.3015,0.0,0.3455,0.383,0.09825,55
MIL,20.0,30.55275,0.0,0.0,0.0,0.0005,0.0,0.0,0.00025,0.08175,0.918,0.00025,0.0,55
NYK,30.0,43.68025,0.0,0.0,0.10225,-0.10075,0.0,0.0,0.69375,0.0,0.061,0.2235,0.1635,55
ORL,32.0,47.178,0.22628922289889217,0.3496807554267011,0.02725,-0.06675,6.799399926619053,6.978159607467051,0.9665,0.0,0.00275,0.0245,0.04225,55
PHI,37.0,54.905,0.12483635361552041,0.12483635361552041,0.0,0.0,5.400641975308641,5.400641975308641,1.0,0.0,0.0,0.0,0.0,55
TOR,30.0,44.951,0.2814473012356813,0.5862193254776794,0.07525,-0.12175,7.414196921395331,8.062482605914644,0.847,0.0,0.021,0.13,0.09175,55
WAS,17.0,25.8175,0.2145315347660715,-0.08018181865714256,0.0,0.0,15.168060830819195,11.574028156140473,0.0,0.71225,0.28775,0.0,0.0,55
DAL,31.0,44.272,0.03057241229464286,0.16182857828377978,0.053,-0.128,0.0663093868419643,0.4894621283511906,0.83475,0.0,0.00025,0.0775,0.258,55
DEN,35.0,52.95425,0.0,0.0,0.0,-0.0035,0.0,0.0,1.0,0.0,0.0,0.0,0.0,55
GSW,21.0,32.32325,0.44723759337514857,0.12862341826195148,0.02,0.116,12.43189027381369,12.550893618350011,0.054,0.0175,0.65575,0.32575,0.00075,55
HOU,31.0,46.19075,0.22036492258247903,0.33346405601258816,0.02375,-0.1185,7.02707963872296,7.295109867690818,0.952,0.0,0.0,0.0205,0.10025,55
LAC,33.0,43.58275,0.0,0.0,0.06375,-0.11475,5.1570482473544965,5.1570482473544965,0.735,0.0,0.0,0.1075,0.36275,55
LAL,19.0,31.31075,0.0,0.0,0.01225,0.08475,0.0,0.0,0.03175,0.05825,0.743,0.19875,0.0,55
MEM,23.0,32.8865,0.4259780843227677,0.15191454560965983,0.0195,0.131,12.14582720756518,12.427998919694772,0.06675,0.01275,0.555,0.4315,0.0005,55
MIN,35.0,50.09975,0.0,0.0,0.002,-0.017,0.0,0.0,0.998,0.0,0.0,0.00075,0.00675,55
NOP,19.0,27.552,0.21312440476190478,-0.09289747023809523,0.0015,0.0145,18.15014285714286,16.380268154761904,0.0005,0.425,0.56125,0.01375,0.0,55
OKC,42.0,62.9245,0.0002581238977072313,0.0002581238977072313,0.0,0.0,5.1570482473544965,5.1570482473544965,1.0,0.0,0.0,0.0,0.0,55
PHX,31.0,45.4415,0.0,0.0,0.0425,-0.13125,0.0,0.0,0.92025,0.0,0.0,0.03,0.1545,55
POR,27.0,39.71475,0.30853457648199406,0.3531865168620025,0.069,-0.00975,9.019995941906103,11.041369713564334,0.3985,0.0,0.00775,0.7575,0.1155,55
SAC,15.0,22.4705,0.07794163671830358,-0.02227619302863946,0.0,0.0,15.731721375452228,12.114315820538463,0.0,0.9705,0.0295,0.0,0.0,55
SAS,32.0,51.48425,0.0,0.0,0.001,-0.00775,0.0,0.0,1.0,0.0,0.0,0.0,0.001,55
UTA,15.0,28.639,0.37691878866919626,0.007580554094642911,0.0065,0.0265,14.212839122791516,10.105062670469644,0.0085,0.269,0.6945,0.0365,0.0,55
ATL,25.0,38.4935,0.0,0.0,0.07075,0.11775,0.0,0.0,0.14675,0.0,0.56475,0.322,0.051,56
BOS,28.0,41.6765,0.43452463523407747,0.6761199016478671,0.1275,-0.03525,8.505830999446577,9.988192711404714,0.5055,0.0,0.10575,0.383,0.17425,56
BKN,14.0,22.46675,0.004993898809523811,-0.00544107142857143,0.0,0.0,7.440576697530863,7.678511965388006,0.0,0.94575,0.05425,0.0,0.0,56
CHA,29.0,41.7665,0.4110547669046132,0.6282767377653626,0.114,-0.02625,8.447459392239882,9.941502657605174,0.528,0.0,0.104,0.37325,0.179,56
CHI,17.0,29.1245,0.26443757800535683,-0.026603185972767795,0.00025,0.00025,14.107840392608034,12.73642227749181,0.0,0.045,0.95475,0.00025,0.0,56
CLE,39.0,56.98825,0.0,0.0,0.0,0.0,0.0,0.0,1.0,0.0,0.0,0.0,0.0,56
DET,44.0,63.92325,0.0,0.0,0.0,0.0,5.156790123456789,5.156790123456789,1.0,0.0,0.0,0.0,0.0,56
IND,28.0,42.918,0.3478198802327382,0.6337449379304281,0.10775,-0.103,7.970704666178124,9.076116639553055,0.69175,0.0,0.04475,0.258,0.17,56
MIA,29.0,45.6095,-0.005178422559992251,0.15478497665749255,0.04325,-0.0985,9.356889893574385,9.637867301148033,0.92875,0.0,0.00675,0.05425,0.074,56
MIL,21.0,29.71425,0.0,0.0,0.0,0.00025,0.0,0.0,0.0,0.02775,0.972,0.00025,0.0,56
NYK,32.0,48.524,0.0,0.0,0.00675,-0.03225,0.0,0.0,0.99475,0.0,0.00025,0.00375,0.0125,56
ORL,28.0,41.80925,0.3961352927311012,0.6069056655313705,0.108,-0.0405,8.471513108918304,9.94168524983794,0.51425,0.0,0.11425,0.35475,0.187,56
PHI,37.0,54.103,0.13562175925925943,0.13562175925925943,0.0,0.0,5.743334656084657,5.743334656084657,1.0,0.0,0.0,0.0,0.0,56
TOR,28.0,42.90675,0.33847525642008935,0.6131998274084822,0.102,-0.09175,7.996691116909226,9.069544005105243,0.69025,0.0,0.06,0.2505,0.15225,56
WAS,14.0,22.3605,0.0972664199549108,-0.021616037958333334,0.0,0.0,15.463988465587944,11.324259998114288,0.0,0.957,0.043,0.0,0.0,56
DAL,28.0,39.40925,0.1828476498794643,0.2502472460398597,0.07075,0.03775,0.7087510161361608,1.9831008679223852,0.20975,0.0,0.13625,0.66025,0.10325,56
DEN,27.0,42.02425,0.0,0.0,0.10575,-0.08675,0.0,0.0,0.63075,0.0,0.024,0.3745,0.18575,56
GSW,31.0,43.1415,0.3041189979056548,0.5870974050887685,0.0905,-0.1245,7.8686173196428575,8.814080061807191,0.717,0.0,0.00625,0.23925,0.18875,56
HOU,29.0,44.26475,0.28072599208416554,0.48835323851660606,0.0675,-0.131,7.460742556168661,8.035285314844689,0.8735,0.0,0.00475,0.12025,0.122,56
LAC,23.0,32.35175,0.0010377314814814839,0.0003646660052910069,0.00275,0.01775,6.159725881834216,6.159380941358026,0.0025,0.00225,0.979,0.0185,0.00025,56
LAL,33.0,49.4345,0.0,0.0,0.0045,-0.0165,0.0,0.0,0.996,0.0,0.0,0.00175,0.00825,56
MEM,25.0,35.14275,0.3601069343218749,0.10758365415539245,0.0145,0.0665,11.880841746512798,12.581111664100115,0.01975,0.0,0.85775,0.1325,0.0055,56
MIN,29.0,42.98225,0.0,0.0,0.08625,-0.11875,0.0,0.0,0.75,0.0,0.01025,0.23775,0.18275,56
NOP,21.0,29.2485,0.25507619047619046,0.04587172619047621,0.0,0.001,17.92188898809524,16.26133199404762,0.0,0.038,0.96175,0.00025,0.0,56
OKC,31.0,51.1835,0.08129500754614752,0.08237896516177251,0.0005,-0.00175,6.159159666487491,6.160232929691657,0.9995,0.0,0.0,0.00025,0.00025,56
PHX,27.0,43.846,0.0,0.0,0.06975,-0.1465,0.0,0.0,0.8525,0.0,0.004,0.149,0.1355,56
POR,22.0,32.5895,0.32813431920550556,0.02761776859467825,0.00425,0.02225,12.85703570919732,12.738909067268661,0.00425,0.003,0.972,0.024,0.00025,56
SAC,13.0,21.0495,0.08627179894687503,-0.01322892318020121,0.0,0.0,15.622997312833926,11.9613180503722,0.0,0.98125,0.01875,0.0,0.0,56
SAS,37.0,54.93,0.0,0.0,0.0,-0.00025,0.0,0.0,1.0,0.0,0.0,0.0,0.00025,56
UTA,31.0,46.0175,0.22962849652073963,0.26800470119737657,0.02975,-0.08575,7.009670112656613,7.100032235325066,0.9445,0.0,0.00075,0.04175,0.06725,56
ATL,24.0,39.68575,0.0,0.0,0.09425,0.131,0.0,0.0,0.21175,0.0,0.41875,0.4595,0.0535,57
BOS,35.0,50.2175,0.18873223840688932,0.20920615444751434,0.00475,-0.021,6.459465998947107,6.477627695758863,0.995,0.0,0.0,0.00175,0.006,57
BKN,15.0,24.24025,0.003415624999999976,-0.00923630952380951,0.0,0.0,8.936997767857143,9.410959523809524,0.0,0.5855,0.4145,0.0,0.0,57
CHA,30.0,43.82075,0.28617805402589297,0.5973053583012004,0.10475,-0.10275,8.001555375766815,9.219824681169827,0.6655,0.0,0.03825,0.25375,0.21,57
CHI,17.0,24.8895,0.16189950025089292,-0.12641910951335567,0.0,0.0,14.924487847893301,12.51837326585438,0.0,0.46275,0.53725,0.0,0.0,57
CLE,25.0,39.52825,0.0,0.0,0.069,0.111,0.0,0.0,0.1545,0.0,0.44475,0.44975,0.0495,57
DET,38.0,54.03975,0.1658581153204642,0.16627493979144634,0.00025,-0.001,5.622594050064732,5.623010874535714,0.99975,0.0,0.0,0.0,0.00025,57
IND,32.0,49.45075,0.21786299430358244,0.25086834195209434,0.00625,-0.02625,6.603390266429211,6.64210695767564,0.991,0.0,0.00025,0.00525,0.01025,57
MIA,28.0,42.942,0.08509836526176708,0.37283672027882525,0.10325,-0.058,9.372439907523308,10.851540314009155,0.55675,0.0,0.0575,0.385,0.18775,57
MIL,20.0,28.4855,0.0,0.0,0.0,0.00025,0.0,0.0,0.0,0.04875,0.95125,0.0,0.0,57
NYK,30.0,44.16675,0.0,0.0,0.10225,-0.11575,0.0,0.0,0.69625,0.0,0.02325,0.23025,0.2115,57
ORL,33.0,48.93775,0.2091609314139054,0.26860229760785387,0.012,-0.0495,6.737186152166789,6.813388344792533,0.98575,0.0,0.001,0.0065,0.02425,57
PHI,27.0,44.872,0.22383436824398706,0.4908718225746248,0.0755,-0.1385,7.633903060338244,8.420525408152855,0.83825,0.0,0.01475,0.148,0.145,57
TOR,32.0,46.51975,0.21513960073613866,0.39518694305588076,0.0465,-0.11225,7.295781271146539,7.678276808549912,0.9055,0.0,0.00325,0.0585,0.102,57
WAS,22.0,31.19525,0.2771842574339282,-0.00042422725892857384,0.0,0.0025,13.090225353294642,11.961892169047617,0.0,0.00375,0.9945,0.00175,0.0,57
DAL,23.0,32.4575,0.2492841192629465,0.01629895575875,0.001,0.01575,2.553620294494196,3.3889049903544692,0.001,0.00075,0.97925,0.02,0.0,57
DEN,39.0,55.82675,0.0,0.0,0.0,-0.0005,0.0,0.0,1.0,0.0,0.0,0.0,0.00025,57
GSW,29.0,42.60225,0.3015610098335703,0.4413932111901179,0.079,-0.02725,8.378886202614854,9.93296090271039,0.548,0.0,0.00875,0.3945,0.30475,57
HOU,26.0,40.599,0.3477756559156251,0.3306523624401062,0.05925,0.02175,9.107877728409823,11.069270827035014,0.35625,0.0,0.04375,0.71625,0.126,57
LAC,20.0,29.59625,0.00012431106701940142,0.0016429122574955935,0.0,0.00125,5.83935326829806,5.84603764329806,0.0,0.0195,0.98,0.0005,0.0,57
LAL,30.0,47.09525,0.0,0.0,0.0315,-0.12975,0.0,0.0,0.9255,0.0,0.0,0.02575,0.16625,57
MEM,14.0,22.064,0.079573615260268,-0.05860327053093238,0.0,0.0,15.34428726519196,12.154235729716685,0.0,0.87925,0.12075,0.0,0.0,57
MIN,34.0,50.75425,0.0,0.0,0.00425,-0.03875,0.0,0.0,0.9945,0.0,0.0,0.001,0.01575,57
NOP,23.0,34.36,0.2626285714285714,0.04196622023809525,0.0075,0.04975,16.169052232142857,16.58305193452381,0.012,0.0,0.914,0.083,0.00125,57
OKC,35.0,53.0525,0.19275862035260707,0.20009211834888682,0.001,-0.00575,5.8397806688159175,5.849012614920679,0.998,0.0,0.0,0.0,0.00425,57
PHX,32.0,49.02,0.0,0.0,0.01225,-0.0915,0.0,0.0,0.9755,0.0,0.0,0.00425,0.05875,57
POR,32.0,46.903,0.2081463099950397,0.37407640220724214,0.0405,-0.13275,7.242423573587995,7.725795071087499,0.896,0.0,0.0,0.029,0.19025,57
SAC,9.0,15.3685,0.008516610332589278,-0.00033924313492063264,0.0,0.0,15.853766605860262,12.048761267884226,0.0,0.99975,0.00025,0.0,0.0,57
SAS,39.0,57.018,0.0,0.0,0.0,-0.00025,0.0,0.0,1.0,0.0,0.0,0.0,0.0,57
UTA,27.0,40.29125,0.3572281818690477,0.16087370025714284,0.05675,0.0265,9.312809513600595,9.327106620314288,0.29325,0.0,0.054,0.72575,0.1325,57
ATL,25.0,37.883,0.0,0.0,0.042,0.124,0.0,0.0,0.06875,0.0,0.66925,0.30675,0.01575,58
BOS,35.0,49.88125,0.1384774976962522,0.190544024124526,0.009,-0.03925,6.430256382785721,6.498496458226742,0.9875,0.0,0.0,0.00325,0.025,58
BKN,19.0,29.27925,0.0026895227072310417,0.0022374393738977066,0.00025,0.00125,7.070500121252204,7.078180478395061,0.0,0.08825,0.91125,0.0005,0.0,58
CHA,28.0,40.25975,0.3380747182278275,0.37632424954942445,0.06325,0.08475,9.066877165734079,11.608957352970599,0.19625,0.0,0.246,0.612,0.077,58
CHI,18.0,27.13675,0.2347792772183035,-0.11302835773705187,0.0,0.0,14.623489763455357,12.657503884433515,0.0,0.31,0.69,0.0,0.0,58
CLE,30.0,47.25475,0.0,0.0,0.03225,-0.12,0.0,0.0,0.94475,0.0,0.00025,0.0345,0.09725,58
DET,31.0,47.68875,0.20592339392454803,0.37044817823206927,0.026,-0.1075,6.8476532230761356,7.129875936875709,0.9515,0.0,0.00125,0.026,0.0815,58
IND,36.0,53.4465,0.10524611624357923,0.10717528155206137,0.00075,-0.0025,6.016507420876021,6.018263496461289,0.99975,0.0,0.0,0.0,0.00075,58
MIA,27.0,42.1005,0.060941215887472575,0.3538362415555158,0.103,0.0135,9.147538797179605,11.36839669879797,0.41375,0.0,0.08375,0.55525,0.17025,58
MIL,17.0,26.26425,0.0,0.0,0.0,0.0,0.0,0.0,0.0,0.45775,0.54225,0.0,0.0,58
NYK,30.0,44.91525,0.0,0.0,0.08,-0.1215,0.0,0.0,0.763,0.0,0.00675,0.177,0.23825,58
ORL,33.0,48.52475,0.19857912735605157,0.30928630721697414,0.0245,-0.0805,6.667088235886089,6.835398768846754,0.96625,0.0,0.00025,0.016,0.05075,58
PHI,35.0,53.00875,0.09892970065856488,0.10048131981035058,0.0005,-0.00325,6.084940205508654,6.087597096752405,0.9995,0.0,0.0,0.00025,0.00075,58
TOR,29.0,44.32825,0.2279698136456846,0.589449160652962,0.09275,-0.096,7.650358658355803,9.068396066906367,0.70625,0.0,0.018,0.24375,0.2425,58
WAS,24.0,33.9065,0.42950721683303544,0.021298212133333334,0.0025,0.022,12.214185942639732,11.943978978510714,0.00275,0.00025,0.97475,0.02475,0.00025,58
DAL,24.0,38.845,0.1828821798,0.3531802115425255,0.10575,-0.02675,0.3912267407732143,1.1119194211844219,0.66225,0.0,0.08575,0.2415,0.224,58
DEN,42.0,59.84625,0.0,0.0,0.0,0.0,0.0,0.0,1.0,0.0,0.0,0.0,0.0,58
GSW,24.0,35.6305,0.6265131844751488,0.4649553598513673,0.077,0.13475,10.90947194503289,11.781601613544433,0.1915,0.0,0.46925,0.355,0.09725,58
HOU,33.0,46.2495,0.15891502181065364,0.16876791675896716,0.0035,-0.015,7.070384437230776,7.083870227663513,0.99675,0.0,0.0,0.00075,0.00675,58
LAC,19.0,27.1165,0.0012906194885361566,0.0012906194885361566,0.0,0.001,5.469752987213403,5.469752987213403,0.0,0.30575,0.6935,0.00075,0.0,58
LAL,30.0,45.056,0.0,0.0,0.0075,-0.0375,0.0,0.0,0.98975,0.0,0.00025,0.0045,0.02125,58
MEM,26.0,36.586,0.6274851981697918,0.5793360991475536,0.0975,0.10625,10.256699918841072,11.209327063790926,0.2845,0.0,0.31725,0.38025,0.1585,58
MIN,23.0,37.51925,0.0,0.0,0.11975,0.059,0.0,0.0,0.49425,0.0,0.1925,0.34875,0.1775,58
NOP,16.0,23.7465,0.018628273809523848,-0.20425119047619045,0.0,0.0,20.241903571428573,15.504316964285714,0.0,0.84625,0.15375,0.0,0.0,58
OKC,36.0,56.1735,0.12902388668430348,0.12902388668430348,0.0,0.0,5.469752987213403,5.469752987213403,1.0,0.0,0.0,0.0,0.0,58
PHX,30.0,42.66175,0.0,0.0,0.042,-0.1,0.0,0.0,0.9245,0.0,0.00275,0.031,0.099,58
POR,23.0,34.93425,0.6015838165919641,0.38797699932863916,0.06725,0.13825,11.364540678535715,12.060516880747478,0.1465,0.0,0.59575,0.279,0.062,58
SAC,13.0,20.08,0.04285156464910713,-0.008085743773565744,0.0,0.0,15.787165445423655,12.059832183415846,0.0,0.99175,0.00825,0.0,0.0,58
SAS,41.0,63.1425,0.0,0.0,0.0,0.0,0.0,0.0,1.0,0.0,0.0,0.0,0.0,58
UTA,23.0,36.53425,0.6355257652114583,0.2691929776285713,0.10725,0.09675,10.230979513791223,9.322434980880953,0.31,0.0,0.33725,0.3585,0.15375,58
ATL,18.0,32.0445,0.0,0.0,0.0145,0.06275,0.0,0.0,0.02425,0.04325,0.83825,0.11425,0.0025,59
BOS,37.0,52.204,0.20747089578502548,0.21077005801434096,0.00075,-0.003,5.966336087825066,5.968749567574174,0.999,0.0,0.0,0.0,0.00125,59
BKN,20.0,32.393,-0.0008291391093474439,0.007969968033509701,0.01125,0.069,6.793434656084656,6.871855042989417,0.0195,0.02375,0.83925,0.129,0.006,59
CHA,35.0,48.0715,0.206637510609364,0.2610832918162092,0.01375,-0.06025,6.936469494045982,7.034697699721428,0.97325,0.0,0.0,0.00175,0.04675,59
CHI,21.0,31.1595,0.5673675946136902,0.013572280277319975,0.0035,0.038,12.841940881997916,12.798374360883795,0.007,0.06925,0.87775,0.051,0.0015,59
CLE,22.0,37.5785,0.0,0.0,0.06775,0.0735,0.0,0.0,0.34525,0.00025,0.12125,0.68625,0.1125,59
DET,32.0,49.1565,0.2118556460516865,0.2364276435780258,0.0035,-0.03725,6.689453213635846,6.723109919238972,0.995,0.0,0.0,0.00025,0.0145,59
IND,34.0,51.8545,0.22361504629629642,0.2252892172070107,0.0,-0.004,6.046916293712716,6.0540233335494715,0.99925,0.0,0.0,0.0,0.003,59
MIA,23.0,36.56775,0.26705203652699516,0.19945999424031868,0.0515,0.09525,9.928728591701995,12.0244971001791,0.1915,0.0005,0.2135,0.68025,0.063,59
MIL,22.0,30.94025,0.0,0.0,0.0045,0.03425,0.0,0.0,0.00375,0.07675,0.881,0.04175,0.00025,59
NYK,27.0,40.38925,0.0,0.0,0.075,-0.01675,0.0,0.0,0.56825,0.0,0.01475,0.27125,0.429,59
ORL,29.0,46.215,0.13425152602778884,0.2063975536699019,0.015,-0.11025,7.253387993157626,7.47566623823337,0.9665,0.0,0.0,0.0045,0.0965,59
PHI,33.0,51.473,0.21237277030282747,0.21791878984464294,0.00025,-0.0065,6.14257438760742,6.146089507675872,0.9995,0.0,0.0,0.0,0.0015,59
TOR,29.0,44.563,0.12290665053297509,0.23227585484218,0.027,-0.117,7.477167557836012,7.984111798809203,0.908,0.0,0.0005,0.01975,0.22175,59
WAS,16.0,23.8895,0.11794208207857144,-0.029749069423214168,0.0,0.0,15.63745612754196,11.43875022517321,0.0,0.93925,0.06075,0.0,0.0,59
DAL,23.0,34.01125,0.35037914832678574,0.12860471211490648,0.02025,0.119,1.3621165555977681,2.6363046843267437,0.08375,0.0055,0.30175,0.6915,0.0005,59
DEN,34.0,51.572,0.0,0.0,0.002,-0.01075,0.0,0.0,0.999,0.0,0.0,0.00075,0.00325,59
GSW,29.0,41.31075,0.17496265803020838,0.38243012502739515,0.06225,-0.029,8.277695609106846,10.788767771186423,0.411,0.0,0.001,0.68875,0.157,59
HOU,33.0,48.67825,0.209168900235808,0.2828477324093199,0.01,-0.0635,6.799629232413375,6.944264862595519,0.9775,0.0,0.0,0.01075,0.04625,59
LAC,22.0,30.6315,0.0007125000000000001,0.0007125000000000001,0.007,0.07275,5.35048906525573,5.35048906525573,0.00875,0.086,0.78425,0.12975,0.0,59
LAL,29.0,44.87375,0.0,0.0,0.0565,-0.12725,0.0,0.0,0.83025,0.0,0.0,0.11875,0.25875,59
MEM,19.0,27.2895,0.3413662592874999,-0.1117347485574492,0.00075,0.01125,14.798412514387945,12.430894236984809,0.00075,0.56125,0.427,0.01175,0.0,59
MIN,30.0,45.29125,0.0,0.0,0.049,-0.12875,0.0,0.0,0.8435,0.0,0.0,0.09025,0.25225,59
NOP,20.0,28.34525,0.37925,-0.1442441964285714,0.001,0.01625,17.42059568452381,16.352784077380957,0.0025,0.3545,0.62425,0.02125,0.0,59
OKC,38.0,55.43925,0.11933018077601423,0.11933018077601423,0.0,0.0,5.35048906525573,5.35048906525573,1.0,0.0,0.0,0.0,0.0,59
PHX,30.0,45.44175,0.0,0.0,0.05125,-0.14575,0.0,0.0,0.85075,0.0,0.0,0.087,0.24575,59
POR,36.0,49.51975,0.23576112204420746,0.30588512899777887,0.01425,-0.05225,6.610784887909055,6.705360394735395,0.982,0.0,0.0,0.004,0.03625,59
SAC,21.0,30.7735,0.5666368077139877,0.038830245247691283,0.0055,0.07325,13.033840909079464,12.674786354277687,0.00975,0.0925,0.7645,0.143,0.0,59
SAS,42.0,62.38875,0.0,0.0,0.0,0.0,0.0,0.0,1.0,0.0,0.0,0.0,0.0,59
UTA,16.0,25.93375,0.22778429168348216,-0.004591900594642852,0.0005,0.0035,15.203631115259373,10.096836946981547,0.0005,0.74725,0.25025,0.0025,0.0,59
ATL,29.0,43.07975,0.0,0.0,0.08875,-0.08925,0.0,0.0,0.61875,0.0,0.014,0.29825,0.2705,60
BOS,35.0,53.40575,0.15874875440917116,0.1600848782910164,0.0,-0.00175,6.02176450617284,6.023100630054685,1.0,0.0,0.0,0.0,0.0005,60
BKN,17.0,25.61075,0.000520238095238094,-0.004068452380952385,0.0,0.0,7.908086160714285,8.30562663690476,0.0,0.1075,0.8925,0.0,0.0,60
CHA,27.0,40.8885,0.3203688946656251,0.4467611861839838,0.08475,0.013,8.587007147907887,10.825915693727667,0.38425,0.0,0.075,0.61425,0.141,60
CHI,22.0,33.90325,0.49112413865863075,0.06103892513983833,0.0065,0.0475,12.055857488410714,12.825946029898027,0.00825,0.00025,0.9395,0.05875,0.00125,60
CLE,24.0,39.5025,0.0,0.0,0.06425,0.0685,0.0,0.0,0.3085,0.0,0.16225,0.67775,0.073,60
DET,36.0,53.08725,0.14178659856561404,0.14419133303064383,0.00025,-0.0025,6.0728279235215235,6.075244851557386,0.99975,0.0,0.0,0.0,0.001,60
IND,31.0,46.889,0.15350559666699184,0.3187863639269621,0.02775,-0.11325,7.225035308991936,7.489891259175616,0.94575,0.0,0.0,0.023,0.08725,60
MIA,20.0,34.0485,0.4693669110078867,0.05482652030611284,0.0135,0.05025,11.974556483521981,12.932036705133495,0.01475,0.0,0.929,0.06975,0.0005,60
MIL,14.0,20.669,0.0,0.0,0.0,0.0,0.0,0.0,0.0,0.933,0.067,0.0,0.0,60
NYK,35.0,52.629,0.0,0.0,0.00025,-0.00375,0.0,0.0,0.99975,0.0,0.0,0.0,0.0005,60
ORL,32.0,44.795,0.16999857013273814,0.4561213038781747,0.07925,-0.14025,7.587517690892113,8.460428886479692,0.7915,0.0,0.00275,0.094,0.2715,60
PHI,31.0,47.94075,0.1676807398138889,0.2768894227227182,0.01825,-0.082,7.010068709089628,7.1597989656618495,0.97425,0.0,0.0,0.01025,0.05125,60
TOR,30.0,46.58025,0.14701091472267416,0.29627319233576943,0.03125,-0.116,7.262869369918335,7.595947987098565,0.937,0.0,0.00025,0.03425,0.09975,60
WAS,24.0,35.038,0.5103736983062499,0.07480005386488099,0.01125,0.0665,11.405298261890179,11.829753168743451,0.0175,0.0,0.877,0.11975,0.002,60
DAL,35.0,51.2165,0.0,0.0005473842973214287,0.0,-0.00125,5.033393883928572e-05,0.001119316536607143,0.99975,0.0,0.0,0.00025,0.0005,60
DEN,38.0,55.0155,0.0,0.0,0.0,0.0,0.0,0.0,1.0,0.0,0.0,0.0,0.0,60
GSW,29.0,41.94075,0.19829499906904763,0.3902779018352608,0.0625,-0.10175,7.940331712599406,8.860492218518445,0.75525,0.0,0.0015,0.15975,0.301,60
HOU,28.0,41.717,0.2273650373900298,0.4012155316094317,0.07,-0.09525,7.9498446747882445,8.87879794219769,0.7655,0.0,0.004,0.171,0.2845,60
LAC,23.0,31.1235,-0.000774371693121694,-0.000774371693121694,0.004,0.0465,5.231423644179893,5.231423644179893,0.0055,0.00025,0.92275,0.07625,0.00025,60
LAL,19.0,30.11025,0.0,0.0,0.005,0.02625,0.0,0.0,0.00575,0.004,0.95925,0.03675,0.0,60
MEM,23.0,34.8305,0.5718669659572916,0.2141171071158104,0.041,0.1235,11.243797297158036,12.152205940229297,0.117,0.0,0.43225,0.5405,0.017,60
MIN,34.0,49.63525,0.0,0.0,0.00125,-0.0095,0.0,0.0,0.9985,0.0,0.0,0.0,0.004,60
NOP,11.0,19.69725,0.09287142857142855,-0.010548214285714265,0.0,0.0,20.865447767857145,14.707683482142858,0.0,0.969,0.031,0.0,0.0,60
OKC,41.0,58.814,0.05708109567901241,0.05708109567901241,0.0,0.0,5.231423644179893,5.231423644179893,1.0,0.0,0.0,0.0,0.0,60
PHX,21.0,33.829,0.0,0.0,0.02975,0.12775,0.0,0.0,0.07725,0.0,0.63775,0.35,0.00675,60
POR,31.0,43.3995,0.14753257672053574,0.29306869233341837,0.048,-0.125,7.650033821862202,8.201215099031447,0.85775,0.0,0.00025,0.06325,0.21625,60
SAC,12.0,18.76575,0.08847332099330361,-0.013252623985243737,0.0,0.0,15.635266320615175,12.044555755207941,0.0,0.986,0.014,0.0,0.0,60
SAS,42.0,62.817,0.0,0.0,0.0,0.0,0.0,0.0,1.0,0.0,0.0,0.0,0.0,60
UTA,26.0,39.021,0.349461780277381,0.22255866954821427,0.07625,-0.0085,8.997998638477977,9.061020863086906,0.41775,0.0,0.038,0.60225,0.16975,60
ATL,23.0,36.4385,0.0,0.0,0.034,0.12775,0.0,0.0,0.0885,0.0,0.57775,0.402,0.01,61
BOS,30.0,45.40625,0.0802893548700893,0.2786364321944941,0.033,-0.13325,7.432720603815178,8.094285788437315,0.89275,0.0,0.001,0.03525,0.2315,61
BKN,13.0,20.72225,-7.440476190476719e-07,-0.008177678571428575,0.0,0.0,7.614508333333331,7.846049255952379,0.0,0.98025,0.01975,0.0,0.0,61
CHA,26.0,38.217,0.2960594783507441,0.2562184656577592,0.04475,0.09325,9.163343148036459,11.807786427917057,0.1655,0.0,0.249,0.67575,0.04075,61
CHI,16.0,26.46525,0.3360407663669641,-0.11545748610227441,0.0,0.0005,14.516526980659819,12.56168381161079,0.0,0.41275,0.58675,0.0005,0.0,61
CLE,31.0,45.1925,0.0,0.0,0.0505,-0.1255,0.0,0.0,0.83375,0.0,0.0,0.0445,0.30925,61
DET,37.0,55.34675,0.1431529982363317,0.14382262379347455,0.0,-0.00025,5.898499647266315,5.898499647266315,1.0,0.0,0.0,0.0,0.0,61
IND,25.0,38.85125,0.2859375642413692,0.30371114235539526,0.05825,0.07075,8.88433140647768,11.579101724320752,0.2365,0.0,0.1665,0.71225,0.067,61
MIA,36.0,53.87175,0.0,0.0003477546090542325,0.0,-0.00125,9.382940917107586,9.383271384271087,1.0,0.0,0.0,0.0,0.00025,61
MIL,19.0,27.89475,0.0,0.0,0.0,0.00075,0.0,0.0,0.0,0.19425,0.80525,0.0005,0.0,61
NYK,36.0,51.532,0.0,0.0,0.00325,-0.012,0.0,0.0,0.99625,0.0,0.0,0.0,0.007,61
ORL,39.0,54.80475,0.13388873456790135,0.13586148242772275,0.0,-0.002,5.984202899029984,5.986182351276411,1.0,0.0,0.0,0.0,0.00075,61
PHI,36.0,55.65125,0.15000741843033524,0.15000741843033524,0.0,-0.00025,5.842016258818343,5.842016258818343,1.0,0.0,0.0,0.0,0.0,61
TOR,28.0,43.60225,0.1177875851589286,0.34569219833038695,0.058,-0.08375,7.63007012679613,8.849756958414288,0.78675,0.0,0.00725,0.12875,0.3335,61
WAS,18.0,27.436,0.39692384041741047,-0.07208170135178568,0.0,0.0,14.138370488809372,11.822477675636904,0.0,0.2465,0.753,0.0005,0.0,61
DAL,15.0,26.058,0.31099890070848213,-0.16163602551969813,0.00075,0.0025,4.509822309636608,2.8809735443261992,0.00025,0.4745,0.52325,0.00225,0.0,61
DEN,32.0,46.8925,0.0,0.0,0.0015,-0.02125,0.0,0.0,0.996,0.0,0.0,0.0,0.01125,61
GSW,17.0,27.04075,0.37115143932366057,-0.09965882097236797,0.002,0.00925,14.276141993178568,12.650208347498598,0.00125,0.30325,0.69025,0.00625,0.00025,61
HOU,26.0,41.291,0.12182357138258929,0.2520493321468679,0.036,-0.1145,7.633751591482738,8.177001084590277,0.904,0.0,0.0015,0.05725,0.206,61
LAC,22.0,34.23325,0.0,0.0,0.05925,0.1135,5.157306371252203,5.157306371252203,0.2125,0.0005,0.312,0.6045,0.0465,61
LAL,34.0,49.972,0.0,0.0,0.0005,-0.002,0.0,0.0,0.99975,0.0,0.0,0.0,0.001,61
MEM,24.0,31.16475,0.42700487103526763,0.12768659004665234,0.0115,0.0975,12.341783259234672,12.696746769628565,0.01575,0.01275,0.82275,0.157,0.00525,61
MIN,33.0,49.91775,0.0,0.0,0.0,-0.0005,0.0,0.0,1.0,0.0,0.0,0.0,0.00025,61
NOP,23.0,32.21725,0.21388407738095236,0.15063913690476188,0.02475,0.11425,15.876427529761907,15.947475000000003,0.049,0.004,0.7025,0.27575,0.012,61
OKC,43.0,64.69075,0.0,0.0,0.0,0.0,5.157306371252203,5.157306371252203,1.0,0.0,0.0,0.0,0.0,61
PHX,27.0,42.45425,0.0,0.0,0.02625,-0.12325,0.0,0.0,0.93375,0.0,0.00025,0.01925,0.145,61
POR,28.0,38.7535,0.25792607926785716,0.3804190036274462,0.06125,-0.0435,8.475030868584227,9.629100452525106,0.58775,0.0,0.01525,0.2325,0.43825,61
SAC,18.0,26.683,0.3608666202343749,-0.11917612610407144,0.00025,0.00525,14.455002630803122,12.59151858977784,0.0005,0.37125,0.62275,0.006,0.0,61
SAS,41.0,61.40775,0.0,0.0,0.0,0.0,0.0,0.0,1.0,0.0,0.0,0.0,0.0,61
UTA,24.0,35.791,0.4131707756943453,0.19168893272321424,0.064,0.06475,9.7088838017,9.386549321909524,0.2995,0.0,0.14325,0.63925,0.13425,61
ATL,33.0,47.916,0.0,0.0,0.04275,-0.13675,0.0,0.0,0.89925,0.0,0.00175,0.0435,0.14875,62
BOS,38.0,55.68,0.1503961309523811,0.1503726190476192,0.0,-0.00075,5.534874801587301,5.535564811816766,1.0,0.0,0.0,0.0,0.00025,62
BKN,12.0,21.1905,-0.0024032738095238083,-0.00032782738095238085,0.0,0.0,7.301508779761903,7.346435416666665,0.0,0.80825,0.19175,0.0,0.0,62
CHA,28.0,41.3645,0.37280396219419654,0.4268504854757269,0.0745,0.093,9.048620675295536,11.489795734834088,0.25175,0.0,0.284,0.5235,0.1055,62
CHI,19.0,30.0735,0.2034955290160712,-0.003853317474498283,0.0,0.00025,13.308137617165624,12.903408942237457,0.0,0.00375,0.99625,0.0,0.0,62
CLE,34.0,49.06175,0.0,0.0,0.02975,-0.10575,0.0,0.0,0.9525,0.0,0.00075,0.013,0.08825,62
DET,35.0,53.209,0.1419118080012402,0.14942570174424613,0.00025,-0.00875,5.982963223827354,5.992762955766193,0.99925,0.0,0.0,0.00025,0.0035,62
IND,30.0,43.447,0.278289093536756,0.4799013240418806,0.07975,0.00875,8.256615136881548,10.266973994070526,0.45275,0.0,0.07725,0.4105,0.2695,62
MIA,27.0,42.39075,0.12799656140741303,0.3252212598691546,0.09625,0.05375,9.307742940399116,11.528457200046901,0.39725,0.0,0.15125,0.53675,0.15175,62
MIL,16.0,23.09275,0.0,0.0,0.0,0.0,0.0,0.0,0.0,0.55525,0.44475,0.0,0.0,62
NYK,36.0,52.6245,0.0,0.0,0.001,-0.01425,0.0,0.0,0.9975,0.0,0.0,0.00025,0.00575,62
ORL,33.0,47.54875,0.21953972286690368,0.4429767554921332,0.0515,-0.122,7.061444763241821,7.647720105974023,0.88,0.0,0.00325,0.05325,0.1775,62
PHI,36.0,54.554,0.14976934523809537,0.15041564216607156,0.0,-0.00275,5.747370979077077,5.749133911701334,0.99975,0.0,0.0,0.0,0.00075,62
TOR,26.0,40.1885,0.3935931232190477,0.3277059756079505,0.061,0.12725,9.550656350446133,11.985553404371638,0.17,0.0,0.48175,0.419,0.0485,62
WAS,15.0,23.452,0.18952151694196434,-0.0841086109994047,0.0,0.0,14.966757891932588,11.671308968737499,0.0,0.488,0.512,0.0,0.0,62
DAL,27.0,43.28925,0.04880939194330358,0.19600756461678145,0.054,-0.141,0.07183164064508929,0.3631702929555952,0.8995,0.0,0.00775,0.08875,0.11725,62
DEN,29.0,44.68025,0.0,0.0,0.038,-0.1025,0.0,0.0,0.94625,0.0,0.0035,0.03425,0.07725,62
GSW,30.0,42.495,0.3082166345995536,0.4961534265247307,0.08775,-0.1315,7.996611836959821,8.643019381626694,0.78,0.0,0.0175,0.15,0.20425,62
HOU,30.0,45.427,0.1553600107447917,0.2551767692400936,0.02475,-0.0785,7.308876420674553,7.453961495660464,0.96825,0.0,0.00075,0.01825,0.05625,62
LAC,18.0,24.291,0.0,0.0,0.0,0.0,5.161952601410934,5.161952601410934,0.0,0.32425,0.67575,0.0,0.0,62
LAL,26.0,41.07525,0.0,0.0,0.103,-0.086,0.0,0.0,0.6775,0.0,0.05575,0.28525,0.2055,62
MEM,27.0,37.08975,0.44808506873630966,0.3524765930283034,0.049,0.12675,10.892247957172174,12.037932928815543,0.122,0.0,0.50175,0.3965,0.06425,62
MIN,37.0,55.00275,0.0,0.0,0.0,0.0,0.0,0.0,1.0,0.0,0.0,0.0,0.0,62
NOP,22.0,30.7345,0.1741022321428572,0.026576041666666668,0.0015,0.009,18.291965625,16.178747023809525,0.00025,0.0005,0.99325,0.00575,0.0005,62
OKC,41.0,61.74075,0.0038718584656084695,0.0038718584656084695,0.0,0.0,5.161952601410934,5.161952601410934,1.0,0.0,0.0,0.0,0.0,62
PHX,27.0,38.594,0.0,0.0,0.081,0.06225,0.0,0.0,0.25675,0.0,0.2425,0.51,0.12875,62
POR,20.0,32.015,0.22112842200089258,0.0304805900926091,0.0055,0.023,12.758456030390773,12.871734023860437,0.00675,0.001,0.973,0.025,0.0005,62
SAC,13.0,21.3695,0.15470491946964296,-0.08425028038704636,0.0,0.0,15.411901158696425,12.194205250472594,0.0,0.819,0.181,0.0,0.0,62
SAS,28.0,47.36325,0.0,0.0,0.00525,-0.027,0.0,0.0,0.99675,0.0,0.0,0.00175,0.00825,62
UTA,27.0,39.03925,0.531143466115774,0.286557736822619,0.106,0.05675,9.680665826004464,9.211109553682737,0.346,0.0,0.20275,0.4845,0.13725,62
ATL,33.0,48.8285,0.0,0.0,0.02475,-0.085,0.0,0.0,0.95875,0.0,0.00175,0.02325,0.059,63
BOS,31.0,45.6915,0.25778197627113103,0.6040280488929761,0.08925,-0.1085,7.628193957320982,8.764678423350098,0.7545,0.0,0.035,0.183,0.199,63
BKN,16.0,26.056,0.0015080357142857146,0.002397023809523809,0.0,0.0,6.578761656746032,6.585976537698414,0.0,0.05375,0.94625,0.0,0.0,63
CHA,29.0,41.76375,0.4685443559247025,0.47288154888323386,0.08875,0.10375,9.288823341696428,11.64726429584391,0.22175,0.0,0.4145,0.3945,0.094,63
CHI,13.0,21.19325,0.14965308782321438,-0.10956697739494592,0.0,0.0,15.18106922424687,12.282313494449252,0.0,0.7425,0.2575,0.0,0.0,63
CLE,35.0,52.3945,0.0,0.0,0.001,-0.011,0.0,0.0,0.998,0.0,0.0,0.0005,0.004,63
DET,28.0,41.96675,0.44848888459583336,0.5104220342669457,0.094,0.1095,9.166796500149703,11.510039858169817,0.2535,0.0,0.3675,0.422,0.09625,63
IND,30.0,45.093,0.2944778875909227,0.6672244530781151,0.10225,-0.07675,7.784085588591666,9.176016939407992,0.6865,0.0,0.0485,0.2365,0.2235,63
MIA,28.0,42.05875,0.259189906636497,0.3501156482426927,0.088,0.10125,9.640344278296116,11.923557944628453,0.2595,0.0,0.35375,0.42725,0.09575,63
MIL,19.0,27.714,0.0,0.0,0.0,0.0,0.0,0.0,0.0,0.01175,0.98825,0.0,0.0,63
NYK,35.0,51.65,0.0,0.0,0.00175,-0.018,0.0,0.0,0.996,0.0,0.0,0.00075,0.00975,63
ORL,33.0,46.694,0.2500241102028825,0.5327735107330199,0.07175,-0.12475,7.386725311177799,8.17516863661071,0.816,0.0,0.017,0.11,0.17875,63
PHI,39.0,59.66,0.017810548941798964,0.017810548941798964,0.0,0.0,5.174084424603174,5.174084424603174,1.0,0.0,0.0,0.0,0.0,63
TOR,34.0,50.73425,0.15616156321766972,0.2005519022201995,0.005,-0.03775,6.4227480486411554,6.487489965653011,0.99125,0.0,0.0,0.0045,0.02075,63
WAS,28.0,39.653,0.4369583666483632,0.19067016537559528,0.03475,0.10975,10.42427766128884,11.648738473271427,0.06425,0.0,0.762,0.19775,0.01925,63
DAL,32.0,45.9135,0.023082886147321433,0.09213055981369048,0.033,-0.0935,0.02609857572633929,0.13898992504568455,0.9545,0.0,0.0,0.02575,0.06775,63
DEN,26.0,42.05175,0.0,0.0,0.069,-0.11825,0.0,0.0,0.73625,0.0,0.00425,0.283,0.18275,63
GSW,31.0,42.6645,0.3663205996785715,0.536194847416851,0.093,-0.1345,8.253505169058185,8.990738098223206,0.6975,0.0,0.00225,0.21775,0.25125,63
HOU,33.0,49.6905,0.16525601960745698,0.16939259870125656,0.00225,-0.00875,6.579319448722819,6.589390001239882,0.99875,0.0,0.0,0.00075,0.00375,63
LAC,11.0,18.1595,-0.0012906194885361566,-0.0012906194885361566,0.0,0.0,5.260814054232804,5.260814054232804,0.0,0.97125,0.02875,0.0,0.0,63
LAL,20.0,33.8695,0.0,0.0,0.01825,0.08075,0.0,0.0,0.03775,0.0,0.8265,0.16875,0.00275,63
MEM,19.0,26.17525,0.21668750381428556,-0.019526874264192143,0.0,0.0005,13.960301524733925,12.904326704971123,0.0,0.0325,0.96675,0.00075,0.0,63
MIN,32.0,49.1635,0.0,0.0,0.0025,-0.0135,0.0,0.0,0.99825,0.0,0.0,0.001,0.00625,63
NOP,11.0,18.561,0.2577732142857143,-0.1824620535714286,0.0,0.0,18.995105208333335,15.722391220238096,0.0,0.9505,0.0495,0.0,0.0,63
OKC,37.0,57.55525,0.06706837522045864,0.06706837522045864,0.0,0.0,5.260814054232804,5.260814054232804,1.0,0.0,0.0,0.0,0.0,63
PHX,28.0,41.47675,0.0,0.0,0.0925,-0.08775,0.0,0.0,0.58425,0.0,0.006,0.38625,0.2105,63
POR,31.0,42.92325,0.3206726016644345,0.46133783651540533,0.078,-0.1235,8.131538276216517,8.756828361124638,0.7375,0.0,0.00225,0.176,0.232,63
SAC,16.0,23.73425,0.21200346237232134,-0.0925993392338405,0.0,0.0,14.642082316455802,12.725150065210324,0.0,0.23775,0.76225,0.0,0.0,63
SAS,39.0,59.398,0.0,0.0,0.0,0.0,0.0,0.0,1.0,0.0,0.0,0.0,0.0,63
UTA,23.0,37.51225,0.3924709708150299,0.13901955043869044,0.05425,0.0595,10.633238009082145,9.528397708203572,0.25525,0.0,0.1595,0.74,0.043,63
ATL,37.0,54.55375,0.0,0.0,0.0005,-0.0005,0.0,0.0,1.0,0.0,0.0,0.0,0.0,64
BOS,46.0,63.852,0.008776212522045865,0.008776212522045865,0.0,0.0,5.164533840388005,5.164533840388005,1.0,0.0,0.0,0.0,0.0,64
BKN,21.0,33.801,-0.0010470238095238102,0.0038845238095238112,0.01725,0.115,7.283800297619046,7.358844047619046,0.04075,0.00075,0.6935,0.2975,0.005,64
CHA,21.0,33.129,0.5423630104416666,0.12906550326211721,0.02,0.102,10.953899632528275,12.53490874161105,0.0375,0.0005,0.77775,0.21925,0.001,64
CHI,20.0,31.94575,0.5544942627666665,0.07410157787074823,0.011,0.06125,11.68335335739613,12.670875365735723,0.0185,0.00425,0.89175,0.10125,0.002,64
CLE,29.0,43.661,0.0,0.0,0.04475,-0.11875,0.0,0.0,0.8295,0.0,0.0005,0.085,0.29225,64
DET,33.0,50.689,0.16458051309249333,0.1771761561963624,0.00225,-0.014,6.699494637931078,6.711284757671704,0.99825,0.0,0.0,0.00025,0.00475,64
IND,27.0,41.6845,0.1394186724434524,0.4106141547989372,0.0735,-0.05175,7.830959613856994,9.317456628724264,0.70375,0.0,0.00525,0.26175,0.308,64
MIA,21.0,34.384,0.4057391567351576,0.14331194422693289,0.02725,0.12575,10.381328654806401,12.481698159837705,0.07425,0.0,0.595,0.39425,0.00625,64
MIL,18.0,26.435,0.0,0.0,0.0,0.001,0.0,0.0,0.0,0.23025,0.7695,0.00025,0.0,64
NYK,32.0,48.8265,0.0,0.0,0.006,-0.04175,0.0,0.0,0.993,0.0,0.0,0.00025,0.02275,64
ORL,27.0,39.70875,0.19647054165059535,0.3915490811447279,0.075,0.00675,8.379140962044941,10.660559707046188,0.3825,0.0,0.031,0.612,0.197,64
PHI,40.0,57.8675,0.15506857363315715,0.15506857363315715,0.0,0.0,5.603365365961199,5.603365365961199,1.0,0.0,0.0,0.0,0.0,64
TOR,31.0,45.29975,0.07992934607113096,0.2392069655860119,0.03675,-0.12325,7.432888095919344,7.873660540080256,0.922,0.0,0.0,0.02825,0.161,64
WAS,15.0,22.998,0.15014557861383937,-0.05358307987797611,0.0,0.0,15.370643546110262,11.401732313276195,0.0,0.84975,0.15025,0.0,0.0,64
DAL,19.0,29.27575,0.4470083001495536,0.08738475980722792,0.0145,0.1055,3.090381945416964,2.9743807724853104,0.031,0.03925,0.74475,0.216,0.0,64
DEN,38.0,56.03975,0.0,0.0,0.0,0.0,0.0,0.0,1.0,0.0,0.0,0.0,0.0,64
GSW,28.0,41.1195,0.10567727127247022,0.14895305985635626,0.02425,-0.0475,7.781835362655952,8.644593338468004,0.82675,0.0,0.0,0.01425,0.47,64
HOU,32.0,47.01925,0.07758033866339287,0.13847682658095237,0.009,-0.068,7.288866887271577,7.41529815003988,0.98,0.0,0.0,0.0,0.05875,64
LAC,20.0,30.14175,3.571428571428559e-05,3.571428571428559e-05,0.022,0.12275,5.219013073192238,5.219013073192238,0.05125,0.0145,0.66225,0.32175,0.00075,64
LAL,31.0,47.66,0.0,0.0,0.00625,-0.0575,0.0,0.0,0.9895,0.0,0.0,0.0,0.0375,64
MEM,21.0,28.56425,0.4654692301081842,0.05578319101367626,0.00775,0.0765,13.607476884873511,12.616740507405932,0.0105,0.0545,0.82575,0.11975,0.0,64
MIN,38.0,54.46925,0.0,0.0,0.0,0.0,0.0,0.0,1.0,0.0,0.0,0.0,0.0,64
NOP,13.0,21.6435,0.10487991071428572,0.04179017857142858,0.0,0.0,19.920061904761905,15.336002083333335,0.0,0.9325,0.0675,0.0,0.0,64
OKC,40.0,60.8795,0.05969804894179901,0.05969804894179901,0.0,0.0,5.219013073192238,5.219013073192238,1.0,0.0,0.0,0.0,0.0,64
PHX,20.0,32.27425,0.0,0.0,0.02575,0.11625,0.0,0.0,0.149,0.00275,0.31825,0.66725,0.00675,64
POR,21.0,32.07475,0.5764440222782735,0.16266366465437906,0.024,0.12825,11.265695616780805,12.011833258977362,0.12475,0.00325,0.335,0.65625,0.0035,64
SAC,16.0,22.8075,0.14484578171830367,-0.07196909803666367,0.0,0.0,15.402021680228566,12.074367257482734,0.0,0.86775,0.132,0.00025,0.0,64
SAS,36.0,54.58775,0.0,0.0,0.0,0.0,0.0,0.0,1.0,0.0,0.0,0.0,0.0,64
UTA,29.0,42.60775,0.08054042886845238,0.07645089346011903,0.02175,-0.07225,7.65512097516503,7.974342491722618,0.83725,0.0,0.0,0.0045,0.42275,64
ATL,21.0,34.9,0.0,0.0,0.0075,0.031,0.0,0.0,0.012,0.00025,0.95125,0.0465,0.0015,65
BOS,33.0,46.25525,0.2593204184071208,0.524747982532964,0.06625,-0.129,7.035373058977519,7.626925932599097,0.8785,0.0,0.00425,0.0695,0.1545,65
BKN,13.0,21.18975,0.002244494047619047,0.0011669642857142807,0.0,0.0,7.425961309523809,7.497652976190475,0.0,0.99625,0.00375,0.0,0.0,65
CHA,29.0,41.0585,0.3329889569608632,0.4844276881418523,0.08575,0.05175,8.752278034292413,11.252009574756975,0.278,0.0,0.182,0.583,0.1205,65
CHI,22.0,32.15125,0.41421834707604127,0.0026111155873710275,0.00075,0.005,13.428437544774106,12.954580980194,0.0,0.0055,0.99075,0.00375,0.0,65
CLE,30.0,46.4505,0.0,0.0,0.04375,-0.12625,0.0,0.0,0.9185,0.0,0.00325,0.06525,0.11475,65
DET,27.0,43.55925,0.2637031313044644,0.6605403334632114,0.08825,-0.07675,7.7358209079822915,9.337316163751245,0.70525,0.0,0.039,0.3005,0.20425,65
IND,24.0,38.05125,0.47143958730104163,0.21224589923817735,0.0395,0.11075,10.13586942332262,12.510918459404497,0.07975,0.0,0.7045,0.26325,0.01725,65
MIA,32.0,48.01975,-0.02134976405078813,0.09002600514964211,0.02575,-0.08775,9.35781540646809,9.501256167598633,0.9705,0.0,0.00025,0.01875,0.0495,65
MIL,22.0,31.8545,0.0,0.0,0.00075,0.002,0.0,0.0,0.0005,0.00625,0.9905,0.00325,0.0,65
NYK,35.0,51.865,0.0,0.0,0.00075,-0.00575,0.0,0.0,0.9995,0.0,0.0,0.0,0.002,65
ORL,32.0,49.5725,0.14021891964446098,0.18477213426807207,0.005,-0.042,6.301349830147752,6.3606612025800935,0.991,0.0,0.0,0.00425,0.01875,65
PHI,30.0,46.51675,0.2297603147466821,0.4768092076068011,0.04225,-0.1245,6.934879947248766,7.426567388780079,0.9205,0.0,0.00175,0.06325,0.11275,65
TOR,32.0,48.6515,0.1746459125958719,0.2673994531117945,0.0145,-0.0645,6.460974010089722,6.579344155442053,0.983,0.0,0.00025,0.01025,0.035,65
WAS,32.0,41.6165,0.3268006852507442,0.40980377962321424,0.08875,0.01225,8.651527232349554,10.384749973804762,0.263,0.0,0.12025,0.5685,0.16925,65
DAL,21.0,35.06725,0.4078589939098215,0.21959288568227892,0.05425,0.121,1.8458316733223215,2.7892931327284867,0.15425,0.0005,0.5325,0.386,0.0395,65
DEN,42.0,60.8245,0.0,0.0,0.0,0.0,0.0,0.0,1.0,0.0,0.0,0.0,0.0,65
GSW,27.0,39.058,0.4489687883793156,0.5486597067803641,0.0965,-0.04225,8.883436418075448,9.919774859362423,0.56125,0.0,0.06125,0.3485,0.25275,65
HOU,29.0,43.34975,0.1530053098215774,0.25065772385154755,0.02675,-0.10575,7.434504147783928,7.647822207310872,0.9505,0.0,0.00175,0.024,0.09225,65
LAC,23.0,32.22525,-0.0030260582010582047,-0.0030260582010582047,0.01225,0.06425,5.586709413580246,5.586709413580246,0.015,0.00325,0.8975,0.0935,0.0025,65
LAL,28.0,42.94225,0.0,0.0,0.03625,-0.11425,0.0,0.0,0.927,0.0,0.002,0.04275,0.11075,65
MEM,14.0,20.6415,0.07395903064776789,-0.0023594256698837865,0.0,0.0,15.639647802783031,12.087952044381321,0.0,0.997,0.003,0.0,0.0,65
MIN,24.0,37.687,0.0,0.0,0.083,0.04,0.0,0.0,0.438,0.0,0.15325,0.49525,0.15825,65
NOP,27.0,35.77375,0.46843303571428574,0.35506517857142855,0.05975,0.11825,15.298543601190476,16.12526086309524,0.113,0.0,0.3895,0.49225,0.0785,65
OKC,35.0,53.40175,0.15001474867724884,0.15001474867724884,0.0,0.0,5.586709413580246,5.586709413580246,1.0,0.0,0.0,0.0,0.0,65
PHX,28.0,42.71975,0.0,0.0,0.0365,-0.12325,0.0,0.0,0.914,0.0,0.003,0.045,0.12975,65
POR,30.0,42.97975,0.1785889904155644,0.3032289539379878,0.042,-0.122,7.519663387474404,7.799937303721062,0.919,0.0,0.0015,0.029,0.13475,65
SAC,15.0,23.28975,0.06667253006473224,-0.02069634183773524,0.0,0.00025,15.361205892271872,12.109863732004094,0.0,0.9715,0.0285,0.0,0.0,65
SAS,45.0,67.56475,0.0,0.0,0.0,0.0,0.0,0.0,1.0,0.0,0.0,0.0,0.0,65
UTA,18.0,30.76275,0.33599255067276756,0.019720333087499996,0.00525,0.033,13.970272185407588,10.108715911369048,0.008,0.0195,0.9345,0.04375,0.001,65
ATL,25.0,39.6245,0.0,0.0,0.081,0.02375,0.0,0.0,0.50075,0.0,0.06625,0.55175,0.1715,66
BOS,28.0,42.0475,0.1704524197572917,0.43117645500595947,0.065,-0.08075,7.80987988885119,9.01583302137653,0.7325,0.0,0.007,0.1825,0.314,66
BKN,12.0,20.41975,0.0026688988095238102,0.004139880952380942,0.0,0.0,7.6182366071428556,7.995519642857142,0.0,0.995,0.005,0.0,0.0,66
CHA,30.0,41.87375,0.1963351252318453,0.4712966729701885,0.0855,-0.0815,7.916999543013393,9.253326621775027,0.648,0.0,0.0095,0.214,0.3485,66
CHI,19.0,29.54175,0.3614558860559521,-0.03763263279032453,0.0015,0.0085,14.069084908743301,12.765399267018973,0.001,0.10175,0.89,0.00825,0.0,66
CLE,34.0,51.37525,0.0,0.0,0.00025,-0.0035,0.0,0.0,0.9995,0.0,0.0,0.0,0.00125,66
DET,28.0,45.54775,0.11090518996875001,0.23658100616861538,0.02,-0.1085,7.308987281127974,7.537092694323107,0.97075,0.0,0.00025,0.017,0.0745,66
IND,31.0,46.6155,0.12905679907321427,0.22009761857276786,0.01525,-0.07575,7.184195163535179,7.314672401195099,0.9735,0.0,0.0,0.0065,0.05125,66
MIA,34.0,49.392,-0.006067430762841711,0.012106511677724132,0.0055,-0.016,9.378539258107388,9.3977227176364,0.9955,0.0,0.0,0.0015,0.00825,66
MIL,24.0,34.46825,0.0,0.0,0.017,0.11125,0.0,0.0,0.0425,0.00075,0.71075,0.274,0.0095,66
NYK,39.0,54.7525,0.0,0.0,0.0,0.0,0.0,0.0,1.0,0.0,0.0,0.0,0.0,66
ORL,20.0,33.543,0.5774197624968747,0.11621221929537975,0.02,0.07975,11.877448268787647,12.610976735377998,0.04025,0.00625,0.804,0.18225,0.004,66
PHI,33.0,51.5405,0.11892913848925263,0.12245773380710977,0.0005,-0.00225,6.297063395302828,6.297492413344644,0.99975,0.0,0.0,0.0,0.00025,66
TOR,22.0,33.423,0.5812983065467259,0.11633928575550444,0.0155,0.0835,11.970751529941666,12.646281098510125,0.025,0.00375,0.83175,0.15825,0.00325,66
WAS,25.0,35.32925,0.5464700975883927,0.17684967822500006,0.029,0.1305,10.699776950958036,11.45891444739881,0.071,0.00025,0.56775,0.404,0.01375,66
DAL,25.0,38.258,0.14704395896607145,0.2413446065056973,0.07475,0.0245,0.4230392185580358,1.7698932145886483,0.4205,0.0,0.05225,0.62375,0.17875,66
DEN,32.0,46.544,0.0,0.0,0.01475,-0.0735,0.0,0.0,0.97475,0.0,0.0,0.004,0.0575,66
GSW,21.0,31.86,0.5625603567937496,0.08564747331237946,0.01125,0.07375,12.894045306070833,12.674436109262976,0.01925,0.01925,0.84375,0.13375,0.00175,66
HOU,28.0,42.81275,0.1121212083809524,0.27051345731623444,0.03825,-0.08625,7.637963638021725,8.438210008890644,0.83675,0.0,0.0005,0.07475,0.2895,66
LAC,22.0,31.5325,-0.00016582892416225882,0.0002612544091710751,0.00925,0.0625,6.2347956183862445,6.235041600529102,0.01225,0.02475,0.87475,0.09875,0.0005,66
LAL,39.0,56.771,0.0,0.0,0.0,0.0,0.0,0.0,1.0,0.0,0.0,0.0,0.0,66
MEM,17.0,25.05675,0.11796375119776796,-0.07448604505239506,0.0,0.00025,15.25414173914687,12.130775652809021,0.0,0.85125,0.14825,0.0005,0.0,66
MIN,40.0,58.664,0.0,0.0,0.0,0.0,0.0,0.0,1.0,0.0,0.0,0.0,0.0,66
NOP,21.0,30.2715,0.4073171130952378,0.05696324404761905,0.0025,0.0285,15.528021279761907,16.240139136904762,0.00425,0.06275,0.89825,0.038,0.0005,66
OKC,32.0,52.166,0.10168313981200396,0.10251615416468254,0.0005,-0.001,6.234849043450977,6.235265867921958,0.99975,0.0,0.0,0.0,0.00025,66
PHX,23.0,35.86425,0.0,0.0,0.05225,0.088,0.0,0.0,0.18175,0.00075,0.20925,0.703,0.0535,66
POR,32.0,47.01925,0.14539826400591932,0.20226143314892522,0.009,-0.06325,7.125958971199762,7.22779421034386,0.982,0.0,0.0,0.0025,0.04325,66
SAC,15.0,23.65775,0.09116549375178581,-0.04439066277447842,0.0,0.0,15.430159751440176,12.060556097307696,0.0,0.9335,0.0665,0.0,0.0,66
SAS,41.0,59.963,0.0,0.0,0.0,0.0,0.0,0.0,1.0,0.0,0.0,0.0,0.0,66
UTA,28.0,40.065,0.25172135490148817,0.18431202048333337,0.07175,-0.014,8.308838186285714,8.6540199497875,0.56875,0.0,0.01425,0.321,0.3745,66
ATL,33.0,48.2735,0.0,0.0,0.0235,-0.0875,0.0,0.0,0.962,0.0,0.00025,0.0155,0.06675,67
BOS,35.0,50.3305,0.250022709464385,0.28808226027609135,0.00475,-0.03625,6.419888114832843,6.460344662733687,0.994,0.0,0.0,0.00125,0.0155,67
BKN,16.0,26.29575,-0.0002581238977072313,-0.0002581238977072313,0.0,0.0,5.158080742945325,5.158080742945325,0.0,0.43625,0.56375,0.0,0.0,67
CHA,30.0,42.182,0.26991066046086326,0.5244954357062583,0.09625,0.00575,8.389852541321131,10.576541862280049,0.4065,0.0,0.0925,0.46475,0.2395,67
CHI,19.0,29.8345,0.38038024103883883,-0.03711123538438198,0.0,0.001,13.173148710547768,12.93752904144676,0.0,0.05875,0.94075,0.0005,0.0,67
CLE,26.0,39.2055,0.0,0.0,0.05175,0.124,0.0,0.0,0.13625,0.0,0.464,0.455,0.04325,67
DET,33.0,50.74075,0.2342837211876048,0.2613685169707893,0.00325,-0.02575,6.305422880723622,6.34412277633518,0.995,0.0,0.0,0.00175,0.0135,67
IND,26.0,39.723,0.2911978880135417,0.35980029336317726,0.05425,0.112,9.177389504287351,11.875246244854926,0.19625,0.0,0.3655,0.5155,0.0665,67
MIA,27.0,42.26725,0.033008061709545955,0.35826198918331703,0.0985,0.00325,9.22363169583042,11.140076650591029,0.52225,0.0,0.07575,0.445,0.212,67
MIL,17.0,24.38375,0.0,0.0,0.0,0.0,0.0,0.0,0.0,0.768,0.232,0.0,0.0,67
NYK,32.0,50.875,0.0,0.0,0.003,-0.024,0.0,0.0,0.9975,0.0,0.0,0.0005,0.00975,67
ORL,32.0,48.38925,0.21588236704005184,0.3182430917212522,0.0175,-0.07875,6.892343223642256,7.061610395138735,0.97225,0.0,0.0,0.01275,0.05375,67
PHI,30.0,46.187,0.1597063247597498,0.3948067822463271,0.039,-0.1295,7.359701949537301,7.917144632007678,0.8925,0.0,0.00225,0.0555,0.164,67
TOR,33.0,47.1725,0.20568906180438715,0.37406435457589504,0.03975,-0.11775,7.1640358537557205,7.526833968156961,0.9255,0.0,0.00025,0.032,0.1155,67
WAS,19.0,28.35825,0.38737796154017823,-0.049908961785118916,0.0,0.0,13.834145628003569,11.922303022867858,0.0,0.14525,0.85475,0.0,0.0,67
DAL,25.0,38.23575,0.12611306309955356,0.2171509204515944,0.072,0.0195,0.4836803056915178,1.7817176372942474,0.427,0.0,0.02675,0.58175,0.25425,67
DEN,31.0,46.50325,0.0,0.0,0.02175,-0.12025,0.0,0.0,0.92475,0.0,0.0,0.00225,0.20975,67
GSW,26.0,38.66625,0.2896884789772322,0.3792571223402706,0.06175,0.01475,8.985152465506697,10.475024480293184,0.485,0.0,0.01825,0.49975,0.29775,67
HOU,42.0,61.13775,0.0018068672839506193,0.0018068672839506193,0.0,0.0,5.158080742945325,5.158080742945325,1.0,0.0,0.0,0.0,0.0,67
LAC,18.0,26.6635,0.0012674107142857153,-0.004418303571428569,0.00025,0.0015,6.320325848765433,6.344302634479718,0.0,0.367,0.63175,0.00125,0.0,67
LAL,34.0,50.929,0.0,0.0,0.00225,-0.03,0.0,0.0,0.99675,0.0,0.0,0.0,0.01175,67
MEM,20.0,27.9775,0.378473546109077,-0.07043956250208029,0.00125,0.008,13.989143522694045,12.815853267294232,0.001,0.1825,0.80875,0.0085,0.0,67
MIN,33.0,48.4605,0.0,0.0,0.012,-0.0875,0.0,0.0,0.97875,0.0,0.0,0.0,0.06375,67
NOP,21.0,29.8745,0.32062514880952386,0.022312946428571415,0.00225,0.02425,18.532527083333335,16.245677827380955,0.002,0.04375,0.92025,0.03525,0.00075,67
OKC,32.0,50.69625,0.23418292300462967,0.2510615274439154,0.002,-0.03225,6.321853139703379,6.364217002287754,0.9945,0.0,0.0,0.0,0.018,67
PHX,24.0,35.92075,0.0,0.0,0.0495,0.063,0.0,0.0,0.181,0.0,0.14225,0.7355,0.0845,67
POR,33.0,48.8105,0.22882880008435846,0.30249234332662034,0.00975,-0.08625,6.791844859486001,6.923877069883322,0.9835,0.0,0.0,0.00025,0.0555,67
SAC,13.0,20.3485,0.053461078652678566,-0.013784308675323093,0.0,0.0,15.790277896678566,12.109402070307162,0.0,0.98775,0.01225,0.0,0.0,67
SAS,40.0,59.868,0.0,0.0,0.0,0.0,0.0,0.0,1.0,0.0,0.0,0.0,0.0,67
UTA,20.0,31.6895,0.38202670161994023,0.0436317766928571,0.0155,0.07175,12.330796811071579,10.057649796260117,0.02575,0.01075,0.848,0.1355,0.004,67
ATL,27.0,40.6465,0.0,0.0,0.0705,0.1125,0.0,0.0,0.1755,0.0,0.413,0.44625,0.07175,68
BOS,33.0,49.50075,0.19169830477642194,0.26361637110573743,0.00975,-0.057,6.702258780498705,6.810569066705799,0.985,0.0,0.0,0.00825,0.0335,68
BKN,14.0,24.85775,0.0002736607142857137,-0.0008535714285714266,0.0,0.0,7.369203036816576,7.382633393959433,0.0,0.57,0.43,0.0,0.0,68
CHA,27.0,40.79975,0.29704844859776797,0.3986181267581433,0.07375,0.1195,9.033789137738841,11.668678033451597,0.21475,0.0,0.383,0.46825,0.071,68
CHI,13.0,21.66725,0.1108127989794643,-0.03969612622635198,0.0,0.0,15.635647513795979,12.055396756892454,0.0,0.9325,0.0675,0.0,0.0,68
CLE,27.0,42.86075,0.0,0.0,0.10275,0.02325,0.0,0.0,0.4615,0.0,0.128,0.46675,0.16525,68
DET,34.0,50.90575,0.17505754979404758,0.20981758104792375,0.00675,-0.0285,6.431643464298755,6.476474620790117,0.99325,0.0,0.00025,0.004,0.013,68
IND,32.0,46.545,0.18862577045886797,0.46225555272993507,0.06125,-0.13525,7.393541546950507,8.11794823068311,0.83925,0.0,0.007,0.1025,0.16725,68
MIA,30.0,45.5755,-0.023117673501973034,0.28067045743410846,0.08075,-0.10675,9.232809168845586,10.14522462037006,0.78075,0.0,0.0185,0.16475,0.2085,68
MIL,20.0,29.41025,0.0,0.0,0.0,0.0,0.0,0.0,0.0,0.04175,0.95825,0.0,0.0,68
NYK,33.0,49.638,0.0,0.0,0.00925,-0.058,0.0,0.0,0.9835,0.0,0.00025,0.0095,0.02825,68
ORL,39.0,54.7725,0.15575792793069348,0.15747965445733036,0.00025,-0.0015,5.831396395502646,5.833368534771694,1.0,0.0,0.0,0.0,0.00075,68
PHI,35.0,52.562,0.1308491475486938,0.1328264785497355,0.00075,-0.0055,6.181107908330524,6.187171079177845,0.9995,0.0,0.0,0.0,0.0025,68
TOR,31.0,44.11875,0.2431516275245537,0.5986386001128388,0.11525,-0.062,7.971682178411012,9.65312684050151,0.567,0.0,0.05,0.32975,0.23825,68
WAS,16.0,24.405,0.19854723285133935,-0.0813077329839285,0.0,0.0,15.127390727015175,11.539714450525597,0.0,0.658,0.342,0.0,0.0,68
DAL,24.0,33.64825,0.2793296694928572,0.18663577465220244,0.03125,0.115,1.920654074639732,2.957328925328644,0.052,0.0005,0.73575,0.2205,0.025,68
DEN,39.0,56.3235,0.0,0.0,0.0,0.0,0.0,0.0,1.0,0.0,0.0,0.0,0.0,68
GSW,25.0,36.44075,0.5362351533626489,0.4891781150416453,0.091,0.078,10.115613109752976,11.119672060654981,0.2975,0.0,0.24075,0.484,0.13475,68
HOU,28.0,44.594,0.05843440707449295,0.09303616981209925,0.009,-0.04025,7.370846409143957,7.426228719118964,0.98875,0.0,0.00025,0.008,0.02025,68
LAC,19.0,27.7865,0.0005162477954144627,0.0005162477954144627,0.0,0.00125,5.193200683421515,5.193200683421515,0.00025,0.13575,0.86275,0.0015,0.0,68
LAL,25.0,41.31875,0.0,0.0,0.0555,-0.13375,0.0,0.0,0.90175,0.0,0.00925,0.0775,0.135,68
MEM,24.0,33.25825,0.39262353873214273,0.20261441221964416,0.0255,0.1,12.021380088586906,12.500333930394811,0.046,0.001,0.784,0.18225,0.01725,68
MIN,33.0,51.50975,0.0,0.0,0.0,0.0,0.0,0.0,1.0,0.0,0.0,0.0,0.0,68
NOP,21.0,29.61925,0.12348526785714278,-0.06375252976190474,0.00125,0.0135,16.992219940476193,16.43770476190476,0.001,0.0375,0.94725,0.015,0.00025,68
OKC,40.0,59.8425,0.031986739417989456,0.031986739417989456,0.0,0.0,5.193200683421515,5.193200683421515,1.0,0.0,0.0,0.0,0.0,68
PHX,24.0,38.4775,0.0,0.0,0.10225,-0.02875,0.0,0.0,0.6005,0.0,0.08375,0.3205,0.22125,68
POR,25.0,38.02625,0.4700182079796132,0.5810471417863408,0.09875,0.00075,9.134081248044197,10.132762533934368,0.5165,0.0,0.101,0.38925,0.20625,68
SAC,17.0,24.6835,0.21410513378035723,-0.13580673627687195,0.0,0.00025,15.082533968512498,12.318948325879138,0.0,0.623,0.37675,0.00025,0.0,68
SAS,38.0,57.32875,0.0,0.0,0.0,0.0,0.0,0.0,1.0,0.0,0.0,0.0,0.0,68
UTA,27.0,38.877,0.4279660535830358,0.3004202697517857,0.10425,-0.0555,8.74884846826116,8.553046297560119,0.59575,0.0,0.06075,0.30125,0.24,68
ATL,31.0,45.562,0.0,0.0,0.04675,-0.13275,0.0,0.0,0.88325,0.0,0.0015,0.05675,0.17825,69
BOS,38.0,54.89375,0.17424657738095248,0.17336058500863105,0.0,0.0,5.9466821538800705,5.9472546045857255,1.0,0.0,0.0,0.0,0.00025,69
BKN,17.0,26.42025,0.0010489583333333343,0.0035464285714285728,0.0,0.00025,6.511146891534392,6.537842129629631,0.0,0.24725,0.7525,0.00025,0.0,69
CHA,17.0,26.15425,0.38602159248526763,-0.10980590100037683,0.0,0.00025,14.176269686708034,12.69538005695942,0.0,0.279,0.72075,0.00025,0.0,69
CHI,16.0,26.253,0.38146321937946404,-0.10473830832207182,0.0,0.0,14.129767606616962,12.704822622417382,0.0,0.26875,0.73125,0.0,0.0,69
CLE,40.0,58.3635,0.0,0.0,0.0,0.0,0.0,0.0,1.0,0.0,0.0,0.0,0.0,69
DET,27.0,42.87675,0.2213459278915179,0.5327543952425594,0.086,-0.08075,7.989515271908333,9.408207020821884,0.69675,0.0,0.00975,0.315,0.2265,69
IND,30.0,41.64075,0.2617040350059525,0.47946621569047615,0.0925,-0.03525,8.56364224020357,10.473618804090426,0.384,0.0,0.024,0.5345,0.2365,69
MIA,22.0,37.64225,0.24911867280515873,0.17244089225108825,0.045,0.11075,10.034848834410731,12.279925871313788,0.17925,0.0,0.3485,0.60675,0.0225,69
MIL,18.0,27.511,0.0,0.0,0.0,0.0005,0.0,0.0,0.0,0.12575,0.874,0.00025,0.0,69
NYK,37.0,54.49125,0.0,0.0,0.0,-0.00025,0.0,0.0,1.0,0.0,0.0,0.0,0.0,69
ORL,31.0,47.11075,0.11042974450327381,0.22140881867699833,0.02175,-0.08825,7.3241410831863085,7.560152003467424,0.964,0.0,0.00025,0.0235,0.07175,69
PHI,30.0,45.5005,0.12687744824895836,0.3483550855950256,0.051,-0.135,7.525307492126189,8.0939057508275,0.8935,0.0,0.00125,0.06425,0.1735,69
TOR,31.0,46.7945,0.11277311478083113,0.2672461424831129,0.02625,-0.1115,7.368691317316787,7.632484043655377,0.9525,0.0,0.0,0.0305,0.07975,69
WAS,27.0,36.452,0.32882061334062507,0.14565917785000004,0.01875,0.12175,10.434169699993602,11.586789510073213,0.04675,0.0,0.6155,0.368,0.011,69
DAL,22.0,33.2445,0.17281915716607144,0.08190880538337586,0.01025,0.078,1.6091434188133926,3.2335163963477136,0.021,0.0,0.83075,0.169,0.00025,69
DEN,38.0,55.993,0.0,0.0,0.00025,-0.0015,0.0,0.0,0.9995,0.0,0.0,0.0,0.0005,69
GSW,28.0,41.252,0.22412573927931556,0.32992034644788826,0.05275,-0.001,8.523974731187797,10.717781964352566,0.458,0.0,0.00925,0.6055,0.24275,69
HOU,36.0,51.67825,0.17275782725251873,0.20529177088242945,0.005,-0.0345,6.5112833305866245,6.561087014069809,0.992,0.0,0.0,0.0,0.0215,69
LAC,18.0,25.93875,0.0038321428571428573,-0.009822321428571416,0.0,0.00025,7.210769852292769,7.366003632054674,0.0,0.30175,0.69825,0.0,0.0,69
LAL,31.0,47.6465,0.0,0.0,0.01675,-0.131,0.0,0.0,0.9385,0.0,0.0,0.0105,0.18675,69
MEM,19.0,26.73175,0.38451780089598186,-0.09116713720687909,0.0,0.00125,13.926825992984819,12.76996095322053,0.0,0.19225,0.806,0.00175,0.0,69
MIN,36.0,53.92925,0.0,0.0,0.00125,-0.009,0.0,0.0,0.9985,0.0,0.0,0.0,0.002,69
NOP,16.0,24.3425,0.2728294642857143,-0.19560312500000002,0.0,0.0,18.330633035714285,15.9329375,0.0,0.58525,0.41475,0.0,0.0,69
OKC,29.0,48.2535,0.11535115645559416,0.21015433589314378,0.01,-0.1215,7.216208548484286,7.47887634582124,0.97825,0.0,0.0,0.00525,0.0995,69
PHX,30.0,42.303,0.0,0.0,0.0685,-0.01225,0.0,0.0,0.45225,0.0,0.00225,0.3945,0.426,69
POR,36.0,54.09825,0.15130082058801816,0.15618338475974433,0.0005,-0.01075,6.083019094156444,6.089464465063735,0.99975,0.0,0.0,0.0,0.0025,69
SAC,6.0,11.81725,9.363243035714275e-05,5.16063442460335e-05,0.0,0.0,15.863406805357135,12.06164089200853,0.0,1.0,0.0,0.0,0.0,69
SAS,39.0,58.4205,0.0,0.0,0.0,-0.00025,0.0,0.0,1.0,0.0,0.0,0.0,0.0,69
UTA,24.0,36.6845,0.32053224947485126,0.06164009497499996,0.02875,0.068,10.017013490709077,9.65874559574762,0.16225,0.0,0.1595,0.8135,0.01825,69
ATL,26.0,40.431,0.0,0.0,0.11425,0.0585,0.0,0.0,0.352,0.0,0.29025,0.38925,0.11125,70
BOS,26.0,40.9125,0.4100033182424108,0.6576183141010019,0.11825,0.02375,8.710480118544197,10.478049084653087,0.4555,0.0,0.21925,0.3765,0.12225,70
BKN,15.0,24.369,0.007144047619047613,-0.017770982142857137,0.0,0.0,7.538968601190475,7.855093154761904,0.0,0.6655,0.3345,0.0,0.0,70
CHA,30.0,41.7085,0.40162486028482147,0.6941968954833361,0.1325,-0.0255,8.52161619427396,10.006625463403342,0.47775,0.0,0.15175,0.32275,0.17575,70
CHI,19.0,27.23025,0.35774151157991047,-0.09079256535850327,0.0,0.0,14.126147241584373,12.638208166576199,0.0,0.205,0.795,0.0,0.0,70
CLE,38.0,57.27625,0.0,0.0,0.0,0.0,0.0,0.0,1.0,0.0,0.0,0.0,0.0,70
DET,33.0,49.239,0.12094813383490408,0.1320250306731977,0.00425,-0.01425,6.394382330492423,6.416113988822879,0.99675,0.0,0.0,0.00175,0.007,70
IND,33.0,48.7385,0.1415035032737709,0.16501468796642962,0.00575,-0.0195,6.464680643057392,6.496686049160715,0.99225,0.0,0.0,0.00425,0.01,70
MIA,28.0,42.046,0.103785420317973,0.4084823581707666,0.12225,-0.0365,9.428286712930927,10.791104454499306,0.5585,0.0,0.12925,0.28375,0.18125,70
MIL,15.0,24.33,0.0,0.0,0.0,0.0,0.0,0.0,0.0,0.667,0.333,0.0,0.0,70
NYK,26.0,41.823,0.0,0.0,0.11625,-0.03875,0.0,0.0,0.5785,0.0,0.13125,0.31475,0.14425,70
ORL,41.0,59.73175,0.06194973544973552,0.06194973544973552,0.0,0.0,5.247133487654319,5.247133487654319,1.0,0.0,0.0,0.0,0.0,70
PHI,28.0,44.41625,0.25599366420505953,0.5339730413911068,0.0695,-0.124,7.466758171219047,8.011934049347442,0.864,0.0,0.02225,0.10075,0.10275,70
TOR,29.0,43.225,0.31671426565401795,0.6313519524885558,0.10475,-0.10375,7.857827793392411,8.84417081945566,0.72475,0.0,0.056,0.20625,0.1455,70
WAS,20.0,29.06575,0.32231574991607104,-0.02234674559047618,0.0,0.0,13.36369395347857,11.853874836073812,0.0,0.05275,0.94725,0.0,0.0,70
DAL,24.0,36.36425,0.17957144156919644,0.1680255485441539,0.03,0.118,1.1787766335781251,2.55229743212347,0.10925,0.0,0.3625,0.6105,0.01375,70
DEN,35.0,52.565,0.0,0.0,0.00025,-0.0005,0.0,0.0,0.99975,0.0,0.0,0.0,0.00025,70
GSW,31.0,43.9075,0.2578704939450893,0.47014712604161707,0.06675,-0.13675,7.609227604962797,8.36393716630005,0.806,0.0,0.001,0.138,0.209,70
HOU,30.0,44.02425,0.25426695287083334,0.49470618989970233,0.06575,-0.1515,7.574277641976339,8.266219603259424,0.8205,0.0,0.0015,0.121,0.1965,70
LAC,18.0,25.783,0.0,0.0,0.0,0.0,5.158080742945325,5.158080742945325,0.0,0.41625,0.58375,0.0,0.0,70
LAL,31.0,46.6455,0.0,0.0,0.02675,-0.0855,0.0,0.0,0.95675,0.0,0.0,0.0205,0.06775,70
MEM,19.0,28.2315,0.3494771898995533,-0.061525836739384825,0.0005,0.00375,13.718131024259819,12.7114390461215,0.0005,0.11275,0.8835,0.00375,0.0,70
MIN,27.0,41.0855,0.0,0.0,0.10075,-0.0505,0.0,0.0,0.525,0.0,0.019,0.5445,0.1575,70
NOP,20.0,29.0475,0.32459330357142857,-0.06372544642857142,0.0,0.00825,18.572879166666667,15.833694047619048,0.0,0.0605,0.9345,0.005,0.0,70
OKC,44.0,64.178,0.000774371693121694,0.000774371693121694,0.0,0.0,5.158080742945325,5.158080742945325,1.0,0.0,0.0,0.0,0.0,70
PHX,30.0,44.247,0.0,0.0,0.06575,-0.13375,0.0,0.0,0.841,0.0,0.00075,0.106,0.19225,70
POR,22.0,35.091,0.3249267120345239,0.1619418463743976,0.02725,0.12,11.347808366728573,12.341247535019171,0.073,0.0,0.6235,0.368,0.0035,70
SAC,15.0,23.19825,0.1973920801616072,-0.0882110421038434,0.0,0.0,15.418386070812943,12.120389864774404,0.0,0.82025,0.17975,0.0,0.0,70
SAS,36.0,56.2435,0.0,0.0,0.0,0.0,0.0,0.0,1.0,0.0,0.0,0.0,0.0,70
UTA,31.0,44.8455,0.2449529381415179,0.30228308287142863,0.063,-0.12925,7.360542078316667,7.537171949908928,0.86825,0.0,0.0005,0.08275,0.1595,70
ATL,23.0,34.91125,0.0,0.0,0.02125,0.12675,0.0,0.0,0.04675,0.0105,0.619,0.3635,0.00525,71
BOS,40.0,56.556,0.10986902557319236,0.10986902557319236,0.0,0.0,5.427186055996472,5.427186055996472,1.0,0.0,0.0,0.0,0.0,71
BKN,19.0,29.9695,-0.003488392857142855,-0.0007047619047618858,0.00125,0.0105,7.741901190476189,7.979059523809523,0.00125,0.34925,0.63825,0.0125,0.0,71
CHA,30.0,42.328,0.16357219539032744,0.4065233125222393,0.08025,-0.0405,7.9352487497410715,10.004250576429024,0.52475,0.0,0.008,0.39325,0.3465,71
CHI,14.0,23.07325,0.05493521079821427,-0.007557474351111098,0.0,0.0,15.57853882410357,12.021035587356284,0.0,0.9865,0.0135,0.0,0.0,71
CLE,31.0,47.065,0.0,0.0,0.03,-0.124,0.0,0.0,0.936,0.0,0.0,0.019,0.14675,71
DET,34.0,50.28,0.13145565942163798,0.17559389070234233,0.00425,-0.0435,6.396015859211542,6.451836191941553,0.98975,0.0,0.0,0.00225,0.02125,71
IND,20.0,34.66675,0.6446289471857141,0.1430453574405498,0.025,0.1165,11.158954763817707,12.458263892951603,0.07,0.01325,0.6625,0.31925,0.00225,71
MIA,28.0,45.91075,-0.025674601534110445,0.13897881239299273,0.02775,-0.14575,9.314419868180833,9.703424522256759,0.93325,0.0,0.0,0.04125,0.1615,71
MIL,23.0,31.30275,0.0,0.0,0.00075,0.02975,0.0,0.0,0.003,0.1465,0.81825,0.035,0.0,71
NYK,32.0,48.64875,0.0,0.0,0.01475,-0.086,0.0,0.0,0.9765,0.0,0.0,0.0065,0.05975,71
ORL,37.0,53.78825,0.10191109151094034,0.1069449908447201,0.00025,-0.0045,5.993945769641452,5.9969678014701735,0.99975,0.0,0.0,0.0,0.00125,71
PHI,42.0,61.75925,0.0051624779541446265,0.0051624779541446265,0.0,0.0,5.1609201058201055,5.1609201058201055,1.0,0.0,0.0,0.0,0.0,71
TOR,28.0,41.5785,0.1945534506383929,0.42179649768271693,0.08325,-0.014,8.046505469616667,10.390962400252254,0.498,0.0,0.01425,0.52925,0.254,71
WAS,26.0,34.464,0.6494970952892856,0.11126160379523818,0.0085,0.12175,11.40690236136637,11.66463117490119,0.021,0.00875,0.7115,0.27825,0.0015,71
DAL,22.0,33.954,0.5007949306348215,0.19951122531701532,0.05075,0.13075,1.9410939448330358,2.7678207172477554,0.1065,0.02575,0.5705,0.33725,0.04025,71
DEN,35.0,51.29225,0.0,0.0,0.0,0.0,0.0,0.0,1.0,0.0,0.0,0.0,0.0,71
GSW,25.0,34.869,0.6763586885110118,0.347827444527429,0.059,0.127,10.877244510336608,11.862612189509402,0.13825,0.007,0.419,0.4545,0.07525,71
HOU,25.0,40.50375,0.19138307787098216,0.3490000453828854,0.05275,-0.115,7.788574494133332,8.402509521033865,0.8545,0.0,0.012,0.09625,0.212,71
LAC,13.0,21.20375,-0.0002581238977072313,-0.0002581238977072313,0.0,0.0,5.16505008818342,5.16505008818342,0.0,0.9985,0.0015,0.0,0.0,71
LAL,26.0,42.73325,0.0,0.0,0.01575,-0.10675,0.0,0.0,0.96,0.0,0.00025,0.0245,0.083,71
MEM,24.0,31.91825,0.6210768943272317,0.069854677516926,0.01375,0.07225,13.171216215541069,12.613451298383374,0.016,0.0905,0.7845,0.11325,0.008,71
MIN,27.0,42.49875,0.0,0.0,0.02725,-0.10325,0.0,0.0,0.94675,0.0,0.00125,0.0275,0.1005,71
NOP,22.0,31.221,0.7071553571428572,-0.07942232142857142,0.00875,0.04975,17.398545684523807,16.00236398809524,0.00875,0.1615,0.74475,0.08575,0.00575,71
OKC,40.0,61.16175,0.009292460317460326,0.009292460317460326,0.0,0.0,5.16505008818342,5.16505008818342,1.0,0.0,0.0,0.0,0.0,71
PHX,31.0,47.03225,0.0,0.0,0.00125,-0.0095,0.0,0.0,0.997,0.0,0.0,0.0,0.0065,71
POR,24.0,36.64225,0.5653572874519346,0.5300798908257625,0.09675,0.06325,9.525363836334822,10.922340482137038,0.38325,0.002,0.18275,0.48075,0.17925,71
SAC,22.0,30.948,0.5616998094494045,-0.005166240919377804,0.00875,0.0555,13.732416862986456,12.59782252084266,0.01025,0.19975,0.726,0.07,0.0025,71
SAS,32.0,49.54775,0.0,0.0,0.0,-0.00125,0.0,0.0,0.99975,0.0,0.0,0.0,0.0005,71
UTA,25.0,38.172,0.4346216015038691,0.2665316749065476,0.106,-0.0185,8.693075030218155,8.668515095579169,0.579,0.00025,0.07225,0.31025,0.2865,71
ATL,32.0,50.49525,0.0,0.0,0.0005,-0.00325,0.0,0.0,0.99975,0.0,0.0,0.00025,0.00075,72
BOS,24.0,37.591,0.46974877737544646,0.3972485610749602,0.077,0.0925,9.250477351325298,11.424917526595467,0.269,0.0,0.2725,0.54225,0.09925,72
BKN,21.0,29.93675,-0.002080533509700178,-0.002080533509700178,0.001,0.0085,6.563456922398589,6.563456922398589,0.0005,0.148,0.83925,0.0125,0.00025,72
CHA,25.0,36.8165,0.5075348529127977,0.3559531090548638,0.06825,0.1105,9.742909434021579,11.75225927422148,0.16275,0.0,0.402,0.4705,0.07225,72
CHI,19.0,29.67875,0.40768274895505924,-0.06590215173233975,0.0005,0.007,13.980840545534521,12.654029989230747,0.00125,0.1755,0.819,0.00525,0.0,72
CLE,29.0,42.133,0.0,0.0,0.0745,-0.112,0.0,0.0,0.78025,0.0,0.0105,0.11575,0.28175,72
DET,35.0,52.59775,0.17921777998236335,0.17921777998236335,0.0,0.0,6.255502173962441,6.256560979318541,0.99975,0.0,0.0,0.0,0.0005,72
IND,41.0,58.17,0.08175960097001772,0.08175960097001772,0.0,0.0,5.285922288359787,5.285922288359787,1.0,0.0,0.0,0.0,0.0,72
MIA,26.0,41.018,0.021523723436783587,0.27806893109502023,0.086,-0.0635,9.26304615257163,10.403908046051077,0.71325,0.0,0.03225,0.219,0.27225,72
MIL,21.0,30.2405,0.0,0.0,0.00125,0.011,0.0,0.0,0.001,0.11225,0.87775,0.00975,0.00025,72
NYK,32.0,50.03525,0.0,0.0,0.00025,-0.00475,0.0,0.0,1.0,0.0,0.0,0.0,0.00175,72
ORL,39.0,55.07475,0.17379235008818356,0.17379235008818356,0.0,0.0,5.745457936507936,5.745457936507936,1.0,0.0,0.0,0.0,0.0,72
PHI,25.0,42.589,0.10534466117678573,0.3301506739780754,0.04925,-0.12375,7.559405762690028,8.2705652449443,0.87875,0.0,0.00825,0.09425,0.17325,72
TOR,26.0,37.50575,0.4677493461721726,0.3826182767573157,0.075,0.10075,9.409197888217262,11.534633631609024,0.19375,0.0005,0.30225,0.5305,0.09775,72
WAS,19.0,27.41575,0.25981110466249996,-0.0902113635886904,0.0,0.0,14.845357843108927,11.581939144158335,0.0,0.537,0.463,0.0,0.0,72
DAL,23.0,35.89,0.3092973420183036,0.28080566055007233,0.08525,0.0995,0.9464023653669643,2.133215853886314,0.29625,0.00125,0.289,0.48925,0.1005,72
DEN,24.0,39.18825,0.0,0.0,0.085,-0.05375,0.0,0.0,0.727,0.0,0.0425,0.20275,0.246,72
GSW,19.0,30.73075,0.4737848570345235,0.02229408326992633,0.01275,0.04325,13.43990922144613,12.645325555534349,0.01725,0.087,0.848,0.05925,0.00375,72
HOU,34.0,51.035,0.18624620811287473,0.18624620811287473,0.0,0.0,6.563456922398589,6.563456922398589,1.0,0.0,0.0,0.0,0.0,72
LAC,13.0,22.5725,0.0011245480599647278,0.0011245480599647278,0.0,0.0,5.912156084656084,5.912156084656084,0.0,0.98,0.02,0.0,0.0,72
LAL,36.0,50.76,0.0,0.0,0.0,-0.0005,0.0,0.0,1.0,0.0,0.0,0.0,0.00025,72
MEM,23.0,34.11825,0.6300267979177082,0.30842743280373713,0.059,0.12475,11.295130844332292,12.096715154457678,0.11925,0.0025,0.5855,0.32925,0.0485,72
MIN,37.0,52.8285,0.0,0.0,0.0,0.0,0.0,0.0,1.0,0.0,0.0,0.0,0.0,72
NOP,25.0,34.73475,0.28402053571428576,0.29724122023809524,0.05075,0.1305,15.291061011904763,15.673909077380953,0.12425,0.00125,0.47025,0.426,0.06275,72
OKC,35.0,54.33375,0.1770127314814816,0.1770127314814816,0.0,0.0,5.912156084656084,5.912156084656084,1.0,0.0,0.0,0.0,0.0,72
PHX,21.0,33.63375,0.0,0.0,0.0515,0.13,0.0,0.0,0.099,0.00975,0.639,0.2985,0.03075,72
POR,27.0,40.316,0.20846954149866073,0.36772553814272246,0.058,-0.09725,7.870973962173064,8.581487729413873,0.79875,0.0,0.01425,0.11325,0.25125,72
SAC,16.0,23.72875,0.10006359667098218,-0.035450831436862174,0.0,0.0,15.54115075933839,12.014915039523585,0.0,0.945,0.055,0.0,0.0,72
SAS,44.0,63.988,0.0,0.0,0.0,0.0,0.0,0.0,1.0,0.0,0.0,0.0,0.0,72
UTA,29.0,40.84375,0.18432600724107143,0.18834319589821427,0.061,-0.115,7.77908780688735,7.943434136686903,0.81825,0.0,0.00975,0.08175,0.25625,72
ATL,29.0,42.15475,0.0,0.0,0.07525,-0.07325,0.0,0.0,0.6955,0.0,0.00825,0.19425,0.32175,73
BOS,33.0,50.62875,0.15137908275451933,0.1549331560470789,0.001,-0.0055,6.4882463759024755,6.490374979742654,0.99975,0.0,0.0,0.00025,0.0005,73
BKN,15.0,23.1755,0.00020133928571428373,-0.005716815476190474,0.0,0.0,7.163030357142856,7.231193601190475,0.0,0.827,0.173,0.0,0.0,73
CHA,18.0,30.22575,0.40033505603586267,-0.004869123776601457,0.00175,0.00925,12.759729602652529,12.852333704587036,0.0015,0.01775,0.9735,0.00875,0.0,73
CHI,14.0,22.3875,0.13987590249330364,-0.05632922033842107,0.0,0.0,15.5359173062183,12.100308930585204,0.0,0.901,0.099,0.0,0.0,73
CLE,37.0,56.4055,0.0,0.0,0.0,0.0,0.0,0.0,1.0,0.0,0.0,0.0,0.0,73
DET,25.0,38.7475,0.29336301327604175,0.39030453626721223,0.076,0.04175,8.854331488013692,10.960476712913765,0.34975,0.0,0.09075,0.63475,0.13125,73
IND,34.0,49.455,0.17559030800699402,0.19327584348095234,0.00275,-0.01425,6.710466000364942,6.720718296187413,0.99825,0.0,0.0,0.0,0.0045,73
MIA,30.0,45.8125,-0.013686807991633592,0.07060257543996143,0.0195,-0.094,9.34825797236538,9.53395491229336,0.95625,0.0,0.0,0.01675,0.081,73
MIL,29.0,40.3,0.0,0.0,0.09075,-0.00725,0.0,0.0,0.4335,0.0,0.0325,0.45025,0.28275,73
NYK,39.0,57.78925,0.0,0.0,0.0,0.0,0.0,0.0,1.0,0.0,0.0,0.0,0.0,73
ORL,23.0,34.1315,0.3893470471995536,0.13237635497320985,0.019,0.085,10.99978840262277,12.662763081484874,0.02825,0.00025,0.84125,0.14775,0.00725,73
PHI,33.0,49.478,0.17668744426526672,0.18983770784681434,0.0005,-0.0145,6.706157271446401,6.719667765812721,0.99925,0.0,0.0,0.00025,0.005,73
TOR,25.0,39.726,0.30469467658750005,0.510820053226576,0.0945,0.01425,8.407498159095983,10.380533703525163,0.5375,0.0,0.04425,0.5385,0.166,73
WAS,21.0,30.21325,0.38941224459151746,-0.001733377669047603,0.00025,0.0085,12.763451501660267,11.916665387079167,0.0005,0.017,0.9745,0.0085,0.0,73
DAL,16.0,26.8905,0.3656218074156251,-0.12114726928339287,0.00025,0.00225,4.078159979881251,3.0928259363526367,0.00025,0.23625,0.76225,0.0015,0.0,73
DEN,32.0,49.784,0.0,0.0,0.0025,-0.02675,0.0,0.0,0.99625,0.0,0.0,0.00025,0.00775,73
GSW,25.0,37.2245,0.3002966084784226,0.25789304173832195,0.04975,0.014,9.276334371308185,11.198449366369283,0.293,0.0,0.0255,0.792,0.102,73
HOU,32.0,47.10925,0.12999192457276787,0.20184544603179563,0.01425,-0.08475,7.162064699854017,7.317872010923511,0.974,0.0,0.0,0.00125,0.06825,73
LAC,19.0,28.5215,0.0,0.0,0.001,0.00775,5.231129805996472,5.231129805996472,0.0005,0.0865,0.904,0.00925,0.00025,73
LAL,30.0,45.85075,0.0,0.0,0.01875,-0.1265,0.0,0.0,0.953,0.0,0.0,0.00675,0.127,73
MEM,19.0,26.54575,0.34199792916919625,-0.10543807272707315,0.0,0.001,14.38864482314732,12.646478779011078,0.0,0.26725,0.732,0.00075,0.0,73
MIN,39.0,57.71075,0.0,0.0,0.0,0.0,0.0,0.0,1.0,0.0,0.0,0.0,0.0,73
NOP,20.0,29.9235,0.36262842261904726,0.06644598214285713,0.0045,0.02975,13.16274910714286,14.616028422619049,0.003,0.0285,0.93575,0.0355,0.0,73
OKC,40.0,61.155,0.05291539902998242,0.05291539902998242,0.0,0.0,5.231129805996472,5.231129805996472,1.0,0.0,0.0,0.0,0.0,73
PHX,24.0,37.52325,0.0,0.0,0.0615,0.01475,0.0,0.0,0.3105,0.0,0.01775,0.7685,0.13475,73
POR,31.0,45.098,0.09683716563035714,0.22877033511597222,0.029,-0.13975,7.4068279383568445,7.841914397666071,0.919,0.0,0.0,0.01125,0.1875,73
SAC,18.0,24.807,0.26145304974196426,-0.12598201772118028,0.0,0.0005,14.995921402050891,12.34396115236767,0.0,0.6185,0.38125,0.00025,0.0,73
SAS,43.0,61.4035,0.0,0.0,0.0,0.0,0.0,0.0,1.0,0.0,0.0,0.0,0.0,73
UTA,27.0,39.822,0.2480611759071429,0.18539249342916667,0.068,-0.01925,8.38001785194643,8.73898102298393,0.5505,0.0,0.0045,0.37275,0.3725,73
ATL,28.0,43.20575,0.0,0.0,0.04725,-0.117,0.0,0.0,0.92125,0.0,0.007,0.04875,0.115,74
BOS,36.0,54.121,0.17088979276895958,0.17088979276895958,0.0,-0.00025,5.769150562169313,5.769150562169313,1.0,0.0,0.0,0.0,0.0,74
BKN,18.0,26.928,8.910934744268074e-05,8.910934744268074e-05,0.0,0.0,5.813779365079364,5.813779365079364,0.0,0.76825,0.23175,0.0,0.0,74
CHA,24.0,35.97475,0.6627607233498511,0.3670548261474702,0.06775,0.1365,10.5383042012939,12.006526630648644,0.139,0.00275,0.60925,0.2755,0.0555,74
CHI,27.0,38.4785,0.483891540342262,0.537311319004273,0.09675,0.07275,9.002093265543158,10.7258301502223,0.358,0.0,0.23375,0.3545,0.22325,74
CLE,36.0,51.82575,0.0,0.0,0.00025,-0.0005,0.0,0.0,1.0,0.0,0.0,0.0,0.0,74
DET,29.0,44.87125,0.0942741798607143,0.191998938102303,0.0215,-0.0735,7.319686451845832,7.459033955827833,0.974,0.0,0.002,0.013,0.04475,74
IND,22.0,34.38375,0.6471998660052082,0.17434914181675168,0.0265,0.09125,11.716644105769642,12.500306977414043,0.04825,0.00875,0.82525,0.131,0.02025,74
MIA,24.0,36.094,0.5232728159443341,0.28395828839751064,0.07225,0.1335,10.720009298144948,12.287607393287532,0.14075,0.00075,0.5965,0.2865,0.06175,74
MIL,26.0,38.40925,0.0,0.0,0.1165,0.073,0.0,0.0,0.393,0.0,0.23825,0.36575,0.1975,74
NYK,34.0,52.358,0.0,0.0,0.0,-0.00025,0.0,0.0,1.0,0.0,0.0,0.0,0.0,74
ORL,24.0,36.66075,0.6397517363513393,0.4258960729132582,0.08575,0.125,10.033909889588394,11.708832677498174,0.21275,0.0005,0.4895,0.34525,0.081,74
PHI,33.0,49.677,0.15434553675753415,0.156611916252177,0.0005,-0.00225,6.489186940276373,6.4902586780919975,0.99975,0.0,0.0,0.0,0.0005,74
TOR,27.0,41.42125,0.194214687433631,0.44043103012995316,0.06725,-0.099,7.771668209159226,8.64367702056829,0.8005,0.0,0.0335,0.13725,0.197,74
WAS,22.0,32.527,0.5539689046324402,0.027696417356547678,0.00825,0.039,12.958116351110714,11.793030128226194,0.01275,0.049,0.90325,0.0425,0.0035,74
DAL,23.0,35.1705,0.39654523462053576,0.170758809238733,0.04175,0.09625,1.4683788351062501,2.317962888743432,0.1715,0.00725,0.21975,0.69875,0.04375,74
DEN,36.0,53.05425,0.0,0.0,0.00025,-0.00025,0.0,0.0,0.99975,0.0,0.0,0.0,0.00025,74
GSW,25.0,36.88075,0.517431559636756,0.3637054814012613,0.0625,0.0375,9.559627405700448,11.127377472195755,0.338,0.0005,0.08025,0.70875,0.11775,74
HOU,37.0,53.89025,0.1712267526455028,0.1712267526455028,0.0,0.0,5.813779365079364,5.813779365079364,1.0,0.0,0.0,0.0,0.0,74
LAC,21.0,30.04,0.0001414241622574972,0.0001414241622574972,0.00475,0.0465,5.542945458553792,5.542945458553792,0.006,0.2435,0.69575,0.0605,0.00025,74
LAL,28.0,40.43475,0.0,0.0,0.06575,-0.07675,0.0,0.0,0.686,0.0,0.0035,0.17325,0.4,74
MEM,23.0,31.5895,0.5271771933837793,0.05710693079813638,0.0115,0.088,13.458649115110417,12.521184284315488,0.01925,0.1015,0.745,0.14875,0.003,74
MIN,31.0,47.04375,0.0,0.0,0.00425,-0.03675,0.0,0.0,0.99425,0.0,0.0,0.00175,0.0155,74
NOP,16.0,23.765,0.10808139880952385,-0.01719285714285713,0.0,0.00025,16.21613482142857,13.899439880952382,0.0,0.974,0.026,0.0,0.0,74
OKC,35.0,55.28175,0.1603267526455028,0.1603267526455028,0.0,0.0,5.542945458553792,5.542945458553792,1.0,0.0,0.0,0.0,0.0,74
PHX,28.0,41.80025,0.0,0.0,0.0415,-0.11275,0.0,0.0,0.83125,0.0,0.00075,0.07875,0.29025,74
POR,18.0,27.54925,0.23019895566830362,-0.10818312883058376,0.001,0.006,15.073975256083479,12.22027979770558,0.0005,0.67775,0.3135,0.00875,0.0,74
SAC,22.0,30.69125,0.4646382364345235,-0.006879366428963932,0.00675,0.05825,13.93921469315595,12.552574138122182,0.008,0.1655,0.74525,0.0875,0.00175,74
SAS,41.0,62.68925,0.0,0.0,0.0,0.0,0.0,0.0,1.0,0.0,0.0,0.0,0.0,74
UTA,26.0,43.1835,0.08716669188720239,0.1276732552154762,0.027,-0.1235,7.44547982971116,7.598812416101784,0.9455,0.0,0.00025,0.03325,0.1275,74
ATL,28.0,42.748,0.0,0.0,0.096,-0.0315,0.0,0.0,0.55575,0.0,0.057,0.357,0.24875,75
BOS,36.0,51.682,0.1261022472401179,0.13470158553639766,0.0025,-0.0115,6.4110790098653005,6.419769089704288,0.998,0.0,0.0,0.0005,0.00325,75
BKN,15.0,22.92325,3.571428571428559e-05,3.571428571428559e-05,0.0,0.0,5.803805974426808,5.803805974426808,0.0,0.41475,0.58525,0.0,0.0,75
CHA,32.0,46.1655,0.14326381210401792,0.36800914516860117,0.05525,-0.14025,7.453599475832141,8.015962026313158,0.864,0.0,0.003,0.05525,0.186,75
CHI,13.0,20.56225,0.20831972374776792,-0.09261117245555545,0.0,0.0,15.327444273326783,12.121895725109196,0.0,0.798,0.202,0.0,0.0,75
CLE,31.0,46.131,0.0,0.0,0.0525,-0.13225,0.0,0.0,0.8725,0.0,0.002,0.061,0.17875,75
DET,42.0,60.22425,0.0778024360670195,0.0778024360670195,0.0,0.0,5.284080919312169,5.284080919312169,1.0,0.0,0.0,0.0,0.0,75
IND,24.0,40.68425,0.287577141386756,0.4401685488785927,0.0815,0.073,8.73935511167381,11.132319357129417,0.3635,0.0,0.19825,0.5745,0.09625,75
MIA,35.0,51.59975,-0.0011031692296075838,0.007398563871816578,0.001,-0.011,9.381561955570577,9.389378946539745,0.99875,0.0,0.0,0.00025,0.0045,75
MIL,17.0,23.92775,0.0,0.0,0.0,0.0,0.0,0.0,0.0,0.23075,0.76925,0.0,0.0,75
NYK,38.0,56.36275,0.0,0.0,0.0,0.0,0.0,0.0,1.0,0.0,0.0,0.0,0.0,75
ORL,32.0,47.13825,0.13648357252857143,0.31510168997792654,0.03325,-0.11675,7.2814298789991065,7.600476147720881,0.9375,0.0,0.0005,0.026,0.1085,75
PHI,26.0,40.99075,0.28747398534479174,0.42940262337327806,0.082,0.05425,8.772363559059674,10.989413769840514,0.3105,0.0,0.1445,0.5845,0.1375,75
TOR,25.0,38.363,0.2760220835026786,0.2735671150266086,0.045,0.1185,9.656149237684673,12.134412670990644,0.0995,0.0,0.59475,0.341,0.0365,75
WAS,18.0,25.73425,0.3561402652674103,-0.025816938419047624,0.0,0.0,13.462825029815624,11.832522227845839,0.0,0.05975,0.94025,0.0,0.0,75
DAL,21.0,34.13925,0.08757244646473215,0.0769167373358631,0.0145,0.0545,0.980320405891518,2.2764601629983643,0.17725,0.0,0.092,0.8995,0.0055,75
DEN,27.0,42.673,0.0,0.0,0.05875,-0.09025,0.0,0.0,0.813,0.0,0.0,0.14425,0.25525,75
GSW,19.0,28.2825,0.25447759452232105,0.031855464317332764,0.00325,0.029,12.494773960314287,12.734004921417018,0.00575,0.00475,0.95275,0.0425,0.0,75
HOU,39.0,56.90825,0.14897110890652573,0.14897110890652573,0.0,0.0,5.803805974426808,5.803805974426808,1.0,0.0,0.0,0.0,0.0,75
LAC,19.0,28.4585,0.0016050815696649048,0.0016050815696649048,0.004,0.03525,5.771462092151676,5.771462092151676,0.00675,0.0045,0.94725,0.04825,0.0,75
LAL,36.0,52.97325,0.0,0.0,0.0005,-0.00175,0.0,0.0,0.99975,0.0,0.0,0.0,0.0005,75
MEM,14.0,19.526,0.15170315339955362,-0.0617735415497023,0.0,0.0,15.56791859524419,12.030657579745476,0.0,0.9075,0.0925,0.0,0.0,75
MIN,30.0,45.8055,0.0,0.0,0.01375,-0.09875,0.0,0.0,0.9655,0.0,0.0,0.01375,0.076,75
NOP,30.0,41.41,0.0771217261904762,0.2677858630952381,0.0575,-0.05725,14.512720535714287,13.765416220238096,0.5795,0.0,0.0,0.29725,0.37225,75
OKC,37.0,57.04475,0.15534033289241636,0.15534033289241636,0.0,0.0,5.771462092151676,5.771462092151676,1.0,0.0,0.0,0.0,0.0,75
PHX,26.0,40.0785,0.0,0.0,0.079,-0.02825,0.0,0.0,0.47275,0.0,0.00075,0.54575,0.24725,75
POR,14.0,23.21425,0.33763799197187483,-0.11009501876650356,0.0,0.00125,14.511313050583926,12.500597213835979,0.00025,0.3435,0.656,0.0005,0.0,75
SAC,15.0,24.007,0.36296426334955334,-0.09224940636016146,0.00025,0.00125,14.190965010863838,12.588584391066044,0.00025,0.2365,0.762,0.0015,0.0,75
SAS,50.0,73.29475,0.0,0.0,0.0,0.0,0.0,0.0,1.0,0.0,0.0,0.0,0.0,75
UTA,31.0,46.9475,0.1108203694717262,0.13338827352738097,0.0125,-0.071,7.260684595895833,7.299539157661309,0.97925,0.0,0.0,0.00675,0.04325,75
ATL,29.0,44.32925,0.0,0.0,0.102,-0.10675,0.0,0.0,0.57125,0.0,0.003,0.421,0.18375,76
BOS,32.0,48.0155,0.2115158262941303,0.40354083605851515,0.042,-0.108,7.094058352797129,7.45156719042942,0.93225,0.0,0.00025,0.049,0.084,76
BKN,22.0,33.15775,-0.002659986772486775,-0.002659986772486775,0.0005,0.00575,5.675836144179893,5.675836144179893,0.00025,0.0,0.99375,0.00625,0.0,76
CHA,19.0,29.8415,0.20260415853482125,-0.00022991020114795368,0.00025,0.00025,13.690512006773659,12.95952050388062,0.0,0.0015,0.9985,0.0,0.0,76
CHI,23.0,33.98225,0.3660847146718748,0.010613115447202375,0.0005,0.00875,12.315537415832738,12.95058802755578,0.00075,0.0,0.9915,0.0085,0.0,76
CLE,34.0,50.90875,0.0,0.0,0.00625,-0.02325,0.0,0.0,0.993,0.0,0.0,0.00275,0.012,76
DET,37.0,55.54675,0.13267075617283963,0.13400340198444677,0.0,-0.0005,5.3784690255731915,5.379801671384798,1.0,0.0,0.0,0.0,0.0005,76
IND,34.0,48.48875,0.2433793468930997,0.42140499598203807,0.04475,-0.09775,7.003257352243297,7.2762818184306,0.9375,0.0,0.0,0.03575,0.071,76
MIA,28.0,43.99975,0.004272996434970358,0.34284452263303583,0.108,-0.09275,9.21821033564711,10.886581525568825,0.5655,0.0,0.0035,0.48075,0.16225,76
MIL,17.0,23.1355,0.0,0.0,0.0,0.0,0.0,0.0,0.0,0.311,0.689,0.0,0.0,76
NYK,28.0,43.25725,0.0,0.0,0.087,-0.07025,0.0,0.0,0.45075,0.0,0.0075,0.59425,0.14525,76
ORL,29.0,45.35925,0.225383040847316,0.619919635386566,0.09375,-0.142,7.6990924327208665,8.93779825969642,0.72925,0.0,0.0005,0.2695,0.167,76
PHI,34.0,50.508,0.22318176242773918,0.28095908574901896,0.0095,-0.03575,6.485188341452227,6.542937724185313,0.9905,0.0,0.0,0.00425,0.0185,76
TOR,32.0,46.75375,0.22530901190839953,0.5511374047483796,0.07875,-0.149,7.409992634047613,8.163099493042802,0.829,0.0,0.0,0.128,0.15575,76
WAS,8.0,16.4455,0.049168497378124995,-0.004059477926190465,0.0,0.0,15.77302206996696,11.405196239441667,0.0,0.993,0.007,0.0,0.0,76
DAL,25.0,36.981,0.2835449310089286,0.27544994478917945,0.07325,0.14175,1.2002364600482143,2.726610120240485,0.16075,0.0,0.54825,0.31775,0.076,76
DEN,35.0,51.061,0.0,0.0,0.0005,-0.003,0.0,0.0,0.99975,0.0,0.0,0.0,0.00075,76
GSW,28.0,39.55275,0.4483728097549108,0.5862197651766212,0.10425,0.079,9.170724032525596,10.593984157866206,0.41275,0.0,0.1555,0.39575,0.231,76
HOU,38.0,53.888,0.19561643518518534,0.19561643518518534,0.0,0.0,5.675836144179893,5.675836144179893,1.0,0.0,0.0,0.0,0.0,76
LAC,19.0,28.68925,0.0014833939594356244,-0.0009956238977072338,0.00025,0.00075,6.707280814594356,6.7197379574515,0.00025,0.00625,0.992,0.00175,0.0,76
LAL,33.0,49.22,0.0,0.0,0.00125,-0.01425,0.0,0.0,0.99775,0.0,0.0,0.0005,0.0045,76
MEM,29.0,39.03625,0.45377319233541674,0.5271290926373752,0.08775,0.1,9.507194364560714,11.00052808106758,0.3195,0.0,0.216,0.42475,0.20925,76
MIN,37.0,52.0355,0.0,0.0,0.0,-0.001,0.0,0.0,1.0,0.0,0.0,0.0,0.0005,76
NOP,12.0,20.26,0.07139821428571434,-0.07244568452380952,0.0,0.0,20.263108482142858,15.587847023809525,0.0,0.8555,0.1445,0.0,0.0,76
OKC,31.0,49.503,0.20622581761482034,0.2147075848774691,0.00075,-0.01075,6.707652546576499,6.720778601572928,0.999,0.0,0.0,0.00075,0.00475,76
PHX,25.0,40.3495,0.0,0.0,0.09975,0.0545,0.0,0.0,0.60125,0.0,0.10075,0.31375,0.236,76
POR,27.0,39.49125,0.473244073192262,0.5940366604670861,0.1075,0.08475,9.157379308714434,10.624012891851207,0.44275,0.0,0.16975,0.39325,0.2165,76
SAC,13.0,20.4165,0.09509941201696445,-0.0817541969855158,0.0,0.0,15.322390843101337,12.230385045148243,0.0,0.83275,0.16725,0.0,0.0,76
SAS,41.0,60.8135,0.0,0.0,0.0,0.0,0.0,0.0,1.0,0.0,0.0,0.0,0.0,76
UTA,21.0,34.973,0.47043564668154747,0.08679177321845234,0.04175,0.0945,11.738759736062052,9.987163661804168,0.06625,0.0,0.8115,0.15175,0.02075,76
ATL,26.0,38.8485,0.0,0.0,0.10425,0.061,0.0,0.0,0.34875,0.0,0.2145,0.43025,0.174,77
BOS,32.0,47.97525,0.15138580233616067,0.17136943156874998,0.00325,-0.0205,6.512969743037352,6.538186463703572,0.995,0.0,0.0,0.0005,0.0105,77
BKN,23.0,34.56525,0.004266964285714292,-0.000439434523809525,0.02375,0.0905,7.602506845238095,8.058025148809524,0.0345,0.001,0.83575,0.134,0.02175,77
CHA,27.0,39.949,0.33739852858883934,0.6069255791625722,0.10475,-0.00125,8.391850997813098,10.092138805343064,0.516,0.0,0.108,0.35,0.2225,77
CHI,18.0,28.54025,0.3902903544147319,-0.09474775091586869,0.00025,0.001,14.128792898990623,12.736587738505158,0.00025,0.255,0.74425,0.00075,0.0,77
CLE,42.0,59.2535,0.0,0.0,0.0,0.0,0.0,0.0,1.0,0.0,0.0,0.0,0.0,77
DET,32.0,49.1125,0.09954380451383925,0.10645459669330352,0.00125,-0.00975,6.3568476288303595,6.36520484770387,0.999,0.0,0.0,0.0,0.0035,77
IND,28.0,42.532,0.19921667342916669,0.4702980921960317,0.07075,-0.1175,7.6214121091729155,8.409484545394223,0.8175,0.0,0.0165,0.10925,0.20175,77
MIA,27.0,42.317,-0.005680166038480979,0.27406718763341914,0.0785,-0.116,9.300605076263125,10.085985913593536,0.805,0.0,0.02075,0.13325,0.201,77
MIL,20.0,28.44225,0.0,0.0,0.0,0.0015,0.0,0.0,0.0,0.257,0.742,0.001,0.0,77
NYK,36.0,54.2625,0.0,0.0,0.0,0.0,0.0,0.0,1.0,0.0,0.0,0.0,0.0,77
ORL,24.0,37.43525,0.4500356983227679,0.4627613499834679,0.0815,0.1235,9.561872887534822,11.72300031708856,0.214,0.0,0.41725,0.4105,0.083,77
PHI,43.0,62.01,0.07795341710758386,0.07795341710758386,0.0,0.0,5.303404497354496,5.303404497354496,1.0,0.0,0.0,0.0,0.0,77
TOR,23.0,37.5605,0.49373462087752984,0.4668888504536663,0.099,0.122,9.44745465733631,11.660818028280875,0.268,0.0,0.40125,0.4175,0.082,77
WAS,22.0,31.28325,0.42864279897187463,0.002573032982738107,0.0015,0.016,12.83596022091473,11.950081898424996,0.002,0.032,0.95475,0.013,0.0,77
DAL,26.0,37.82725,0.14357899959375,0.20945221797741495,0.06475,-0.01875,0.507197120621875,1.9177856581105062,0.33075,0.0,0.01225,0.73175,0.132,77
DEN,25.0,41.34,0.0,0.0,0.049,-0.12575,0.0,0.0,0.84225,0.0,0.0,0.145,0.2415,77
GSW,24.0,34.47275,0.46335415972306554,0.1512766875268636,0.0265,0.0615,10.869572211462799,11.813868252114796,0.14,0.002,0.12525,0.83975,0.02025,77
HOU,29.0,42.027,0.19443214035520837,0.4063516284178571,0.0565,-0.1365,7.681113894054315,8.5566069001564,0.8115,0.0,0.0,0.10525,0.292,77
LAC,18.0,26.79375,0.0018068672839506195,0.0018068672839506195,0.0005,0.008,5.301081382275131,5.301081382275131,0.00075,0.52725,0.4645,0.00825,0.0,77
LAL,29.0,44.9575,0.0,0.0,0.0165,-0.09675,0.0,0.0,0.96725,0.0,0.0,0.01075,0.0835,77
MEM,22.0,29.94175,0.4351180688907735,0.014983644764984433,0.00625,0.056,13.479054116643303,12.762017415175647,0.007,0.10275,0.80675,0.0905,0.0,77
MIN,30.0,46.224,0.0,0.0,0.00625,-0.05025,0.0,0.0,0.98875,0.0,0.0,0.00325,0.02875,77
NOP,18.0,28.10275,0.3256034226190476,-0.06786755952380952,0.0025,0.026,18.16699955357143,16.23348556547619,0.004,0.31225,0.6545,0.03325,0.0,77
OKC,41.0,61.93975,0.09369897486772497,0.09369897486772497,0.0,0.0,5.301081382275131,5.301081382275131,1.0,0.0,0.0,0.0,0.0,77
PHX,31.0,44.5215,0.0,0.0,0.024,-0.104,0.0,0.0,0.94175,0.0,0.0,0.014,0.11175,77
POR,31.0,44.685,0.17899665480625,0.3039083893704861,0.0225,-0.10225,7.154658617666367,7.386717730461012,0.96475,0.0,0.0,0.01075,0.09025,77
SAC,15.0,23.8305,0.14943421889107145,-0.060472383887857126,0.00025,0.00075,15.571462229573655,12.17269096753991,0.0,0.9005,0.09875,0.00075,0.0,77
SAS,43.0,62.97375,0.0,0.0,0.0,0.0,0.0,0.0,1.0,0.0,0.0,0.0,0.0,77
UTA,15.0,26.27575,0.2892906723433035,-0.004132298756547435,0.00125,0.00725,14.960161122214283,10.101141500609526,0.00125,0.61025,0.383,0.00675,0.0,77
ATL,30.0,44.73025,0.0,0.0,0.06875,-0.02375,0.0,0.0,0.37575,0.0,0.01425,0.67425,0.16025,78
BOS,36.0,51.26625,0.21454335759185408,0.3514918742271219,0.0205,-0.08625,6.441518579697102,6.6577546435436785,0.96125,0.0,0.0,0.01525,0.0735,78
BKN,23.0,35.72625,9.241071428571313e-05,0.0004837797619047592,0.002,0.02475,7.188028130511463,7.191733934082891,0.0035,0.0,0.95875,0.04125,0.0,78
CHA,26.0,36.75875,0.43335545194077374,0.056269985754216205,0.00525,0.04675,10.810599353045834,12.680169667353297,0.00875,0.0,0.923,0.07675,0.00025,78
CHI,15.0,23.75525,0.21375626165044628,-0.0864651218602039,0.0,0.0,14.448427889079461,12.586905044276179,0.0,0.22125,0.77875,0.0,0.0,78
CLE,37.0,54.913,0.0,0.0,0.00175,-0.009,0.0,0.0,0.99825,0.0,0.0,0.00025,0.00325,78
DET,38.0,53.66575,0.19083725458663484,0.22132766707978957,0.00725,-0.02475,5.919354513002464,5.954206326872256,0.9935,0.0,0.0,0.0015,0.0135,78
IND,28.0,42.03775,0.1897112554212798,0.19008251063274514,0.036,0.0545,9.00911155194747,11.550201004446077,0.15725,0.0,0.10325,0.834,0.0365,78
MIA,37.0,54.77175,-0.0030337153814208556,0.006434869405177468,0.00275,-0.0095,9.381286163263177,9.387786322039258,0.9985,0.0,0.0,0.0,0.00375,78
MIL,16.0,23.962,0.0,0.0,0.0,0.0,0.0,0.0,0.0,0.18125,0.81875,0.0,0.0,78
NYK,31.0,47.6375,0.0,0.0,0.0595,-0.1205,0.0,0.0,0.78975,0.0,0.00075,0.1775,0.25375,78
ORL,34.0,50.44425,0.2338186821723545,0.40497475175955683,0.03175,-0.1165,6.629557077615355,6.963207364825772,0.94275,0.0,0.0,0.02775,0.10675,78
PHI,31.0,48.55275,0.22751203847837304,0.5581685185143849,0.05175,-0.15475,7.134586041815228,7.961016488823859,0.86075,0.0,0.0,0.103,0.20925,78
TOR,34.0,49.83275,0.24918172942469688,0.4736448281257385,0.046,-0.12975,6.8074634475015925,7.279253761217417,0.91,0.0,0.0,0.0485,0.13925,78
WAS,14.0,21.2005,0.19052145378482152,-0.08242027972142858,0.0,0.0,15.110819017064285,11.488168114142265,0.0,0.65875,0.34125,0.0,0.0,78
DAL,22.0,35.44075,0.3335698058834822,0.28542994126566756,0.06975,0.14025,1.5258101117308034,2.4437958588755957,0.193,0.0,0.50775,0.331,0.08425,78
DEN,20.0,34.199,0.0,0.0,0.063,0.1245,0.0,0.0,0.12025,0.0,0.6835,0.243,0.039,78
GSW,25.0,36.77575,0.6030748071788692,0.5161805149887896,0.10425,0.10175,10.141715594604317,11.026907142710794,0.3275,0.0,0.28975,0.39875,0.1565,78
HOU,31.0,47.25075,0.10673500744799935,0.11577877740707672,0.00025,-0.011,7.188417968434678,7.194570517992712,0.99875,0.0,0.0,0.0,0.00375,78
LAC,14.0,21.5615,0.0004392857142857145,0.0004627976190476193,0.0,0.0,5.778733234126985,5.778140674603175,0.0,0.58825,0.41175,0.0,0.0,78
LAL,33.0,48.37475,0.0,0.0,0.001,-0.0045,0.0,0.0,0.99925,0.0,0.0,0.0,0.00125,78
MEM,27.0,37.4795,0.5594281338043157,0.5228770785468891,0.092,0.081,9.778113358795089,10.667701933672486,0.352,0.0,0.18675,0.3895,0.248,78
MIN,31.0,45.507,0.0,0.0,0.007,-0.0345,0.0,0.0,0.9925,0.0,0.0,0.00225,0.01825,78
NOP,16.0,22.8115,0.21095238095238097,0.01162499999999999,0.0,0.0,19.212208779761905,15.734383928571427,0.0,0.367,0.633,0.0,0.0,78
OKC,36.0,54.27425,0.16855814594356272,0.16713314594356274,0.0,0.0,5.778733234126985,5.778140674603175,1.0,0.0,0.0,0.0,0.0,78
PHX,25.0,38.9995,0.0,0.0,0.086,0.00675,0.0,0.0,0.63225,0.0,0.08375,0.24225,0.2635,78
POR,24.0,37.0285,0.5929558070977679,0.5118763318273171,0.097,0.1045,9.881986085589585,10.799364570760993,0.3905,0.0,0.2485,0.39125,0.16675,78
SAC,10.0,16.97525,0.06368109200892857,-0.0166500328036139,0.0,0.0,15.779766517320084,11.956574748878687,0.0,0.9835,0.0165,0.0,0.0,78
SAS,46.0,68.39725,0.0,0.0,0.0,0.0,0.0,0.0,1.0,0.0,0.0,0.0,0.0,78
UTA,30.0,45.67,0.0712399218023479,0.07702734546633598,0.00575,-0.03925,7.316873210340149,7.330650366048036,0.994,0.0,0.0,0.002,0.01875,78
ATL,33.0,49.89825,0.0,0.0,0.00375,-0.03025,0.0,0.0,0.9915,0.0,0.0,0.003,0.0195,79
BOS,27.0,44.508,0.15809963523839288,0.5049620225668154,0.06225,-0.12425,7.601541571068005,8.713578280693055,0.81275,0.0,0.00125,0.19475,0.21125,79
BKN,21.0,30.94325,-0.00035416666666666696,-0.002243154761904762,0.0015,0.02,7.247663541666666,7.314520535714284,0.0015,0.0005,0.97875,0.02075,0.0,79
CHA,32.0,43.87925,0.21974049361666675,0.5253252834191965,0.099,-0.1075,7.880603533085863,9.382827547802034,0.5905,0.0,0.0035,0.292,0.302,79
CHI,20.0,28.88125,0.23493419712499972,-0.004310806034973062,0.0,0.00075,13.369060012146427,12.831656216459074,0.00025,0.00625,0.99275,0.001,0.0,79
CLE,41.0,59.6695,0.0,0.0,0.0,0.0,0.0,0.0,1.0,0.0,0.0,0.0,0.0,79
DET,27.0,44.15375,0.18051890156279765,0.5422799847602182,0.0715,-0.1115,7.669472985058035,8.932287009934075,0.779,0.0,0.00225,0.244,0.207,79
IND,34.0,51.24,0.0940650558820932,0.10805298469499004,0.0025,-0.01225,6.323552606887706,6.336557796961019,0.99775,0.0,0.0,0.0005,0.005,79
MIA,37.0,53.22375,0.0,0.0009839217140542326,0.0,-0.00225,9.382940917107586,9.38392483882164,1.0,0.0,0.0,0.0,0.00075,79
MIL,16.0,23.53025,0.0,0.0,0.0,0.0,0.0,0.0,0.0,0.347,0.653,0.0,0.0,79
NYK,37.0,55.5965,0.0,0.0,0.0,0.0,0.0,0.0,1.0,0.0,0.0,0.0,0.0,79
ORL,25.0,36.159,0.37077950987976205,0.16551437238013592,0.01675,0.12075,10.90729756111131,12.252722835319169,0.04825,0.0,0.52225,0.46925,0.0055,79
PHI,28.0,43.988,0.18933583937604173,0.4719184794699405,0.075,-0.0955,7.772495902088839,9.154316998288046,0.7005,0.0,0.00325,0.2735,0.24225,79
TOR,24.0,36.35525,0.38011463643065485,0.16191430597927564,0.019,0.11625,10.760673121772768,12.213276864334759,0.078,0.0,0.4895,0.501,0.00675,79
WAS,20.0,27.07275,0.23110530450491046,-0.00921407226488094,0.0,0.00075,13.923125295069196,11.88847203463036,0.0,0.026,0.97375,0.00025,0.0,79
DAL,27.0,39.822,0.143632802728125,0.3444355659047194,0.11275,0.02625,0.46153946376205357,1.8015684502186655,0.364,0.0,0.16775,0.477,0.163,79
DEN,38.0,54.38,0.0,0.0,0.0,0.0,0.0,0.0,1.0,0.0,0.0,0.0,0.0,79
GSW,29.0,43.74825,0.19384204336160718,0.4123843951635417,0.06575,-0.12125,7.649662450959523,8.187432209784573,0.8655,0.0,0.009,0.1025,0.1385,79
HOU,31.0,46.184,0.14303416912410716,0.20691815207881945,0.02175,-0.066,7.25827674874985,7.380882508873857,0.973,0.0,0.00075,0.01425,0.0455,79
LAC,19.0,28.16125,-0.0002581238977072313,-0.0002581238977072313,0.0,0.0005,5.161178229717812,5.161178229717812,0.0,0.0105,0.98925,0.00025,0.0,79
LAL,27.0,42.668,0.0,0.0,0.08025,-0.117,0.0,0.0,0.7695,0.0,0.02425,0.1925,0.17275,79
MEM,14.0,21.64225,0.1419004168647323,-0.10708063342431387,0.0,0.0,15.224758644725892,12.211551847912338,0.0,0.7375,0.2625,0.0,0.0,79
MIN,29.0,43.71725,0.0,0.0,0.05725,-0.131,0.0,0.0,0.87275,0.0,0.00725,0.09875,0.14175,79
NOP,13.0,19.77075,0.006978571428571474,-0.07257529761904764,0.0,0.0,20.55483928571429,15.183959077380955,0.0,0.92625,0.07375,0.0,0.0,79
OKC,42.0,63.38175,0.006194973544973552,0.006194973544973552,0.0,0.0,5.161178229717812,5.161178229717812,1.0,0.0,0.0,0.0,0.0,79
PHX,26.0,37.641,0.0,0.0,0.052,0.11675,0.0,0.0,0.1185,0.0,0.4965,0.3955,0.063,79
POR,26.0,38.8865,0.4164115106175596,0.4722593888969103,0.08575,0.0805,9.456938855759674,11.298341509579378,0.27475,0.0,0.26775,0.51475,0.0995,79
SAC,12.0,19.196,0.10063759809687506,-0.03446116036063487,0.0,0.0,15.599987424790175,12.034052477710055,0.0,0.946,0.054,0.0,0.0,79
SAS,38.0,59.21025,0.0,0.0,0.0,0.0,0.0,0.0,1.0,0.0,0.0,0.0,0.0,79
UTA,27.0,42.492,0.25041963786250004,0.2610528316071428,0.07925,-0.1135,7.955561449987648,8.140402746906547,0.762,0.0,0.027,0.2045,0.176,79
ATL,29.0,47.86775,0.0,0.0,0.01725,-0.1435,0.0,0.0,0.96375,0.0,0.0005,0.016,0.1005,80
BOS,36.0,50.931,0.13568535026277004,0.18235460680800816,0.006,-0.04175,6.329337272030921,6.3918382923229835,0.9895,0.0,0.0,0.00075,0.026,80
BKN,23.0,33.888,0.14604136904761908,0.012190178571428577,0.00375,0.03075,10.581212797619049,10.427478720238096,0.00675,0.00025,0.957,0.04125,0.001,80
CHA,19.0,29.221,0.2763342065566961,-0.0168222483925694,0.00025,0.0005,13.682083383693302,12.879052192237637,0.00025,0.02425,0.9755,0.00025,0.0,80
CHI,26.0,39.90375,0.37866861891250003,0.31271137471045607,0.065,0.11,9.159124961382886,11.695354900841528,0.22175,0.0,0.2685,0.605,0.08075,80
CLE,27.0,38.8825,0.0,0.0,0.0375,0.12175,0.0,0.0,0.10275,0.0,0.44,0.5015,0.03975,80
DET,30.0,48.64075,0.19717653274040453,0.3113069562729541,0.01825,-0.1025,6.707499337607309,6.8843221569347985,0.9765,0.0,0.0005,0.00625,0.065,80
IND,33.0,49.58,0.17335269433864636,0.2608029241455412,0.01275,-0.08275,6.533328711354405,6.646278760241706,0.98525,0.0,0.0,0.00325,0.043,80
MIA,30.0,43.81075,0.010063928227733776,0.26059267560723776,0.0775,-0.05775,9.126333447198018,10.563685290449685,0.62325,0.0,0.02,0.21825,0.40325,80
MIL,17.0,26.55975,0.0,0.0,0.0,0.0,0.0,0.0,0.0,0.1465,0.8535,0.0,0.0,80
NYK,34.0,52.99925,0.0,0.0,0.00125,-0.00775,0.0,0.0,0.9995,0.0,0.0,0.0,0.00175,80
ORL,33.0,47.45925,0.20475000532678017,0.3775068976128913,0.033,-0.13375,7.019110830333427,7.483831584174995,0.9075,0.0,0.00125,0.0165,0.18225,80
PHI,45.0,64.9695,0.0005162477954144627,0.0005162477954144627,0.0,0.0,5.156790123456789,5.156790123456789,1.0,0.0,0.0,0.0,0.0,80
TOR,26.0,39.63075,0.3766385640473215,0.30061077400147224,0.067,0.111,9.235494924019495,11.814598044593197,0.22325,0.0,0.313,0.59025,0.05675,80
WAS,24.0,30.726,0.2849761454446425,0.0011856480398809465,0.00025,0.0025,13.163147719367855,11.947054385228572,0.0,0.00225,0.997,0.00075,0.0,80
DAL,32.0,45.21025,0.012844854264285716,0.07302625814285714,0.02875,-0.075,0.015565285104910715,0.09272575430178571,0.96475,0.0,0.0,0.0115,0.05725,80
DEN,28.0,41.811,0.0,0.0,0.0875,-0.134,0.0,0.0,0.77625,0.0,0.00275,0.1455,0.21725,80
GSW,28.0,39.775,0.3959809407822917,0.5336020289110686,0.10325,-0.0765,8.728049872171429,9.874146577240781,0.5355,0.0,0.01575,0.40925,0.24375,80
HOU,19.0,32.64775,0.35142520163377955,0.08057954142996727,0.01475,0.0575,12.394240217300448,12.758104260253232,0.0225,0.00125,0.88925,0.1055,0.00275,80
LAC,12.0,19.00175,-0.004070756172839511,-0.004070756172839511,0.0,0.0,5.387085097001763,5.387085097001763,0.0,0.99025,0.00975,0.0,0.0,80
LAL,34.0,48.944,0.0,0.0,0.00225,-0.00675,0.0,0.0,0.99825,0.0,0.0,0.0005,0.00275,80
MEM,15.0,23.23475,0.10282295488035723,-0.09412427594175714,0.0,0.0,15.142174913872317,12.22451786396747,0.0,0.779,0.221,0.0,0.0,80
MIN,27.0,42.02275,0.0,0.0,0.0645,-0.134,0.0,0.0,0.8535,0.0,0.0035,0.13825,0.15625,80
NOP,20.0,27.7315,0.21630476190476194,-0.07943497023809525,0.0,0.00225,18.616935565476194,16.476326041666667,0.0,0.058,0.9405,0.0015,0.0,80
OKC,36.0,56.13325,0.11268101851851864,0.11268101851851864,0.0,0.0,5.387085097001763,5.387085097001763,1.0,0.0,0.0,0.0,0.0,80
PHX,25.0,38.47525,0.0,0.0,0.10475,-0.02,0.0,0.0,0.41375,0.0,0.045,0.5965,0.152,80
POR,32.0,46.1725,0.15262847938100751,0.1948430750717813,0.01275,-0.04275,7.155970135156668,7.203301048203691,0.98725,0.0,0.0,0.00425,0.021,80
SAC,9.0,16.88,0.04451697831428569,-0.001705430984285715,0.0,0.0,15.760954198417407,12.033844065133632,0.0,0.99825,0.00175,0.0,0.0,80
SAS,46.0,68.34175,0.0,0.0,0.0,0.0,0.0,0.0,1.0,0.0,0.0,0.0,0.0,80
UTA,25.0,38.5485,0.4229852466614584,0.2564093992154762,0.09125,-0.02175,9.193686316390478,9.012010788758928,0.44825,0.0,0.044,0.58725,0.147,80
ATL,30.0,45.47925,0.0,0.0,0.061,-0.1475,0.0,0.0,0.87075,0.0,0.00025,0.079,0.16175,81
BOS,31.0,48.279,0.19290993821103394,0.26301818724630177,0.0105,-0.05725,6.707557465138427,6.799201954135698,0.98575,0.0,0.0,0.0075,0.02775,81
BKN,19.0,28.866,0.00025401785714285283,-0.00519553571428572,0.00025,0.00875,7.483385119047617,7.662090327380951,0.00025,0.39475,0.59325,0.012,0.0,81
CHA,32.0,45.8925,0.19269162566139772,0.4300742542109017,0.05325,-0.13825,7.257107169487352,7.792015966207093,0.88325,0.0,0.0,0.0665,0.1425,81
CHI,17.0,26.34075,0.18026577808705366,-0.09982206924475034,0.0,0.0005,15.188790041908034,12.25007731218322,0.0,0.79375,0.2055,0.00075,0.0,81
CLE,34.0,50.3535,0.0,0.0,0.003,-0.015,0.0,0.0,0.9965,0.0,0.0,0.001,0.00675,81
DET,25.0,41.846,0.1947416279260417,0.5622661168742955,0.076,-0.0655,8.011427362226787,10.14156029734915,0.599,0.0,0.00525,0.53025,0.16025,81
IND,29.0,43.8935,0.16978011951592265,0.48213950806632655,0.07125,-0.13025,7.646508395206249,8.822377487567403,0.741,0.0,0.0005,0.19675,0.2445,81
MIA,22.0,35.037,0.4835376357933862,0.14015860301061162,0.015,0.12925,10.857248354474995,12.490244244003726,0.0685,0.00175,0.467,0.526,0.00325,81
MIL,11.0,18.21575,0.0,0.0,0.0,0.0,0.0,0.0,0.0,1.0,0.0,0.0,0.0,81
NYK,32.0,47.712,0.0,0.0,0.0225,-0.0755,0.0,0.0,0.964,0.0,0.0,0.01625,0.053,81
ORL,21.0,34.54675,0.5404400441328868,0.1391129729018351,0.02075,0.11475,11.021092246461311,12.413318773265981,0.06275,0.005,0.5575,0.43475,0.00125,81
PHI,40.0,58.2465,0.09037907848324525,0.09037907848324525,0.0,0.0,5.319702017195767,5.319702017195767,1.0,0.0,0.0,0.0,0.0,81
TOR,31.0,45.0855,0.18179512755119048,0.4631919030545238,0.0585,-0.1415,7.422052271583035,8.202464283665126,0.82675,0.0,0.001,0.10375,0.199,81
WAS,22.0,30.11425,0.49365309803794605,-0.04485729505178567,0.001,0.01825,13.807671641801338,11.84917276816607,0.0015,0.19025,0.78425,0.0255,0.0,81
DAL,28.0,41.48675,0.04609293828169643,0.2386678911692262,0.081,-0.09125,0.10797130791294644,0.8016624639815391,0.7555,0.0,0.00425,0.18775,0.295,81
DEN,38.0,55.46075,0.0,0.0,0.0,-0.00025,0.0,0.0,1.0,0.0,0.0,0.0,0.0,81
GSW,28.0,40.84225,0.22904303646830362,0.44476793364311645,0.07175,-0.0615,8.149662901775,9.412099390738083,0.669,0.0,0.0115,0.2695,0.30025,81
HOU,27.0,43.47725,0.12379959857797618,0.27183772378447424,0.03025,-0.12025,7.491259037071874,7.898481578458654,0.93825,0.0,0.002,0.052,0.12325,81
LAC,22.0,31.44825,-0.0002581238977072313,-0.0002581238977072313,0.006,0.04525,5.171245061728394,5.171245061728394,0.007,0.0785,0.861,0.05925,0.001,81
LAL,33.0,49.18625,0.0,0.0,0.00125,-0.0095,0.0,0.0,0.99875,0.0,0.0,0.0,0.004,81
MEM,22.0,31.0395,0.5394338747779759,-0.009486666910093457,0.00475,0.037,13.27983420638869,12.800192257662891,0.00525,0.10225,0.8495,0.04725,0.00075,81
MIN,32.0,49.22425,0.0,0.0,0.00225,-0.0085,0.0,0.0,0.9985,0.0,0.0,0.0,0.004,81
NOP,21.0,29.34875,0.4164151785714287,-0.09710163690476188,0.00075,0.011,19.923986607142858,15.399991071428573,0.00075,0.29675,0.69425,0.009,0.0,81
OKC,41.0,61.517,0.012906194885361566,0.012906194885361566,0.0,0.0,5.171245061728394,5.171245061728394,1.0,0.0,0.0,0.0,0.0,81
PHX,21.0,33.446,0.0,0.0,0.02275,0.10625,0.0,0.0,0.03825,0.01875,0.753,0.21625,0.00775,81
POR,27.0,39.2635,0.3114628922633929,0.4840192457952593,0.08725,-0.00575,8.661405406041817,10.43597779973819,0.48325,0.0,0.039,0.51625,0.22,81
SAC,22.0,30.97675,0.5409417741203866,-0.019886516803075297,0.00425,0.035,13.349957783619939,12.79677173230619,0.004,0.117,0.842,0.0405,0.00025,81
SAS,36.0,57.507,0.0,0.0,0.0,0.0,0.0,0.0,1.0,0.0,0.0,0.0,0.0,81
UTA,26.0,35.8675,0.4585107820241071,0.12329905762976182,0.03675,0.11525,10.286876392110717,9.694218462933335,0.1015,0.00125,0.329,0.60225,0.04375,81
ATL,19.0,32.47525,0.0,0.0,0.008,0.04375,0.0,0.0,0.0105,0.00225,0.933,0.06475,0.0,82
BOS,36.0,51.869,0.09541242753393407,0.10644357876191028,0.002,-0.01475,6.2314286324431345,6.245239690109454,0.99675,0.0,0.0,0.0005,0.00575,82
BKN,13.0,20.822,0.009384821428571437,0.00894851190476191,0.0,0.0,8.568073958333333,8.724539880952381,0.0,0.9715,0.0285,0.0,0.0,82
CHA,31.0,43.90075,0.1890831140419037,0.5733956465161666,0.09875,-0.09325,7.818209098894792,9.725461998699116,0.55975,0.0,0.002,0.42975,0.22225,82
CHI,17.0,26.80975,0.257637606464732,-0.09764174815864653,0.0,0.0005,14.471946629248212,12.584638667660421,0.00025,0.262,0.73775,0.00025,0.0,82
CLE,38.0,56.44875,0.0,0.0,0.0,-0.00025,0.0,0.0,1.0,0.0,0.0,0.0,0.0,82
DET,30.0,46.5155,0.18719165234862767,0.45916601869021634,0.05575,-0.13575,7.2044153598927405,7.936723250753455,0.87625,0.0,0.0,0.10925,0.153,82
IND,29.0,45.1045,0.1572840731092262,0.5139787186082838,0.066,-0.132,7.492375549088542,8.721346834057066,0.7815,0.0,0.0005,0.2175,0.2085,82
MIA,32.0,45.773,-0.07662831917676917,0.26224519706873894,0.084,-0.1435,9.16565169460887,10.085701982039762,0.77375,0.0,0.001,0.15775,0.23325,82
MIL,24.0,36.179,0.0,0.0,0.01975,0.1265,0.0,0.0,0.067,0.0,0.53625,0.4585,0.0035,82
NYK,37.0,54.0225,0.0,0.0,0.0005,-0.0025,0.0,0.0,0.99925,0.0,0.0,0.0,0.00075,82
ORL,19.0,33.60975,0.5037000818401783,0.09000504741745326,0.018,0.07625,11.729067905851043,12.650034368185796,0.02725,0.0005,0.868,0.1315,0.0,82
PHI,30.0,46.71425,0.1963875650487489,0.47120818665685543,0.05375,-0.14725,7.159594825148633,7.778529218582858,0.8965,0.0,0.0,0.0835,0.14325,82
TOR,36.0,50.22625,0.1455270653216931,0.21191814680095894,0.011,-0.04125,6.439862688549725,6.5197086233703105,0.984,0.0,0.0,0.00475,0.02925,82
WAS,26.0,35.5585,0.4545038357799106,0.12272225966428588,0.01125,0.12775,10.707260206697915,11.565808958836906,0.02725,0.0,0.65675,0.342,0.0005,82
DAL,24.0,36.35125,0.25913924388839293,0.3032793725431335,0.08,0.06975,0.825034460553125,1.9269095901295494,0.33475,0.0,0.20675,0.49775,0.14375,82
DEN,29.0,44.8675,0.0,0.0,0.0075,-0.03975,0.0,0.0,0.99375,0.0,0.0,0.00275,0.01725,82
GSW,24.0,34.88,0.6053391446943454,0.36444217768307824,0.07125,0.1275,10.720013726091816,11.773768880839295,0.1925,0.0,0.4345,0.43975,0.0655,82
HOU,25.0,38.09875,0.409917741043006,0.5518729714165957,0.093,-0.01375,8.694084012225597,9.778058678993382,0.60375,0.0,0.07025,0.33175,0.23725,82
LAC,26.0,35.758,0.001852083333333334,0.001852083333333334,0.0665,0.08475,6.920979971340389,6.921006459435627,0.2305,0.0,0.2735,0.5,0.13225,82
LAL,17.0,27.23025,0.0,0.0,-0.00025,0.00175,0.0,0.0,0.00075,0.2185,0.77825,0.00325,0.0,82
MEM,17.0,25.14575,0.22287374841651791,-0.13713112731001553,0.0,0.0005,14.949030932950444,12.341514558404112,0.0,0.5505,0.449,0.0005,0.0,82
MIN,35.0,51.79975,0.0,0.0,0.0,0.0,0.0,0.0,1.0,0.0,0.0,0.0,0.0,82
NOP,17.0,26.32175,0.2777519345238094,-0.14910312500000003,0.0,0.002,15.611008184523811,15.404674107142858,0.00025,0.338,0.66025,0.00175,0.0,82
OKC,27.0,47.5145,0.17531367458118935,0.17554387136229052,0.00025,-0.00475,6.920979971340389,6.921230092239198,1.0,0.0,0.0,0.0,0.00025,82
PHX,44.0,61.74175,0.0,0.0,0.0,0.0,0.0,0.0,1.0,0.0,0.0,0.0,0.0,82
POR,27.0,39.865,0.25792170099151784,0.4312834808209042,0.07675,-0.09375,8.002803674656846,8.701971458860111,0.78325,0.0,0.01525,0.15125,0.234,82
SAC,16.0,24.47025,0.20214808840714293,-0.11423617948314764,0.00025,0.00025,15.107123790291961,12.252643707824173,0.0,0.65675,0.34325,0.0,0.0,82
SAS,47.0,68.7815,0.0,0.0,0.0,0.0,0.0,0.0,1.0,0.0,0.0,0.0,0.0,82
UTA,28.0,41.14525,0.1677735319013393,0.15479163600357143,0.05,-0.1225,7.75170645130863,7.782894853062499,0.8605,0.0,0.00525,0.07125,0.16975,82
ATL,30.0,45.712,0.0,0.0,0.08875,-0.14225,0.0,0.0,0.765,0.0,0.004,0.21475,0.19225,83
BOS,35.0,49.94125,0.24879717883261684,0.3262799079378748,0.01725,-0.05225,6.633591390638652,6.74181651615279,0.97925,0.0,0.0,0.012,0.029,83
BKN,17.0,24.19275,0.0003579530423280397,-0.0023424933862433877,0.0,0.0,6.700521979717813,6.713757991622575,0.0,0.686,0.314,0.0,0.0,83
CHA,25.0,37.657,0.2690985938348214,0.1654685474712653,0.021,0.1125,9.8377490534564,12.513225628641164,0.0495,0.0,0.66225,0.32825,0.00525,83
CHI,15.0,23.63475,0.19999730296071436,-0.1055732311502123,0.0,0.0,15.28763724782455,12.274505317144015,0.0,0.7615,0.2385,0.0,0.0,83
CLE,26.0,39.06575,0.0,0.0,0.02775,0.11775,0.0,0.0,0.0975,0.0,0.38525,0.58375,0.0165,83
DET,33.0,50.501,0.24770409333385143,0.29807663391217487,0.00975,-0.04125,6.470452629682883,6.542821921514825,0.98875,0.0,0.00025,0.0085,0.01725,83
IND,32.0,46.3095,0.19723415023163035,0.5388277743096562,0.0825,-0.14625,7.481990056871974,8.422600666536887,0.78625,0.0,0.00175,0.15775,0.18475,83
MIA,31.0,46.68225,-0.044069724979778416,0.24931735592682958,0.0645,-0.14025,9.255042174025352,9.938117197098709,0.84825,0.0,0.00225,0.12725,0.1555,83
MIL,20.0,29.97725,0.0,0.0,0.0,0.0005,0.0,0.0,0.0,0.02125,0.97825,0.0005,0.0,83
NYK,34.0,51.02375,0.0,0.0,0.006,-0.03025,0.0,0.0,0.9935,0.0,0.0,0.0025,0.01475,83
ORL,30.0,45.48175,0.17373978460118503,0.5626745704604779,0.07475,-0.131,7.608634995735835,8.917600868452332,0.754,0.0,0.004,0.25475,0.1795,83
PHI,29.0,45.5105,0.18016537435514227,0.5677594824873786,0.08675,-0.12975,7.622031675209705,8.881980294016534,0.7435,0.0,0.00425,0.2435,0.1835,83
TOR,35.0,50.63675,0.23482046174169977,0.2863230277205192,0.009,-0.0395,6.46936415825571,6.53068504100705,0.98875,0.0,0.0,0.0035,0.0215,83
WAS,24.0,34.757,0.3733671071114583,0.04429170763273811,0.00375,0.044,11.029556301079912,11.919848278519641,0.00575,0.00025,0.93625,0.063,0.00025,83
DAL,16.0,25.517,0.25167159483214285,-0.1526029434706165,0.00025,0.004,4.646198783404465,2.9429550937487594,0.0005,0.44275,0.553,0.00425,0.0,83
DEN,24.0,39.12925,0.0,0.0,0.04725,0.0045,0.0,0.0,0.7565,0.0,0.005,0.1485,0.419,83
GSW,22.0,34.16625,0.4564017881269346,0.24542591402551278,0.044,0.0945,10.699341426416817,11.781900381808141,0.21175,0.0005,0.20375,0.71725,0.05025,83
HOU,33.0,49.5295,0.21638371208892748,0.2324329915453263,0.0035,-0.01925,6.70094938023567,6.7250934419806105,0.998,0.0,0.0,0.0,0.00975,83
LAC,21.0,31.524,0.0,0.0,0.02025,0.11525,5.156790123456789,5.156790123456789,0.0495,0.00475,0.6695,0.31875,0.0045,83
LAL,36.0,53.3055,0.0,0.0,0.0,-0.00075,0.0,0.0,1.0,0.0,0.0,0.0,0.0005,83
MEM,19.0,28.065,0.3577818322492557,-0.01035761476679556,0.003,0.035,13.8971144158183,12.801410741583043,0.00475,0.10825,0.85275,0.03875,0.0,83
MIN,34.0,51.84775,0.0,0.0,0.00075,-0.003,0.0,0.0,1.0,0.0,0.0,0.0,0.0005,83
NOP,20.0,27.984,0.3044258928571428,0.020101785714285694,0.00275,0.03025,16.964190922619046,16.664332886904763,0.00175,0.11075,0.85175,0.03725,0.0,83
OKC,43.0,63.4615,0.0,0.0,0.0,0.0,5.156790123456789,5.156790123456789,1.0,0.0,0.0,0.0,0.0,83
PHX,28.0,42.5155,0.0,0.0,0.01575,-0.03,0.0,0.0,0.81175,0.0,0.00025,0.018,0.45125,83
POR,34.0,49.5585,0.23007614672864857,0.24299116611525573,0.00275,-0.01675,6.705673932684865,6.727349845366413,0.99675,0.0,0.0,0.0,0.00975,83
SAC,15.0,22.628,0.1549220188348215,-0.07780271478329061,0.0,0.00025,15.49386418784821,12.184459980024249,0.0,0.86375,0.13625,0.0,0.0,83
SAS,36.0,55.41675,0.0,0.0,0.0,0.0,0.0,0.0,1.0,0.0,0.0,0.0,0.0,83
UTA,23.0,34.26825,0.4693391271858631,0.11705821477202373,0.0435,0.09725,10.80654850242887,9.596211656566073,0.16875,0.00025,0.19675,0.71725,0.0545,83
ATL,27.0,40.49475,0.0,0.0,0.092,0.0075,0.0,0.0,0.48325,0.0,0.1095,0.3945,0.227,84
BOS,30.0,45.3245,0.1318632049138393,0.3002345210274702,0.03975,-0.10325,7.328283976736458,7.651155177969198,0.94425,0.0,0.0015,0.03375,0.0885,84
BKN,16.0,26.89825,-0.002266776895943565,-0.002266776895943565,0.0,0.00025,6.006588778659613,6.006588778659613,0.0,0.34475,0.65525,0.0,0.0,84
CHA,29.0,41.501,0.2594669143279763,0.5353756886948327,0.09425,-0.04875,8.057154464716072,9.70272775374381,0.57475,0.0,0.04825,0.3075,0.2675,84
CHI,10.0,16.9695,0.014427017610267847,-0.000397723694404756,0.0,0.0,15.844793397541066,12.083944288886805,0.0,1.0,0.0,0.0,0.0,84
CLE,31.0,47.614,0.0,0.0,0.00675,-0.04125,0.0,0.0,0.98975,0.0,0.0,0.00525,0.02025,84
DET,41.0,59.96525,0.05136665564373904,0.05136665564373904,0.0,0.0,5.234227292768957,5.234227292768957,1.0,0.0,0.0,0.0,0.0,84
IND,24.0,36.8995,0.5489822315666667,0.30713111094724466,0.0455,0.12425,10.236378686562949,12.28377484176796,0.09525,0.0,0.58775,0.34625,0.03725,84
MIA,32.0,48.1165,-0.007678112934325395,0.029132392805872282,0.009,-0.037,9.375246277295913,9.414249121544621,0.99175,0.0,0.0,0.0035,0.016,84
MIL,23.0,33.42975,0.0,0.0,0.00725,0.04475,0.0,0.0,0.00575,0.001,0.94125,0.055,0.002,84
NYK,34.0,51.63475,0.0,0.0,0.0005,-0.002,0.0,0.0,0.9995,0.0,0.0,0.0,0.0005,84
ORL,33.0,47.584,0.16725815508538358,0.2243843573262566,0.01075,-0.04525,6.977221970725864,7.058112339339407,0.9875,0.0,0.0,0.00375,0.029,84
PHI,25.0,41.508,0.2521302883572918,0.5969379482097915,0.09325,-0.038,7.930658149504613,9.482545462558704,0.69225,0.0,0.0465,0.29025,0.21525,84
TOR,25.0,38.0875,0.501886370105506,0.4376005543825749,0.07375,0.11925,9.524770257394643,11.750648936353556,0.21275,0.0,0.3865,0.4505,0.088,84
WAS,24.0,34.59925,0.5375638302674105,0.08071645023214279,0.01175,0.066,11.703749118211755,11.855052284230357,0.02325,0.001,0.87675,0.10975,0.00875,84
DAL,20.0,32.97775,0.39753142190892865,0.15130319824864372,0.03575,0.1055,2.4924734718352677,3.162438996073266,0.0625,0.006,0.7465,0.22525,0.01375,84
DEN,34.0,50.74525,0.0,0.0,0.0,-0.00175,0.0,0.0,1.0,0.0,0.0,0.0,0.0,84
GSW,24.0,34.71475,0.5908502952010415,0.3124590140261095,0.0485,0.132,11.339297598935861,12.067154299084825,0.134,0.0,0.47,0.43875,0.052,84
HOU,39.0,55.4985,0.10266629188712531,0.10266629188712531,0.0,0.0,6.006588778659613,6.006588778659613,1.0,0.0,0.0,0.0,0.0,84
LAC,17.0,25.838,0.0002581238977072313,0.0002581238977072313,0.0,0.00175,5.2107380180776,5.2107380180776,0.00025,0.5835,0.41575,0.0005,0.00025,84
LAL,36.0,50.7755,0.0,0.0,0.0,-0.0005,0.0,0.0,1.0,0.0,0.0,0.0,0.00025,84
MEM,21.0,28.68175,0.2426648454973212,-0.0499143428058842,0.00075,0.00975,14.355045505896873,12.845096170849807,0.00025,0.13,0.861,0.009,0.0,84
MIN,25.0,38.1635,0.0,0.0,0.0805,0.044,0.0,0.0,0.507,0.0,0.08275,0.40125,0.255,84
NOP,15.0,22.83525,0.125771130952381,-0.06398675595238093,0.0,0.00025,18.214151934523812,15.81776755952381,0.0,0.9325,0.06725,0.00025,0.0,84
OKC,41.0,60.4205,0.03897670855379193,0.03897670855379193,0.0,0.0,5.2107380180776,5.2107380180776,1.0,0.0,0.0,0.0,0.0,84
PHX,24.0,38.83075,0.0,0.0,0.074,0.0295,0.0,0.0,0.61225,0.0,0.05725,0.31075,0.2815,84
POR,33.0,46.77675,0.1377513616355655,0.15506256883477182,0.00425,-0.02375,7.112234250072915,7.142988666159474,0.99525,0.0,0.0,0.001,0.0125,84
SAC,26.0,39.21075,0.3863958855157739,0.45137894041356147,0.0855,0.00725,8.505176885095237,9.747488245192553,0.5955,0.0,0.02975,0.2895,0.3505,84
SAS,39.0,60.07,0.0,0.0,0.0,0.0,0.0,0.0,1.0,0.0,0.0,0.0,0.0,84
UTA,22.0,33.8345,0.5911251863092261,0.13265713652142846,0.04575,0.129,11.925603745233035,9.85369960765,0.093,0.00125,0.6165,0.32375,0.03425,84
ATL,34.0,46.6035,0.0,0.0,0.071,-0.132,0.0,0.0,0.86375,0.0,0.00275,0.06475,0.145,85
BOS,28.0,43.84125,0.2810237915596728,0.5956818217590348,0.10275,-0.0845,7.94274542343875,9.304283284293051,0.66675,0.0,0.0355,0.297,0.202,85
BKN,13.0,22.349,-0.0028733245149911834,-0.0020164792768959466,0.0,0.0,6.043551493606703,6.047942565035274,0.0,0.71425,0.28575,0.0,0.0,85
CHA,32.0,45.59175,0.23670794486784616,0.5163496873524621,0.073,-0.1385,7.490256949824206,8.271539939140744,0.80925,0.0,0.008,0.1315,0.18075,85
CHI,22.0,33.104,0.20328064754999975,0.008482789694451522,0.001,0.0075,12.443668434299852,12.768296843029482,0.00075,0.0005,0.9905,0.009,0.0,85
CLE,26.0,42.627,0.0,0.0,0.11775,-0.02125,0.0,0.0,0.53,0.0,0.0785,0.47925,0.15025,85
DET,30.0,45.80775,0.21756165992826834,0.5188269784297422,0.0635,-0.14425,7.4354423613823295,8.117792140625003,0.8425,0.0,0.0075,0.11975,0.14675,85
IND,26.0,39.03375,0.43295153671116077,0.2714619178093253,0.045,0.11975,10.170136402178423,12.111670300834456,0.091,0.0,0.59,0.3445,0.03475,85
MIA,32.0,50.32325,-0.004356417546180555,0.0169335679184928,0.0045,-0.0255,9.37778048241476,9.401721644648434,0.994,0.0,0.0,0.003,0.00875,85
MIL,12.0,21.411,0.0,0.0,0.0,0.0,0.0,0.0,0.0,0.82875,0.17125,0.0,0.0,85
NYK,36.0,51.51075,0.0,0.0,0.00275,-0.0105,0.0,0.0,0.998,0.0,0.0,0.001,0.00375,85
ORL,33.0,48.93825,0.2290352213594687,0.31176920575733574,0.017,-0.06425,6.629488622472791,6.731461169238118,0.981,0.0,0.0,0.00925,0.03375,85
PHI,32.0,50.37625,0.18727236422040347,0.2099645023635582,0.0035,-0.02575,6.307239379438443,6.331168305399903,0.996,0.0,0.0,0.002,0.00775,85
TOR,26.0,40.61225,0.4284668160921132,0.386180221651899,0.07325,0.086,9.357669256988395,11.427677507561857,0.227,0.0,0.28675,0.539,0.0865,85
WAS,16.0,25.354,0.22519871850044632,-0.05874474609285715,0.0,0.0,14.454534763071427,11.740480207451196,0.0,0.2145,0.7855,0.0,0.0,85
DAL,30.0,45.85475,0.018196958877678575,0.10687493054761905,0.0345,-0.12775,0.026677867580357145,0.1938772575794643,0.93825,0.0,0.0015,0.03025,0.1115,85
DEN,27.0,40.508,0.0,0.0,0.0995,0.02325,0.0,0.0,0.434,0.0,0.09375,0.52725,0.1775,85
GSW,27.0,38.3665,0.46713391665610127,0.34751549214627264,0.0665,0.0955,10.265119267796283,11.62848256773629,0.18425,0.0,0.31875,0.5555,0.0695,85
HOU,37.0,51.71375,0.17445700507054682,0.17428490427679685,0.0,-0.00175,6.043604918671434,6.047305691902983,0.99975,0.0,0.0,0.00025,0.00125,85
LAC,16.0,24.6675,-0.000774371693121694,-0.000774371693121694,0.0,0.0,5.181163800705466,5.181163800705466,0.0,0.29625,0.70375,0.0,0.0,85
LAL,25.0,37.1135,0.0,0.0,0.0535,0.1285,0.0,0.0,0.113,0.0,0.5495,0.393,0.02825,85
MEM,18.0,26.46075,0.21844757976071413,-0.05163256947755096,0.0,0.0,14.143841017036157,12.690221075312856,0.0,0.107,0.893,0.0,0.0,85
MIN,30.0,46.50175,0.0,0.0,0.01275,-0.09025,0.0,0.0,0.97275,0.0,0.0005,0.0175,0.0585,85
NOP,22.0,30.7375,0.13966875000000004,0.08109211309523813,0.0,0.006,18.471013392857145,15.614459970238094,0.00075,0.00075,0.9925,0.0065,0.00025,85
OKC,39.0,58.196,0.023269753086419775,0.023269753086419775,0.0,0.0,5.181163800705466,5.181163800705466,1.0,0.0,0.0,0.0,0.0,85
PHX,29.0,42.02475,0.0,0.0,0.10275,-0.05475,0.0,0.0,0.58075,0.0,0.032,0.3135,0.30875,85
POR,30.0,43.433,0.25310979369577274,0.44838948376967425,0.073,-0.10025,7.881540990687798,8.687721466140381,0.77775,0.0,0.01075,0.15625,0.24175,85
SAC,14.0,21.42225,0.15887960851562505,-0.07883507080892843,0.0,0.0,15.418835474837051,12.082493098923639,0.0,0.838,0.162,0.0,0.0,85
SAS,41.0,63.51075,0.0,0.0,0.0,0.0,0.0,0.0,1.0,0.0,0.0,0.0,0.0,85
UTA,37.0,52.0055,0.17756271064112114,0.18027237605972232,0.00125,-0.00525,5.979092626866872,5.981802292285472,0.99875,0.0,0.0,0.0,0.00275,85
ATL,30.0,44.6855,0.0,0.0,0.04275,-0.0695,0.0,0.0,0.73375,0.0,0.0,0.17575,0.40075,86
BOS,35.0,51.09025,0.1894120406188272,0.23604444467954144,0.006,-0.047,6.416952325698965,6.4847554472411275,0.991,0.0,0.0,0.00125,0.0265,86
BKN,14.0,26.81,0.0009421130952380958,0.002273511904761905,0.001,0.008,7.238618661816577,7.244231608245148,0.001,0.6475,0.34125,0.01125,0.0,86
CHA,23.0,33.00975,0.620290326895982,0.15505513021618192,0.01675,0.13675,11.105392481929169,12.311234466911944,0.05575,0.01275,0.47425,0.513,0.0,86
CHI,21.0,31.71025,0.6866267045947914,0.09853091309244894,0.01025,0.1105,12.085557014934077,12.545536757863538,0.025,0.05475,0.65825,0.287,0.0,86
CLE,40.0,59.0975,0.0,0.0,0.0,0.0,0.0,0.0,1.0,0.0,0.0,0.0,0.0,86
DET,32.0,51.1515,0.16623654217609124,0.20178354989712302,0.0035,-0.048,6.403797677778743,6.458462887015102,0.99625,0.0,0.0,0.0005,0.021,86
IND,28.0,41.69725,0.10202310968065481,0.2799024284308602,0.051,-0.0075,8.136057883361905,11.082421469628382,0.346,0.0,0.00075,0.7565,0.152,86
MIA,31.0,47.119,-0.028301937439192015,0.14090696496382565,0.0305,-0.1295,9.278768550337292,9.798413819374597,0.902,0.0,0.0,0.0385,0.23,86
MIL,18.0,26.81875,0.0,0.0,0.00075,0.0095,0.0,0.0,0.00025,0.67025,0.3225,0.00725,0.0,86
NYK,32.0,48.079,0.0,0.0,0.026,-0.12725,0.0,0.0,0.93075,0.0,0.0,0.0265,0.15625,86
ORL,37.0,52.79525,0.1515427309645889,0.16797781141979726,0.00175,-0.0175,6.1360072848803195,6.161777200599218,0.99675,0.0,0.0,0.0,0.01075,86
PHI,37.0,53.98475,0.15581886512064605,0.16508559240159842,0.0005,-0.0075,5.914032773609706,5.922192598881582,0.99975,0.0,0.0,0.00025,0.00275,86
TOR,21.0,31.09075,0.6883197976299104,0.06585187359320152,0.009,0.0925,12.558794103803422,12.653201946091084,0.0215,0.07925,0.74125,0.1795,0.0,86
WAS,17.0,25.90425,0.2611003926129464,-0.06024252489880945,0.0005,0.00425,15.290224804299996,11.517196280432739,0.00025,0.77975,0.2175,0.00275,0.0,86
DAL,18.0,28.63675,0.47584959204732147,-0.11937645867870747,0.0065,0.02825,4.040384388016965,3.000356155647466,0.007,0.344,0.6235,0.03025,0.0015,86
DEN,26.0,42.6525,0.0,0.0,0.017,-0.12125,0.0,0.0,0.96875,0.0,0.0005,0.00675,0.11475,86
GSW,29.0,41.29875,0.08337755541770832,0.21894682546652497,0.0255,-0.11975,7.616103946401636,8.201575155394824,0.8935,0.0,0.00125,0.0235,0.27,86
HOU,29.0,46.60525,0.08348711217499999,0.09512328659345239,0.00075,-0.022,7.23899174451122,7.257140295387113,0.99875,0.0,0.0,0.0,0.00775,86
LAC,26.0,34.901,0.0,0.0,0.05925,0.10575,5.157306371252203,5.157306371252203,0.21175,0.00025,0.2345,0.5515,0.14625,86
LAL,22.0,37.03375,0.0,0.0,0.08625,0.0325,0.0,0.0,0.627,0.0,0.0755,0.29875,0.32375,86
MEM,22.0,29.37675,0.6052938666136902,-0.03643764246356423,0.00625,0.04175,13.76964582017857,12.678339712168114,0.008,0.21725,0.7345,0.04375,0.00325,86
MIN,32.0,46.9975,0.0,0.0,0.002,-0.01825,0.0,0.0,0.99775,0.0,0.0,0.0,0.00925,86
NOP,23.0,31.8695,0.6422488095238097,0.1709200892857143,0.02825,0.12275,17.244357291666667,15.860778571428574,0.0455,0.03925,0.70025,0.2355,0.01825,86
OKC,42.0,63.781,0.0002581238977072313,0.0002581238977072313,0.0,0.0,5.157306371252203,5.157306371252203,1.0,0.0,0.0,0.0,0.0,86
PHX,35.0,50.73375,0.0,0.0,0.00025,-0.0005,0.0,0.0,1.0,0.0,0.0,0.0,0.0,86
POR,21.0,30.8185,0.6806910584023805,0.07203828387641442,0.016,0.08525,12.705696561632589,12.652270083615829,0.0265,0.0945,0.7535,0.1435,0.0065,86
SAC,22.0,31.89375,0.6963502865577378,0.1713943089738194,0.02925,0.115,11.924416088375297,12.48582915180032,0.049,0.047,0.68775,0.22925,0.02475,86
SAS,35.0,54.724,0.0,0.0,0.0,0.0,0.0,0.0,1.0,0.0,0.0,0.0,0.0,86
UTA,22.0,33.6335,0.6339620863529761,0.1676031524273809,0.0655,0.14625,10.572191472241371,9.691337803047023,0.1665,0.0135,0.433,0.43725,0.074,86
ATL,29.0,43.40625,0.0,0.0,0.08525,-0.05275,0.0,0.0,0.49775,0.0,0.00375,0.5445,0.20375,87
BOS,33.0,47.14375,0.1855057422457286,0.4792393378718794,0.058,-0.14175,7.290345485235785,7.999825109195468,0.8555,0.0,0.00025,0.066,0.21175,87
BKN,19.0,28.6075,0.0020599702380952383,0.0035959821428571447,0.0,0.0025,6.988322685185184,7.00056197089947,0.00025,0.13725,0.86,0.00275,0.0,87
CHA,37.0,51.04525,0.1951452046271495,0.25445048852218916,0.00925,-0.04475,6.393552522118403,6.474115705704664,0.98625,0.0,0.0,0.00375,0.029,87
CHI,25.0,35.51425,0.4410562537072916,0.1294654009875339,0.00625,0.10525,10.643813500714584,12.595821177962621,0.02025,0.0,0.6805,0.3185,0.00075,87
CLE,44.0,62.68175,0.0,0.0,0.0,0.0,0.0,0.0,1.0,0.0,0.0,0.0,0.0,87
DET,33.0,49.816,0.2126819553424658,0.3014236672637456,0.016,-0.0745,6.655585425615718,6.786434266235461,0.97875,0.0,0.0,0.008,0.04325,87
IND,19.0,30.962,0.44400514232559485,0.004704612143194473,0.0025,0.01725,13.121239545982588,12.937567470689253,0.00125,0.0245,0.9545,0.021,0.0,87
MIA,30.0,46.17125,-0.05454000737668097,0.23424383297928347,0.06625,-0.137,9.21479014008833,10.059559408583503,0.822,0.0,0.00025,0.131,0.23725,87
MIL,8.0,13.29375,0.0,0.0,0.0,0.0,0.0,0.0,0.0,1.0,0.0,0.0,0.0,87
NYK,33.0,50.769,0.0,0.0,0.008,-0.0485,0.0,0.0,0.992,0.0,0.0,0.003,0.02225,87
ORL,24.0,37.1225,0.35613970289598207,0.1613328089545563,0.023,0.1155,9.888350961875002,12.167508692096781,0.08225,0.0,0.341,0.651,0.00575,87
PHI,35.0,53.73,0.19237526944163374,0.20061932846544328,0.0005,-0.00825,5.7979739001529165,5.800420252613779,0.99975,0.0,0.0,0.0,0.001,87
TOR,28.0,45.0305,0.135449666715625,0.5289317417962897,0.0665,-0.106,7.582223669713243,9.061121384869354,0.764,0.0,0.0005,0.248,0.24525,87
WAS,18.0,28.484,0.3208415962772318,-0.04233993091964276,0.0,0.003,14.19110047369598,11.913718584030953,0.0,0.15025,0.84725,0.0025,0.0,87
DAL,25.0,36.793,0.20752419865982144,0.2667955542396726,0.0675,0.07475,0.7134887348700892,2.1633671245590986,0.28625,0.0,0.15225,0.62725,0.1195,87
DEN,29.0,44.53725,0.0,0.0,0.02025,-0.094,0.0,0.0,0.97,0.0,0.0,0.0075,0.075,87
GSW,28.0,40.16525,0.2151615177571429,0.3834442227912386,0.06275,-0.0465,8.174875873053573,9.123365437865488,0.71775,0.0,0.0105,0.17575,0.3425,87
HOU,33.0,48.1965,0.1641006464506228,0.17974795085999778,0.0015,-0.0165,6.988749192944559,7.005501064248875,0.9985,0.0,0.0,0.00025,0.007,87
LAC,21.0,30.70875,-6.157407407407556e-05,-6.157407407407556e-05,0.011,0.0515,6.011707407407408,6.012078835978837,0.0085,0.028,0.9065,0.0635,0.0015,87
LAL,35.0,51.8035,0.0,0.0,0.0,0.0,0.0,0.0,1.0,0.0,0.0,0.0,0.0,87
MEM,29.0,40.66975,0.19629994271458331,0.34160183048438625,0.05625,-0.0605,8.11848494861265,9.067185641043684,0.7135,0.0,0.0115,0.1365,0.384,87
MIN,33.0,48.36,0.0,0.0,0.00175,-0.01525,0.0,0.0,0.9985,0.0,0.0,0.0,0.00625,87
NOP,18.0,25.409,0.12951294642857145,-0.104335119047619,0.0,0.0005,20.67165223214286,15.038463541666667,0.0,0.691,0.30875,0.00025,0.0,87
OKC,33.0,52.881,0.17385109126984133,0.17387460317460324,0.0,-0.00025,6.011707407407408,6.0123300091550265,1.0,0.0,0.0,0.0,0.00025,87
PHX,21.0,32.97575,0.0,0.0,0.02925,0.11825,0.0,0.0,0.05075,0.004,0.7315,0.24475,0.01175,87
POR,22.0,35.01275,0.5698631937517857,0.3368927433313561,0.07075,0.1275,10.492883292012054,11.97263417393828,0.21975,0.001,0.38,0.5345,0.04175,87
SAC,13.0,22.071,0.04209833880000009,-0.028924129609124088,0.0,0.0,15.423486971471874,12.129569414189689,0.0,0.96,0.04,0.0,0.0,87
SAS,42.0,63.92475,0.0,0.0,0.0,0.0,0.0,0.0,1.0,0.0,0.0,0.0,0.0,87
UTA,23.0,32.714,0.5259419084800593,0.07342795113452374,0.01925,0.10675,12.104291714270984,10.00123120795714,0.0365,0.004,0.771,0.20975,0.0105,87
ATL,34.0,47.9245,0.0,0.0,0.02775,-0.09375,0.0,0.0,0.9515,0.0,0.0,0.01575,0.07975,88
BOS,30.0,45.09375,0.205525487789881,0.5110584467681123,0.07,-0.1255,7.484942530941666,8.424228171381746,0.81875,0.0,0.003,0.1235,0.23925,88
BKN,21.0,31.38275,0.003095238095238098,0.005693452380952389,0.00075,0.00675,7.670305208333333,8.003642113095237,0.00075,0.0045,0.99075,0.00475,0.0,88
CHA,27.0,41.0635,0.2624737118062501,0.4235018969176855,0.083,0.0155,8.605514973059526,11.019833340572331,0.3435,0.0,0.092,0.65725,0.10675,88
CHI,18.0,27.057,0.34881588394196406,-0.07105058696254232,0.0,0.00025,13.988817270581695,12.780152730167558,0.0,0.14975,0.85025,0.0,0.0,88
CLE,27.0,44.28775,0.0,0.0,0.0755,-0.11125,0.0,0.0,0.7915,0.0,0.008,0.197,0.22225,88
DET,32.0,48.05175,0.19293823055865847,0.31649855137353944,0.019,-0.08625,6.822490398263393,7.016802309904515,0.96325,0.0,0.0,0.01475,0.06525,88
IND,24.0,36.97825,0.2829385423797619,0.17490760665356123,0.01775,0.107,10.00549345192143,12.533254134976087,0.04375,0.0,0.729,0.252,0.01025,88
MIA,36.0,53.1905,0.0,0.0006860734608641979,0.0,-0.001,9.382940917107586,9.38362699056845,1.0,0.0,0.0,0.0,0.0005,88
MIL,15.0,22.725,0.0,0.0,0.0,0.0,0.0,0.0,0.0,0.8085,0.1915,0.0,0.0,88
NYK,42.0,61.34275,0.0,0.0,0.0,0.0,0.0,0.0,1.0,0.0,0.0,0.0,0.0,88
ORL,27.0,40.07425,0.2539022190714286,0.3127778080702748,0.057,0.05975,9.04566797421756,11.477095824491261,0.194,0.0,0.17325,0.67,0.0875,88
PHI,29.0,46.75525,0.21012102460193455,0.4338993408017291,0.0385,-0.12,7.11109502755863,7.526780328037542,0.93325,0.0,0.00025,0.0445,0.114,88
TOR,32.0,47.88825,0.19618686186731701,0.3362211196931107,0.02275,-0.09075,6.854755444687622,7.089882727398187,0.95975,0.0,0.0,0.01975,0.0745,88
WAS,19.0,29.192,0.3438758951058032,-0.011973714046428573,0.0,0.00125,13.106140284872321,11.939028564586307,0.0,0.03,0.96925,0.00075,0.0,88
DAL,20.0,31.03925,0.2960032958866072,0.10001467004024236,0.01075,0.0945,2.2180868182165177,3.1220265141030614,0.03425,0.00575,0.75175,0.24175,0.00025,88
DEN,33.0,48.97625,0.0,0.0,0.002,-0.01575,0.0,0.0,0.99825,0.0,0.0,0.00025,0.0055,88
GSW,14.0,24.41375,0.25992410952991074,-0.11788580303569274,0.00075,0.0035,14.907820707601337,12.439894859247207,0.0,0.538,0.46025,0.00175,0.0,88
HOU,30.0,43.094,0.17962290837053574,0.3691985898453373,0.05925,-0.13675,7.7197971110833326,8.389728306448461,0.83575,0.0,0.0,0.0705,0.28,88
LAC,14.0,22.02475,0.004646230158730163,0.004646230158730163,0.0,0.0,5.693902116402116,5.693902116402116,0.0,0.8705,0.1295,0.0,0.0,88
LAL,38.0,56.8725,0.0,0.0,0.0,0.0,0.0,0.0,1.0,0.0,0.0,0.0,0.0,88
MEM,18.0,26.4185,0.3359159019964284,-0.08547919751187194,0.0005,0.00725,14.246195857469193,12.717980070479003,0.00075,0.213,0.78075,0.00625,0.0,88
MIN,33.0,47.05375,0.0,0.0,0.00825,-0.0565,0.0,0.0,0.98625,0.0,0.0,0.003,0.03475,88
NOP,17.0,25.341,0.2741549107142857,-0.23185803571428573,0.00025,0.00425,20.03355699404762,15.372361011904763,0.0,0.37975,0.61725,0.003,0.0,88
OKC,36.0,56.74225,0.13489308862433877,0.13489308862433877,0.0,0.0,5.693902116402116,5.693902116402116,1.0,0.0,0.0,0.0,0.0,88
PHX,29.0,42.47725,0.0,0.0,0.06375,-0.119,0.0,0.0,0.7875,0.0,0.00025,0.11475,0.30425,88
POR,29.0,42.86425,0.15948491136488097,0.33512789560724204,0.05,-0.131,7.715087420217559,8.38187250521642,0.84825,0.0,0.0,0.09475,0.235,88
SAC,23.0,33.5315,0.3499681781163691,0.13151275606027468,0.01775,0.09675,11.11127645319524,12.00659457089601,0.097,0.00025,0.249,0.74575,0.00375,88
SAS,47.0,67.364,0.0,0.0,0.0,0.0,0.0,0.0,1.0,0.0,0.0,0.0,0.0,88
UTA,26.0,38.77975,0.257205344697619,0.18093624956547621,0.065,-0.01875,8.944156643715479,9.178806809577978,0.412,0.0,0.004,0.71825,0.1365,88
ATL,24.0,38.1345,0.0,0.0,0.06275,0.12125,0.0,0.0,0.2005,0.0,0.4065,0.4545,0.07925,89
BOS,31.0,47.10425,0.18561576445370917,0.29603120461959215,0.015,-0.09175,6.939852620033047,7.113312548860933,0.97475,0.0,0.0005,0.00875,0.06125,89
BKN,13.0,20.321,-0.004614880952380961,0.0033860119047618904,0.0,0.0,9.656892410714288,9.566634226190475,0.0,0.997,0.003,0.0,0.0,89
CHA,26.0,36.35725,0.6015803602113095,0.24429530602848618,0.0265,0.12525,11.255573311652828,12.500582361126522,0.0565,0.0,0.7055,0.2525,0.03025,89
CHI,24.0,36.2415,0.5993993083474702,0.21635497086890854,0.03625,0.111,11.318046037288244,12.550295058979241,0.058,0.0,0.7325,0.23525,0.0205,89
CLE,29.0,44.351,0.0,0.0,0.05075,-0.111,0.0,0.0,0.84725,0.0,0.006,0.0755,0.24675,89
DET,37.0,53.86275,0.1474719576719578,0.1474719576719578,0.0,-0.001,5.774817606061206,5.77525820908308,0.99975,0.0,0.0,0.0,0.00025,89
IND,34.0,50.43175,0.14381675481539352,0.15932320450433204,0.00225,-0.02075,6.2967376445035566,6.30980747087186,0.99875,0.0,0.0,0.0005,0.0045,89
MIA,30.0,47.61375,-0.004786634400887342,0.039404930733811586,0.00775,-0.0745,9.366650624943631,9.462480267532461,0.9805,0.0,0.0005,0.00575,0.0455,89
MIL,22.0,31.39125,0.0,0.0,0.0005,0.0085,0.0,0.0,0.0005,0.01625,0.976,0.00775,0.0,89
NYK,38.0,56.01725,0.0,0.0,0.0,-0.00025,0.0,0.0,1.0,0.0,0.0,0.0,0.0,89
ORL,35.0,48.307,0.18492998747005068,0.25726927483026896,0.0155,-0.056,6.693918820977971,6.791342382917902,0.9785,0.0,0.0,0.00225,0.04125,89
PHI,27.0,40.6275,0.39728486735505963,0.4868287988276458,0.08275,0.03175,8.665393567399256,10.577896143424095,0.4115,0.0,0.1155,0.42425,0.2635,89
TOR,25.0,40.35575,0.4245037602206846,0.4919058690140064,0.09475,0.05325,8.661165763421577,10.620587564977274,0.48125,0.0,0.13575,0.44575,0.2015,89
WAS,24.0,34.4105,0.5041405181101188,0.07212527392678568,0.0105,0.062,12.451476320633777,11.882599204695833,0.01225,0.00075,0.90425,0.08725,0.0055,89
DAL,32.0,48.3515,0.0007998317450892858,0.010082008911755954,0.003,-0.02175,0.0009524304196428572,0.011868382232589287,0.99675,0.0,0.00025,0.0005,0.00825,89
DEN,33.0,47.961,0.0,0.0,0.0045,-0.02075,0.0,0.0,0.99275,0.0,0.0,0.00175,0.01275,89
GSW,20.0,31.3325,0.31342198543288663,0.009922933524773251,0.00325,0.01925,13.873454065898958,12.908851829036289,0.0045,0.02375,0.953,0.023,0.00025,89
HOU,25.0,38.0715,0.5973615906125,0.4673673962016253,0.07975,0.0835,9.89052899124643,11.37361971285713,0.28075,0.0,0.2655,0.5125,0.10325,89
LAC,26.0,38.75475,0.0031332010582010615,0.0031332010582010615,0.08575,0.05175,5.40671903659612,5.40671903659612,0.35125,0.0,0.1885,0.4995,0.13925,89
LAL,26.0,40.81,0.0,0.0,0.09625,-0.06125,0.0,0.0,0.644,0.0,0.055,0.29675,0.21025,89
MEM,20.0,29.87475,0.21875159191696406,-0.02141200409464421,0.0005,0.0075,14.345597197852678,12.896340035348672,0.00075,0.0575,0.93325,0.00925,0.0,89
MIN,32.0,46.948,0.0,0.0,0.00775,-0.041,0.0,0.0,0.9905,0.0,0.0,0.00525,0.02275,89
NOP,15.0,22.17,0.110674255952381,-0.025999107142857143,0.0,0.0,19.386879017857144,15.722801190476192,0.0,0.989,0.011,0.0,0.0,89
OKC,38.0,55.8365,0.12123770943562623,0.12123770943562623,0.0,0.0,5.40671903659612,5.40671903659612,1.0,0.0,0.0,0.0,0.0,89
PHX,29.0,42.93875,0.0,0.0,0.06475,-0.12825,0.0,0.0,0.821,0.0,0.01025,0.09675,0.2045,89
POR,29.0,42.16075,0.26841711185112993,0.47281774454054304,0.08625,-0.1145,7.910722074938987,8.80890813781133,0.75325,0.0,0.01525,0.1645,0.24275,89
SAC,16.0,24.30025,0.07436288395223224,-0.050071769629441494,0.0,0.0,15.30251700666562,12.148872268129132,0.0,0.91575,0.08425,0.0,0.0,89
SAS,37.0,58.2155,0.0,0.0,0.0,0.0,0.0,0.0,1.0,0.0,0.0,0.0,0.0,89
UTA,23.0,36.74725,0.6386334554428571,0.1766027972470237,0.06525,0.113,10.831340132394644,9.700646081607738,0.1645,0.0,0.49775,0.39025,0.056,89
ATL,23.0,36.318,0.0,0.0,0.0375,0.1235,0.0,0.0,0.08075,0.0,0.67075,0.30025,0.0185,90
BOS,30.0,45.04925,0.1078391305669643,0.34071241945077235,0.05075,-0.1365,7.450299334541963,8.093533230021853,0.88175,0.0,0.00125,0.06725,0.18925,90
BKN,19.0,30.0915,-0.004916556437389776,-0.004916556437389776,0.00025,0.0045,5.533976388888888,5.533976388888888,0.0,0.04625,0.95075,0.003,0.0,90
CHA,24.0,37.1165,0.4567266631888393,0.2338898119234837,0.0415,0.1245,9.874629683444494,12.093872258789293,0.11025,0.0,0.5495,0.403,0.028,90
CHI,20.0,30.644,0.39696711298214243,-0.008947438203833607,0.00025,0.0055,13.393226468477826,12.718049585805748,0.0005,0.0255,0.96925,0.005,0.00025,90
CLE,32.0,47.58025,0.0,0.0,0.017,-0.0815,0.0,0.0,0.976,0.0,0.00025,0.00925,0.0535,90
DET,33.0,49.328,0.18561158300508157,0.2247915011010637,0.00525,-0.03525,6.801718914098303,6.851696316240267,0.99275,0.0,0.0,0.00275,0.018,90
IND,36.0,50.61575,0.17957728780820104,0.19704841008349866,0.004,-0.01575,6.541194259465665,6.5555675028537586,0.9975,0.0,0.0,0.0,0.0065,90
MIA,28.0,41.39175,0.05055800287087202,0.30328335979035226,0.088,-0.0055,9.136979484123746,10.995419893143433,0.471,0.0,0.06075,0.4405,0.2475,90
MIL,18.0,27.33225,0.0,0.0,0.0,0.0,0.0,0.0,0.0,0.2535,0.7465,0.0,0.0,90
NYK,35.0,50.85525,0.0,0.0,0.00175,-0.015,0.0,0.0,0.99725,0.0,0.0,0.0005,0.00625,90
ORL,34.0,49.4045,0.19276984586018517,0.2289336583686673,0.00875,-0.037,6.793404892603985,6.844730042039104,0.9885,0.0,0.0,0.002,0.021,90
PHI,21.0,36.3015,0.5031907959145833,0.1969750541652708,0.038,0.125,10.26845771685744,12.300572093183051,0.09175,0.00025,0.67225,0.305,0.012,90
TOR,31.0,46.0835,0.11224392913482142,0.2768009981954435,0.03225,-0.12,7.327248253955951,7.721329851128181,0.93075,0.0,0.00125,0.03275,0.12675,90
WAS,29.0,41.46925,0.21344564024776796,0.41029189263750004,0.08975,-0.015,8.16077931199896,9.73836426845655,0.48125,0.0,0.052,0.42875,0.2725,90
DAL,26.0,38.35325,0.13307501598973215,0.20729140205790822,0.06975,0.01625,0.31945630107187506,0.9688639581469176,0.63,0.0,0.022,0.23875,0.36175,90
DEN,20.0,32.908,0.0,0.0,0.057,0.123,0.0,0.0,0.1365,0.004,0.53775,0.397,0.03225,90
GSW,25.0,37.14675,0.4216571575912203,0.3974639249614158,0.06775,0.036,9.024884168220686,10.00099576917836,0.54675,0.0,0.0595,0.39075,0.25825,90
HOU,39.0,56.40425,0.14506769179894194,0.14506769179894194,0.0,0.0,5.533976388888888,5.533976388888888,1.0,0.0,0.0,0.0,0.0,90
LAC,22.0,32.0565,0.000774371693121694,0.000774371693121694,0.0345,0.11975,5.166598831569663,5.166598831569663,0.0715,0.0085,0.6885,0.26975,0.02025,90
LAL,37.0,54.491,0.0,0.0,0.0,0.0,0.0,0.0,1.0,0.0,0.0,0.0,0.0,90
MEM,17.0,23.64675,0.12343937083883941,-0.06218608750561227,0.0,0.00025,15.381585770554015,12.023892287699345,0.0,0.876,0.124,0.0,0.0,90
MIN,38.0,56.0845,0.0,0.0,0.0,0.0,0.0,0.0,1.0,0.0,0.0,0.0,0.0,90
NOP,15.0,24.26975,0.00963125000000004,-0.015066369047619056,0.00025,0.00075,19.917182291666666,15.14763199404762,0.0,0.80575,0.194,0.00025,0.0,90
OKC,41.0,61.2665,0.011099327601410946,0.011099327601410946,0.0,0.0,5.166598831569663,5.166598831569663,1.0,0.0,0.0,0.0,0.0,90
PHX,25.0,37.424,0.0,0.0,0.07825,0.03025,0.0,0.0,0.51275,0.0,0.04325,0.374,0.3065,90
POR,20.0,32.35525,0.5798240767622022,0.22337230289240373,0.0465,0.1265,12.228536660856546,12.225406974959036,0.10325,0.0055,0.63125,0.32925,0.01925,90
SAC,13.0,21.255,0.07849542357053574,-0.021582595671995476,0.0,0.0,15.694101229340173,11.942561316893563,0.0,0.97475,0.02525,0.0,0.0,90
SAS,37.0,54.80325,0.0,0.0,0.0,0.0,0.0,0.0,1.0,0.0,0.0,0.0,0.0,90
UTA,32.0,47.954,0.14698440283752207,0.14819537102859348,0.001,-0.00525,7.04964138355948,7.051691283548766,0.99925,0.0,0.0,0.00025,0.00175,90
ATL,31.0,47.07275,0.0,0.0,0.038,-0.1115,0.0,0.0,0.93225,0.0,0.00675,0.05175,0.0755,91
BOS,32.0,48.20775,0.24424897039370597,0.35649382745372576,0.02475,-0.068,6.461713136842511,6.631440638868006,0.96725,0.0,0.00325,0.02575,0.03375,91
BKN,14.0,23.9425,0.011226636904761904,0.00525029761904763,0.0,0.0,8.509725892857142,8.453673958333333,0.0,0.956,0.044,0.0,0.0,91
CHA,33.0,46.4675,0.30871038678113427,0.5498338314206679,0.06675,-0.1215,6.970433598198766,7.501335142974211,0.883,0.0,0.0115,0.078,0.114,91
CHI,28.0,40.92325,0.4494700926346727,0.47192123435167227,0.084,0.0925,9.27202301882768,11.563434057744102,0.2125,0.0,0.44875,0.3615,0.091,91
CLE,29.0,45.3595,0.0,0.0,0.07975,-0.1295,0.0,0.0,0.8335,0.0,0.0275,0.1335,0.139,91
DET,33.0,49.391,0.22807133806011362,0.28962406611523694,0.00975,-0.04225,6.18677885344165,6.254367833751933,0.985,0.0,0.00075,0.00725,0.02,91
IND,26.0,40.947,0.4780339007517858,0.519740406356359,0.0975,0.10575,9.203373753953127,11.492520938439077,0.2515,0.0,0.445,0.34925,0.09075,91
MIA,33.0,48.1965,-0.019643785222949725,0.0864087117147314,0.02775,-0.07575,9.353832508155872,9.51212448342534,0.96,0.0,0.0035,0.023,0.04575,91
MIL,16.0,23.571,0.0,0.0,0.0,0.0,0.0,0.0,0.0,0.98075,0.01925,0.0,0.0,91
NYK,27.0,39.617,0.0,0.0,0.057,0.11775,0.0,0.0,0.11925,0.0,0.649,0.24775,0.05275,91
ORL,30.0,43.0755,0.394410279185053,0.7249119590995852,0.11975,-0.0125,8.250811170239137,10.084322414236725,0.47125,0.0,0.152,0.344,0.19725,91
PHI,37.0,54.87575,0.05423414902998242,0.05529326750453599,0.0,0.0,5.233540222663137,5.234599341137692,1.0,0.0,0.0,0.00025,0.0,91
TOR,28.0,42.22075,0.4236108675928242,0.622019225707627,0.1045,0.03825,8.611649573436134,10.658411900874393,0.3845,0.0,0.252,0.378,0.14025,91
WAS,22.0,30.71325,0.32635240733705323,-0.039129156149404744,0.0,0.0,14.074655555995534,11.80078745444881,0.0,0.129,0.871,0.0,0.0,91
DAL,23.0,36.8355,0.32935694226562506,0.28213747601643285,0.082,0.084,1.3614699561035712,2.162434203722135,0.26725,0.0005,0.2745,0.5325,0.088,91
DEN,33.0,49.74875,0.0,0.0,0.0,-0.00175,0.0,0.0,0.9995,0.0,0.0,0.0,0.00075,91
GSW,32.0,42.86825,0.27891854545915457,0.3747873870834742,0.06,-0.12425,7.715070739201912,7.9884401345145255,0.85525,0.0,0.00225,0.06025,0.16625,91
HOU,26.0,40.21525,0.43492977401815486,0.5127223572603458,0.08625,-0.08575,8.631740167883633,9.289038775555596,0.6615,0.0,0.03025,0.26975,0.23875,91
LAC,23.0,32.293,0.0014180886243386264,0.001441600529100531,0.007,0.05525,5.972412929894181,5.972365906084657,0.01025,0.04575,0.86925,0.078,0.00525,91
LAL,29.0,45.09925,0.0,0.0,0.01925,-0.06275,0.0,0.0,0.9775,0.0,0.0005,0.01075,0.0385,91
MEM,21.0,30.62325,0.33371343769151757,-0.03286708448083184,0.00425,0.022,14.070804853724404,12.638353143776994,0.003,0.149,0.825,0.025,0.0005,91
MIN,23.0,38.14825,0.0,0.0,0.101,0.02775,0.0,0.0,0.45725,0.0,0.13925,0.50275,0.12425,91
NOP,18.0,27.80125,0.2523558035714286,0.06989479166666675,0.0005,0.002,20.542902232142858,14.872564732142859,0.00025,0.606,0.392,0.002,0.0,91
OKC,32.0,50.15625,0.19918003747795426,0.19977536399789475,0.0,-0.001,5.972412929894181,5.972365906084657,1.0,0.0,0.0,0.0,0.0,91
PHX,25.0,41.03475,0.0,0.0,0.0745,-0.112,0.0,0.0,0.7765,0.0,0.016,0.17775,0.1995,91
POR,20.0,30.83275,0.3428336293270831,-0.028348230114129746,0.00525,0.02475,13.986627744543153,12.650276937642714,0.0055,0.12675,0.84275,0.029,0.00075,91
SAC,23.0,34.5615,0.4513765270654759,0.20180931948429703,0.0265,0.11125,12.29207885517351,12.31019958976452,0.06325,0.00625,0.67325,0.27975,0.02625,91
SAS,43.0,61.546,0.0,0.0,0.0,0.0,0.0,0.0,1.0,0.0,0.0,0.0,0.0,91
UTA,30.0,43.655,0.21846373841234015,0.20191301395088185,0.03675,-0.1015,7.463627967670485,7.463916653327182,0.923,0.0,0.00075,0.0325,0.11125,91
ATL,33.0,50.33475,0.0,0.0,0.00625,-0.041,0.0,0.0,0.99,0.0,0.0,0.0035,0.024,92
BOS,38.0,54.7545,0.14650919312169325,0.14650919312169325,0.0,-0.00075,5.798280235890652,5.798280235890652,1.0,0.0,0.0,0.0,0.0,92
BKN,27.0,40.556,0.0030252976190476176,0.009566369047619044,0.05525,0.0025,7.292599702380953,7.415982291666666,0.221,0.0,0.023,0.80725,0.104,92
CHA,22.0,32.426,0.4665530999854165,0.018793542902536847,0.00325,0.01675,12.030992902130803,12.762338172542895,0.00225,0.0015,0.9755,0.023,0.0,92
CHI,18.0,29.39575,0.41674150317633896,-0.019381259883482122,0.00025,0.00125,13.544633418812053,12.758552478158272,0.0,0.03725,0.962,0.00075,0.0,92
CLE,32.0,48.19625,0.0,0.0,0.02575,-0.1015,0.0,0.0,0.9515,0.0,0.0,0.01775,0.0895,92
DET,29.0,45.63525,0.15636044205163693,0.43078846682774935,0.053,-0.12475,7.467502606353124,8.347150964084841,0.832,0.0,0.00025,0.108,0.24375,92
IND,34.0,50.42825,0.1647162948045304,0.1975008635533399,0.006,-0.03425,6.494184444945569,6.541454122397802,0.9915,0.0,0.0,0.00125,0.0195,92
MIA,31.0,47.6385,-0.01688618256121582,0.10548185316435954,0.02375,-0.1205,9.341278885942208,9.567223774766477,0.955,0.0,0.0,0.02125,0.10125,92
MIL,16.0,22.792,0.0,0.0,0.0,0.0,0.0,0.0,0.0,0.929,0.071,0.0,0.0,92
NYK,45.0,61.8735,0.0,0.0,0.0,0.0,0.0,0.0,1.0,0.0,0.0,0.0,0.0,92
ORL,30.0,44.431,0.1790866981739584,0.47144641777050733,0.07525,-0.104,7.709602971322172,9.04012774935017,0.72125,0.0,0.00025,0.20775,0.32075,92
PHI,26.0,40.8095,0.20945087715639893,0.26951992392850765,0.05375,-0.0015,8.610418963246131,11.077513380280736,0.3335,0.0,0.01375,0.796,0.09725,92
TOR,20.0,30.373,0.43747715819226163,-0.006984481577267565,0.00075,0.004,13.09540006558616,12.769838011745044,0.00025,0.02025,0.9765,0.00325,0.0,92
WAS,21.0,31.18225,0.4594682697047615,0.004752856895833345,0.002,0.009,12.699073888269643,11.854055716806549,0.00175,0.00825,0.9815,0.01025,0.0,92
DAL,26.0,38.21375,0.10013138965089287,0.19432528719300599,0.0605,0.022,0.435882236515625,1.7697868604209401,0.38125,0.0,0.046,0.64625,0.18325,92
DEN,30.0,45.84475,0.0,0.0,0.019,-0.113,0.0,0.0,0.95825,0.0,0.0,0.00475,0.1255,92
GSW,24.0,34.37,0.47322258789375,0.193936501354606,0.03375,0.12275,10.743382867280657,12.035637234622742,0.095,0.00025,0.41175,0.5595,0.0215,92
HOU,32.0,46.03825,0.12455369246130954,0.22324397933030748,0.02275,-0.11275,7.3312407714989565,7.620151631933035,0.94175,0.0,0.0,0.0045,0.14075,92
LAC,11.0,19.29525,-0.0010324955908289253,-0.0010324955908289253,0.0,0.0,5.26295047398589,5.26295047398589,0.0,0.99625,0.00375,0.0,0.0,92
LAL,35.0,53.2855,0.0,0.0,0.00025,-0.0015,0.0,0.0,1.0,0.0,0.0,0.0,0.0005,92
MEM,21.0,28.8495,0.388372188266071,-0.005010629161621285,0.002,0.01675,13.826168335840174,12.733749804813042,0.0025,0.043,0.9395,0.01725,0.00025,92
MIN,32.0,47.643,0.0,0.0,0.0105,-0.07575,0.0,0.0,0.987,0.0,0.0,0.00175,0.03925,92
NOP,21.0,28.80375,0.3450681547619048,0.015944047619047615,0.00075,0.01675,19.207429910714286,15.378902083333335,0.00025,0.04825,0.93575,0.016,0.0,92
OKC,35.0,57.82575,0.08499419091710768,0.08499419091710768,0.0,0.0,5.26295047398589,5.26295047398589,1.0,0.0,0.0,0.0,0.0,92
PHX,27.0,39.98475,0.0,0.0,0.05225,-0.009,0.0,0.0,0.54825,0.0,0.0095,0.32975,0.40875,92
POR,21.0,33.6165,0.5206628695013393,0.1844109020958404,0.03625,0.125,11.112575635376192,12.238734304722982,0.11175,0.0005,0.5655,0.4185,0.009,92
SAC,15.0,22.886,0.09751486696741081,-0.051329949125552665,0.0,0.0,15.35611758017187,12.025742718727281,0.0,0.9155,0.0845,0.0,0.0,92
SAS,35.0,55.2835,0.0,0.0,0.0,0.0,0.0,0.0,1.0,0.0,0.0,0.0,0.0,92
UTA,33.0,47.23325,0.1617271663637125,0.19629592589049824,0.01025,-0.09025,7.112953237056851,7.177633819345392,0.974,0.0,0.0,0.00175,0.07125,92
ATL,32.0,48.68325,0.0,0.0,0.025,-0.0865,0.0,0.0,0.96675,0.0,0.00025,0.0145,0.0545,93
BOS,40.0,57.59825,0.08241295194003535,0.08241295194003535,0.0,0.0,5.296485956790122,5.296485956790122,1.0,0.0,0.0,0.0,0.0,93
BKN,12.0,19.93075,6.071428571428506e-05,-0.0030779761904761943,0.0,0.0,7.235295001102292,7.377643066578483,0.0,0.97875,0.02125,0.0,0.0,93
CHA,26.0,38.25375,0.29308049765357147,0.20863085854669203,0.0255,0.11075,9.713584100179764,12.155651316717991,0.09175,0.0,0.394,0.5705,0.0205,93
CHI,17.0,26.55225,0.23773979633928563,-0.10131493521730982,0.0,0.0,14.57212731254196,12.754955002097638,0.0,0.2655,0.7345,0.0,0.0,93
CLE,34.0,47.08625,0.0,0.0,0.06375,-0.12725,0.0,0.0,0.8785,0.0,0.0005,0.05025,0.1535,93
DET,27.0,43.985,0.23087567645684529,0.6134063748916849,0.09775,-0.0895,7.805819481978125,9.40921172192436,0.6915,0.0,0.00675,0.332,0.21675,93
IND,36.0,50.98125,0.14103060593564815,0.16866809675390212,0.0065,-0.0205,6.320315830483423,6.3546940006987995,0.99325,0.0,0.0,0.002,0.012,93
MIA,28.0,43.43575,-0.010752935906905776,0.3516327340002472,0.09025,-0.06725,9.143864338016282,10.875229008778327,0.57625,0.0,0.01675,0.42225,0.22225,93
MIL,16.0,23.52125,0.0,0.0,0.0,0.0,0.0,0.0,0.0,0.79225,0.20775,0.0,0.0,93
NYK,30.0,47.007,0.0,0.0,0.045,-0.12875,0.0,0.0,0.916,0.0,0.00025,0.05575,0.11625,93
ORL,24.0,37.114,0.36715866299047617,0.17069781161342534,0.02725,0.10525,10.142662101867561,12.50563553110071,0.0665,0.0,0.6275,0.3605,0.00675,93
PHI,35.0,54.26425,0.15741027030282753,0.16012371384375015,0.00025,-0.0015,5.85209544997655,5.854311738198425,0.99975,0.0,0.0,0.00025,0.0005,93
TOR,30.0,45.559,0.21886312220297624,0.5305571526605158,0.07225,-0.13325,7.465118767349702,8.377629648540921,0.8155,0.0,0.0025,0.144,0.19675,93
WAS,24.0,33.92275,0.42764186944285704,0.0335649081946428,0.00225,0.03575,11.744756203702531,11.961805069170834,0.00425,0.00025,0.95125,0.048,0.00025,93
DAL,22.0,33.13125,0.3293207706165178,0.14096605360666667,0.019,0.1215,2.0502322272910716,3.112533274924473,0.04525,0.00025,0.64475,0.35375,0.00075,93
DEN,35.0,52.421,0.0,0.0,0.00025,-0.00325,0.0,0.0,0.9995,0.0,0.0,0.0,0.0015,93
GSW,32.0,45.71625,0.1687885585482088,0.31818287986745475,0.0255,-0.1365,7.357313853025032,7.795739628420667,0.92825,0.0,0.0,0.009,0.20475,93
HOU,30.0,46.10925,0.18003214224630731,0.3210768660880732,0.0205,-0.12475,7.241927881670596,7.560558105260079,0.9615,0.0,0.0,0.01125,0.1355,93
LAC,23.0,33.99125,0.0009967813051146397,0.0009967813051146397,0.024,0.131,5.321301565255731,5.321301565255731,0.08525,0.0,0.49625,0.5,0.003,93
LAL,32.0,46.66175,0.0,0.0,0.02175,-0.11625,0.0,0.0,0.958,0.0,0.0,0.00625,0.1225,93
MEM,28.0,37.76075,0.2978878721623512,0.18846020271632788,0.03025,0.038,9.708988268178722,11.669677081936273,0.171,0.0,0.061,0.86975,0.04525,93
MIN,29.0,46.042,0.0,0.0,0.018,-0.13275,0.0,0.0,0.96,0.0,0.0,0.00725,0.1365,93
NOP,19.0,28.86725,0.21378199404761913,0.08646904761904763,0.0005,0.014,18.90949464285714,16.03633556547619,0.00275,0.05725,0.924,0.01875,0.0,93
OKC,37.0,57.14475,0.1038880401234569,0.1038880401234569,0.0,0.0,5.321301565255731,5.321301565255731,1.0,0.0,0.0,0.0,0.0,93
PHX,17.0,27.46475,0.0,0.0,0.00075,0.0045,0.0,0.0,0.0005,0.16525,0.8285,0.00625,0.0,93
POR,30.0,44.00925,0.1719699932546131,0.3526596280330357,0.0455,-0.1305,7.675859984959077,8.44654772794742,0.85975,0.0,0.00025,0.04125,0.3495,93
SAC,16.0,23.959,0.15864685343258939,-0.1041721587243903,0.0,0.0,15.194303519811605,12.334894343539865,0.0,0.7355,0.2645,0.0,0.0,93
SAS,39.0,56.8685,0.0,0.0,0.0,0.0,0.0,0.0,1.0,0.0,0.0,0.0,0.0,93
UTA,20.0,31.95825,0.4258149454578867,0.04861901761666659,0.01925,0.089,12.53574905285104,10.044523365207736,0.02825,0.005,0.8175,0.1765,0.00075,93
ATL,27.0,41.79,0.0,0.0,0.08125,0.11475,0.0,0.0,0.1725,0.0,0.561,0.308,0.0555,94
BOS,43.0,58.95925,0.10884873236331581,0.10884873236331581,0.0,0.0,5.359782649911815,5.359782649911815,1.0,0.0,0.0,0.0,0.0,94
BKN,20.0,30.02425,0.01793318452380952,-0.008345238095238074,0.0,0.0,7.899575744047619,8.094480505952381,0.0,0.01525,0.98475,0.0,0.0,94
CHA,34.0,48.4535,0.23332264183252868,0.4573611752593357,0.06,-0.10775,7.037308192336072,7.420490843310463,0.90675,0.0,0.00725,0.06325,0.078,94
CHI,21.0,31.1145,0.3895906814352677,-0.00425634312916666,0.0,0.0,12.259133525112054,12.781026264112093,0.0,0.0055,0.9945,0.0,0.0,94
CLE,30.0,45.30825,0.0,0.0,0.12025,-0.0765,0.0,0.0,0.608,0.0,0.0745,0.3215,0.1545,94
DET,31.0,46.31225,0.2789090965193453,0.6731332537080782,0.1135,-0.122,7.620983073324703,8.709871647214994,0.733,0.0,0.0375,0.2075,0.1545,94
IND,30.0,45.14875,0.28474413652187514,0.6589735816543864,0.12425,-0.07075,7.987447820118006,9.621483542993806,0.57825,0.0,0.085,0.33,0.174,94
MIA,31.0,45.42275,-0.004862337346378838,0.39309773299013373,0.11025,-0.085,9.218714772158544,10.589786655586144,0.6235,0.0,0.07675,0.2875,0.168,94
MIL,17.0,23.6525,0.0,0.0,0.0,0.0,0.0,0.0,0.0,0.7465,0.2535,0.0,0.0,94
NYK,37.0,53.99425,0.0,0.0,0.00125,-0.003,0.0,0.0,0.99875,0.0,0.0,0.00025,0.00125,94
ORL,35.0,53.52875,0.07391760221308422,0.07811801613838185,0.00025,-0.00425,6.175490635402833,6.180604401691822,0.9995,0.0,0.0,0.00025,0.00175,94
PHI,29.0,47.81325,0.22016735088431444,0.4964637710298147,0.052,-0.12525,7.1353888789513995,7.571550821326633,0.928,0.0,0.00775,0.07875,0.062,94
TOR,30.0,44.31225,0.2883147052014883,0.6714288674104875,0.11625,-0.02375,8.292755629204168,10.253642241700824,0.45175,0.0,0.15025,0.403,0.1505,94
WAS,14.0,21.2975,0.1069703644066965,-0.023764586760714267,0.0,0.0,15.598402258390623,11.339161645407147,0.0,0.9425,0.0575,0.0,0.0,94
DAL,22.0,33.80175,0.23536035421026788,0.19677987786957912,0.056,0.064,1.09107020201875,2.1002585691447493,0.22425,0.0005,0.12625,0.737,0.08,94
DEN,24.0,38.577,0.0,0.0,0.063,-0.09875,0.0,0.0,0.795,0.0,0.00225,0.11375,0.3285,94
GSW,19.0,28.3335,0.4518669170171128,0.046636731727125826,0.0115,0.064,13.485264453154464,12.604880758495659,0.01375,0.0635,0.833,0.10075,0.00175,94
HOU,25.0,39.031,0.20741886213392852,0.2975999483933957,0.0525,-0.11,7.982780473992856,8.525936026746393,0.825,0.0,0.0015,0.07925,0.3135,94
LAC,14.0,21.95175,-0.00023461199294532654,-0.00023461199294532654,0.00025,0.001,6.116404034391536,6.116404034391536,0.0,0.9145,0.085,0.0005,0.0,94
LAL,42.0,61.09375,0.0,0.0,0.0,0.0,0.0,0.0,1.0,0.0,0.0,0.0,0.0,94
MEM,22.0,29.16125,0.45408823902053536,0.09064567465523657,0.00725,0.08675,13.127299509622915,12.587144382949278,0.01175,0.027,0.827,0.143,0.00275,94
MIN,36.0,54.84025,0.0,0.0,0.0,0.0,0.0,0.0,1.0,0.0,0.0,0.0,0.0,94
NOP,18.0,27.80975,0.3317235119047619,0.14901056547619043,0.005,0.041,18.903121875000004,15.552396726190477,0.0105,0.08925,0.848,0.06175,0.001,94
OKC,36.0,54.3655,0.07305146604938276,0.07305146604938276,0.0,0.0,6.116404034391536,6.116404034391536,1.0,0.0,0.0,0.0,0.0,94
PHX,19.0,32.996,0.0,0.0,0.0435,0.098,0.0,0.0,0.22875,0.00025,0.2055,0.70525,0.04925,94
POR,30.0,44.5045,0.04409808860312501,0.06581297150133929,0.004,-0.03,7.3585455353876466,7.386830695946725,0.99275,0.0,0.0,0.0005,0.018,94
SAC,18.0,26.7225,0.360380510613839,-0.049168311997484254,0.0025,0.02525,14.248543673405802,12.594274129332549,0.00125,0.19525,0.78025,0.0245,0.0,94
SAS,39.0,59.52475,0.0,0.0,0.0,0.0,0.0,0.0,1.0,0.0,0.0,0.0,0.0,94
UTA,27.0,40.15475,0.13606359630312498,0.133291442160119,0.03525,-0.13075,7.720950765854463,7.741003869698213,0.897,0.0,0.001,0.03375,0.20525,94
ATL,29.0,44.54375,0.0,0.0,0.06975,-0.0655,0.0,0.0,0.64925,0.0,0.0,0.32325,0.30975,95
BOS,36.0,53.548,0.16443627276915243,0.17469258325412265,0.00075,-0.0105,6.067812998477431,6.0759413519010925,0.99975,0.0,0.0,0.0,0.00325,95
BKN,19.0,30.78325,0.005762797619047618,0.0010886904761904699,0.00425,0.03675,7.398652651014109,7.637755031966489,0.0045,0.00675,0.9445,0.04875,0.0,95
CHA,35.0,50.1335,0.20978928442633377,0.3147311200373456,0.0185,-0.08775,6.765240505114434,6.948311663041369,0.96625,0.0,0.0,0.01325,0.0635,95
CHI,18.0,26.785,0.388300020623214,-0.07025219022830913,0.0,0.0015,13.95526999014107,12.634844791031158,0.0,0.1735,0.82475,0.00175,0.0,95
CLE,33.0,48.05525,0.0,0.0,0.0475,-0.1455,0.0,0.0,0.88925,0.0,0.0,0.038,0.20375,95
DET,33.0,49.31725,0.2168187925539021,0.37771049187518185,0.02925,-0.1155,6.951660154867912,7.2238955676662755,0.95375,0.0,0.0,0.01275,0.10475,95
IND,23.0,35.6145,0.2224499926956845,0.15068731291585877,0.022,0.1215,9.797712877900299,12.010708460376895,0.089,0.0,0.3475,0.64975,0.0015,95
MIA,29.0,43.19,0.042340486917587225,0.24026923410045042,0.06575,-0.0255,9.118442156196991,11.169986048923501,0.44475,0.0,0.00125,0.60625,0.20825,95
MIL,12.0,19.42675,0.0,0.0,0.0,0.0,0.0,0.0,0.0,0.98775,0.01225,0.0,0.0,95
NYK,36.0,52.462,0.0,0.0,0.0055,-0.0285,0.0,0.0,0.99675,0.0,0.0,0.0,0.01325,95
ORL,21.0,33.851,0.33260312437842265,0.12588777864995743,0.01575,0.1085,10.428878301278274,12.432569772163905,0.0425,0.00025,0.702,0.29725,0.0005,95
PHI,32.0,49.76525,0.20591675686215277,0.2986754081756448,0.01225,-0.0925,6.83675970460787,7.012339676814716,0.972,0.0,0.0,0.0075,0.06875,95
TOR,37.0,52.12475,0.18272052426278113,0.20832563110415014,0.00525,-0.02975,6.35070662036949,6.406058426385263,0.992,0.0,0.0,0.001,0.02275,95
WAS,17.0,25.6695,0.33319023872142833,-0.07126548531547619,0.0,0.00075,14.396378272991962,11.67628153152917,0.00025,0.333,0.6665,0.0005,0.0,95
DAL,16.0,27.01,0.4158079327910715,-0.04392043119557826,0.00475,0.0395,3.693019976711161,2.9961646175517864,0.00725,0.17225,0.773,0.05475,0.0,95
DEN,27.0,44.0345,0.0,0.0,0.05275,-0.0855,0.0,0.0,0.822,0.0,0.0,0.21925,0.26425,95
GSW,18.0,29.42475,0.5022595304403271,0.09914994804027774,0.0125,0.10075,12.538194655383332,12.48006753124466,0.0315,0.02675,0.7345,0.23875,0.0,95
HOU,31.0,46.65,0.1451474038859182,0.33968076522133483,0.03225,-0.1355,7.4199442512569656,7.856568289934197,0.92325,0.0,0.0,0.04825,0.149,95
LAC,18.0,26.5325,-0.0002581238977072313,-0.0002581238977072313,0.0025,0.033,5.1583388668430326,5.1583388668430326,0.002,0.21275,0.74325,0.044,0.0,95
LAL,33.0,48.7265,0.0,0.0,0.01625,-0.07375,0.0,0.0,0.97325,0.0,0.0,0.01075,0.0655,95
MEM,21.0,31.04475,0.4748786739864582,0.14146833322154184,0.01525,0.12475,11.59882357878527,12.127663554701057,0.0665,0.00525,0.43925,0.5555,0.0,95
MIN,38.0,55.3585,0.0,0.0,0.00025,-0.0005,0.0,0.0,1.0,0.0,0.0,0.0,0.0,95
NOP,8.0,16.14525,-0.014224107142857139,0.028229017857142852,0.0,0.0,20.83273660714286,14.532944345238098,0.0,1.0,0.0,0.0,0.0,95
OKC,43.0,62.844,0.0025812389770723133,0.0025812389770723133,0.0,0.0,5.1583388668430326,5.1583388668430326,1.0,0.0,0.0,0.0,0.0,95
PHX,31.0,42.03675,0.0,0.0,0.078,-0.03925,0.0,0.0,0.318,0.0,0.0,0.61675,0.23275,95
POR,31.0,45.48575,0.14747541463973216,0.3914142606080357,0.043,-0.136,7.608254476972916,8.366951603537796,0.86675,0.0,0.0,0.096,0.24325,95
SAC,19.0,27.93925,0.4689489843535711,0.0353852689780258,0.00525,0.06275,13.347547822674553,12.588335994573528,0.00775,0.08175,0.81125,0.107,0.0,95
SAS,42.0,62.4535,0.0,0.0,0.0,0.0,0.0,0.0,1.0,0.0,0.0,0.0,0.0,95
UTA,34.0,49.04425,0.19856444920424932,0.22917634323802907,0.01275,-0.07025,6.971187051642388,7.0211813285981926,0.98175,0.0,0.0,0.009,0.04525,95
ATL,32.0,48.0995,0.0,0.0,0.02125,-0.101,0.0,0.0,0.95625,0.0,0.0005,0.0095,0.09475,96
BOS,31.0,46.6625,0.17786190439940477,0.333169421446379,0.036,-0.12075,7.367679550351189,7.85597161288538,0.9055,0.0,0.002,0.0295,0.1895,96
BKN,13.0,20.55975,0.003796726190476193,0.013676934523809524,0.0,0.0,7.397269257054673,7.676309286816577,0.0,0.8195,0.1805,0.0,0.0,96
CHA,28.0,41.20475,0.3719388394489584,0.47379404642029743,0.09375,0.05725,9.035112948470683,10.823764757654027,0.357,0.0,0.1355,0.4905,0.21525,96
CHI,16.0,23.91525,0.24866711736741062,-0.10776704017138863,0.0,0.0,14.558237173412051,12.670718537016072,0.0,0.26975,0.73025,0.0,0.0,96
CLE,38.0,53.6125,0.0,0.0,0.001,-0.00525,0.0,0.0,0.99975,0.0,0.0,0.0,0.0015,96
DET,25.0,39.99125,0.3798721098568452,0.43234593025041357,0.07375,0.104,9.518859281729318,11.443740573750084,0.273,0.0,0.2855,0.50325,0.115,96
IND,32.0,47.81825,0.1975706666841876,0.30666227273413804,0.0275,-0.105,7.1312823712282505,7.425587669134899,0.9475,0.0,0.00025,0.009,0.12425,96
MIA,36.0,53.595,-0.00027579230740189595,0.003397748394010142,0.00025,-0.00625,9.382940917107586,9.384623481849436,1.0,0.0,0.0,0.0,0.00125,96
MIL,18.0,26.18625,0.0,0.0,0.0,0.0,0.0,0.0,0.0,0.057,0.943,0.0,0.0,96
NYK,39.0,56.91625,0.0,0.0,0.0,0.0,0.0,0.0,1.0,0.0,0.0,0.0,0.0,96
ORL,27.0,41.032,0.36928955210639886,0.458748420405887,0.0915,0.06525,9.109489175885269,10.936192824510824,0.35625,0.0,0.15725,0.50625,0.187,96
PHI,34.0,53.026,0.16944622158148706,0.17514747554830257,0.00025,-0.009,6.090809085338102,6.096558504997476,0.99975,0.0,0.0,0.0,0.00225,96
TOR,25.0,39.1035,0.36100048622008934,0.3468373663620278,0.06125,0.11575,9.90639694445893,11.839025398381915,0.205,0.0,0.419,0.452,0.06925,96
WAS,21.0,29.68325,0.20160427133794603,0.0001938445345238078,0.0,0.00075,12.803340907087051,11.952789510774405,0.0,0.0005,0.9995,0.0,0.0,96
DAL,20.0,30.29425,0.19782157572857148,0.0008207232096513624,0.0,0.00125,2.5192112595700893,3.387768117501727,0.0,0.0005,0.99875,0.00075,0.0,96
DEN,31.0,46.71725,0.0,0.0,0.05725,-0.1375,0.0,0.0,0.88375,0.0,0.0,0.088,0.12975,96
GSW,31.0,45.885,0.21372521572598105,0.5056111539554454,0.07075,-0.143,7.5607109946866675,8.396597115294504,0.83,0.0,0.0,0.15275,0.17325,96
HOU,30.0,46.522,0.19276901135044647,0.4513787774934028,0.05625,-0.12825,7.408194044522084,7.992570748641825,0.89,0.0,0.0,0.0985,0.12875,96
LAC,13.0,21.43825,0.00023750000000000005,0.00023750000000000005,0.0,0.0,5.3672574735449725,5.3672574735449725,0.0,0.69975,0.30025,0.0,0.0,96
LAL,37.0,56.1915,0.0,0.0,0.0,0.0,0.0,0.0,1.0,0.0,0.0,0.0,0.0,96
MEM,16.0,23.33125,0.2422533130098214,-0.12800767000715954,0.0,0.0,14.739368880676338,12.599172258270544,0.0,0.3525,0.6475,0.0,0.0,96
MIN,35.0,50.86675,0.0,0.0,0.00575,-0.02425,0.0,0.0,0.9955,0.0,0.0,0.00225,0.01,96
NOP,22.0,31.86475,0.058705952380952366,-0.07610892857142856,0.0,0.0035,15.986308482142856,16.603181250000002,0.0,0.0,0.9965,0.0035,0.0,96
OKC,37.0,56.977,0.10442658730158741,0.10442658730158741,0.0,0.0,5.3672574735449725,5.3672574735449725,1.0,0.0,0.0,0.0,0.0,96
PHX,30.0,45.20125,0.0,0.0,0.0915,-0.13775,0.0,0.0,0.728,0.0,0.0,0.2235,0.2275,96
POR,29.0,42.19975,0.2888704647747024,0.4096538181608135,0.071,-0.04575,8.772389937149851,10.815444471019891,0.3355,0.0,0.00275,0.71,0.1315,96
SAC,13.0,20.71025,0.18071472323526797,-0.10343445405914371,0.0,0.0,15.374855510580353,12.20983966115176,0.0,0.8005,0.1995,0.0,0.0,96
SAS,32.0,48.1,0.0,0.0,0.028,-0.09825,0.0,0.0,0.9535,0.0,0.0,0.0335,0.068,96
UTA,29.0,42.29475,0.30530235369255954,0.22434432065535714,0.0815,-0.05025,8.68622755528884,9.091126188202976,0.38375,0.0,0.0015,0.68725,0.13125,96
ATL,34.0,47.90975,0.0,0.0,0.0225,-0.073,0.0,0.0,0.957,0.0,0.0,0.01225,0.07025,97
BOS,32.0,46.65275,0.1413848939574405,0.3166707720275298,0.0365,-0.115,7.245180473621279,7.622264560122221,0.928,0.0,0.00025,0.04,0.111,97
BKN,15.0,25.6355,0.007514880952380953,0.0034711309523809534,0.0,0.0,7.859399107142855,8.157597172619047,0.0,0.415,0.585,0.0,0.0,97
CHA,24.0,34.36475,0.40910205851875003,0.10811056026126269,0.01025,0.0865,11.257658853188692,12.583425985563979,0.023,0.0,0.80625,0.19225,0.0015,97
CHI,21.0,32.77275,0.40590644720535696,0.05854521831085172,0.00575,0.0495,12.040580876420387,12.720765338840845,0.0065,0.00175,0.922,0.07525,0.001,97
CLE,23.0,37.314,0.0,0.0,0.03125,0.10775,0.0,0.0,0.1565,0.0,0.25925,0.7135,0.01475,97
DET,30.0,47.805,0.15407438718729058,0.2554772052894731,0.019,-0.0835,7.0295483435462796,7.1694902172525286,0.976,0.0,0.0,0.0105,0.0465,97
IND,28.0,41.55925,0.22650588135431554,0.4063340790254351,0.07825,-0.02925,8.324944612141817,10.557101534556669,0.42875,0.0,0.01825,0.62125,0.16875,97
MIA,30.0,45.5345,-0.03517993843181766,0.1763595322791299,0.05225,-0.146,9.267943228954241,9.810372804976108,0.8645,0.0,0.00025,0.077,0.1785,97
MIL,20.0,29.82575,0.0,0.0,0.0005,0.007,0.0,0.0,0.0015,0.02425,0.96825,0.0075,0.0,97
NYK,39.0,55.66,0.0,0.0,0.00025,-0.00025,0.0,0.0,0.99975,0.0,0.0,0.0,0.00025,97
ORL,30.0,44.718,0.1433384119806548,0.43683169088179563,0.0645,-0.13975,7.552397582935713,8.457994031191912,0.814,0.0,0.00025,0.13875,0.21425,97
PHI,29.0,44.9935,0.13039172646160715,0.4178642109019912,0.0515,-0.14025,7.5115103613061,8.284767556884628,0.8445,0.0,0.00125,0.10975,0.19325,97
TOR,42.0,59.36375,0.08292919973544982,0.08292919973544982,0.0,0.0,5.276817735890652,5.276817735890652,1.0,0.0,0.0,0.0,0.0,97
WAS,19.0,27.788,0.3168843843392855,-0.04294347017738092,0.0,0.002,14.059515663306247,11.811532668983931,0.0,0.129,0.869,0.002,0.0,97
DAL,13.0,23.90375,0.15354242393169643,-0.11998690031499151,0.0,0.00025,4.994360337494197,2.5222562710712673,0.0,0.70825,0.2915,0.00025,0.0,97
DEN,38.0,55.3585,0.0,0.0,0.0,-0.00025,0.0,0.0,1.0,0.0,0.0,0.0,0.00025,97
GSW,28.0,40.5405,0.26592903734434525,0.49046369970642717,0.0905,-0.0705,8.270418469758036,9.511222953100809,0.63775,0.0,0.01075,0.32,0.27775,97
HOU,27.0,41.72975,0.1865348557668155,0.4128179674812146,0.0615,-0.1005,7.893386647784524,8.712689320549863,0.78825,0.0,0.00525,0.17025,0.2275,97
LAC,16.0,24.23475,-0.001101278659611993,-0.001101278659611993,0.0,0.0,6.133726455026457,6.133726455026457,0.0,0.6705,0.3295,0.0,0.0,97
LAL,38.0,56.74225,0.0,0.0,0.0,0.0,0.0,0.0,1.0,0.0,0.0,0.0,0.0,97
MEM,22.0,33.42825,0.42370200328705354,0.13911996937919496,0.02325,0.08825,11.645462118830507,12.523109348639485,0.044,0.0005,0.783,0.20375,0.00725,97
MIN,37.0,54.09725,0.0,0.0,0.0,-0.00025,0.0,0.0,1.0,0.0,0.0,0.0,0.0,97
NOP,20.0,28.265,0.17482247023809516,0.07547842261904765,0.00075,0.006,16.937530952380957,16.45759047619048,0.0,0.08275,0.91275,0.0045,0.0,97
OKC,35.0,53.33475,0.09955982142857148,0.09955982142857148,0.0,-0.00025,6.133726455026457,6.133726455026457,1.0,0.0,0.0,0.0,0.0,97
PHX,23.0,36.8175,0.0,0.0,0.05525,0.06375,0.0,0.0,0.2565,0.0,0.16675,0.69325,0.072,97
POR,27.0,39.20825,0.31792247909449406,0.42636828459482,0.088,-0.02025,8.823484035043007,10.35105285557345,0.4325,0.0,0.03725,0.522,0.213,97
SAC,13.0,20.7195,0.08100615107678573,-0.02575837555977887,0.0,0.0,15.709412321511156,11.997777813278557,0.0,0.968,0.032,0.0,0.0,97
SAS,37.0,56.808,0.0,0.0,0.0,0.0,0.0,0.0,1.0,0.0,0.0,0.0,0.0,97
UTA,30.0,42.91475,0.1505592143184524,0.19922773437202385,0.0575,-0.1405,7.690881374115922,7.8393512862625,0.841,0.0,0.00125,0.086,0.20225,97
ATL,22.0,34.511,0.0,0.0,0.02875,0.105,0.0,0.0,0.07475,0.001,0.72725,0.234,0.0225,98
BOS,27.0,42.2435,0.12224296750892859,0.36738593370048184,0.0535,-0.13725,7.557910932664285,8.195597945962314,0.88725,0.0,0.008,0.08675,0.16525,98
BKN,21.0,31.90275,0.016267410714285717,0.0279141369047619,0.0095,0.04675,8.372638541666667,8.989561755952382,0.0075,0.026,0.9165,0.0545,0.00225,98
CHA,19.0,30.49275,0.4829765366886901,-0.01405205738019413,0.00375,0.01725,13.267148866076042,12.707918655690365,0.00475,0.06225,0.91825,0.01925,0.00025,98
CHI,28.0,38.29375,0.36377314643571435,0.5019429340933532,0.094,0.034,8.8682243159564,10.794572457848822,0.3185,0.0,0.129,0.515,0.21,98
CLE,29.0,44.97075,0.0,0.0,0.01375,-0.0745,0.0,0.0,0.9815,0.0,0.00075,0.012,0.039,98
DET,30.0,48.3055,0.17199578206681546,0.17825163892529758,0.0,-0.0085,6.702960272748512,6.710214580324108,0.9995,0.0,0.0,0.0005,0.00225,98
IND,41.0,59.4085,0.15129631834215185,0.15129631834215185,0.0,0.0,5.598475826719576,5.598475826719576,1.0,0.0,0.0,0.0,0.0,98
MIA,26.0,39.3555,0.09510763984680896,0.35708069700565687,0.1095,-0.02,9.353857973501004,10.932783733385248,0.51325,0.0,0.0705,0.396,0.243,98
MIL,19.0,27.7105,0.0,0.0,0.00025,0.00125,0.0,0.0,0.0,0.34525,0.6545,0.00025,0.0,98
NYK,33.0,49.88575,0.0,0.0,0.00025,-0.0045,0.0,0.0,1.0,0.0,0.0,0.0,0.001,98
ORL,27.0,42.14325,0.13590728998735124,0.3833849923142786,0.059,-0.1315,7.602298362413838,8.250714326502104,0.8685,0.0,0.011,0.08725,0.17875,98
PHI,43.0,62.96175,0.03613734567901238,0.03613734567901238,0.0,0.0,5.199896814373897,5.199896814373897,1.0,0.0,0.0,0.0,0.0,98
TOR,25.0,37.6745,0.42213475178720244,0.4693459032683886,0.088,0.064,9.058114817105357,11.036119073907656,0.336,0.0,0.196,0.5335,0.1325,98
WAS,23.0,32.38375,0.547524583549851,0.05174630455178579,0.00775,0.04825,12.236438552073512,11.784635202044647,0.0085,0.01125,0.9225,0.061,0.00325,98
DAL,23.0,36.31275,0.21403054761339285,0.18220126167538267,0.0635,0.03975,0.6893296053830358,1.921438297716625,0.32,0.00025,0.0695,0.71,0.12925,98
DEN,22.0,36.56175,0.0,0.0,0.06275,0.03875,0.0,0.0,0.364,0.00025,0.06575,0.703,0.1345,98
GSW,20.0,30.73025,0.4981824411874997,0.05117116120746177,0.01425,0.061,13.11592522957991,12.618149242299493,0.01475,0.05425,0.84875,0.0945,0.00175,98
HOU,26.0,38.52075,0.3344265223552084,0.3429067529817814,0.068,-0.00175,8.620255094041367,10.129016982218069,0.463,0.0,0.01725,0.4125,0.355,98
LAC,18.0,25.424,0.0010324955908289253,0.0010324955908289253,0.00025,0.0015,5.311148214285713,5.311148214285713,0.0,0.76075,0.238,0.00125,0.0,98
LAL,38.0,54.77375,0.0,0.0,0.0,0.0,0.0,0.0,1.0,0.0,0.0,0.0,0.0,98
MEM,21.0,29.74,0.44774314548273775,-0.00815643846018986,0.0055,0.03975,13.670404458062054,12.629660535140323,0.00525,0.10775,0.839,0.0525,0.00075,98
MIN,42.0,59.505,0.0,0.0,0.0,0.0,0.0,0.0,1.0,0.0,0.0,0.0,0.0,98
NOP,16.0,26.05325,0.08374925595238093,-0.07280163690476187,0.0,0.00175,19.892093601190478,15.434261755952383,0.0005,0.65375,0.3445,0.00175,0.0,98
OKC,42.0,61.39325,0.08672962962962973,0.08672962962962973,0.0,0.0,5.311148214285713,5.311148214285713,1.0,0.0,0.0,0.0,0.0,98
PHX,28.0,43.25575,0.0,0.0,0.038,-0.104,0.0,0.0,0.8695,0.0,0.00025,0.0225,0.28475,98
POR,32.0,46.29775,0.1587265578577381,0.23762264781502973,0.017,-0.0895,7.106503730879762,7.246374314318452,0.97475,0.0,0.0,0.001,0.063,98
SAC,15.0,22.267,0.07507854176919646,-0.020171425666694994,0.0,0.0,15.728859429496424,11.969123072433147,0.0,0.97725,0.02275,0.0,0.0,98
SAS,30.0,47.55925,0.0,0.0,0.004,-0.05075,0.0,0.0,0.99125,0.0,0.0,0.001,0.023,98
UTA,34.0,49.362,0.14418821032404644,0.15116638225961196,0.00275,-0.0195,6.509896667355269,6.518369043928484,0.997,0.0,0.0,0.0,0.008,98
ATL,31.0,48.01875,0.0,0.0,0.01275,-0.091,0.0,0.0,0.9725,0.0,0.0,0.00375,0.0695,99
BOS,37.0,53.9895,0.1397065831335153,0.14146638852533078,0.00025,-0.00175,5.96380864197531,5.9651278443452505,1.0,0.0,0.0,0.0,0.0005,99
BKN,13.0,22.2975,-0.0025047619047619037,-0.009720833333333335,0.0,0.0,6.885037637786596,6.9219418044532635,0.0,0.88725,0.11275,0.0,0.0,99
CHA,19.0,29.186,0.36895865821696394,-0.015890753302830185,0.00125,0.01225,13.535683457518749,12.772872977940489,0.001,0.04975,0.93425,0.016,0.0,99
CHI,22.0,33.662,0.45645985533392847,0.12251575555953076,0.01125,0.10225,11.447308128506846,12.51605689413275,0.02825,0.00075,0.73075,0.268,0.00025,99
CLE,31.0,47.50175,0.0,0.0,0.0205,-0.11075,0.0,0.0,0.9685,0.0,0.0,0.0055,0.1035,99
DET,28.0,45.33325,0.121106043796875,0.33954023510372017,0.04125,-0.1395,7.444700923309374,8.118729561684125,0.9065,0.0,0.0,0.03775,0.24875,99
IND,35.0,49.02725,0.18446447720223766,0.2648749388229221,0.01275,-0.06025,6.836006707921969,6.958206550984171,0.979,0.0,0.0,0.00075,0.054,99
MIA,26.0,39.10125,0.16332244552884156,0.1198790283650878,0.0355,0.01475,9.345516340102233,11.765150246752382,0.2025,0.0,0.03475,0.85575,0.0675,99
MIL,11.0,18.886,0.0,0.0,0.0,0.0,0.0,0.0,0.0,0.99475,0.00525,0.0,0.0,99
NYK,30.0,47.0275,0.0,0.0,0.02,-0.1235,0.0,0.0,0.954,0.0,0.0,0.01,0.1365,99
ORL,23.0,35.98,0.40287404260000004,0.13296742951913676,0.02175,0.0955,10.118868958072621,11.918123525056792,0.123,0.0,0.2495,0.738,0.00775,99
PHI,38.0,55.7975,0.15572141754850105,0.15637633089314393,0.0,-0.00025,5.611362433862434,5.611362433862434,1.0,0.0,0.0,0.0,0.0,99
TOR,28.0,44.50475,0.11973152541547619,0.3204135343927509,0.03825,-0.13475,7.550166868020238,8.418979469335657,0.86475,0.0,0.00025,0.0645,0.31175,99
WAS,17.0,25.37175,0.21923874698973214,-0.0834243981172618,0.0,0.0,14.863284869881694,11.61937325168036,0.0,0.5,0.5,0.0,0.0,99
DAL,31.0,43.395,0.02300442490044643,0.12506069870282738,0.0475,-0.06975,0.07428959732410714,0.6321256305849703,0.75,0.0,0.00075,0.0805,0.40575,99
DEN,37.0,54.09525,0.0,0.0,0.00025,-0.0015,0.0,0.0,1.0,0.0,0.0,0.0,0.00025,99
GSW,25.0,36.9965,0.36295139413779764,0.2385579794023383,0.04425,0.09575,9.654178422540923,11.70882514854621,0.185,0.0,0.21625,0.713,0.03925,99
HOU,34.0,48.71575,0.1854247207551863,0.23685607543420412,0.00825,-0.0495,6.886728658621864,6.961673737114573,0.98625,0.0,0.0,0.0015,0.03325,99
LAC,18.0,26.3765,0.0,0.0,0.0,0.00025,5.158855114638447,5.158855114638447,0.0,0.31875,0.681,0.00025,0.0,99
LAL,31.0,48.3485,0.0,0.0,0.011,-0.064,0.0,0.0,0.989,0.0,0.0,0.00175,0.0375,99
MEM,24.0,34.3685,0.4652567240976191,0.15833712680569711,0.02275,0.11375,11.06458047960045,12.476680555883915,0.04625,0.0005,0.72475,0.26375,0.00525,99
MIN,36.0,52.20925,0.0,0.0,-0.00025,-0.0065,0.0,0.0,1.0,0.0,0.0,0.0,0.00075,99
NOP,24.0,30.45,0.2942049107142858,0.060579910714285756,0.0,0.01475,18.513855357142855,15.341116815476191,0.0,0.00925,0.977,0.01375,0.0,99
OKC,43.0,62.719,0.0018068672839506193,0.0018068672839506193,0.0,0.0,5.158855114638447,5.158855114638447,1.0,0.0,0.0,0.0,0.0,99
PHX,20.0,31.29475,0.0,0.0,0.004,0.03675,0.0,0.0,0.00475,0.00725,0.94925,0.04325,0.0,99
POR,25.0,38.2725,0.3044455692174108,0.30320499476398094,0.05575,0.062,9.089368206416221,11.302623259772346,0.3265,0.0,0.111,0.727,0.082,99
SAC,17.0,27.021,0.2922696089111605,-0.0859974023158332,0.00025,0.0015,14.36260693516205,12.635062778579384,0.00025,0.23175,0.767,0.00125,0.0,99
SAS,37.0,57.69225,0.0,0.0,0.0,0.0,0.0,0.0,1.0,0.0,0.0,0.0,0.0,99
UTA,29.0,42.3605,0.17708881495446435,0.1694719096791667,0.05675,-0.0355,7.9361934363739595,8.282764619581547,0.712,0.0,0.0055,0.154,0.396,99
ATL,34.0,48.8745,0.0,0.0,0.04775,-0.11975,0.0,0.0,0.9005,0.0,0.00075,0.06425,0.12725,100
BOS,35.0,51.471,0.18734222729514446,0.23516491081394406,0.00975,-0.041,6.230945185380744,6.309970495858323,0.985,0.0,0.0,0.0065,0.0255,100
BKN,24.0,35.18125,0.05517440476190484,0.00017261904761904922,0.00075,0.01025,9.287341964285716,9.661947172619048,0.0015,0.0,0.98925,0.01075,0.0,100
CHA,29.0,43.72525,0.2730518885566635,0.5301856087721692,0.09525,0.00125,8.385314604100568,10.745779100802176,0.407,0.0,0.069,0.64175,0.106,100
CHI,7.0,13.552,0.04877770062321425,4.768392142857092e-05,0.0,0.0,15.749914510988388,11.988242838368253,0.0,1.0,0.0,0.0,0.0,100
CLE,30.0,44.85975,0.0,0.0,0.1095,-0.057,0.0,0.0,0.5005,0.0,0.033,0.49225,0.18475,100
DET,37.0,54.98,0.14455803815997034,0.14759390741875014,0.00025,-0.0025,5.488965563133708,5.49304909663713,0.999,0.0,0.0,0.00025,0.0015,100
IND,31.0,45.23425,0.29428631046735026,0.6439695626705346,0.11325,-0.0795,8.03522583557143,9.854726618652053,0.4915,0.0,0.0225,0.43975,0.21625,100
MIA,34.0,48.98975,-0.04006659237299931,0.1717060667852094,0.05925,-0.1145,9.309146656694661,9.676906531329928,0.90825,0.0,0.00075,0.058,0.1095,100
MIL,19.0,29.2525,0.0,0.0,0.0,0.0,0.0,0.0,0.0,0.00275,0.99725,0.0,0.0,100
NYK,33.0,50.44325,0.0,0.0,0.02075,-0.0745,0.0,0.0,0.974,0.0,0.0005,0.0185,0.03475,100
ORL,25.0,38.5645,0.3434641477462797,0.10180125202110253,0.0145,0.06775,10.198632056396429,12.68260085041908,0.02725,0.0,0.88125,0.112,0.00475,100
PHI,33.0,50.743,0.19387035767363314,0.2848993814957065,0.013,-0.0635,6.370914357283461,6.483289632051913,0.9825,0.0,0.0,0.01275,0.02975,100
TOR,33.0,47.69025,0.2647371292507441,0.5798716957716269,0.07475,-0.1365,7.20137451184013,8.024740734199513,0.823,0.0,0.003,0.14325,0.16,100
WAS,22.0,31.927,0.34947460759910676,-0.00012337319345238296,0.0,0.0,13.225307147387051,11.904876267150597,0.0,0.0,1.0,0.0,0.0,100
DAL,22.0,35.50525,0.3399871632723215,0.2205055135758631,0.05475,0.129,1.5949855851571428,2.597167012958304,0.14575,0.0,0.446,0.485,0.0345,100
DEN,29.0,43.77825,0.0,0.0,0.02975,-0.11475,0.0,0.0,0.94175,0.0,0.0005,0.02825,0.113,100
GSW,30.0,44.35475,0.12345460707717151,0.2163582743097608,0.02625,-0.10175,7.461312761279673,7.637832149047628,0.953,0.0,0.00025,0.01625,0.0935,100
HOU,24.0,37.29575,0.5161230115952381,0.4312284810558531,0.081,0.07125,10.122747418212352,11.25411069166271,0.29675,0.0,0.1945,0.59225,0.10875,100
LAC,12.0,19.93975,0.001497938712522048,0.001497938712522048,0.0,0.0,5.364875650352732,5.36485213844797,0.0,0.9955,0.0045,0.0,0.0,100
LAL,36.0,51.621,0.0,0.0,0.00025,-0.0005,0.0,0.0,0.99975,0.0,0.0,0.0,0.00075,100
MEM,26.0,35.90025,0.49911239147232145,0.3226329930665971,0.04925,0.11325,11.102720957837056,11.857028867682065,0.1245,0.0,0.37825,0.52875,0.05825,100
MIN,27.0,41.3325,0.0,0.0,0.07525,-0.118,0.0,0.0,0.79525,0.0,0.009,0.13525,0.26425,100
NOP,21.0,30.1125,0.09467901785714282,0.027880059523809536,0.00175,0.02075,17.879249107142854,16.55332514880952,0.0015,0.0,0.9775,0.02225,0.0,100
OKC,36.0,55.70275,0.11344923941798953,0.11342572751322763,0.0,0.0,5.364875650352732,5.36485213844797,1.0,0.0,0.0,0.0,0.0,100
PHX,18.0,30.10775,0.0,0.0,0.0035,0.0175,0.0,0.0,0.00425,0.00175,0.97775,0.02,0.0005,100
POR,31.0,45.47225,0.11842618411937281,0.18259048582324183,0.01825,-0.06725,7.3349577068747625,7.427061817494949,0.9775,0.0,0.0,0.00625,0.04875,100
SAC,9.0,15.30275,0.052806424651785706,-1.1026391269841617e-05,0.0,0.0,15.58029616856071,11.988242838368253,0.0,1.0,0.0,0.0,0.0,100
SAS,46.0,66.993,0.0,0.0,0.0,0.0,0.0,0.0,1.0,0.0,0.0,0.0,0.0,100
UTA,27.0,41.09325,0.2904896717257441,0.2326147572482143,0.07225,-0.11025,8.17741428921607,8.170116039156548,0.76,0.0,0.0145,0.16575,0.27775,100
ATL,25.0,39.392,0.0,0.0,0.08775,-0.02075,0.0,0.0,0.5725,0.0,0.03325,0.35575,0.297,101
BOS,40.0,56.15475,0.13724666005291022,0.13724666005291022,0.0,0.0,5.491479805996472,5.491479805996472,1.0,0.0,0.0,0.0,0.0,101
BKN,22.0,32.8855,-0.0005113095238095224,0.006518303571428568,0.01275,0.0855,7.305013392857142,7.514803720238095,0.0225,0.00575,0.7955,0.18575,0.0085,101
CHA,21.0,31.242,0.4145981476669639,0.04578327973141152,0.004,0.0485,12.852461145654463,12.769905743513462,0.01025,0.0215,0.916,0.0605,0.00175,101
CHI,20.0,30.435,0.4307163594889877,0.007589571438680556,0.0045,0.0295,13.245679136202677,12.770728855424013,0.0045,0.0485,0.90725,0.04325,0.001,101
CLE,22.0,36.212,0.0,0.0,0.06125,0.09175,0.0,0.0,0.22975,0.00025,0.232,0.62725,0.077,101
DET,33.0,50.93375,0.1276233049148203,0.13002803937985008,0.00025,-0.0025,6.324346728636161,6.327421088658334,0.99975,0.0,0.0,0.0,0.00125,101
IND,24.0,38.0405,0.4074039241282739,0.44586675309984686,0.08875,0.04575,9.204487211022618,10.766567061044702,0.39925,0.0,0.0705,0.58525,0.1845,101
MIA,28.0,43.1195,0.01370747011159617,0.14151406968028873,0.04525,-0.1255,9.369105105646469,9.737068493549879,0.8975,0.0,0.00075,0.042,0.1835,101
MIL,20.0,27.59625,0.0,0.0,0.00025,0.00325,0.0,0.0,0.0,0.292,0.70475,0.00325,0.0,101
NYK,36.0,51.641,0.0,0.0,0.0005,-0.00175,0.0,0.0,1.0,0.0,0.0,0.0,0.0005,101
ORL,33.0,49.19925,0.16397517053478283,0.1704992001154376,0.00225,-0.00825,6.597418638791441,6.604573504169466,0.99875,0.0,0.0,0.0005,0.00275,101
PHI,37.0,56.436,0.13716332671957684,0.13716332671957684,0.0,0.0,5.427834149029982,5.427834149029982,1.0,0.0,0.0,0.0,0.0,101
TOR,28.0,42.47825,0.17348757692976194,0.3253978167176091,0.05325,-0.11075,7.680386738756547,8.291839860697447,0.86125,0.0,0.002,0.06775,0.24125,101
WAS,21.0,30.438,0.40109655638482106,0.009925133340476223,0.00275,0.02625,13.264261607317854,11.870444970429169,0.004,0.0425,0.9275,0.02875,0.001,101
DAL,24.0,36.06025,0.2083837867401786,0.09158715473626701,0.01825,0.06575,1.1235880180888393,3.1754942099549326,0.0255,0.00025,0.87125,0.1145,0.0065,101
DEN,38.0,52.72225,0.0,0.0,0.0005,-0.00125,0.0,0.0,0.99975,0.0,0.0,0.0,0.00025,101
GSW,31.0,43.96675,0.21122378582470247,0.5343666458796485,0.09175,-0.1325,7.6899916943616065,8.710618259012668,0.75625,0.0,0.00925,0.207,0.174,101
HOU,29.0,45.624,0.15286084159925598,0.381808566778125,0.04675,-0.12625,7.325102497980357,7.740756000538342,0.9245,0.0,0.00225,0.06475,0.088,101
LAC,14.0,21.35925,-0.0003182429453262785,-0.0003182429453262785,0.0,0.0,5.871077039241624,5.871077039241624,0.0,0.98275,0.01725,0.0,0.0,101
LAL,31.0,47.336,0.0,0.0,0.02475,-0.0675,0.0,0.0,0.96825,0.0,0.0,0.022,0.04325,101
MEM,20.0,27.999,0.32121009008437473,-0.08843767329071128,0.0,0.0,14.305988589581695,12.666902764915077,0.0,0.23225,0.76775,0.0,0.0,101
MIN,29.0,43.43975,0.0,0.0,0.1015,-0.13025,0.0,0.0,0.72825,0.0,0.01025,0.25975,0.1725,101
NOP,19.0,27.19925,0.24091294642857145,-0.09669940476190474,0.0,0.0,19.009987351190478,15.94567217261905,0.0,0.38025,0.61975,0.0,0.0,101
OKC,34.0,54.24625,0.13624789462081138,0.13624789462081138,0.0,-0.00025,5.871077039241624,5.871077039241624,1.0,0.0,0.0,0.0,0.0,101
PHX,28.0,41.774,0.0,0.0,0.09975,-0.054,0.0,0.0,0.4655,0.0,0.04575,0.4915,0.1775,101
POR,28.0,42.10625,0.27310528909330367,0.6145776656530115,0.1105,-0.06025,8.123326436090625,9.914564624947724,0.5635,0.0,0.03375,0.45225,0.16075,101
SAC,12.0,20.0495,0.05766320875178569,-0.0068068545267630275,0.0,0.0,15.717682584589282,12.013116690361821,0.0,0.994,0.006,0.0,0.0,101
SAS,44.0,67.3295,0.0,0.0,0.0,0.0,0.0,0.0,1.0,0.0,0.0,0.0,0.0,101
UTA,29.0,42.58425,0.27973156418497036,0.32313094649702384,0.11475,-0.087,8.084322877729763,8.545731699330357,0.5685,0.0,0.02725,0.38825,0.17725,101
ATL,26.0,39.3775,0.0,0.0,0.06725,0.12075,0.0,0.0,0.201,0.0,0.379,0.464,0.0925,102
BOS,40.0,58.016,0.09649738756613767,0.09716701312328052,0.0,-0.00025,5.321360791446207,5.32203041700335,1.0,0.0,0.0,0.0,0.00025,102
BKN,18.0,27.853,0.0037913690476190478,0.003932738095238086,0.0,0.0,7.2976230654761896,7.370918601190475,0.0,0.11725,0.8825,0.00025,0.0,102
CHA,28.0,40.105,0.39358559394166676,0.4645552030279491,0.075,0.08875,9.078156901615328,11.35542975189226,0.23875,0.0,0.26525,0.49025,0.1415,102
CHI,11.0,17.457,0.0394135725629464,-0.0008793188372448962,0.0,0.0,15.788635484729014,12.052703726204905,0.0,0.99925,0.00075,0.0,0.0,102
CLE,26.0,41.3395,0.0,0.0,0.09325,0.036,0.0,0.0,0.4725,0.0,0.13075,0.43425,0.20875,102
DET,37.0,55.41025,0.15033558201058217,0.15033558201058217,0.0,0.0,5.722233774250441,5.722233774250441,1.0,0.0,0.0,0.0,0.0,102
IND,31.0,46.98525,0.16338866763449073,0.3114800630737835,0.025,-0.102,7.157326363619824,7.443835990166805,0.954,0.0,0.001,0.01925,0.0935,102
MIA,33.0,50.4915,-0.0016492448852954142,0.009988270088475158,0.00175,-0.0155,9.38101037095577,9.390059548110944,0.99825,0.0,0.0,0.0005,0.00425,102
MIL,13.0,20.41625,0.0,0.0,0.0,0.0,0.0,0.0,0.0,0.981,0.019,0.0,0.0,102
NYK,30.0,45.93925,0.0,0.0,0.041,-0.137,0.0,0.0,0.915,0.0,0.00275,0.047,0.147,102
ORL,27.0,40.43325,0.397053706922768,0.4756252067856689,0.0945,0.07975,8.8836994826753,11.185899301424037,0.316,0.0,0.21975,0.506,0.1465,102
PHI,33.0,50.259,0.15577652791025126,0.18302484795201715,0.00525,-0.0225,6.471959515162892,6.498243247897168,0.99525,0.0,0.0,0.0005,0.01075,102
TOR,32.0,46.3305,0.17003167469404765,0.3642046146538123,0.0415,-0.11025,7.269656542677887,7.74859068072249,0.90925,0.0,0.00175,0.038,0.155,102
WAS,17.0,24.1205,0.10752931123705363,-0.06878127312440467,0.0,0.0,15.117208738814726,11.532971083467855,0.0,0.7445,0.2555,0.0,0.0,102
DAL,24.0,37.136,0.3095839493107143,0.31986460901977465,0.08725,0.1275,1.0932710572758928,2.3490111864720538,0.2565,0.00025,0.3685,0.418,0.115,102
DEN,34.0,50.28225,0.0,0.0,0.0,-0.00325,0.0,0.0,0.999,0.0,0.0,0.0,0.00175,102
GSW,30.0,43.7895,0.10817587452098214,0.2252777328274518,0.02775,-0.1155,7.505487703951636,7.839066551680936,0.92925,0.0,0.00325,0.0245,0.1385,102
HOU,31.0,45.59575,0.10555792917157739,0.1845858578766723,0.0135,-0.081,7.296720949217261,7.427997164909771,0.9735,0.0,0.00025,0.0075,0.05575,102
LAC,26.0,36.35175,0.0005519620811287483,0.0005519620811287483,0.06725,0.137,5.442264384920635,5.442264384920635,0.148,0.0,0.50175,0.37425,0.07775,102
LAL,27.0,38.9855,0.0,0.0,0.0895,0.04525,0.0,0.0,0.45125,0.0,0.149,0.35425,0.26,102
MEM,19.0,29.324,0.22850790733392837,-0.01415138402557393,0.00075,0.00675,13.973853714485712,12.887050476069577,0.001,0.03575,0.95825,0.006,0.0,102
MIN,36.0,55.0905,0.0,0.0,0.0,0.0,0.0,0.0,1.0,0.0,0.0,0.0,0.0,102
NOP,23.0,34.4295,0.3596558035714287,0.19627127976190473,0.0315,0.107,17.775200744047623,15.401458482142859,0.05125,0.00025,0.78675,0.176,0.02275,102
OKC,37.0,56.97575,0.1270962191358026,0.1270962191358026,0.0,0.0,5.442264384920635,5.442264384920635,1.0,0.0,0.0,0.0,0.0,102
PHX,21.0,34.12825,0.0,0.0,0.03175,0.09425,0.0,0.0,0.054,0.00025,0.81375,0.163,0.01225,102
POR,30.0,42.993,0.17806145218764882,0.3608555424085175,0.05775,-0.129,7.645088741570386,8.170963776590858,0.87425,0.0,0.00475,0.04825,0.21825,102
SAC,19.0,27.5495,0.18863899400044626,-0.057631251720785044,0.00025,0.0005,14.448531281170533,12.818765888792871,0.0,0.1215,0.8785,0.0,0.0,102
SAS,37.0,55.85575,0.0,0.0,0.0,0.0,0.0,0.0,1.0,0.0,0.0,0.0,0.0,102
UTA,24.0,36.97925,0.5932779454590775,0.20565368150833327,0.08325,0.13,10.349761384181102,9.513731922554761,0.262,0.0,0.37725,0.42825,0.098,102
ATL,31.0,47.4175,0.0,0.0,0.02325,-0.09775,0.0,0.0,0.96175,0.0,0.00025,0.0155,0.083,103
BOS,41.0,57.8965,0.04834059744268083,0.04834059744268083,0.0,0.0,5.218481735008817,5.218481735008817,1.0,0.0,0.0,0.0,0.0,103
BKN,13.0,20.87975,-0.001052259700176367,-0.00013321208112874672,0.0,0.0,6.63738425925926,6.648493485449735,0.0,0.99175,0.00825,0.0,0.0,103
CHA,16.0,27.02125,0.263033559071875,-0.128478945995809,0.0,0.0005,14.803106409083925,12.480619112501046,0.0,0.50475,0.495,0.00025,0.0,103
CHI,19.0,28.3345,0.3353275692830356,-0.1181834948346242,0.0,0.001,14.366677900032588,12.636696389403431,0.0,0.32475,0.67425,0.001,0.0,103
CLE,30.0,46.2355,0.0,0.0,0.03675,-0.12675,0.0,0.0,0.92175,0.0,0.0005,0.033,0.149,103
DET,33.0,48.481,0.2060996836301146,0.296101971576196,0.02175,-0.07075,6.7746093868178905,6.897302608604051,0.9775,0.0,0.0,0.00375,0.0485,103
IND,28.0,43.58525,0.18759139635127872,0.4965025054947311,0.077,-0.09775,7.746015791175805,9.017142565195064,0.73225,0.0,0.00275,0.2025,0.2945,103
MIA,31.0,47.95075,-0.014671777972712739,0.06831262378000073,0.01675,-0.0825,9.355461799804582,9.477368695708684,0.97125,0.0,0.00025,0.007,0.0555,103
MIL,18.0,28.032,0.0,0.0,0.00025,0.0015,0.0,0.0,0.00025,0.3535,0.64475,0.00175,0.0,103
NYK,34.0,50.3265,0.0,0.0,0.00275,-0.023,0.0,0.0,0.99525,0.0,0.0,0.00075,0.01025,103
ORL,27.0,40.46375,0.31417868365744056,0.3690819262372874,0.07,0.0035,8.751840976639734,11.042226256940966,0.335,0.0,0.047,0.70575,0.127,103
PHI,29.0,45.5235,0.1663089883483907,0.3698518844826381,0.04525,-0.134,7.3619919999085415,7.97200013245181,0.89675,0.0,0.00025,0.05675,0.18625,103
TOR,25.0,38.435,0.3971175925174108,0.21842667599250137,0.04125,0.067,9.588360158148364,11.716817901179267,0.18575,0.0,0.1555,0.77325,0.04275,103
WAS,25.0,35.01775,0.4105261267055059,0.09386576284107145,0.012,0.089,11.471586678916967,11.764693084233334,0.0225,0.00075,0.79575,0.19875,0.00325,103
DAL,22.0,32.213,0.32788730829910717,0.01890883907897109,0.00425,0.027,2.6218093303352674,3.3482035580661313,0.0045,0.01725,0.94675,0.03325,0.00175,103
DEN,38.0,55.25275,0.0,0.0,0.0,0.0,0.0,0.0,1.0,0.0,0.0,0.0,0.0,103
GSW,30.0,42.892,0.1979372606382441,0.39635096601214137,0.06725,-0.10425,7.7900038203559525,8.608361593596165,0.7905,0.0,0.01225,0.1195,0.25375,103
HOU,33.0,49.03575,0.19309622945965055,0.20537911098231923,0.00225,-0.01525,6.63632109672667,6.657715901526472,0.9965,0.0,0.0,0.00075,0.00875,103
LAC,22.0,30.71575,-0.0014909501763668428,-0.0014909501763668428,0.00075,0.009,5.561385284391534,5.561385284391534,0.0005,0.05925,0.9325,0.00825,0.0,103
LAL,29.0,44.15825,0.0,0.0,0.04775,-0.1255,0.0,0.0,0.904,0.0,0.004,0.04875,0.152,103
MEM,28.0,38.55675,0.45707362388958345,0.48887474151979005,0.092,0.08475,9.517684060794643,11.293311565119327,0.26175,0.0,0.241,0.50775,0.142,103
MIN,36.0,52.78725,0.0,0.0,-0.00025,-0.0005,0.0,0.0,1.0,0.0,0.0,0.0,0.0,103
NOP,20.0,28.7095,0.2806083333333334,-0.19273779761904763,0.00025,0.001,18.792942708333335,16.10454925595238,0.0005,0.26475,0.734,0.00125,0.0,103
OKC,35.0,54.48925,0.1629791225749561,0.1629791225749561,0.0,0.0,5.561385284391534,5.561385284391534,1.0,0.0,0.0,0.0,0.0,103
PHX,28.0,40.34725,0.0,0.0,0.093,0.00425,0.0,0.0,0.474,0.0,0.07875,0.37525,0.27,103
POR,24.0,37.19,0.5219687664074406,0.3991066363051358,0.07925,0.12425,10.159666808920834,11.90690710061373,0.1955,0.0,0.45575,0.42725,0.05625,103
SAC,18.0,27.29175,0.28299947613437504,-0.12871295128180246,0.0,0.0,14.727197124654907,12.49968253223826,0.0,0.483,0.517,0.0,0.0,103
SAS,33.0,52.30375,0.0,0.0,0.0,-0.0005,0.0,0.0,1.0,0.0,0.0,0.0,0.00025,103
UTA,24.0,38.4565,0.4568459081694941,0.24009029380297614,0.09575,0.079,9.363986343485418,9.30474873298393,0.37225,0.00025,0.2535,0.478,0.11525,103
ATL,22.0,35.54525,0.0,0.0,0.029,0.10125,0.0,0.0,0.0555,0.0,0.795,0.174,0.01525,104
BOS,29.0,42.886,0.1841730911912203,0.49413452592688917,0.08575,-0.12825,7.730695713425892,8.588934832505927,0.7945,0.0,0.0165,0.1455,0.18525,104
BKN,17.0,27.83775,0.0027981150793650817,0.001943948412698414,0.00025,0.0005,6.057705109126986,6.0610759424603184,0.0,0.168,0.83175,0.00025,0.0,104
CHA,27.0,38.70675,0.37495856378616077,0.5102118106371922,0.08775,0.0805,9.148920494144495,11.427794899015726,0.239,0.0,0.28275,0.498,0.108,104
CHI,16.0,25.79975,0.19833234687276782,-0.12444926281646793,0.0,0.0,14.843682692666068,12.549271665560493,0.0,0.46675,0.53325,0.0,0.0,104
CLE,26.0,40.69975,0.0,0.0,0.12075,-0.02,0.0,0.0,0.53775,0.0,0.098,0.3795,0.1865,104
DET,28.0,43.9965,0.12837148158169645,0.3764823453519997,0.05475,-0.1235,7.542767177437351,8.077961516416012,0.89325,0.0,0.007,0.08575,0.118,104
IND,34.0,51.25275,0.12407445743085865,0.12270816663725746,-0.00025,-0.00125,6.375861640211641,6.373946293298248,1.0,0.0,0.0,0.0,0.00025,104
MIA,25.0,40.7195,0.07289892971074195,0.3838966435821657,0.0995,-0.02125,9.344446690055932,10.954902604319985,0.571,0.0,0.09225,0.376,0.1745,104
MIL,25.0,35.96675,0.0,0.0,0.0315,0.1085,0.0,0.0,0.05075,0.0,0.76625,0.19575,0.0185,104
NYK,39.0,57.96475,0.0,0.0,0.0,0.0,0.0,0.0,1.0,0.0,0.0,0.0,0.0,104
ORL,30.0,44.191,0.12693407677232144,0.33964930581742353,0.051,-0.117,7.523580893360564,8.005211477237566,0.89175,0.0,0.00575,0.06575,0.12925,104
PHI,32.0,49.2955,0.1756041348033785,0.18474207137634477,0.00125,-0.01025,6.728887389103736,6.735011599761971,0.99775,0.0,0.00025,0.0005,0.00325,104
TOR,32.0,45.61975,0.12074518292425597,0.24198341865591272,0.0275,-0.08425,7.320500255947022,7.500733066021739,0.9605,0.0,0.00025,0.02,0.05825,104
WAS,25.0,33.9885,0.4760626195041666,0.05869939384404763,0.00825,0.0495,11.565883037973213,11.921202437747022,0.00825,0.00025,0.936,0.059,0.003,104
DAL,15.0,26.27725,0.2300102672241071,-0.12057674884488097,0.00125,0.011,4.611192448434822,3.050036252093759,0.0025,0.3625,0.62725,0.01025,0.0,104
DEN,35.0,50.6875,0.0,0.0,0.00325,-0.04875,0.0,0.0,0.99,0.0,0.0,0.0,0.03225,104
GSW,20.0,30.47025,0.46071646765848184,0.11220316458231702,0.02125,0.1105,13.13297595794598,12.672038111233235,0.041,0.02725,0.75275,0.21975,0.00025,104
HOU,35.0,54.053,0.10430152360970575,0.10765187439527125,0.00025,-0.004,6.057865384321182,6.063462831401985,0.99925,0.0,0.0,0.0,0.00225,104
LAC,14.0,20.25025,0.0,0.0,0.0,0.0,5.159113238536154,5.159113238536154,0.0,0.98925,0.01075,0.0,0.0,104
LAL,29.0,45.71575,0.0,0.0,0.0115,-0.08425,0.0,0.0,0.9125,0.0,0.0,0.00075,0.3215,104
MEM,21.0,31.08325,0.47981219392306523,0.12985847607642836,0.0225,0.11775,12.849466047208779,12.605287686637338,0.04675,0.0135,0.7015,0.28475,0.00025,104
MIN,34.0,50.87675,0.0,0.0,0.003,-0.04175,0.0,0.0,0.995,0.0,0.0,0.0,0.025,104
NOP,25.0,34.44225,0.3508025297619047,0.10963214285714287,0.0125,0.08325,12.465517857142858,15.698773511904763,0.10275,0.0005,0.16225,0.8335,0.0035,104
OKC,42.0,62.7065,0.002839362874779544,0.002839362874779544,0.0,0.0,5.159113238536154,5.159113238536154,1.0,0.0,0.0,0.0,0.0,104
PHX,30.0,43.93,0.0,0.0,0.01,-0.0305,0.0,0.0,0.7775,0.0,0.0,0.00525,0.58375,104
POR,37.0,51.025,0.13388675402270722,0.17645794071496912,0.006,-0.0415,6.43222420131906,6.505623704122631,0.9915,0.0,0.0,0.0,0.03,104
SAC,14.0,21.22475,0.0831612194133929,-0.024956487736544717,0.0,0.0,15.572925761178123,12.105315551252742,0.0,0.9685,0.0315,0.0,0.0,104
SAS,41.0,59.73175,0.0,0.0,0.0,0.0,0.0,0.0,1.0,0.0,0.0,0.0,0.0,104
UTA,21.0,33.0555,0.5467269505418154,0.06856912028333323,0.03325,0.124,11.588759472162797,9.792151631378573,0.14125,0.0035,0.349,0.64575,0.00125,104
ATL,29.0,44.96775,0.0,0.0,0.098,-0.114,0.0,0.0,0.7545,0.0,0.0125,0.22725,0.2055,105
BOS,35.0,52.19725,0.15229698092330807,0.16114764026571876,0.00125,-0.00925,6.0345739809645895,6.046782857315234,0.99825,0.0,0.0,0.00025,0.00475,105
BKN,19.0,28.217,-0.0031068011463844833,-0.0031068011463844833,0.0,0.00025,5.529566369047618,5.529566369047618,0.0,0.21975,0.78025,0.0,0.0,105
CHA,26.0,37.902,0.3925333689309524,0.18881820948126687,0.02925,0.12075,10.065003018670984,12.526861839554282,0.05025,0.0,0.67125,0.313,0.009,105
CHI,14.0,22.33,0.09351730782544644,-0.03199348277808951,0.0,0.0,15.68208920772812,12.121922305188829,0.0,0.95675,0.04325,0.0,0.0,105
CLE,24.0,39.49225,0.0,0.0,0.051,0.11725,0.0,0.0,0.159,0.0,0.35525,0.586,0.0325,105
DET,30.0,47.07975,0.20359947685945218,0.45250105496911774,0.0505,-0.13125,7.126581092456443,7.626386276901713,0.9045,0.0,0.003,0.067,0.113,105
IND,29.0,43.88225,0.2264618347865466,0.6065999089328361,0.1055,-0.074,7.917898209054376,9.765738865089292,0.56875,0.0,0.0255,0.38625,0.2255,105
MIA,32.0,50.212,-0.005769602618975969,0.023796368567068633,0.00625,-0.04,9.37303442987758,9.41345952020318,0.99,0.0,0.0,0.00375,0.015,105
MIL,26.0,35.6705,0.0,0.0,0.00325,0.05125,0.0,0.0,0.00475,0.0,0.921,0.07675,0.00175,105
NYK,34.0,49.407,0.0,0.0,0.02225,-0.06225,0.0,0.0,0.97275,0.0,0.0,0.01275,0.043,105
ORL,34.0,49.34025,0.20178863736781305,0.2996037718872575,0.018,-0.0655,6.580246686446627,6.715518736033037,0.975,0.0,0.0,0.01125,0.0415,105
PHI,31.0,47.6925,0.21648264049637345,0.4198557182802623,0.04425,-0.10975,6.968186569449494,7.361129178652837,0.92825,0.0,0.0005,0.044,0.103,105
TOR,30.0,44.84775,0.21445284336984685,0.6038459200475181,0.093,-0.10775,7.6544207030917875,9.06987257735297,0.694,0.0,0.011,0.27175,0.2055,105
WAS,20.0,26.9075,0.27085748436562496,-0.09322501909107123,0.0,0.0,14.73098625105089,11.748624715083926,0.0,0.4185,0.5815,0.0,0.0,105
DAL,28.0,42.62025,0.035727880637946435,0.1331572733501743,0.04525,-0.10575,0.05067158148258929,0.2234289061213478,0.93,0.0,0.0025,0.038,0.105,105
DEN,23.0,38.68275,0.0,0.0,0.1,-0.0545,0.0,0.0,0.67275,0.0,0.04325,0.3375,0.2045,105
GSW,21.0,30.78775,0.34526730605074374,0.03200401133074125,0.00825,0.04,13.26877120308095,12.854001411302153,0.0095,0.04,0.898,0.06,0.00175,105
HOU,38.0,54.71775,0.1435174382716051,0.1435174382716051,0.0,0.0,5.529566369047618,5.529566369047618,1.0,0.0,0.0,0.0,0.0,105
LAC,25.0,36.904,0.0038323633156966542,0.0038323633156966542,0.1,0.035,5.851828251763669,5.851828251763669,0.35125,0.0,0.14675,0.54825,0.14775,105
LAL,25.0,36.55375,0.0,0.0,0.088,0.055,0.0,0.0,0.27275,0.0,0.18775,0.54525,0.1415,105
MEM,20.0,28.7485,0.324626351274851,-0.05150188008077366,0.00175,0.01375,14.069059440217854,12.819383048285458,0.0015,0.153,0.836,0.011,0.0,105
MIN,38.0,54.71675,0.0,0.0,0.0,0.0,0.0,0.0,1.0,0.0,0.0,0.0,0.0,105
NOP,17.0,27.06075,0.25010505952380946,-0.18093854166666667,0.00075,0.005,16.179288392857142,16.498009077380953,0.00025,0.39675,0.6005,0.00275,0.0,105
OKC,34.0,53.1295,0.1561975639329807,0.1561975639329807,0.0,0.0,5.851828251763669,5.851828251763669,1.0,0.0,0.0,0.0,0.0,105
PHX,28.0,42.12225,0.0,0.0,0.051,-0.124,0.0,0.0,0.9045,0.0,0.00175,0.047,0.144,105
POR,27.0,40.533,0.2591126503941964,0.41811260830559377,0.064,-0.11375,8.021471400247618,8.65787680797077,0.79275,0.0,0.0115,0.14025,0.2265,105
SAC,16.0,24.33225,0.17261130983080367,-0.09120536585525492,0.0,0.0,15.33677188224598,12.248479961250334,0.0,0.81325,0.18675,0.0,0.0,105
SAS,45.0,65.3245,0.0,0.0,0.0,0.0,0.0,0.0,1.0,0.0,0.0,0.0,0.0,105
UTA,22.0,33.6205,0.46651543074494034,0.11580062143809516,0.03675,0.111,11.978309156974705,9.90564307248631,0.06475,0.002,0.68025,0.27,0.029,105
ATL,32.0,48.75875,0.0,0.0,0.0025,-0.01475,0.0,0.0,0.9965,0.0,0.0,0.00025,0.0065,106
BOS,31.0,45.00725,0.10800101656898702,0.269681960872428,0.03,-0.106,7.408028510363066,7.7029720147058525,0.93975,0.0,0.00225,0.02825,0.09725,106
BKN,16.0,26.22475,0.0013361607142857142,-0.0032464285714285655,0.0,0.0,6.9913011408730155,7.028314831349206,0.0,0.263,0.737,0.0,0.0,106
CHA,27.0,40.393,0.3868752080188989,0.6096031975609948,0.1105,0.01925,8.603342760486607,10.26444748942721,0.49675,0.0,0.1275,0.371,0.20275,106
CHI,15.0,24.26175,0.24732447198839289,-0.12325453443102863,0.0,0.0,14.991541569582587,12.469346183766913,0.0,0.583,0.417,0.0,0.0,106
CLE,27.0,40.595,0.0,0.0,0.107,-0.0005,0.0,0.0,0.514,0.0,0.10625,0.368,0.2265,106
DET,37.0,54.70275,0.15298639770723116,0.15298639770723116,0.0,0.0,5.762627182539682,5.762627182539682,1.0,0.0,0.0,0.0,0.0,106
IND,25.0,38.46775,0.498747612832143,0.5080357055831277,0.089,0.1075,9.558308303142265,11.517538555056221,0.26025,0.0,0.33675,0.447,0.10675,106
MIA,25.0,37.3215,0.4018217626709547,0.2893015032945086,0.0625,0.1365,10.508514879840599,12.397625819618378,0.14,0.0,0.55325,0.32875,0.06325,106
MIL,17.0,26.09925,0.0,0.0,0.0,0.0,0.0,0.0,0.0,0.28125,0.71875,0.0,0.0,106
NYK,27.0,41.314,0.0,0.0,0.09675,-0.01725,0.0,0.0,0.641,0.0,0.066,0.28375,0.22625,106
ORL,31.0,46.206,0.12320449091550376,0.19768149581324185,0.01625,-0.0685,7.257275552167172,7.394183088464027,0.975,0.0,0.001,0.00825,0.04975,106
PHI,34.0,53.0735,0.14715897266313943,0.14715897266313943,0.0,-0.00025,6.076422552910053,6.076422552910053,1.0,0.0,0.0,0.0,0.0,106
TOR,35.0,50.92875,0.1565648134316744,0.15949005255414458,0.001,-0.0035,6.406050291487491,6.410026384610704,0.9995,0.0,0.0,0.00025,0.00125,106
WAS,26.0,35.63825,0.43167797615431563,0.1540554581892855,0.02625,0.09725,11.241651573906847,11.763893923140477,0.03725,0.0,0.807,0.1645,0.01975,106
DAL,22.0,33.72325,0.2319529486200893,0.08958212921607142,0.01475,0.07125,1.9957839667651782,3.330048176378053,0.02525,0.00025,0.8435,0.1505,0.004,106
DEN,32.0,48.2325,0.0,0.0,0.007,-0.0465,0.0,0.0,0.98975,0.0,0.0,0.00125,0.025,106
GSW,28.0,41.16775,0.2780476015522322,0.4516664950975694,0.0755,-0.023,8.215563526323214,9.829960204613252,0.60725,0.0,0.01175,0.373,0.28,106
HOU,32.0,47.9555,0.1605903686755842,0.2078269109255842,0.008,-0.05,6.992462808704415,7.061056881961954,0.98825,0.0,0.0,0.002,0.0275,106
LAC,19.0,28.018,-0.0005162477954144627,-0.0005162477954144627,0.0,0.00125,5.199689495149911,5.199689495149911,0.0,0.08175,0.9175,0.00075,0.0,106
LAL,35.0,52.52425,0.0,0.0,0.00025,-0.00225,0.0,0.0,1.0,0.0,0.0,0.0,0.00025,106
MEM,15.0,22.6855,0.18095356468348223,-0.08811251772780876,0.0,0.0,15.392057258745979,12.26383709323589,0.0,0.815,0.185,0.0,0.0,106
MIN,35.0,53.74475,0.0,0.0,0.00025,-0.0005,0.0,0.0,0.99975,0.0,0.0,0.0,0.0005,106
NOP,27.0,37.6575,0.16423184523809525,0.2877339285714286,0.045,0.05525,15.396863839285714,15.389537946428572,0.17975,0.0,0.12425,0.764,0.0675,106
OKC,40.0,59.1965,0.04080155423280428,0.04080155423280428,0.0,0.0,5.199689495149911,5.199689495149911,1.0,0.0,0.0,0.0,0.0,106
PHX,29.0,42.34275,0.0,0.0,0.06425,-0.04725,0.0,0.0,0.67425,0.0,0.005,0.2195,0.35225,106
POR,27.0,40.5325,0.3422980065375001,0.4749678313048709,0.085,0.001,8.439329199984225,10.267795653106564,0.5355,0.0,0.017,0.488,0.243,106
SAC,15.0,22.64575,0.1770114739299108,-0.08480687290058657,0.0,0.0,15.405577292852227,12.244380781381796,0.0,0.83675,0.16325,0.0,0.0,106
SAS,42.0,63.30975,0.0,0.0,0.0,0.0,0.0,0.0,1.0,0.0,0.0,0.0,0.0,106
UTA,17.0,27.2715,0.2871579952656249,-0.0036475196535713456,0.0005,0.00125,14.031511719340175,10.131480042173214,0.00025,0.139,0.86,0.001,0.0,106
ATL,40.0,56.87,0.0,0.0,0.0,0.0,0.0,0.0,1.0,0.0,0.0,0.0,0.0,107
BOS,35.0,52.1415,0.08447986111111115,0.08447986111111115,0.0,-0.00025,6.154950617283952,6.154950617283952,1.0,0.0,0.0,0.0,0.0,107
BKN,10.0,16.79575,0.031664136904761914,-0.01988482142857142,0.0,0.0,10.72991711309524,9.969144940476191,0.0,0.985,0.015,0.0,0.0,107
CHA,28.0,41.405,0.36186658706726194,0.5717931331345381,0.10225,-0.05525,8.224263493011605,9.302207792650133,0.65675,0.0,0.0625,0.2335,0.237,107
CHI,25.0,35.24975,0.5514472075556546,0.1840982412753118,0.02275,0.09,12.081873471662352,12.479889980346496,0.03925,0.0,0.81675,0.1495,0.0195,107
CLE,28.0,41.52525,0.0,0.0,0.09775,-0.074,0.0,0.0,0.68975,0.0,0.0585,0.21475,0.22475,107
DET,32.0,48.46325,0.17615371927810844,0.19424959352885246,0.002,-0.02125,6.633977354000139,6.648751183411001,0.997,0.0,0.0,0.001,0.00625,107
IND,29.0,42.80725,0.23273501079270836,0.47407569366821145,0.0685,-0.1275,7.737515007596874,8.400222026487455,0.82025,0.0,0.02425,0.104,0.19175,107
MIA,25.0,38.70425,0.4105783501207177,0.36661197658303546,0.114,0.095,10.193052184927817,11.679237443760044,0.3125,0.0,0.3055,0.42325,0.12675,107
MIL,27.0,37.51275,0.0,0.0,0.0585,0.133,0.0,0.0,0.1345,0.0,0.50875,0.3565,0.081,107
NYK,33.0,48.85125,0.0,0.0,0.00275,-0.01125,0.0,0.0,0.99625,0.0,0.0,0.00075,0.0065,107
ORL,23.0,34.84775,0.5285026771839284,0.1443170090027565,0.0225,0.07625,12.328122874938243,12.571357849289113,0.03475,0.0,0.863,0.1175,0.0105,107
PHI,23.0,38.404,0.6239789300278273,0.49110490507863525,0.09675,0.1105,9.81204277716771,11.263605113040272,0.3195,0.0,0.36175,0.398,0.09425,107
TOR,33.0,49.423,0.14210209924763006,0.1481489646046241,0.0005,-0.008,6.4628054777749675,6.467739373822438,0.9995,0.0,0.0,0.00025,0.00175,107
WAS,19.0,29.177,0.09518042746785704,-0.0006181065476190417,0.0005,0.0015,14.199132155239731,11.862937265933931,0.0,0.00275,0.99625,0.001,0.0,107
DAL,27.0,42.41575,0.07289580615580359,0.26701412081577386,0.0885,-0.086,0.14718232783883928,0.8964493719031252,0.69775,0.0,0.02375,0.26325,0.2195,107
DEN,31.0,45.70075,0.0,0.0,0.03425,-0.111,0.0,0.0,0.93375,0.0,0.0,0.03025,0.10025,107
GSW,29.0,43.068,0.232302868321131,0.49189297551593675,0.08275,-0.1235,7.740807180567113,8.755841864092156,0.77225,0.0,0.017,0.171,0.23725,107
HOU,23.0,36.59975,0.6392436294690476,0.24706991724455077,0.0455,0.12625,11.149709981234079,12.187540832574884,0.11,0.0,0.59675,0.36,0.02175,107
LAC,13.0,22.4505,-0.0002581238977072313,-0.0002581238977072313,0.0,0.0,5.172793805114638,5.172793805114638,0.0,0.473,0.527,0.0,0.0,107
LAL,30.0,44.904,0.0,0.0,0.04725,-0.13075,0.0,0.0,0.8955,0.0,0.0025,0.07525,0.14175,107
MEM,24.0,35.22725,0.5487753482101189,0.14712348359537983,0.0205,0.092,12.074550572277825,12.504172539079999,0.03475,0.0,0.78625,0.2025,0.00575,107
MIN,34.0,51.536,0.0,0.0,0.00025,-0.004,0.0,0.0,0.99975,0.0,0.0,0.0,0.00075,107
NOP,13.0,21.00275,0.16614687500000005,-0.10493869047619048,0.0,0.0,16.545164136904763,15.001747767857145,0.0,0.7465,0.2535,0.0,0.0,107
OKC,39.0,59.51575,0.015229309964726647,0.015229309964726647,0.0,0.0,5.172793805114638,5.172793805114638,1.0,0.0,0.0,0.0,0.0,107
PHX,25.0,37.03375,0.0,0.0,0.054,0.14125,0.0,0.0,0.1045,0.0,0.514,0.429,0.0325,107
POR,29.0,41.025,0.3882692205674108,0.5604012001808178,0.09825,-0.0315,8.510495493475299,10.201504920157108,0.46525,0.0,0.05975,0.46325,0.21175,107
SAC,13.0,20.715,0.10144503997410734,-0.08711780190926863,0.0,0.0,15.306606941185265,12.126348241711208,0.0,0.79275,0.20725,0.0,0.0,107
SAS,47.0,68.848,0.0,0.0,0.0,0.0,0.0,0.0,1.0,0.0,0.0,0.0,0.0,107
UTA,33.0,47.78,0.17724709481763665,0.21181649558906526,0.00975,-0.0545,6.773248459387209,6.810975119897179,0.9865,0.0,0.0,0.0055,0.02875,107
ATL,40.0,57.10675,0.0,0.0,0.0,0.0,0.0,0.0,1.0,0.0,0.0,0.0,0.0,108
BOS,30.0,44.46675,0.19882789134360124,0.4288415784565264,0.05575,-0.11975,7.267593570827381,7.741556325402876,0.90675,0.0,0.00575,0.0715,0.10375,108
BKN,21.0,30.13675,0.12822693452380934,-0.018753720238095264,0.0,0.003,11.582681101190477,10.234781845238096,0.0,0.18625,0.81175,0.002,0.0,108
CHA,27.0,38.87825,0.4532137569377977,0.45985992303198703,0.07625,0.109,9.323378444083781,11.518870489134356,0.2015,0.0,0.4405,0.35725,0.09675,108
CHI,23.0,34.85675,0.5373253183639879,0.08292576754279336,0.01225,0.04375,11.639889425792859,12.64857117768907,0.01675,0.0055,0.9105,0.07075,0.00875,108
CLE,26.0,40.37525,0.0,0.0,0.12125,0.03675,0.0,0.0,0.426,0.0,0.21325,0.37575,0.152,108
DET,28.0,43.71225,0.21840718145238103,0.49804497289166666,0.07125,-0.12225,7.470648288906398,8.168332403972965,0.8375,0.0,0.02325,0.113,0.13225,108
IND,25.0,40.717,0.376121096361012,0.6637831809543793,0.123,-0.001,8.360306431723215,10.232202546790194,0.5025,0.0,0.1705,0.3655,0.156,108
MIA,29.0,43.818,-0.024459557626168377,0.24779379416030542,0.07825,-0.1325,9.291301756791091,9.882968776511344,0.8475,0.0,0.01675,0.102,0.14425,108
MIL,19.0,28.132,0.0,0.0,0.0,0.0,0.0,0.0,0.0,0.52575,0.474,0.00025,0.0,108
NYK,25.0,39.53925,0.0,0.0,0.1095,0.07275,0.0,0.0,0.31675,0.0,0.32425,0.393,0.11225,108
ORL,41.0,60.557,0.06556347001763677,0.06556347001763677,0.0,0.0,5.263653417107582,5.263653417107582,1.0,0.0,0.0,0.0,0.0,108
PHI,30.0,45.07525,0.2034120993979167,0.37335940046818306,0.04125,-0.0975,7.148982367957737,7.496029008075871,0.919,0.0,0.006,0.0485,0.08475,108
TOR,35.0,49.92625,0.06909420803689921,0.07696336257439922,0.00175,-0.006,6.292511299706378,6.298892526546557,0.99875,0.0,0.0,0.00025,0.0025,108
WAS,23.0,35.54175,0.561670721507738,0.0946429783077382,0.01975,0.06825,11.244418923027977,11.725725248646432,0.027,0.00275,0.88325,0.10025,0.00675,108
DAL,21.0,34.5165,0.4410135550044644,0.25552705860618624,0.068,0.1205,1.698285507760268,2.2391757214151156,0.25575,0.005,0.3185,0.50375,0.08425,108
DEN,23.0,35.5495,0.0,0.0,0.087,0.08625,0.0,0.0,0.3385,0.0025,0.175,0.5585,0.1315,108
GSW,41.0,58.8485,0.11796262125220472,0.11796262125220472,0.0,0.0,5.437887048059964,5.437887048059964,1.0,0.0,0.0,0.0,0.0,108
HOU,20.0,31.84675,0.5732161939066962,0.14706446911562504,0.0335,0.1115,13.110890918944195,12.38799059921239,0.06325,0.06,0.6935,0.2265,0.01025,108
LAC,15.0,22.298,-0.0020649911816578506,-0.0020649911816578506,0.0,0.0,5.270622762345678,5.270622762345678,0.0,0.992,0.008,0.0,0.0,108
LAL,33.0,49.9575,0.0,0.0,0.00025,-0.0015,0.0,0.0,1.0,0.0,0.0,0.0,0.0005,108
MEM,20.0,30.54775,0.46078690584657706,0.05592220055493912,0.01975,0.08325,13.845714959811605,12.495707540042249,0.02275,0.1465,0.73025,0.11525,0.00425,108
MIN,25.0,37.434,0.0,0.0,0.09525,0.0055,0.0,0.0,0.59525,0.00025,0.05,0.33875,0.268,108
NOP,13.0,21.703,-0.0956129464285714,-0.020529613095238108,0.0,0.0,20.344879464285714,14.967662648809524,0.0,0.997,0.003,0.0,0.0,108
OKC,40.0,60.2775,0.07459780643738986,0.07459780643738986,0.0,0.0,5.270622762345678,5.270622762345678,1.0,0.0,0.0,0.0,0.0,108
PHX,30.0,43.42625,0.0,0.0,0.02125,-0.0885,0.0,0.0,0.9565,0.0,0.0,0.008,0.09,108
POR,29.0,40.27275,0.25107983244717264,0.3158548773311011,0.05825,-0.09575,7.998510718455059,8.643519870581581,0.75975,0.0,0.00425,0.077,0.36175,108
SAC,22.0,31.375,0.4920907047991068,0.1080519066770196,0.01825,0.094,13.482516562563838,12.461813664220163,0.0255,0.0765,0.73775,0.169,0.01125,108
SAS,35.0,54.29025,0.0,0.0,0.0,0.0,0.0,0.0,1.0,0.0,0.0,0.0,0.0,108
UTA,31.0,44.8175,0.1502887730120536,0.16053628522500002,0.011,-0.05275,7.111708236230952,7.1400809228922615,0.98275,0.0,0.0,0.00325,0.03825,108
ATL,37.0,53.4885,0.0,0.0,0.00075,-0.00175,0.0,0.0,0.9995,0.0,0.0,0.0,0.00075,109
BOS,31.0,46.232,0.2937010954854333,0.5747244222418021,0.07925,-0.136,7.283691313283587,7.891826026888497,0.865,0.0,0.0075,0.08675,0.1515,109
BKN,11.0,20.02625,0.006693005952380952,0.03442485119047619,0.0,0.0,7.786534138007053,8.062675060626102,0.0,0.94725,0.05275,0.0,0.0,109
CHA,27.0,40.6425,0.5128406777113096,0.45331143878922603,0.0785,0.12075,9.78011299504509,11.80142014547873,0.2145,0.0,0.415,0.42725,0.07775,109
CHI,16.0,24.06725,0.18839011258258934,-0.1265954720639084,0.0,0.0,14.971915235194194,12.564431489893396,0.0,0.49025,0.50975,0.0,0.0,109
CLE,27.0,41.5625,0.0,0.0,0.08875,0.0765,0.0,0.0,0.30325,0.0,0.259,0.46825,0.1205,109
DET,39.0,58.21125,0.023524988977072336,0.023524988977072336,0.0,0.0,5.176665663580247,5.176665663580247,1.0,0.0,0.0,0.0,0.0,109
IND,33.0,47.66325,0.24836816941059855,0.4127323146147949,0.03925,-0.109,6.904760151411678,7.209884084374625,0.923,0.0,0.0025,0.0335,0.09225,109
MIA,27.0,42.995,0.16191829341619834,0.43392193656433115,0.1175,-0.004,9.488640502449687,11.094959044439921,0.52275,0.0,0.1085,0.39625,0.18075,109
MIL,13.0,22.2955,0.0,0.0,0.0,0.0,0.0,0.0,0.0,0.7935,0.2065,0.0,0.0,109
NYK,35.0,52.92975,0.0,0.0,0.001,-0.00425,0.0,0.0,0.99975,0.0,0.0,0.0,0.00175,109
ORL,27.0,41.9895,0.4649259165529763,0.5899213027310714,0.09975,0.0585,8.979466878559077,10.934638792869842,0.375,0.0,0.1995,0.4735,0.1335,109
PHI,30.0,46.32575,0.2906126169772211,0.5514497262681735,0.069,-0.1395,7.2711341141674,7.8391996390645815,0.86575,0.0,0.0065,0.0805,0.1465,109
TOR,33.0,47.62325,0.26605210878998564,0.42992057016233687,0.04425,-0.10475,6.904149201275177,7.211652737173897,0.931,0.0,0.00275,0.03275,0.09475,109
WAS,23.0,32.6575,0.1581634008184521,0.0017764393815476152,0.00075,0.002,12.66330582770625,12.014923775647025,0.0005,0.00025,0.9985,0.00125,0.0,109
DAL,28.0,40.7015,0.19452035525848213,0.3471050499525001,0.08675,0.055,0.7120556744138393,2.195627510555595,0.28675,0.0,0.2575,0.478,0.115,109
DEN,34.0,47.81,0.0,0.0,0.02525,-0.068,0.0,0.0,0.962,0.0,0.00075,0.0175,0.04875,109
GSW,29.0,44.15925,0.33283337856455036,0.5904888876131414,0.08125,-0.11475,7.829539491162682,8.71070454427688,0.7845,0.0,0.02425,0.19475,0.162,109
HOU,30.0,44.30825,0.3450652721866072,0.5851255020517956,0.09175,-0.12475,7.817238734657054,8.645069660424593,0.7715,0.0,0.026,0.1665,0.1855,109
LAC,19.0,27.388,0.002474856701940033,0.0012720293209876553,0.0,0.00025,6.34576780202822,6.3577213734567914,0.0,0.061,0.939,0.0,0.0,109
LAL,31.0,47.6895,0.0,0.0,0.01875,-0.0775,0.0,0.0,0.97125,0.0,0.001,0.0155,0.0435,109
MEM,28.0,40.00925,0.5042393050605657,0.48466910015261894,0.08025,0.093,10.034112705533037,11.631682307798146,0.22025,0.0,0.36725,0.44375,0.087,109
MIN,33.0,47.4845,0.0,0.0,0.02725,-0.0745,0.0,0.0,0.9665,0.0,0.00125,0.0175,0.05225,109
NOP,16.0,23.19925,0.14255520833333335,-0.0868019345238095,0.0,0.0,20.320845833333333,15.302895089285716,0.0,0.67175,0.32825,0.0,0.0,109
OKC,31.0,49.888,0.19370645155373128,0.22227611305751105,0.003,-0.02025,6.345049911906941,6.365924829625005,0.99725,0.0,0.00025,0.00175,0.00675,109
PHX,26.0,40.41075,0.0,0.0,0.086,0.0725,0.0,0.0,0.29625,0.0,0.298,0.47875,0.09575,109
POR,31.0,44.245,0.3543285018847278,0.6146817126567117,0.09575,-0.11675,7.859230708930092,8.771796024312524,0.74375,0.0,0.024,0.18575,0.2035,109
SAC,19.0,28.394,0.22759803965178552,-0.02553364264708326,0.0,0.0,13.793108234053568,12.97775767878387,0.0,0.02975,0.97025,0.0,0.0,109
SAS,37.0,55.4355,0.0,0.0,0.0,-0.00025,0.0,0.0,1.0,0.0,0.0,0.0,0.0,109
UTA,19.0,30.1675,0.19772860144464266,0.00010225505059524798,0.00025,0.001,13.289155587066961,10.14076739006964,0.0,0.00625,0.9935,0.00025,0.0,109
ATL,31.0,46.297,0.0,0.0,0.024,-0.0925,0.0,0.0,0.95975,0.0,0.0,0.02,0.0685,110
BOS,30.0,45.9135,0.23020484436460534,0.34938136358593463,0.032,-0.10575,7.0166255661911645,7.208394234528963,0.95875,0.0,0.0,0.01875,0.07225,110
BKN,24.0,33.8835,0.01310877976190476,0.04664389880952382,0.00775,0.07175,7.834382738095237,8.475126636904763,0.0125,0.00225,0.87475,0.1185,0.0035,110
CHA,27.0,40.278,0.3689488945584822,0.4667108768946854,0.09175,-0.0285,8.804218393194198,10.39743775613364,0.4515,0.0,0.03175,0.54925,0.1985,110
CHI,15.0,24.127,0.10484910074151796,-0.06254672565612518,0.0,0.0,15.336587083817856,12.068789476620669,0.0,0.88425,0.11575,0.0,0.0,110
CLE,24.0,38.75075,0.0,0.0,0.06475,0.02875,0.0,0.0,0.3315,0.0,0.079,0.73375,0.08575,110
DET,35.0,54.59875,0.11629475308641987,0.11629475308641987,0.0,-0.00025,5.388717471340388,5.388717471340388,1.0,0.0,0.0,0.0,0.0,110
IND,31.0,44.20875,0.24374073482294423,0.44042163345453433,0.06475,-0.14775,7.476006073382561,8.05241508679086,0.843,0.0,0.001,0.07625,0.2055,110
MIA,27.0,40.94275,0.1407586818190863,0.2980319078325447,0.088,-0.0515,9.510201988140258,10.882438700391447,0.51925,0.0,0.02375,0.43975,0.2355,110
MIL,21.0,29.98625,0.0,0.0,0.00025,0.006,0.0,0.0,0.0,0.10425,0.88875,0.007,0.0,110
NYK,32.0,49.57125,0.0,0.0,0.0015,-0.0145,0.0,0.0,0.99925,0.0,0.0,0.0,0.0035,110
ORL,15.0,27.72375,0.28752136555491065,-0.11173487226098056,0.0,0.0005,14.518640590287498,12.506866988076508,0.0005,0.3635,0.636,0.0005,0.0,110
PHI,30.0,45.82175,0.23401668522696206,0.35088631756565253,0.0355,-0.09875,7.050777203018275,7.278295180616342,0.945,0.0,0.00025,0.02225,0.08725,110
TOR,32.0,47.131,0.2177519210958609,0.28448329837423386,0.01625,-0.0695,6.750199457893932,6.855138710816155,0.97825,0.0,0.0,0.009,0.0395,110
WAS,22.0,30.1865,0.3728848783397317,-0.020937576272023792,0.00025,0.00475,13.590041481265027,11.843725917098219,0.00075,0.066,0.92875,0.005,0.00025,110
DAL,27.0,40.233,0.13047713568750002,0.2909022926563988,0.09225,0.039,0.4722014560799107,1.9921638456565907,0.2725,0.0,0.1725,0.5835,0.12225,110
DEN,30.0,44.65925,0.0,0.0,0.07525,-0.14175,0.0,0.0,0.8285,0.0,0.00675,0.123,0.16475,110
GSW,27.0,41.3485,0.3686431034342263,0.5845319227481646,0.10325,-0.0165,8.494953544032441,10.367187697268637,0.48175,0.0,0.094,0.5005,0.1435,110
HOU,27.0,42.7855,0.30195947544791674,0.6271856334287343,0.09875,-0.08425,7.936257679679018,9.290477509186593,0.6835,0.0,0.03075,0.31025,0.189,110
LAC,23.0,32.05575,0.0,0.0,0.0005,0.00475,5.156790123456789,5.156790123456789,0.0,0.017,0.97625,0.00675,0.0,110
LAL,30.0,45.6615,0.0,0.0,0.05325,-0.1245,0.0,0.0,0.91125,0.0,0.00175,0.06775,0.1045,110
MEM,18.0,27.68975,0.2873096993370534,-0.10898606417520676,0.0,0.0,14.534507133391516,12.512565619639364,0.0,0.35775,0.64225,0.0,0.0,110
MIN,36.0,51.46925,0.0,0.0,0.0005,-0.002,0.0,0.0,0.999,0.0,0.0,0.0,0.00125,110
NOP,18.0,28.856,0.2829849702380952,0.03030535714285716,0.0,0.00025,17.900424107142857,16.20684494047619,0.0,0.20525,0.79475,0.0,0.0,110
OKC,43.0,64.44375,0.0,0.0,0.0,0.0,5.156790123456789,5.156790123456789,1.0,0.0,0.0,0.0,0.0,110
PHX,26.0,37.29875,0.0,0.0,0.031,0.106,0.0,0.0,0.05375,0.0,0.69475,0.26775,0.02275,110
POR,32.0,46.22525,0.24702036173516864,0.4090341836945436,0.03925,-0.11725,6.991347053392632,7.301075068638464,0.92775,0.0,0.001,0.045,0.086,110
SAC,12.0,17.455,0.007045540659821422,-0.00019907982351190424,0.0,0.0,15.85516136940312,11.971489855363194,0.0,0.99975,0.00025,0.0,0.0,110
SAS,44.0,65.3745,0.0,0.0,0.0,0.0,0.0,0.0,1.0,0.0,0.0,0.0,0.0,110
UTA,31.0,45.02375,0.27226846974333113,0.33173236768291453,0.073,-0.138,7.3306315108094084,7.534496125345569,0.842,0.0,0.00525,0.0955,0.166,110
ATL,30.0,41.97,0.0,0.0,0.09425,-0.10975,0.0,0.0,0.65625,0.0,0.01725,0.21075,0.2755,111
BOS,31.0,46.02175,0.193750852213244,0.28164376568745036,0.01825,-0.07,6.798805546370089,6.935113486814038,0.97375,0.0,0.0,0.015,0.0415,111
BKN,18.0,29.081,0.1046187499999998,-0.04011964285714279,0.00075,0.00375,11.832117857142856,10.342907291666666,0.001,0.2865,0.70975,0.0035,0.0,111
CHA,23.0,34.88,0.5203727603133927,0.15242299633401366,0.0275,0.09225,11.37348386530521,12.489513960503942,0.04775,0.003,0.798,0.1785,0.011,111
CHI,19.0,26.928,0.2767444859633929,-0.11866810153414815,0.0,0.00025,15.07750873675446,12.260354152723782,0.0,0.62825,0.37175,0.0,0.0,111
CLE,44.0,62.144,0.0,0.0,0.0,0.0,0.0,0.0,1.0,0.0,0.0,0.0,0.0,111
DET,38.0,56.21825,0.062465983245149986,0.062465983245149986,0.0,0.0,6.054286915784835,6.054286915784835,1.0,0.0,0.0,0.0,0.0,111
IND,26.0,39.716,0.37738471365654774,0.5089557230789895,0.09975,0.00625,8.611045521572175,10.401144181329068,0.45775,0.0,0.07375,0.5125,0.18,111
MIA,28.0,44.08375,-0.01373822143853613,0.1523100323421345,0.0415,-0.1245,9.329892851410936,9.710613201987716,0.905,0.0,0.0025,0.06925,0.113,111
MIL,17.0,26.49325,0.0,0.0,0.0,0.0,0.0,0.0,0.0,0.6995,0.3005,0.0,0.0,111
NYK,33.0,48.9295,0.0,0.0,0.00075,-0.01375,0.0,0.0,0.99725,0.0,0.0,0.0005,0.005,111
ORL,25.0,39.369,0.4016730585864584,0.5202504822232993,0.097,0.009,8.717173299845983,10.53018292970837,0.45575,0.0,0.10525,0.52825,0.1385,111
PHI,32.0,47.62125,0.14480591713556543,0.17820494074880947,0.008,-0.03175,6.487792104595835,6.536278360819644,0.991,0.0,0.0,0.003,0.018,111
TOR,27.0,40.3345,0.35599190454479174,0.5514267075893636,0.10375,-0.0335,8.398297280868304,10.027686672082137,0.50775,0.0,0.053,0.43225,0.2165,111
WAS,23.0,32.6945,0.46692027811309494,0.02964474490773815,0.0055,0.037,12.598479239917262,11.799545297539884,0.00675,0.022,0.929,0.0465,0.001,111
DAL,25.0,38.9345,0.16705012156785717,0.3270278116831846,0.109,0.0015,0.4305883315888393,1.535220599112437,0.459,0.0,0.10575,0.4555,0.17725,111
DEN,28.0,43.0265,0.0,0.0,0.056,-0.13075,0.0,0.0,0.89825,0.0,0.004,0.06125,0.12425,111
GSW,31.0,44.53275,0.20145164996309523,0.3035276430803075,0.02875,-0.08125,7.10451055296875,7.2812077321560515,0.95575,0.0,0.0005,0.017,0.06975,111
HOU,18.0,31.1845,0.4464507872767854,-0.010671830927664359,0.00675,0.0265,13.321831346576637,12.684659621316005,0.00575,0.07975,0.896,0.0225,0.00125,111
LAC,22.0,30.9025,0.0002581238977072313,0.0002581238977072313,0.00075,0.02325,5.158596990740739,5.158596990740739,0.003,0.085,0.895,0.01875,0.001,111
LAL,31.0,44.94075,0.0,0.0,0.026,-0.06875,0.0,0.0,0.9605,0.0,0.0005,0.0165,0.056,111
MEM,25.0,36.972,0.5471381332215773,0.4144564192039753,0.07925,0.0995,9.997392913844644,11.455760853033874,0.213,0.0,0.314,0.5075,0.0905,111
MIN,26.0,40.433,0.0,0.0,0.085,-0.08425,0.0,0.0,0.69225,0.0,0.035,0.2655,0.21025,111
NOP,19.0,27.481,0.2158084821428572,-0.023635714285714222,-0.00025,0.001,20.027667261904764,15.238520386904762,0.00025,0.541,0.4585,0.0005,0.0,111
OKC,44.0,64.7405,0.002839362874779544,0.002839362874779544,0.0,0.0,5.158596990740739,5.158596990740739,1.0,0.0,0.0,0.0,0.0,111
PHX,26.0,40.51925,0.0,0.0,0.09,-0.08375,0.0,0.0,0.6785,0.0,0.033,0.261,0.219,111
POR,23.0,35.68825,0.53803765535,0.3048333945802296,0.05125,0.12775,10.737623578310417,12.041729301666699,0.139,0.00025,0.5525,0.372,0.03925,111
SAC,18.0,26.7815,0.25828086889151786,-0.10823194444321135,0.0,0.0005,15.10973917208348,12.237370393947257,0.0,0.65475,0.3445,0.00075,0.0,111
SAS,39.0,60.393,0.0,0.0,0.0,0.0,0.0,0.0,1.0,0.0,0.0,0.0,0.0,111
UTA,31.0,46.98525,0.15700024845610114,0.1660538269238095,0.0045,-0.02825,6.595784381081846,6.606856883432739,0.99475,0.0,0.0,0.00125,0.0115,111
ATL,29.0,42.4875,0.0,0.0,0.0995,-0.00875,0.0,0.0,0.57425,0.0,0.04275,0.27525,0.359,112
BOS,32.0,47.667,0.14362869057343478,0.22991584748010138,0.01475,-0.08025,7.215457850578444,7.375579940280686,0.9765,0.0,0.00025,0.00775,0.06125,112
BKN,13.0,22.084,-0.001571726190476188,-0.03219241071428572,0.0,0.0,7.683021908068782,8.283728306878308,0.0,0.7895,0.2105,0.0,0.0,112
CHA,25.0,35.43975,0.3725879193162203,0.1316511303833205,0.02275,0.08425,11.06302275626235,12.758034681849164,0.028,0.0,0.83975,0.147,0.009,112
CHI,21.0,31.703,0.2691755799678569,0.006406668322901073,0.00075,0.00625,12.4679481628125,12.977104500528025,0.00075,0.00125,0.992,0.00675,0.0,112
CLE,28.0,43.66625,0.0,0.0,0.0665,-0.0595,0.0,0.0,0.76925,0.0,0.013,0.14875,0.2995,112
DET,35.0,51.44725,0.2318696978388063,0.24744450527685188,0.00325,-0.014,6.381394484491094,6.392179512796749,0.9985,0.0,0.0,0.0,0.00475,112
IND,34.0,52.267,0.23995292352152234,0.24240398384369496,0.00025,-0.00575,6.175366206149389,6.1791549709822755,0.99975,0.0,0.0,0.0,0.0015,112
MIA,25.0,40.16925,0.1581844906440146,0.3226852908258824,0.0885,0.083,9.569442191902274,11.658167224097987,0.371,0.0,0.15775,0.56325,0.14175,112
MIL,16.0,24.266,0.0,0.0,0.0,0.0,0.0,0.0,0.0,0.42175,0.57825,0.0,0.0,112
NYK,37.0,53.64375,0.0,0.0,0.0005,-0.0015,0.0,0.0,0.99925,0.0,0.0,0.0,0.001,112
ORL,26.0,38.86625,0.34376706595625006,0.39564983998138303,0.06825,0.1285,9.515623398618304,11.745920306392573,0.1995,0.0,0.3275,0.5295,0.0765,112
PHI,35.0,55.30375,0.16489043209876558,0.16489043209876558,0.0,-0.00025,5.468894113756613,5.468894113756613,1.0,0.0,0.0,0.0,0.0,112
TOR,35.0,50.42025,0.22716275688329476,0.24715329322868165,0.004,-0.0205,6.649440959727469,6.675286247608719,0.99525,0.0,0.0,0.0,0.0115,112
WAS,26.0,37.299,0.37721575005238106,0.21847276787142828,0.0455,0.1405,10.19561058523527,11.537937895388692,0.088,0.0,0.62575,0.32175,0.03425,112
DAL,32.0,46.61175,0.01814407996339286,0.16486783899375002,0.05675,-0.13125,0.03673739368214286,0.44743939266294647,0.855,0.0,0.0,0.07925,0.217,112
DEN,33.0,50.774,0.0,0.0,0.00225,-0.03875,0.0,0.0,0.995,0.0,0.0,0.00225,0.01525,112
GSW,29.0,42.5375,0.2325846545906251,0.41895153033511895,0.077,-0.0425,8.344465104047172,10.64883450721736,0.4455,0.0,0.0,0.65125,0.15325,112
HOU,31.0,45.227,0.16011855274773484,0.4487944366402446,0.07125,-0.106,7.707805000707176,8.950489031869479,0.73825,0.0,0.0,0.1875,0.29425,112
LAC,16.0,22.34175,-0.003318761022927695,-0.0039918264991181725,0.0,0.0,5.976836055996473,5.977845430996473,0.0,0.77675,0.22325,0.0,0.0,112
LAL,31.0,47.1245,0.0,0.0,0.0405,-0.1325,0.0,0.0,0.90325,0.0,0.0,0.055,0.16675,112
MEM,18.0,27.52725,0.2802452978352676,-0.010016666263415451,0.00175,0.0235,13.810502027937499,12.90111311292188,0.002,0.05875,0.914,0.02725,0.0,112
MIN,35.0,52.563,0.0,0.0,0.00175,-0.012,0.0,0.0,0.99925,0.0,0.0,0.00025,0.0025,112
NOP,17.0,26.21425,0.1744956845238096,-0.07380238095238101,0.00025,0.0045,18.939773363095238,16.32576741071429,0.0,0.14825,0.84575,0.006,0.0,112
OKC,34.0,53.1075,0.22788295242223336,0.23254328744872146,0.0005,-0.00725,5.976942906125937,5.980505775655996,0.9995,0.0,0.0,0.0,0.0015,112
PHX,20.0,34.07675,0.0,0.0,0.01075,0.06775,0.0,0.0,0.1375,0.0,0.12675,0.873,0.00025,112
POR,35.0,47.985,0.18686412658694337,0.3692509762307925,0.04325,-0.118,7.224072302481949,7.634009586341672,0.9145,0.0,0.0,0.02475,0.149,112
SAC,15.0,22.07875,0.17450605275848224,-0.10184008062632344,0.0,0.00025,15.362655738374997,12.281365835674322,0.0,0.793,0.207,0.0,0.0,112
SAS,38.0,55.639,0.0,0.0,0.0,-0.00075,0.0,0.0,1.0,0.0,0.0,0.0,0.00025,112
UTA,19.0,29.462,0.29908409524017826,0.03079729782083331,0.007,0.05925,13.149960132321873,10.08897447862738,0.01025,0.01075,0.89575,0.0935,0.0,112
ATL,26.0,40.44425,0.0,0.0,0.09375,0.0125,0.0,0.0,0.512,0.0,0.0825,0.404,0.25075,113
BOS,25.0,39.89575,0.3855709622250001,0.5514408312899204,0.09725,0.051,8.627112415022173,10.586456686085704,0.48675,0.0,0.11875,0.464,0.18625,113
BKN,20.0,32.74525,0.002505357142857143,0.0026819940476190424,0.005,0.029,7.1177343749999995,7.223285119047619,0.0085,0.0,0.95725,0.0395,0.002,113
CHA,23.0,32.60325,0.3662779782188985,0.04007060512053569,0.00225,0.02825,12.733342523997171,12.953242062062424,0.00375,0.0,0.968,0.03,0.001,113
CHI,27.0,37.776,0.48979760230625,0.37527823537881216,0.055,0.13175,9.948908365122621,11.960757813247062,0.1145,0.0,0.40825,0.46825,0.08425,113
CLE,32.0,48.6255,0.0,0.0,0.006,-0.02875,0.0,0.0,0.99525,0.0,0.0,0.0005,0.0135,113
DET,34.0,53.2005,0.06321829805996476,0.06388792361710761,0.0,-0.0005,6.144288315696651,6.144957941253793,1.0,0.0,0.0,0.0,0.00025,113
IND,25.0,37.521,0.5053916341075894,0.3673878896761733,0.0575,0.12525,10.026416673653573,11.999563440039308,0.1455,0.0,0.4525,0.42275,0.08075,113
MIA,40.0,57.52575,0.0,0.0,0.0,0.0,9.382940917107586,9.382940917107586,1.0,0.0,0.0,0.0,0.0,113
MIL,15.0,22.18225,0.0,0.0,0.0,0.0,0.0,0.0,0.0,0.56675,0.43325,0.0,0.0,113
NYK,37.0,55.116,0.0,0.0,0.0,0.0,0.0,0.0,1.0,0.0,0.0,0.0,0.0,113
ORL,27.0,43.16175,0.16514121923764885,0.42458826442248004,0.0545,-0.09125,7.641851316412946,8.588713143019444,0.82525,0.0,0.01075,0.12375,0.23875,113
PHI,32.0,50.4095,0.10757471444712849,0.11238350694043206,0.0005,-0.0075,6.359642139412369,6.367189532295106,0.999,0.0,0.0,0.00025,0.00275,113
TOR,30.0,44.81825,0.14965363172291668,0.3138179278870238,0.0355,-0.10975,7.381557547118898,7.8343027621398,0.9095,0.0,0.002,0.047,0.13975,113
WAS,21.0,27.90875,0.1336793157526784,-0.0031199591886904663,0.0,0.00025,14.166821032870535,12.008982296580358,0.0,0.00625,0.99375,0.0,0.0,113
DAL,29.0,45.037,0.011885399200446428,0.10939715978714287,0.03025,-0.1295,0.018702258661607147,0.21453531408386908,0.93725,0.0,0.0005,0.02575,0.12525,113
DEN,24.0,39.325,0.0,0.0,0.083,0.0135,0.0,0.0,0.48825,0.0,0.05775,0.542,0.20375,113
GSW,36.0,49.099,0.15076224239290673,0.1720081538552579,0.00375,-0.0185,6.557823595973734,6.582393553251709,0.994,0.0,0.0,0.00025,0.011,113
HOU,31.0,46.16975,0.16370078338059416,0.2524105120087787,0.01575,-0.0895,7.124594911970684,7.294400028700991,0.97175,0.0,0.0,0.00725,0.066,113
LAC,14.0,19.608,0.0,0.0,0.0,0.0,5.172793805114638,5.172793805114638,0.0,0.9235,0.0765,0.0,0.0,113
LAL,29.0,45.47025,0.0,0.0,0.021,-0.11675,0.0,0.0,0.95725,0.0,0.0,0.0155,0.09075,113
MEM,24.0,33.9885,0.4726156040715772,0.14217126073853165,0.02025,0.0985,12.03604339179985,12.722533532186134,0.026,0.0,0.7975,0.18975,0.01,113
MIN,30.0,45.044,0.0,0.0,0.0275,-0.1235,0.0,0.0,0.94375,0.0,0.00025,0.01975,0.11875,113
NOP,13.0,21.2285,-0.0016263392857142592,0.005077232142857158,0.0,0.0,20.594347767857144,15.569619642857147,0.0,0.72925,0.27075,0.0,0.0,113
OKC,43.0,62.0195,0.01548743386243388,0.01548743386243388,0.0,0.0,5.172793805114638,5.172793805114638,1.0,0.0,0.0,0.0,0.0,113
PHX,27.0,40.06175,0.0,0.0,0.0915,-0.01775,0.0,0.0,0.462,0.0,0.03225,0.44425,0.2915,113
POR,25.0,37.259,0.5091439599163691,0.30797283980589557,0.06075,0.08875,9.995880037946728,11.6831555220167,0.20625,0.0,0.211,0.659,0.08125,113
SAC,13.0,20.93875,0.12255956260714303,-0.09298590062886879,0.0,0.0,15.355108045525443,12.304802296968553,0.0,0.77425,0.22575,0.0,0.0,113
SAS,46.0,68.14575,0.0,0.0,0.0,0.0,0.0,0.0,1.0,0.0,0.0,0.0,0.0,113
UTA,22.0,32.6715,0.4028444172525295,0.037357545547619,0.005,0.06025,12.645408251979017,10.084404614617855,0.0135,0.0,0.90075,0.0965,0.00175,113
ATL,31.0,47.57425,0.0,0.0,0.02225,-0.1015,0.0,0.0,0.96375,0.0,0.00025,0.0185,0.0725,114
BOS,32.0,48.5435,0.20790870006551473,0.30088726067231036,0.0135,-0.06625,6.743107714340498,6.849011177959943,0.98525,0.0,0.0,0.0075,0.033,114
BKN,18.0,29.0955,4.940476190476173e-05,4.940476190476173e-05,0.00025,0.0015,6.773382627865961,6.773382627865961,0.0,0.10775,0.89125,0.001,0.0,114
CHA,16.0,25.28775,0.2134057761151786,-0.12308736841657011,0.0,0.0,15.017206297145087,12.388410223016512,0.0,0.64075,0.35925,0.0,0.0,114
CHI,20.0,28.54675,0.3532421694276783,-0.06201875944824395,0.0,0.00075,13.966378025202676,12.837475990610786,0.0,0.12925,0.8705,0.00025,0.0,114
CLE,28.0,46.21325,0.0,0.0,0.03275,-0.1405,0.0,0.0,0.94275,0.0,0.00075,0.0495,0.1115,114
DET,37.0,55.39875,0.1437513117283952,0.1437513117283952,0.0,0.0,5.63115701058201,5.631826636139152,1.0,0.0,0.0,0.0,0.00025,114
IND,30.0,45.04825,0.1647590411402062,0.4798565339428662,0.06325,-0.126,7.467967331970892,8.420214528166019,0.82175,0.0,0.00125,0.12475,0.227,114
MIA,38.0,54.55525,0.0,0.00033998458339726636,0.0,-0.0005,9.382940917107586,9.383280901690982,1.0,0.0,0.0,0.0,0.00025,114
MIL,27.0,38.37525,0.0,0.0,0.04325,0.10625,0.0,0.0,0.1275,0.0,0.33625,0.6125,0.03275,114
NYK,30.0,43.4195,0.0,0.0,0.10125,-0.087,0.0,0.0,0.60775,0.0,0.00975,0.31375,0.2825,114
ORL,36.0,51.43,0.132743736299752,0.1465929338454365,0.0035,-0.01325,6.2585141889189275,6.271116530457915,0.9975,0.0,0.0,0.0005,0.00475,114
PHI,21.0,37.0145,0.41861620215758927,0.1780025790097037,0.03675,0.124,9.942636973881548,12.458089961502623,0.0995,0.0,0.61475,0.37275,0.00925,114
TOR,30.0,42.23125,0.2198147218377977,0.5040294177866425,0.09175,-0.0415,8.15006795488884,10.360244969329957,0.45425,0.0,0.03825,0.499,0.22625,114
WAS,17.0,24.544,0.1831625256263394,-0.07607085877916651,0.0,0.0,15.192976075262498,11.539034664495237,0.0,0.75825,0.24175,0.0,0.0,114
DAL,19.0,29.95225,0.36950886951517864,0.0010100482434311248,0.006,0.02925,3.209951110421429,3.3469487828770026,0.00525,0.0475,0.915,0.035,0.00175,114
DEN,25.0,39.107,0.0,0.0,0.09525,-0.096,0.0,0.0,0.703,0.0,0.0295,0.24225,0.22,114
GSW,36.0,50.13375,0.150522762345679,0.15049925044091708,0.0,-0.0005,6.452089131393299,6.452089131393299,1.0,0.0,0.0,0.0,0.0,114
HOU,32.0,48.34025,0.1746331208319279,0.17690004691421957,0.00025,-0.00125,6.773382627865961,6.774052352507033,1.0,0.0,0.0,0.0,0.00025,114
LAC,23.0,31.62175,0.0,0.0,0.01425,0.066,5.156790123456789,5.156790123456789,0.0165,0.00925,0.88425,0.09725,0.0065,114
LAL,33.0,48.66725,0.0,0.0,0.00025,-0.00075,0.0,0.0,1.0,0.0,0.0,0.0,0.0,114
MEM,26.0,35.4095,0.557389709303125,0.43924865955771397,0.08125,0.10475,10.446448888787053,11.613907102871915,0.1905,0.0,0.3315,0.4865,0.0995,114
MIN,24.0,39.353,0.0,0.0,0.0845,-0.08975,0.0,0.0,0.78575,0.0,0.03075,0.1865,0.1895,114
NOP,19.0,26.9815,0.2761711309523807,-0.19607083333333333,0.0,0.00225,15.070519196428572,15.702684077380953,0.0,0.31325,0.6855,0.00125,0.0,114
OKC,44.0,65.5295,0.0,0.0,0.0,0.0,5.156790123456789,5.156790123456789,1.0,0.0,0.0,0.0,0.0,114
PHX,25.0,38.993,0.0,0.0,0.09225,-0.093,0.0,0.0,0.682,0.0,0.03825,0.242,0.238,114
POR,25.0,37.639,0.4663962103693453,0.602755289391308,0.10375,-0.01375,9.020505360047471,10.240843846665122,0.499,0.0,0.09475,0.40725,0.20925,114
SAC,12.0,19.7875,0.039575849581249996,-0.0084393877384382,0.0,0.0,15.808958688425886,12.079629013178904,0.0,0.99275,0.00725,0.0,0.0,114
SAS,45.0,67.378,0.0,0.0,0.0,0.0,0.0,0.0,1.0,0.0,0.0,0.0,0.0,114
UTA,21.0,33.829,0.5207985655087798,0.15228358444345236,0.0515,0.11725,11.353125894963691,9.815767567635715,0.118,0.00125,0.61925,0.302,0.03525,114
ATL,26.0,41.205,0.0,0.0,0.09,0.007,0.0,0.0,0.39575,0.0,0.07675,0.64275,0.10625,115
BOS,36.0,54.22175,0.1381573302469137,0.1381573302469137,0.0,0.0,5.886237962962963,5.886237962962963,1.0,0.0,0.0,0.0,0.0,115
BKN,20.0,31.28275,0.00028422619047618934,-0.00590863095238095,0.0,0.00375,7.378487351190476,7.4833535714285695,0.0,0.011,0.987,0.002,0.0,115
CHA,24.0,36.16725,0.3428799529806547,0.11071516871636906,0.02175,0.073,10.235872045185118,12.61693900605685,0.02475,0.0,0.87725,0.114,0.00525,115
CHI,23.0,31.12475,0.45579565669419614,-0.0017417142368764118,0.00025,0.004,12.707020264115178,12.776547063226591,0.0,0.0065,0.9915,0.002,0.0,115
CLE,31.0,48.10675,0.0,0.0,0.01625,-0.07275,0.0,0.0,0.9845,0.0,0.0,0.01125,0.02725,115
DET,36.0,55.283,0.14235479497354508,0.14235479497354508,0.0,0.0,5.660349118165785,5.660349118165785,1.0,0.0,0.0,0.0,0.0,115
IND,30.0,44.02925,0.20119643955833338,0.5532506541354663,0.08725,-0.1205,7.785529570611012,9.056407579507441,0.6795,0.0,0.008,0.27225,0.2115,115
MIA,30.0,43.732,-0.022956722296648916,0.34182664793545914,0.11525,-0.11375,9.175648248029317,10.480553056865588,0.6345,0.0,0.01325,0.301,0.23175,115
MIL,17.0,25.15025,0.0,0.0,0.0,0.0,0.0,0.0,0.0,0.56525,0.43475,0.0,0.0,115
NYK,32.0,46.71325,0.0,0.0,0.04375,-0.11925,0.0,0.0,0.9155,0.0,0.001,0.058,0.09575,115
ORL,30.0,45.849,0.17438936605380845,0.43830341387682425,0.052,-0.14825,7.354801246681162,7.89629775790057,0.88775,0.0,0.00125,0.09375,0.11325,115
PHI,31.0,48.2735,0.2060031011452822,0.29354867024379405,0.01575,-0.06625,6.806399128842251,6.913373034934959,0.98175,0.0,0.0,0.01175,0.03075,115
TOR,29.0,42.6265,0.256383289416518,0.5283417780735615,0.1065,-0.07425,8.182525333298512,10.04519421409399,0.49575,0.0,0.02925,0.4885,0.17825,115
WAS,23.0,31.135,0.4338251823312497,-0.002102164288095234,0.0,0.00225,12.703934747023661,11.855782516159527,0.00025,0.00825,0.989,0.00275,0.0,115
DAL,27.0,38.5505,0.09093434157142857,0.2005087486696429,0.06125,-0.01525,0.4007496655334821,1.430356672632441,0.43975,0.0,0.005,0.492,0.30525,115
DEN,23.0,38.72575,0.0,0.0,0.05875,-0.01075,0.0,0.0,0.627,0.0,0.005,0.43425,0.28175,115
GSW,21.0,31.4875,0.5045723302215771,0.15813603302770696,0.0185,0.1325,12.35784354596235,12.275669626571517,0.0485,0.007,0.5735,0.41575,0.00175,115
HOU,29.0,44.5555,0.11467192985744047,0.21052731906071423,0.02325,-0.1135,7.389792017837647,7.614191596143153,0.95725,0.0,0.0,0.0085,0.10925,115
LAC,16.0,24.615,-0.0002581238977072313,-0.0002581238977072313,0.00025,0.004,5.178214406966489,5.178214406966489,0.00025,0.65875,0.339,0.00225,0.0,115
LAL,36.0,52.54425,0.0,0.0,0.0,-0.00075,0.0,0.0,1.0,0.0,0.0,0.0,0.0,115
MEM,17.0,23.5275,0.1635849474138394,-0.08633118820091404,0.0,0.00075,15.409932728869192,12.099110897951158,0.0,0.82175,0.17775,0.0005,0.0,115
MIN,35.0,51.28975,0.0,0.0,0.0,-0.0015,0.0,0.0,1.0,0.0,0.0,0.0,0.00025,115
NOP,16.0,23.3275,0.03852842261904767,-0.039420833333333315,0.0,0.00125,20.248126190476192,15.084704910714285,0.0,0.839,0.16,0.001,0.0,115
OKC,40.0,60.18175,0.020649911816578506,0.020649911816578506,0.0,0.0,5.178214406966489,5.178214406966489,1.0,0.0,0.0,0.0,0.0,115
PHX,19.0,31.646,0.0,0.0,0.023,0.1315,0.0,0.0,0.072,0.01275,0.51725,0.46375,0.00375,115
POR,28.0,42.19775,0.1327575192342262,0.2535042911349206,0.03375,-0.098,7.734792739155208,8.397488767936556,0.846,0.0,0.0,0.066,0.2925,115
SAC,19.0,29.17525,0.42430985191845205,0.04575922441260634,0.0075,0.0675,13.577565965970534,12.588174844944497,0.01075,0.06975,0.8135,0.116,0.00075,115
SAS,43.0,64.13075,0.0,0.0,0.0,0.0,0.0,0.0,1.0,0.0,0.0,0.0,0.0,115
UTA,33.0,49.14525,0.1743988565483245,0.17754220241320545,0.003,-0.01225,6.625463409194594,6.630281056175993,0.9985,0.0,0.0,0.0,0.00475,115
ATL,32.0,47.74525,0.0,0.0,0.03925,-0.13575,0.0,0.0,0.91275,0.0,0.00025,0.01775,0.18075,116
BOS,30.0,47.02675,0.1185963158186012,0.3082340897186011,0.0305,-0.15075,7.311492194607737,7.796994704167906,0.9265,0.0,0.00025,0.02025,0.184,116
BKN,16.0,25.96775,-0.002869543650793653,-0.002869543650793653,0.0,0.0,5.72586259920635,5.72586259920635,0.0,0.54375,0.45625,0.0,0.0,116
CHA,25.0,36.19675,0.27881973115342257,0.1313449287869402,0.01575,0.1045,9.886759652367113,12.439965589529027,0.033,0.0,0.716,0.28,0.003,116
CHI,20.0,28.966,0.451882066537946,-0.04803265512801866,0.0,0.0005,13.564362716375445,12.699177702602547,0.0,0.09725,0.9015,0.00125,0.0,116
CLE,38.0,55.62325,0.0,0.0,0.0,-0.00125,0.0,0.0,1.0,0.0,0.0,0.0,0.00025,116
DET,35.0,51.089,0.16654446863495917,0.21275757125653655,0.0085,-0.045,6.541062268182799,6.597679145195449,0.9895,0.0,0.0,0.0005,0.025,116
IND,34.0,49.10625,0.18116034004022816,0.3033977376173115,0.02225,-0.1045,6.969461253912599,7.2069366559861106,0.956,0.0,0.0,0.00425,0.1015,116
MIA,24.0,39.5575,0.10965428374673178,0.15797875905060146,0.0415,0.073,9.2530493839051,11.89945342982113,0.24275,0.0,0.146,0.78475,0.03525,116
MIL,22.0,30.885,0.0,0.0,0.0005,0.005,0.0,0.0,0.0,0.0175,0.978,0.0045,0.0,116
NYK,25.0,39.543,0.0,0.0,0.0345,0.06575,0.0,0.0,0.2265,0.0,0.1435,0.794,0.03525,116
ORL,32.0,45.334,0.12116118320357146,0.34799757066297476,0.066,-0.106,7.625526323507292,8.813097375454875,0.7165,0.0,0.0005,0.092,0.425,116
PHI,36.0,54.67125,0.12852864858906535,0.12852864858906535,0.0,-0.00225,5.989942407648506,5.991644671667108,0.99975,0.0,0.0,0.0,0.00075,116
TOR,35.0,52.5755,0.13386800529759152,0.1558042917051808,0.00275,-0.024,6.296923546144347,6.317539796313989,0.9965,0.0,0.0,0.0,0.00925,116
WAS,20.0,28.89875,0.4430298772982139,-0.038390820268452384,0.0,0.00075,13.61490894924717,11.80171913678691,0.00025,0.10575,0.8935,0.00075,0.0,116
DAL,23.0,34.549,0.22616110872366074,0.18496102036305273,0.04975,0.06575,0.9195282125544644,2.053352123929082,0.24275,0.0005,0.1245,0.695,0.1175,116
DEN,28.0,42.23875,0.0,0.0,0.02225,-0.1095,0.0,0.0,0.8805,0.0,0.00025,0.01325,0.31075,116
GSW,20.0,31.82775,0.584454136224107,0.21509017493081775,0.04325,0.1305,11.674788861465922,12.119481357083746,0.11875,0.01,0.51175,0.443,0.0215,116
HOU,38.0,56.1185,0.15504366181657867,0.15504366181657867,0.0,0.0,5.72586259920635,5.72586259920635,1.0,0.0,0.0,0.0,0.0,116
LAC,21.0,28.6705,0.0,0.0,0.007,0.0535,5.159371362433862,5.159371362433862,0.00675,0.12375,0.80325,0.07075,0.0015,116
LAL,30.0,46.305,0.0,0.0,0.00625,-0.05625,0.0,0.0,0.991,0.0,0.0,0.00025,0.036,116
MEM,15.0,22.0735,0.08669283133437505,-0.032134527682029436,0.0,0.0,15.496382480799104,11.981794801340403,0.0,0.96125,0.03875,0.0,0.0,116
MIN,30.0,44.8435,0.0,0.0,0.01,-0.089,0.0,0.0,0.977,0.0,0.0,0.00075,0.08225,116
NOP,22.0,32.1165,0.24411711309523793,0.13864464285714279,0.0275,0.1295,14.45331592261905,15.691186011904763,0.08225,0.007,0.4775,0.49,0.01825,116
OKC,42.0,63.08125,0.003097486772486776,0.003097486772486776,0.0,0.0,5.159371362433862,5.159371362433862,1.0,0.0,0.0,0.0,0.0,116
PHX,23.0,37.735,0.0,0.0,0.054,-0.00075,0.0,0.0,0.69175,0.0,0.01425,0.21575,0.41025,116
POR,18.0,28.47625,0.4440599617680056,-0.002713564624964509,0.008,0.04625,13.764632112415624,12.57905979028267,0.00975,0.1365,0.79075,0.07125,0.001,116
SAC,13.0,19.3985,0.04587112419419641,-0.0024810936664115615,0.0,0.0,15.776125782195978,11.952322269187272,0.0,0.99675,0.00325,0.0,0.0,116
SAS,40.0,58.97025,0.0,0.0,0.0,0.0,0.0,0.0,1.0,0.0,0.0,0.0,0.0,116
UTA,33.0,50.40975,0.16661378110529648,0.16813149764770718,0.00025,-0.0045,6.647924350690515,6.648586148294533,0.9995,0.0,0.0,0.0,0.001,116
ATL,21.0,33.23425,0.0,0.0,0.015,0.11475,0.0,0.0,0.0365,0.003,0.6635,0.33275,0.00025,117
BOS,31.0,46.0005,0.1754581478572917,0.37742673768239093,0.0405,-0.127,7.271858036347145,7.835712892402502,0.8945,0.0,0.0,0.03975,0.19525,117
BKN,11.0,20.137,0.005207231040564374,0.001324344135802468,0.0,0.0,7.104078990299823,7.136426311728394,0.0,0.99225,0.00775,0.0,0.0,117
CHA,24.0,34.35875,0.4624816832699404,0.14835259088812341,0.01275,0.11525,11.56644052000774,12.212200683947765,0.0545,0.0005,0.442,0.55375,0.00275,117
CHI,15.0,24.87675,0.14607043270580367,-0.10025058085202505,0.0,0.0005,15.201102708534817,12.243147235402974,0.0,0.74125,0.25875,0.0,0.0,117
CLE,38.0,52.76975,0.0,0.0,0.00075,-0.00325,0.0,0.0,0.99925,0.0,0.0,0.0,0.0015,117
DET,36.0,54.305,0.1587649470899472,0.1594176079845901,0.0,-0.00075,5.765896913580248,5.76656341190495,1.0,0.0,0.0,0.0,0.00025,117
IND,26.0,40.5795,0.2709329179410715,0.36101066590204645,0.06575,-0.0165,8.5009840497753,10.820309994143285,0.43675,0.0,0.00725,0.69575,0.15225,117
MIA,28.0,43.0295,0.004921677928532915,0.2166011457893882,0.06725,-0.0695,9.195100853382526,10.442224282693632,0.7005,0.0,0.00125,0.2245,0.3565,117
MIL,20.0,30.04375,0.0,0.0,0.00575,0.03475,0.0,0.0,0.00625,0.06175,0.888,0.05025,0.0,117
NYK,39.0,55.361,0.0,0.0,0.0,-0.00025,0.0,0.0,1.0,0.0,0.0,0.0,0.0,117
ORL,33.0,48.08925,0.2010114571540564,0.3106065862492449,0.02275,-0.08525,6.854939329048622,7.0640385183128585,0.961,0.0,0.0,0.008,0.082,117
PHI,32.0,47.62525,0.20503456759141864,0.3170336151137897,0.02775,-0.0945,6.967035699301234,7.219335290049152,0.95125,0.0,0.0,0.00925,0.1005,117
TOR,31.0,46.9905,0.17841059607189702,0.3406306168075121,0.02575,-0.124,7.075869313185212,7.390231195659568,0.95225,0.0,0.0,0.01875,0.10875,117
WAS,20.0,30.364,0.36268723231845207,0.017722648327380994,0.00475,0.03925,13.580071447538838,11.847429662452978,0.00725,0.0475,0.88525,0.06725,0.0,117
DAL,23.0,34.354,0.32070806587366074,0.0846002309464881,0.014,0.06025,1.8321052253258927,3.2388456409692608,0.01825,0.002,0.9025,0.0845,0.00725,117
DEN,34.0,50.486,0.0,0.0,0.00075,-0.00325,0.0,0.0,0.9995,0.0,0.0,0.0,0.00125,117
GSW,27.0,39.55,0.38756470187395836,0.5608872679735316,0.101,0.04225,8.937250752941072,10.757580257269408,0.38525,0.0,0.19075,0.45,0.1495,117
HOU,31.0,46.6275,0.16142540926559193,0.2283605830192342,0.0125,-0.05,7.106171854124376,7.196572203842531,0.98075,0.0,0.0005,0.01025,0.0295,117
LAC,30.0,41.1475,0.0,0.0,0.112,-0.055,5.164275716490298,5.164275716490298,0.5375,0.0,0.06,0.317,0.266,117
LAL,25.0,41.552,0.0,0.0,0.09075,-0.05775,0.0,0.0,0.70925,0.0,0.05425,0.276,0.15775,117
MEM,18.0,26.71125,0.20507561114732142,-0.1177827457571568,0.0,0.00025,14.83332987107723,12.535506792846274,0.0,0.4025,0.59725,0.00025,0.0,117
MIN,26.0,42.14375,0.0,0.0,0.07775,-0.1055,0.0,0.0,0.774,0.0,0.039,0.20075,0.14925,117
NOP,22.0,32.2065,0.38731502976190474,-0.05616979166666667,0.0025,0.0145,16.431835714285715,16.432908779761906,0.00275,0.00975,0.973,0.01625,0.001,117
OKC,41.0,60.74475,0.00980870811287479,0.00980870811287479,0.0,0.0,5.164275716490298,5.164275716490298,1.0,0.0,0.0,0.0,0.0,117
PHX,25.0,36.6215,0.0,0.0,0.048,0.11325,0.0,0.0,0.08325,0.0,0.66025,0.26175,0.047,117
POR,34.0,48.72825,0.1969481093902557,0.20835867789214063,0.00225,-0.012,6.69211431377802,6.704959234846325,0.9965,0.0,0.0,0.00125,0.00475,117
SAC,15.0,24.8365,0.15216987158571435,-0.0999028211622844,0.0,0.0,15.201792241471875,12.244610545749913,0.0,0.7395,0.2605,0.0,0.0,117
SAS,37.0,56.015,0.0,0.0,0.0,0.0,0.0,0.0,1.0,0.0,0.0,0.0,0.0,117
UTA,27.0,40.51075,0.35360504803616083,0.3255712192577381,0.11175,-0.01075,8.534824311910716,8.784969041752976,0.513,0.0,0.10825,0.382,0.18675,117
ATL,32.0,48.0845,0.0,0.0,0.01075,-0.06475,0.0,0.0,0.98925,0.0,0.00025,0.00125,0.02925,118
BOS,34.0,49.703,0.13887633863092477,0.15307040062869265,0.00275,-0.01975,6.461938112357887,6.480346332521132,0.99825,0.0,0.0,0.0,0.0075,118
BKN,19.0,31.909,0.004658630952380955,0.011062499999999996,0.0075,0.04075,7.360783630952379,7.567676785714284,0.01,0.06275,0.88275,0.05175,0.0015,118
CHA,22.0,31.4675,0.5206456179499996,-0.00509645652847504,0.0025,0.02775,13.24611915805997,12.847872641879093,0.00175,0.0695,0.8995,0.03,0.00075,118
CHI,14.0,23.3495,0.055682299282589325,-0.0218361647364342,0.0,0.0,15.485162519768302,12.093023053806814,0.0,0.97125,0.02875,0.0,0.0,118
CLE,23.0,38.935,0.0,0.0,0.08925,0.06675,0.0,0.0,0.50425,0.00025,0.11525,0.45225,0.227,118
DET,32.0,49.21625,0.15000754069109343,0.1765960200766093,0.00275,-0.0305,6.535389887599951,6.572370158303473,0.99425,0.0,0.0,0.00025,0.0155,118
IND,25.0,37.38825,0.44779510932023814,0.34926102925861235,0.06325,0.111,9.59027848113899,11.52098587719752,0.20575,0.0,0.274,0.518,0.1325,118
MIA,24.0,38.32075,0.24623760970251335,0.32422231534266216,0.0915,0.079,9.657433271492152,11.593486299186123,0.36425,0.00025,0.17125,0.50175,0.193,118
MIL,25.0,33.4265,0.0,0.0,0.00925,0.07625,0.0,0.0,0.0125,0.011,0.8665,0.1115,0.00775,118
NYK,37.0,53.9945,0.0,0.0,0.00025,-0.00075,0.0,0.0,1.0,0.0,0.0,0.0,0.00075,118
ORL,31.0,45.969,0.15213310980157627,0.2548293653733167,0.025,-0.11475,7.175850694812053,7.478258044217657,0.948,0.0,0.0,0.007,0.12375,118
PHI,39.0,57.9625,0.10794659391534404,0.10794659391534404,0.0,0.0,5.37134188712522,5.37134188712522,1.0,0.0,0.0,0.0,0.0,118
TOR,30.0,44.7435,0.14517566368973214,0.3061773606060516,0.0375,-0.12575,7.379743308099999,7.948623807618047,0.89025,0.0,0.00025,0.02425,0.22625,118
WAS,24.0,35.3175,0.5685755929127977,0.21408432800238097,0.04175,0.12825,10.772639865767262,11.542659255706546,0.0815,0.00325,0.64325,0.302,0.0345,118
DAL,29.0,40.834,0.06665532423214288,0.2831199102318028,0.097,-0.08275,0.18854150120357144,1.2414317571643496,0.5585,0.0,0.0045,0.40075,0.24775,118
DEN,32.0,47.79725,0.0,0.0,0.005,-0.0285,0.0,0.0,0.995,0.0,0.0,0.001,0.0115,118
GSW,18.0,28.5095,0.29661449375029747,-0.09934388757305111,0.00125,0.01675,14.593670307729909,12.506970036039558,0.0015,0.4715,0.50675,0.02175,0.0,118
HOU,29.0,44.46325,0.12754148809702381,0.30194506491388895,0.032,-0.1265,7.371412244866517,7.755744735660516,0.9335,0.0,0.0,0.0415,0.113,118
LAC,21.0,30.29275,-0.0034656415343915373,-0.0034656415343915373,0.00375,0.04225,5.958951124338625,5.958951124338625,0.00525,0.1705,0.7685,0.061,0.0,118
LAL,28.0,41.487,0.0,0.0,0.0855,-0.106,0.0,0.0,0.66775,0.0,0.00125,0.29175,0.25925,118
MEM,21.0,31.73525,0.5641435672285711,0.06700468981506234,0.01225,0.08925,13.009898639824998,12.700559332906145,0.01875,0.06125,0.77875,0.15975,0.00025,118
MIN,42.0,61.68775,0.0,0.0,0.0,0.0,0.0,0.0,1.0,0.0,0.0,0.0,0.0,118
NOP,20.0,30.333,0.41188229166666646,0.0341139880952381,0.00525,0.042,15.979919940476192,16.596194642857146,0.00575,0.1745,0.75875,0.0665,0.00025,118
OKC,37.0,54.76075,0.10845486111111122,0.10845486111111122,0.0,0.0,5.958951124338625,5.958951124338625,1.0,0.0,0.0,0.0,0.0,118
PHX,30.0,43.945,0.0,0.0,0.052,-0.126,0.0,0.0,0.88125,0.0,0.00025,0.06425,0.1555,118
POR,27.0,41.99225,0.16542579210074404,0.443239304747955,0.06325,-0.11525,7.754043763430207,8.853445317755515,0.7855,0.0,0.00075,0.219,0.19825,118
SAC,13.0,19.13775,0.024666684493749976,4.105006109693843e-05,0.0,0.0,15.821926718082585,12.067936264255655,0.0,0.99975,0.00025,0.0,0.0,118
SAS,40.0,58.37675,0.0,0.0,0.0,0.0,0.0,0.0,1.0,0.0,0.0,0.0,0.0,118
UTA,22.0,34.8605,0.5627454244770831,0.09531445159880945,0.03275,0.1145,10.815735343187054,9.734474586023811,0.14725,0.00425,0.2985,0.67275,0.01425,118
ATL,26.0,39.508,0.0,0.0,0.077,0.06675,0.0,0.0,0.27075,0.0,0.163,0.6145,0.119,119
BOS,35.0,49.84875,0.1476612964089616,0.18451265771997352,0.00525,-0.026,6.385878548693233,6.42238061939472,0.995,0.0,0.0,0.00075,0.01475,119
BKN,13.0,21.33675,-0.0027888392857142856,-0.00629285714285714,0.0,0.0,7.641891517857142,7.898560119047617,0.0,0.954,0.046,0.0,0.0,119
CHA,34.0,47.89725,0.19132717115099754,0.2721493089315531,0.0175,-0.063,6.751372440655848,6.87613148418184,0.9735,0.0,0.0,0.006,0.05,119
CHI,18.0,28.289,0.29714615340372,-0.06148689217140728,0.00025,0.00025,14.066425061699999,12.687728850657175,0.0,0.12925,0.87075,0.0,0.0,119
CLE,35.0,50.12475,0.0,0.0,0.0015,-0.01625,0.0,0.0,0.99775,0.0,0.0,0.0005,0.008,119
DET,39.0,57.349,0.05976947751322758,0.05976947751322758,0.0,0.0,5.255393452380951,5.255393452380951,1.0,0.0,0.0,0.0,0.0,119
IND,23.0,35.54025,0.46160393153333334,0.1251035721786494,0.01725,0.089,10.891028351727085,12.552074043070759,0.0375,0.0,0.817,0.17175,0.00725,119
MIA,26.0,39.76375,0.16734386093899373,0.26807839364735675,0.07525,0.0625,9.414765899159724,11.618041040673463,0.28125,0.0,0.13575,0.63525,0.12775,119
MIL,20.0,28.2905,0.0,0.0,0.0,0.0,0.0,0.0,0.0,0.11125,0.88825,0.0005,0.0,119
NYK,31.0,45.959,0.0,0.0,0.0345,-0.11875,0.0,0.0,0.92575,0.0,0.00125,0.03225,0.1375,119
ORL,28.0,42.8215,0.22343528334970245,0.47863279498408445,0.08275,-0.068,7.855213661012946,9.21511726344669,0.6965,0.0,0.02025,0.23925,0.29225,119
PHI,32.0,49.60675,0.13939052682150022,0.16445019655885135,0.0035,-0.02725,6.428480839735264,6.453508727899202,0.99625,0.0,0.0,0.001,0.00975,119
TOR,27.0,43.69525,0.19868874091250005,0.4706517025776502,0.06675,-0.11125,7.623974475797768,8.620714019462458,0.8085,0.0,0.0085,0.16075,0.22875,119
WAS,25.0,34.9795,0.440435697340625,0.09101049673690485,0.015,0.07725,11.201702732943303,11.724731488201789,0.01725,0.0,0.85475,0.1375,0.005,119
DAL,32.0,45.69725,0.012981732329464288,0.09005877758511906,0.03825,-0.11525,0.020294817151785716,0.16432526872440475,0.93125,0.0,0.0,0.013,0.12325,119
DEN,23.0,37.252,0.0,0.0,0.0395,0.048,0.0,0.0,0.2705,0.0,0.09175,0.81825,0.0475,119
GSW,20.0,31.706,0.3751534205558032,0.07501206997741638,0.00875,0.06775,12.676086382875594,12.634531887787325,0.01775,0.0075,0.86275,0.12875,0.0005,119
HOU,27.0,42.83475,0.15535692102797619,0.3123605484755456,0.04075,-0.121,7.655377329181248,8.323605318317975,0.868,0.0,0.00075,0.0625,0.27625,119
LAC,21.0,32.31825,0.0038332561728395107,0.0038332561728395107,0.0145,0.0785,6.0175387566137575,6.0175387566137575,0.034,0.00275,0.82075,0.1735,0.00175,119
LAL,28.0,44.4495,0.0,0.0,0.035,-0.1395,0.0,0.0,0.9355,0.0,0.0,0.022,0.15475,119
MEM,16.0,24.19175,0.17515894315044653,-0.09944265116145826,0.0,0.00025,15.228813285439282,12.17745988577429,0.0,0.73825,0.26175,0.0,0.0,119
MIN,40.0,56.546,0.0,0.0,0.0,0.0,0.0,0.0,1.0,0.0,0.0,0.0,0.0,119
NOP,17.0,24.87525,0.15796934523809528,-0.08182232142857142,0.0,0.0,18.988023660714287,15.599725148809524,0.0,0.6175,0.38175,0.00075,0.0,119
OKC,33.0,52.96475,0.10980047398589074,0.10980047398589074,0.0,-0.00025,6.0175387566137575,6.0175387566137575,1.0,0.0,0.0,0.0,0.0,119
PHX,32.0,44.623,0.0,0.0,0.04325,-0.128,0.0,0.0,0.86975,0.0,0.0,0.01675,0.23825,119
POR,24.0,35.679,0.43438953761577387,0.17888402929002267,0.02725,0.087,10.527144754649107,11.773723518040685,0.13925,0.0005,0.2145,0.74975,0.019,119
SAC,17.0,25.90925,0.23858002137767856,-0.11636279817198829,0.0,0.00075,14.817401796895535,12.427752995541624,0.0,0.439,0.5605,0.0005,0.0,119
SAS,48.0,70.81125,0.0,0.0,0.0,0.0,0.0,0.0,1.0,0.0,0.0,0.0,0.0,119
UTA,30.0,45.132,0.17250486615425487,0.20637015132270725,0.0315,-0.12225,7.306431418994256,7.416614160336221,0.934,0.0,0.0,0.01425,0.13875,119
ATL,21.0,36.22175,0.0,0.0,0.051,0.11575,0.0,0.0,0.1965,0.0,0.30375,0.64625,0.0265,120
BOS,29.0,43.26825,0.07984139976800596,0.3171003864244642,0.05325,-0.115,7.548942682328422,8.444681841689503,0.84425,0.0,0.00075,0.06175,0.29875,120
BKN,20.0,30.64325,-0.0016191964285714286,-8.928571428571485e-05,0.00175,0.03425,7.077893364197531,7.083998572530863,0.0025,0.01025,0.952,0.03675,0.0005,120
CHA,25.0,34.835,0.5591055957013392,0.21914877936320704,0.02575,0.13675,10.449251775026935,12.425379948584068,0.054,0.0,0.588,0.39225,0.013,120
CHI,19.0,29.71825,0.4039549690180056,0.0010031283946811528,0.0015,0.0145,13.508268049285267,12.93647056503915,0.00175,0.021,0.9625,0.0165,0.0,120
CLE,38.0,55.8335,0.0,0.0,0.0,0.0,0.0,0.0,1.0,0.0,0.0,0.0,0.0,120
DET,37.0,55.8715,0.10079906305114644,0.10079906305114644,0.0,0.0,6.0651226851851865,6.0651226851851865,1.0,0.0,0.0,0.0,0.0,120
IND,34.0,49.992,0.15767498405100858,0.1694746297996693,0.00175,-0.01025,6.921161062093337,6.936239861926818,0.99825,0.0,0.0,0.0,0.00625,120
MIA,27.0,42.88825,-0.029868472261640185,0.1976153660661275,0.05475,-0.10775,9.25055596869808,10.0227281990036,0.84175,0.0,0.002,0.08025,0.304,120
MIL,17.0,23.93475,0.0,0.0,0.0,0.0,0.0,0.0,0.0,0.69625,0.30375,0.0,0.0,120
NYK,40.0,59.15925,0.0,0.0,0.0,0.0,0.0,0.0,1.0,0.0,0.0,0.0,0.0,120
ORL,35.0,51.826,0.15513961884780086,0.15825559686580687,0.00025,-0.0025,6.549028981722581,6.552141481670349,0.99975,0.0,0.0,0.0,0.00125,120
PHI,26.0,43.09425,0.07411308590699406,0.3217945277857738,0.048,-0.114,7.522948942354017,8.3436529347316,0.87775,0.0,0.00175,0.055,0.269,120
TOR,26.0,37.519,0.33347420927127985,0.3048239109590206,0.05025,0.06875,9.078449965027978,11.60006129548777,0.1835,0.0,0.15825,0.711,0.08075,120
WAS,18.0,25.63875,0.15515069895312497,-0.06571369763809508,0.0,0.0,14.814948008525,11.817544715119642,0.0,0.30725,0.6925,0.00025,0.0,120
DAL,21.0,31.55825,0.43893405735133934,0.13750301619148386,0.02975,0.09725,2.5084536469736602,3.2324507033050085,0.04925,0.005,0.79825,0.1775,0.01325,120
DEN,27.0,44.14775,0.0,0.0,0.009,-0.10975,0.0,0.0,0.97975,0.0,0.0,0.0015,0.07125,120
GSW,29.0,42.0015,0.06259608180520834,0.14932890085258926,0.0205,-0.10025,7.54049406124851,8.182934673020139,0.9015,0.0,0.0005,0.01525,0.27625,120
HOU,33.0,49.1645,0.13434777072598103,0.13960381000455246,0.00125,-0.00825,7.078195808644852,7.085454371046042,0.99875,0.0,0.0,0.0,0.00325,120
LAC,26.0,33.801,0.0,0.0,0.05075,0.14975,5.156790123456789,5.156790123456789,0.106,0.0,0.46675,0.4495,0.06025,120
LAL,35.0,52.4675,0.0,0.0,0.0,-0.00075,0.0,0.0,1.0,0.0,0.0,0.0,0.0,120
MEM,24.0,33.825,0.636074615239881,0.3275918864311676,0.05675,0.139,10.904118546567116,12.07678252859505,0.14225,0.0005,0.469,0.4265,0.07525,120
MIN,36.0,53.67625,0.0,0.0,0.0,0.0,0.0,0.0,1.0,0.0,0.0,0.0,0.0,120
NOP,14.0,20.95275,-0.04913214285714285,-0.01201383928571429,0.0,0.0,20.465404017857146,15.193366071428573,0.0,0.9595,0.0405,0.0,0.0,120
OKC,46.0,66.98225,0.0,0.0,0.0,0.0,5.156790123456789,5.156790123456789,1.0,0.0,0.0,0.0,0.0,120
PHX,21.0,33.636,0.0,0.0,0.0655,0.146,0.0,0.0,0.16075,0.00025,0.49025,0.42775,0.04875,120
POR,26.0,37.67375,0.3554814350607144,0.42862982555896245,0.0815,0.0225,8.567913499448215,9.93320617571636,0.5925,0.0,0.053,0.25425,0.42875,120
SAC,8.0,16.117,0.02122815483258927,-0.0006275531223214239,0.0,0.0,15.832557618580799,12.088648250706294,0.0,0.99925,0.00075,0.0,0.0,120
SAS,40.0,61.27125,0.0,0.0,0.0,0.0,0.0,0.0,1.0,0.0,0.0,0.0,0.0,120
UTA,22.0,32.2815,0.6350980598912201,0.10872884010654753,0.03675,0.12925,11.984152229088393,9.942052931921427,0.06925,0.00075,0.71575,0.24775,0.023,120
ATL,26.0,38.38375,0.0,0.0,0.02375,0.10475,0.0,0.0,0.05,0.0,0.73325,0.237,0.01675,121
BOS,30.0,45.408,0.19371872168035723,0.5393581655501941,0.07825,-0.12725,7.560748417449107,8.657263537340171,0.7675,0.0,0.00825,0.18025,0.20925,121
BKN,19.0,32.12575,0.001973363095238096,-0.01863199404761904,0.00075,0.00325,7.51254776785714,7.764995684523808,0.0005,0.01275,0.98575,0.0015,0.0,121
CHA,34.0,48.2375,0.2105585121270227,0.3682912954687815,0.03475,-0.0985,6.941031035189644,7.219674936538248,0.94325,0.0,0.00075,0.02675,0.08275,121
CHI,17.0,28.41525,0.49467073800624967,-0.091061922172239,0.0,0.0,13.622399429031695,12.777680156390863,0.0,0.19675,0.803,0.00025,0.0,121
CLE,26.0,41.68075,0.0,0.0,0.08225,0.045,0.0,0.0,0.32525,0.0,0.16125,0.60025,0.10925,121
DET,40.0,57.432,0.1379261133156968,0.1379261133156968,0.0,0.0,5.6209520171957665,5.6209520171957665,1.0,0.0,0.0,0.0,0.0,121
IND,28.0,42.97175,0.24718724047514895,0.5858504122740448,0.11175,-0.02975,8.234399441561905,10.37768226660064,0.45025,0.0,0.0595,0.50125,0.1855,121
MIA,40.0,57.175,0.0,0.0,0.0,0.0,9.382940917107586,9.382940917107586,1.0,0.0,0.0,0.0,0.0,121
MIL,20.0,28.87725,0.0,0.0,0.0,0.0,0.0,0.0,0.0,0.13625,0.86375,0.0,0.0,121
NYK,28.0,43.87825,0.0,0.0,0.09475,-0.04875,0.0,0.0,0.60125,0.0,0.035,0.37175,0.2145,121
ORL,31.0,46.6935,0.20210262566904766,0.5013250723062599,0.0605,-0.1445,7.281098549261755,7.914388058883931,0.87425,0.0,0.00375,0.0775,0.1595,121
PHI,34.0,50.94575,0.13464877618869597,0.1746552346312059,0.006,-0.02875,6.414995284366303,6.452197492579597,0.99375,0.0,0.0,0.00225,0.0125,121
TOR,37.0,51.7065,0.11114611112057429,0.12913894556844133,0.004,-0.015,6.328109986506158,6.354517610727735,0.994,0.0,0.0,0.00125,0.01,121
WAS,19.0,27.5235,0.46417128735624974,-0.07565346111607135,0.0,0.0,14.111318355324107,11.815843205119046,0.0,0.2875,0.7125,0.0,0.0,121
DAL,31.0,46.98075,0.0008061385040178573,0.01132321630625,0.00175,-0.029,0.0014633785102678575,0.01866418029375,0.99675,0.0,0.0,0.0,0.01575,121
DEN,29.0,43.69275,0.0,0.0,0.01575,-0.114,0.0,0.0,0.965,0.0,0.0,0.00075,0.10825,121
GSW,23.0,34.458,0.4213194884883929,0.35589955090963565,0.0675,0.03275,9.65274932000268,10.684512212222085,0.418,0.0005,0.047,0.54175,0.2535,121
HOU,28.0,42.133,0.05830050760877976,0.13518952852529761,0.0155,-0.1165,7.53629194756354,7.977925931672964,0.92575,0.0,0.0,0.00375,0.2225,121
LAC,15.0,22.435,0.001548743386243388,0.001548743386243388,0.0,0.002,5.168663822751321,5.168663822751321,0.0,0.94425,0.05475,0.001,0.0,121
LAL,34.0,51.8535,0.0,0.0,0.0,-0.0005,0.0,0.0,1.0,0.0,0.0,0.0,0.0,121
MEM,16.0,26.4045,0.41453601377678556,-0.08001349753638867,0.0095,0.04,14.550646782637497,12.45791086472034,0.0105,0.4775,0.4645,0.057,0.00075,121
MIN,33.0,47.86475,0.0,0.0,0.00125,-0.01625,0.0,0.0,0.9985,0.0,0.0,0.0,0.0065,121
NOP,20.0,28.315,0.45709880952380955,-0.1027778273809524,0.01325,0.08975,17.298466964285716,16.27908943452381,0.02075,0.19375,0.62925,0.17175,0.00325,121
OKC,43.0,62.82625,0.011357451499118177,0.011357451499118177,0.0,0.0,5.168663822751321,5.168663822751321,1.0,0.0,0.0,0.0,0.0,121
PHX,17.0,28.1925,0.0,0.0,0.018,0.0935,0.0,0.0,0.034,0.21325,0.6135,0.16475,0.00575,121
POR,24.0,35.009,0.3594950292081846,0.34291403155852457,0.06125,0.01725,9.366029157452827,10.414418795972338,0.468,0.0005,0.02325,0.4545,0.34525,121
SAC,18.0,26.392,0.40532806798749993,-0.088757502148934,0.0045,0.04175,14.605548688871426,12.447833336637226,0.0035,0.5015,0.44875,0.0495,0.0,121
SAS,41.0,61.10925,0.0,0.0,0.0,0.0,0.0,0.0,1.0,0.0,0.0,0.0,0.0,121
UTA,19.0,30.87925,0.5930674877703868,0.11692385973928567,0.043,0.13075,11.795186020265477,9.739392673080953,0.15925,0.0355,0.35225,0.55525,0.0385,121
ATL,34.0,50.5585,0.0,0.0,0.012,-0.033,0.0,0.0,0.987,0.0,0.00075,0.00725,0.01375,122
BOS,32.0,46.60425,0.30863500067517646,0.6789545344819025,0.088,-0.125,7.434622309869643,8.30761791442498,0.79275,0.0,0.025,0.15625,0.139,122
BKN,7.0,12.966,-0.002930059523809525,-0.0005108630952380995,0.0,0.0,8.28902857142857,8.636700446428572,0.0,1.0,0.0,0.0,0.0,122
CHA,23.0,32.7875,0.19618609125624978,0.0009509064527380957,0.0,0.00075,12.366705858197768,12.990370432335276,0.0,0.0,0.99925,0.00075,0.0,122
CHI,31.0,46.10675,0.32559524657309313,0.7365440026787221,0.117,-0.11825,7.6206368049721736,8.702162226695561,0.725,0.0,0.03675,0.202,0.16325,122
CLE,27.0,42.29275,0.0,0.0,0.08125,0.0875,0.0,0.0,0.24425,0.0,0.38225,0.433,0.072,122
DET,29.0,46.786,0.3066823848739584,0.6798822221560459,0.09075,-0.1195,7.339933509737351,8.103410020896328,0.837,0.0,0.02325,0.13325,0.112,122
IND,30.0,45.44775,0.3138165605714287,0.7263139026321428,0.106,-0.0975,7.8179123401562505,9.17559562671379,0.6645,0.0,0.0675,0.257,0.1595,122
MIA,29.0,46.1395,-0.009007059698599993,0.37334804788759823,0.1055,-0.128,9.27954177518478,10.21568047311877,0.77075,0.0,0.0295,0.19875,0.14075,122
MIL,14.0,19.917,0.0,0.0,0.0,0.0,0.0,0.0,0.0,0.79125,0.20875,0.0,0.0,122
NYK,30.0,46.217,0.0,0.0,0.1,-0.111,0.0,0.0,0.76725,0.0,0.0355,0.19975,0.12575,122
ORL,28.0,42.24375,0.3461511265630953,0.49989966562652194,0.08775,0.0875,9.128278887540327,11.638957096058709,0.21075,0.0,0.4075,0.406,0.0725,122
PHI,40.0,56.46025,0.12062827380952394,0.12062827380952394,0.0,0.0,5.465248721340387,5.465248721340387,1.0,0.0,0.0,0.0,0.0,122
TOR,37.0,54.31575,0.12120334115258498,0.1258547942515433,0.00125,-0.003,5.92466400645522,5.9259889427532855,0.99925,0.0,0.0,0.0,0.00075,122
WAS,25.0,35.41125,0.2161927004050596,0.013539239565476185,0.0015,0.009,11.650627905470985,11.99888651486726,0.0015,0.0,0.99275,0.006,0.00075,122
DAL,30.0,43.2025,0.06889568104910714,0.2374139802025298,0.07475,-0.10225,0.20053096942410714,0.9478123277377977,0.68475,0.0,0.00025,0.25275,0.287,122
DEN,31.0,48.49275,0.0,0.0,0.00725,-0.0515,0.0,0.0,0.98975,0.0,0.0,0.0055,0.0215,122
GSW,18.0,27.30875,0.17198372744776771,0.008458722060819154,0.00125,0.01125,13.78692106126964,12.970792426802427,0.001,0.00625,0.9815,0.01225,0.0,122
HOU,28.0,42.459,0.2657939208409226,0.469653016082242,0.069,-0.06425,8.356127986662797,9.628696125142412,0.653,0.0,0.00025,0.354,0.263,122
LAC,18.0,25.296,-0.0002581238977072313,-0.0002581238977072313,0.0,0.0015,5.211770513668429,5.211770513668429,0.00025,0.027,0.97125,0.00175,0.0,122
LAL,35.0,51.3095,0.0,0.0,0.002,-0.0125,0.0,0.0,0.999,0.0,0.0,0.00075,0.00325,122
MEM,23.0,34.0805,0.2534503219877976,0.10186843891814894,0.0115,0.0815,11.659212592554317,12.043265272358541,0.095,0.0,0.2285,0.76775,0.00275,122
MIN,33.0,47.62425,0.0,0.0,0.0165,-0.08,0.0,0.0,0.97125,0.0,0.0,0.00975,0.05725,122
NOP,13.0,22.16325,0.07833080357142859,0.020544047619047618,0.0,0.0,19.981364732142858,15.612157589285715,0.0,0.308,0.692,0.0,0.0,122
OKC,40.0,59.24,0.03768608906525577,0.03768608906525577,0.0,0.0,5.211770513668429,5.211770513668429,1.0,0.0,0.0,0.0,0.0,122
PHX,31.0,46.6145,0.0,0.0,0.03175,-0.12075,0.0,0.0,0.94075,0.0,0.0,0.02625,0.1035,122
POR,29.0,42.5145,0.30344755546562496,0.5296688488963294,0.0875,-0.076,8.369265906724108,9.625737308215575,0.6365,0.0,0.0,0.35425,0.26175,122
SAC,13.0,19.1125,0.08335344595178588,-0.07509580589918062,0.0,0.0,15.323597132474106,12.216037442375221,0.0,0.8675,0.1325,0.0,0.0,122
SAS,43.0,65.2155,0.0,0.0,0.0,0.0,0.0,0.0,1.0,0.0,0.0,0.0,0.0,122
UTA,19.0,31.1125,0.24896188582321405,0.04374315076726184,0.011,0.08125,12.706408863729463,10.026077637347022,0.02875,0.0,0.785,0.215,0.0,122
ATL,29.0,43.34225,0.0,0.0,0.12275,-0.0785,0.0,0.0,0.62625,0.0,0.06425,0.27825,0.1985,123
BOS,34.0,51.1905,0.18239271733373025,0.19261693509548622,0.00075,-0.00625,5.978958682381146,5.985625290982037,0.99925,0.0,0.0,0.0005,0.002,123
BKN,14.0,22.544,0.003451488095238095,-0.005944047619047611,0.0,0.0,8.592813541666667,8.710293452380952,0.0,0.966,0.034,0.0,0.0,123
CHA,27.0,39.507,0.4016198929104167,0.42222162852897094,0.0725,0.122,9.454220201619943,11.860878163910941,0.155,0.0,0.554,0.30775,0.06375,123
CHI,24.0,35.26475,0.42298598951875,0.0458824193156349,0.0035,0.03275,11.497307115562798,12.750489979750732,0.007,0.00125,0.9555,0.0395,0.00275,123
CLE,36.0,53.86325,0.0,0.0,0.0005,-0.00125,0.0,0.0,1.0,0.0,0.0,0.0,0.00025,123
DET,28.0,42.837,0.32569735337366085,0.6578997955253897,0.129,-0.03525,8.105033803835417,9.74616505170839,0.5665,0.0,0.09925,0.3245,0.18875,123
IND,29.0,42.29125,0.3223655959191359,0.6438707533802569,0.1145,-0.0115,8.342127781828422,10.188396278846858,0.45275,0.0,0.13725,0.38475,0.17675,123
MIA,32.0,48.0245,-0.01576304056097332,0.06342381505252341,0.0205,-0.06025,9.360759591114572,9.468219167827723,0.974,0.0,0.00125,0.014,0.035,123
MIL,24.0,34.8085,0.0,0.0,0.0055,0.0215,0.0,0.0,0.005,0.00125,0.97325,0.0225,0.001,123
NYK,32.0,47.7155,0.0,0.0,0.02425,-0.06975,0.0,0.0,0.96625,0.0,0.0015,0.022,0.03725,123
ORL,34.0,49.6065,0.20811546908780867,0.2528265735573169,0.00975,-0.0255,6.341799483982375,6.390966215082836,0.98875,0.0,0.00075,0.0055,0.01375,123
PHI,26.0,41.844,0.3524425559921132,0.6894723755819514,0.12575,0.02525,8.41805022139375,10.409574770827778,0.4615,0.0,0.173,0.403,0.14975,123
TOR,27.0,44.13575,0.24465800678032418,0.5789180143464762,0.08175,-0.10875,7.605852207697382,8.645339450955904,0.79775,0.0,0.0375,0.19775,0.1305,123
WAS,18.0,28.5955,0.28640146728124977,-0.059657290393452314,0.0,0.0,14.370677970608925,11.750799891046432,0.0,0.2385,0.7615,0.0,0.0,123
DAL,22.0,33.19175,0.3993235282098215,0.17730215414738518,0.03925,0.13975,2.2723428313325895,2.6345759649677127,0.082,0.00675,0.433,0.53775,0.01475,123
DEN,36.0,52.8945,0.0,0.0,0.0,0.0,0.0,0.0,1.0,0.0,0.0,0.0,0.0,123
GSW,33.0,45.95675,0.16857833375762785,0.2271737097181933,0.01125,-0.0615,7.09831122807857,7.205888374469345,0.97975,0.0,0.0,0.0015,0.05225,123
HOU,25.0,38.879,0.3420339293241072,0.3954523838799887,0.06975,-0.016,8.690241598833483,9.712657300948809,0.64525,0.0,0.011,0.352,0.3025,123
LAC,21.0,30.85625,0.0,0.0,0.01225,0.09175,5.156790123456789,5.156790123456789,0.0215,0.05025,0.77,0.1775,0.00175,123
LAL,29.0,44.29925,0.0,0.0,0.03125,-0.10975,0.0,0.0,0.94275,0.0,0.0,0.00975,0.135,123
MEM,15.0,22.73825,0.09248971126428573,-0.027327397751502218,0.0,0.0005,15.606105072513838,11.999187618495847,0.0,0.964,0.036,0.0,0.0,123
MIN,20.0,31.27,0.0,0.0,0.01425,0.09525,0.0,0.0,0.038,0.042,0.7265,0.22575,0.00225,123
NOP,19.0,27.11275,0.2299992559523809,-0.04822678571428571,0.0015,0.017,16.68921488095238,15.828301190476191,0.0015,0.50975,0.474,0.01625,0.0,123
OKC,48.0,69.222,0.0,0.0,0.0,0.0,5.156790123456789,5.156790123456789,1.0,0.0,0.0,0.0,0.0,123
PHX,33.0,48.725,0.0,0.0,0.002,-0.0145,0.0,0.0,0.999,0.0,0.0,0.0,0.0055,123
POR,25.0,37.67025,0.4195991840654762,0.41124859693681265,0.07425,0.00275,9.416708891828424,10.541212886751191,0.4415,0.0,0.02425,0.58825,0.205,123
SAC,19.0,28.81225,0.31790424678928547,-0.04138124692798319,0.004,0.038,14.283832199411606,12.567566380445909,0.0045,0.22025,0.73175,0.0475,0.00025,123
SAS,32.0,50.18525,0.0,0.0,0.0,-0.003,0.0,0.0,0.99975,0.0,0.0,0.0,0.001,123
UTA,29.0,42.6165,0.18473621209362875,0.15769205622100968,0.04575,-0.126,7.705027982952799,7.828296612397442,0.8445,0.0,0.0005,0.04375,0.27975,123
ATL,34.0,48.82775,0.0,0.0,0.06475,-0.143,0.0,0.0,0.834,0.0,0.0015,0.10925,0.1645,124
BOS,33.0,49.1135,0.24709826713862987,0.520758903667258,0.06575,-0.13425,7.016322001600954,7.5882754063104425,0.89425,0.0,0.00025,0.088,0.1225,124
BKN,10.0,18.7545,-0.00017306547619047575,0.00047648809523809655,0.0,0.0,7.100085565476189,7.102256994047619,0.0,0.959,0.041,0.0,0.0,124
CHA,33.0,47.3015,0.25979175740520843,0.6202193192097718,0.092,-0.12375,7.56357885190878,8.851152893318984,0.712,0.0,0.005,0.2605,0.2035,124
CHI,18.0,27.63375,0.3184990626919639,-0.010664717951700658,0.0,0.0,13.47741019774241,12.821353719691754,0.0,0.011,0.989,0.0,0.0,124
CLE,39.0,54.731,0.0,0.0,0.001,-0.011,0.0,0.0,0.998,0.0,0.0,0.00025,0.00275,124
DET,43.0,62.10425,0.03897670855379193,0.03897670855379193,0.0,0.0,5.204543044532626,5.204543044532626,1.0,0.0,0.0,0.0,0.0,124
IND,30.0,46.07775,0.23616138548214297,0.6006567011693523,0.09175,-0.07625,7.890382456362351,9.737912986033711,0.59275,0.0,0.01,0.4495,0.1785,124
MIA,24.0,38.544,0.14084651913333324,0.049888184456521316,0.0135,0.04475,9.870972868531599,12.858861591292074,0.018,0.0,0.92225,0.0765,0.00125,124
MIL,17.0,24.823,0.0,0.0,0.0,0.0,0.0,0.0,0.0,0.09,0.91,0.0,0.0,124
NYK,40.0,57.96525,0.0,0.0,0.00025,-0.00025,0.0,0.0,0.99975,0.0,0.0,0.0,0.00025,124
ORL,34.0,47.058,0.2872474965825894,0.6490639239256946,0.11075,-0.12175,7.703075316840773,9.121582399265739,0.6245,0.0,0.0075,0.29975,0.23,124
PHI,37.0,56.38775,0.11006307319223996,0.11070542352170425,0.0,-0.00125,5.996605227313411,5.997684603510582,0.99975,0.0,0.0,0.0,0.0005,124
TOR,30.0,44.071,0.2217930859489585,0.40770923885984267,0.06825,-0.00475,8.553908455202233,10.963038959430381,0.327,0.0,0.0535,0.71625,0.09625,124
WAS,7.0,14.0245,0.02801074690892856,-0.0002118862220238067,0.0,0.0,15.818154305791959,11.332575231615479,0.0,1.0,0.0,0.0,0.0,124
DAL,21.0,34.4295,0.18720177678928573,0.17407251092876277,0.0505,0.1005,1.1188659759375,2.3667600672306124,0.17,0.0,0.246,0.68825,0.037,124
DEN,23.0,37.35275,0.0,0.0,0.077,0.0085,0.0,0.0,0.4385,0.0,0.03775,0.63175,0.15725,124
GSW,29.0,41.63075,0.16369715082976188,0.3055201969706349,0.04825,-0.11825,7.876724546767113,8.38767980792784,0.82275,0.0,0.0015,0.083,0.25175,124
HOU,32.0,47.92575,0.1382324170354167,0.1484977853861607,0.0025,-0.01175,7.099791806833778,7.109531169235565,0.998,0.0,0.0,0.00025,0.0055,124
LAC,20.0,27.57975,0.0002581238977072313,0.0002581238977072313,0.0005,0.0115,5.208156779100528,5.208156779100528,0.0005,0.006,0.98175,0.01225,0.0,124
LAL,31.0,45.6925,0.0,0.0,0.01375,-0.0535,0.0,0.0,0.98375,0.0,0.0,0.0035,0.034,124
MEM,20.0,26.855,0.30237917504553535,4.777074632937239e-05,0.001,0.006,13.771428102666963,12.81663518734385,0.0005,0.01,0.98525,0.00475,0.0,124
MIN,33.0,49.70525,0.0,0.0,0.00025,-0.00175,0.0,0.0,0.99975,0.0,0.0,0.0,0.0005,124
NOP,12.0,19.72975,-0.007089583333333348,-0.024287946428571416,0.0,0.0,19.57699642857143,15.446850892857142,0.0,0.923,0.077,0.0,0.0,124
OKC,40.0,61.6315,0.04981791225749565,0.04981791225749565,0.0,0.0,5.208156779100528,5.208156779100528,1.0,0.0,0.0,0.0,0.0,124
PHX,18.0,31.5755,0.0,0.0,0.0235,0.09825,0.0,0.0,0.04875,0.00025,0.7705,0.2245,0.00225,124
POR,29.0,42.1965,0.15511013512812497,0.2922104082774944,0.048,-0.13025,7.727735854913986,8.110982752119046,0.8755,0.0,0.0,0.05175,0.19925,124
SAC,20.0,29.2915,0.3125531730558032,0.045024735877239194,0.002,0.03725,12.835028155802679,12.779136332928028,0.00475,0.00075,0.95625,0.04275,0.00025,124
SAS,37.0,57.46275,0.0,0.0,0.0,0.0,0.0,0.0,1.0,0.0,0.0,0.0,0.0,124
UTA,26.0,39.52375,0.2664255832446428,0.21722101073630953,0.07475,-0.0635,8.451807198585863,8.400567871825595,0.65725,0.0,0.004,0.25725,0.31225,124
ATL,39.0,57.3435,0.0,0.0,0.0,0.0,0.0,0.0,1.0,0.0,0.0,0.0,0.0,125
BOS,26.0,42.3045,0.25225568128824416,0.5586995388458929,0.10625,-0.0275,8.101469424744941,10.249101248051259,0.5575,0.0,0.03325,0.5385,0.14325,125
BKN,11.0,19.416,0.03176220238095239,0.003906101190476227,0.0,0.0,10.455097023809525,9.817405059523809,0.0,0.9335,0.0665,0.0,0.0,125
CHA,31.0,44.131,0.19036494691324415,0.5487298136228514,0.102,-0.10425,7.815163885039136,9.16634307296192,0.64775,0.0,0.00775,0.25,0.266,125
CHI,14.0,21.88225,0.16566742400758938,-0.1122903047021823,0.0,0.0,15.169769286349103,12.26470114561609,0.0,0.69675,0.30325,0.0,0.0,125
CLE,34.0,51.25625,0.0,0.0,0.00275,-0.01075,0.0,0.0,0.998,0.0,0.0,0.00025,0.00375,125
DET,35.0,49.5695,0.1800754734243386,0.22186120729576717,0.0085,-0.03925,6.808036171593012,6.876077596219251,0.98475,0.0,0.0,0.004,0.025,125
IND,25.0,40.2495,0.28896372170863105,0.34813561811280463,0.0675,0.0635,8.880382886297324,11.359747778026543,0.268,0.0,0.13825,0.70475,0.073,125
MIA,21.0,33.911,0.4182583396239361,0.02695094414175555,0.00275,0.0255,11.87411443645642,12.937724182407207,0.00275,0.0,0.96825,0.03125,0.00025,125
MIL,25.0,35.67475,0.0,0.0,0.008,0.0625,0.0,0.0,0.009,0.0,0.9,0.09775,0.0015,125
NYK,31.0,47.179,0.0,0.0,0.02875,-0.10875,0.0,0.0,0.93825,0.0,0.00075,0.032,0.09775,125
ORL,31.0,44.727,0.18086461629166672,0.5651633357960246,0.10075,-0.1365,7.674614914708928,8.746694715956277,0.7435,0.0,0.004,0.18275,0.22725,125
PHI,35.0,52.574,0.10131109027075064,0.10562120521197088,0.00125,-0.00325,6.309075886725585,6.312694650995972,0.9995,0.0,0.0,0.00025,0.00125,125
TOR,31.0,45.82575,0.15297386236264884,0.44691643408793935,0.0695,-0.13875,7.474587768949552,8.171252957460856,0.84425,0.0,0.0015,0.10725,0.15875,125
WAS,24.0,34.89225,0.45771936152604153,0.03740712640476192,0.0065,0.035,11.37949335354018,11.87043180747262,0.00675,0.0,0.94625,0.05125,0.00225,125
DAL,22.0,34.85525,0.33689656115000005,0.23447040353369897,0.06525,0.1225,1.4206249052058035,2.4306375392341204,0.216,0.0,0.35175,0.5265,0.06525,125
DEN,37.0,51.961,0.0,0.0,0.0,-0.0005,0.0,0.0,1.0,0.0,0.0,0.0,0.0,125
GSW,32.0,47.50225,0.11992714226279762,0.14042773746914686,0.0035,-0.02575,7.155060125129464,7.175346873785862,0.99475,0.0,0.0,0.00025,0.0105,125
HOU,22.0,34.771,0.5739771140136904,0.3592195750888249,0.0615,0.12875,10.942342764791071,11.817206107074629,0.19425,0.0,0.35375,0.54775,0.0555,125
LAC,19.0,26.98475,-0.0025812389770723133,-0.0025812389770723133,0.00025,0.00375,5.3584563161375645,5.3584563161375645,0.0005,0.03225,0.96275,0.005,0.0,125
LAL,31.0,49.72575,0.0,0.0,0.0,-0.007,0.0,0.0,1.0,0.0,0.0,0.0,0.00125,125
MEM,16.0,23.957,0.18775690600892853,-0.10367662941935922,0.0,0.0,14.72241231950982,12.614119730365429,0.0,0.29,0.7095,0.0005,0.0,125
MIN,42.0,59.659,0.0,0.0,0.0,0.0,0.0,0.0,1.0,0.0,0.0,0.0,0.0,125
NOP,17.0,25.18525,0.23350119047619042,-0.038634672619047655,0.0,0.00125,15.849729166666668,16.355065773809525,0.0,0.143,0.857,0.0,0.0,125
OKC,38.0,59.23125,0.11555995370370382,0.11555995370370382,0.0,0.0,5.3584563161375645,5.3584563161375645,1.0,0.0,0.0,0.0,0.0,125
PHX,23.0,35.32475,0.0,0.0,0.06775,0.11425,0.0,0.0,0.2295,0.0,0.265,0.585,0.087,125
POR,28.0,40.50325,0.20704023826815476,0.2344780430944657,0.04575,-0.01575,8.022103303735118,8.827118206477826,0.75975,0.0,0.005,0.09575,0.39025,125
SAC,13.0,19.99075,0.12446005661919653,-0.061925705311144996,0.0,0.0,15.500216037606247,12.086496669348701,0.0,0.9045,0.0955,0.0,0.0,125
SAS,40.0,60.542,0.0,0.0,0.0,0.0,0.0,0.0,1.0,0.0,0.0,0.0,0.0,125
UTA,27.0,38.8705,0.31533169916800596,0.1800007461357143,0.0595,0.01175,8.647806294940775,8.537027548089286,0.60525,0.0,0.03,0.23925,0.39025,125
ATL,19.0,31.3735,0.0,0.0,0.00025,0.002,0.0,0.0,0.00025,0.00225,0.996,0.00175,0.0,126
BOS,38.0,54.5895,0.0439706569664903,0.04463357813702602,0.0,-0.00075,6.193198754409172,6.193198754409172,1.0,0.0,0.0,0.0,0.0,126
BKN,16.0,25.73175,0.008056994047619035,-0.015793452380952432,0.0,0.0,10.187769345238095,9.841164285714287,0.0,0.12625,0.87375,0.0,0.0,126
CHA,31.0,43.55425,0.2110275428230656,0.5028529826108913,0.0965,-0.05175,8.02838986698631,9.886504114896955,0.536,0.0,0.0315,0.37975,0.25675,126
CHI,28.0,37.76225,0.2370760440148809,0.17777295084549596,0.01775,0.103,9.719760836537054,12.621303243778854,0.02925,0.0,0.76275,0.21675,0.014,126
CLE,27.0,43.3725,0.0,0.0,0.085,-0.04325,0.0,0.0,0.62325,0.0,0.03675,0.39225,0.20425,126
DET,38.0,56.7225,0.06296987433862439,0.06296987433862439,0.0,-0.00025,6.103825440917109,6.103825440917109,1.0,0.0,0.0,0.0,0.0,126
IND,32.0,49.3635,0.18245344826636903,0.24391398457718247,0.00725,-0.05775,6.815603831484375,6.9142143130145834,0.984,0.0,0.0,0.00925,0.028,126
MIA,26.0,40.95875,0.0927892239738262,0.26273200341353353,0.0705,0.05775,9.281030936651776,11.79933351253405,0.299,0.0,0.155,0.6545,0.08875,126
MIL,8.0,13.74325,0.0,0.0,0.0,0.0,0.0,0.0,0.0,1.0,0.0,0.0,0.0,126
NYK,33.0,48.88525,0.0,0.0,0.014,-0.06825,0.0,0.0,0.974,0.0,0.0,0.0115,0.0395,126
ORL,33.0,47.7085,0.1671534691782738,0.35120239048348206,0.03675,-0.1045,7.165607892798363,7.487620037872761,0.93525,0.0,0.00075,0.028,0.0985,126
PHI,41.0,61.23275,0.07175844356261031,0.07175844356261031,0.0,0.0,5.262104673721339,5.262104673721339,1.0,0.0,0.0,0.0,0.0,126
TOR,30.0,43.97,0.18519273835044653,0.5132306160655824,0.088,-0.072,7.860254422432291,9.499913764228586,0.619,0.0,0.015,0.30625,0.27025,126
WAS,13.0,21.57625,0.07054196549598227,-0.04102026913869039,0.0,0.0,15.24734693281205,11.472980287195238,0.0,0.8775,0.1225,0.0,0.0,126
DAL,17.0,28.64675,0.3290858013361608,0.03123617744661565,0.01075,0.035,3.4789912400464287,3.376194629752203,0.01125,0.01625,0.93675,0.043,0.00125,126
DEN,30.0,47.2375,0.0,0.0,0.001,-0.006,0.0,0.0,0.99925,0.0,0.0,0.0,0.0025,126
GSW,26.0,36.028,0.4707280976915179,0.4890870453482085,0.09375,0.05425,9.365021299828571,10.410718988642799,0.448,0.0,0.09425,0.41525,0.25925,126
HOU,21.0,33.58525,0.6333499326327381,0.4453720410920308,0.0935,0.14,10.75315112883125,11.758907180329082,0.2485,0.0,0.38175,0.47125,0.071,126
LAC,23.0,31.41025,0.000774371693121694,0.000774371693121694,0.026,0.13075,5.162985097001763,5.162985097001763,0.05025,0.00025,0.75775,0.2145,0.0165,126
LAL,34.0,52.6915,0.0,0.0,0.0,0.0,0.0,0.0,1.0,0.0,0.0,0.0,0.0,126
MEM,28.0,38.4215,0.25758602480639875,0.2982168393866552,0.06225,-0.00675,8.261529292347918,9.107038691944776,0.7045,0.0,0.0135,0.138,0.394,126
MIN,35.0,50.8095,0.0,0.0,0.0,-0.00025,0.0,0.0,1.0,0.0,0.0,0.0,0.0,126
NOP,20.0,28.87425,0.3749830357142858,0.10317023809523804,0.00525,0.0355,19.295412053571432,15.830828422619048,0.008,0.00825,0.94525,0.04275,0.00225,126
OKC,43.0,64.254,0.008001840828924172,0.008001840828924172,0.0,0.0,5.162985097001763,5.162985097001763,1.0,0.0,0.0,0.0,0.0,126
PHX,29.0,45.415,0.0,0.0,0.003,-0.0215,0.0,0.0,0.998,0.0,0.0,0.00025,0.009,126
POR,25.0,35.73375,0.5135524942081846,0.5029507266165759,0.0995,0.07225,9.459752216530655,10.561035905785928,0.44575,0.0,0.1115,0.44575,0.22925,126
SAC,11.0,19.613,0.047297815655357255,-0.022893082893287953,0.0,0.0,15.416019024562944,12.10854767004828,0.0,0.96825,0.03175,0.0,0.0,126
SAS,45.0,65.2855,0.0,0.0,0.0,0.0,0.0,0.0,1.0,0.0,0.0,0.0,0.0,126
UTA,20.0,31.44975,0.558664774796726,0.113327852772619,0.0495,0.11725,12.175149250071575,9.939891713611308,0.0865,0.001,0.7335,0.22925,0.015,126
ATL,31.0,45.54625,0.0,0.0,0.05875,-0.1285,0.0,0.0,0.843,0.0,0.00375,0.07975,0.2285,127
BOS,36.0,53.515,0.16613886928871818,0.16723228187458125,0.00025,-0.00125,5.766611662257495,5.766611662257495,1.0,0.0,0.0,0.0,0.0,127
BKN,17.0,27.40025,0.004700892857142856,-0.018812351190476178,0.0,0.0,7.615486458333332,7.909784374999999,0.0,0.32625,0.67375,0.0,0.0,127
CHA,25.0,36.20525,0.5069205440162202,0.14117119990979318,0.016,0.092,10.88945023033259,12.634892797945614,0.03275,0.0,0.8055,0.182,0.008,127
CHI,21.0,34.7145,0.49984563648154745,0.05566957754980163,0.008,0.04575,11.739794764548215,12.813239208730577,0.01275,0.00125,0.92925,0.06875,0.00075,127
CLE,27.0,38.12225,0.0,0.0,0.0315,0.131,0.0,0.0,0.06975,0.0,0.5465,0.415,0.0245,127
DET,28.0,45.35975,0.14477558253166337,0.3785598854137991,0.04475,-0.13725,7.4026376601705355,8.172251937938244,0.88025,0.0,0.00375,0.08375,0.20075,127
IND,31.0,45.691,0.15406913798380734,0.41026540614327434,0.05,-0.14025,7.3830090091375595,8.107017003446737,0.86325,0.0,0.00225,0.06175,0.22675,127
MIA,27.0,40.3565,0.20258882455322433,0.2566223120300416,0.0585,0.08225,9.280997076383835,11.861259988988516,0.233,0.0,0.199,0.627,0.09725,127
MIL,16.0,25.22575,0.0,0.0,0.0,0.0,0.0,0.0,0.0,0.73,0.27,0.0,0.0,127
NYK,30.0,47.414,0.0,0.0,0.01925,-0.10375,0.0,0.0,0.963,0.0,0.00025,0.0195,0.0765,127
ORL,24.0,38.31325,0.46193628982663687,0.2696304503280968,0.054,0.13825,9.659426486737797,12.167404799731115,0.1515,0.0,0.5085,0.44375,0.02175,127
PHI,32.0,49.473,0.19791892287248675,0.24525408423339945,0.0055,-0.05,6.568285704841341,6.626903176291689,0.9925,0.0,0.0,0.002,0.02175,127
TOR,32.0,47.44725,0.19758977153204363,0.33597790280438633,0.02475,-0.1055,7.013367972879949,7.287922451306387,0.959,0.0,0.0,0.01675,0.092,127
WAS,39.0,53.06025,0.16867315672539143,0.1728798277389331,-0.00025,-0.003,5.868298166508129,5.871036127872267,0.99925,0.0,0.0,0.0,0.0015,127
DAL,24.0,37.23,0.24436648731517857,0.2562145133394983,0.08075,0.0525,0.6943075157732143,1.650261570822449,0.49025,0.0,0.08325,0.4585,0.296,127
DEN,32.0,47.58225,0.0,0.0,0.00375,-0.0335,0.0,0.0,0.994,0.0,0.0,0.00025,0.015,127
GSW,33.0,48.34025,0.19383334746101188,0.20803442569985117,0.00175,-0.02175,6.810426733812654,6.832800706605809,0.996,0.0,0.0,0.0,0.01075,127
HOU,26.0,41.8835,0.12585532296726187,0.19372338482141435,0.02525,-0.05125,7.638765459786904,8.282304781823942,0.8915,0.0,0.0015,0.03975,0.277,127
LAC,26.0,35.0245,0.001068209876543211,0.001068209876543211,0.04425,0.10275,5.214939429012345,5.214939429012345,0.14025,0.0005,0.2805,0.581,0.1035,127
LAL,35.0,52.919,0.0,0.0,0.0,-0.0005,0.0,0.0,1.0,0.0,0.0,0.0,0.0,127
MEM,17.0,23.812,0.12294761735044654,-0.06703759106780749,0.0,0.00025,15.436254789742852,12.132302371694191,0.0,0.89,0.11,0.0,0.0,127
MIN,33.0,49.148,0.0,0.0,0.0015,-0.01075,0.0,0.0,0.99825,0.0,0.0,0.0,0.00375,127
NOP,21.0,30.40175,0.30370327380952394,0.11800267857142857,0.008,0.047,18.978699851190473,15.690802678571428,0.00875,0.04,0.889,0.069,0.00125,127
OKC,37.0,57.4085,0.053316380070546794,0.053316380070546794,0.0,0.0,5.214939429012345,5.214939429012345,1.0,0.0,0.0,0.0,0.0,127
PHX,18.0,30.417,0.0,0.0,0.0115,0.05225,0.0,0.0,0.0175,0.0455,0.87375,0.07675,0.00225,127
POR,25.0,37.08475,0.5019529137214286,0.398959047791362,0.0775,0.04675,9.669611925574255,10.737944104928975,0.41275,0.0,0.084,0.503,0.27125,127
SAC,15.0,22.164,0.09051672487857147,-0.026879418669841244,0.0,0.0,15.668442906802229,12.070584701446926,0.0,0.96175,0.03825,0.0,0.0,127
SAS,39.0,56.03425,0.0,0.0,0.0,0.0,0.0,0.0,1.0,0.0,0.0,0.0,0.0,127
UTA,23.0,32.706,0.4893867763288688,0.08845881270595245,0.02325,0.11675,12.660195747950743,9.954502347718451,0.05075,0.00475,0.69725,0.27175,0.01925,127
ATL,24.0,37.28575,0.0,0.0,0.0195,0.092,0.0,0.0,0.037,0.0,0.80775,0.175,0.00975,128
BOS,35.0,50.95,0.17437749916807757,0.19613949348355375,0.00425,-0.018,6.5262701633457345,6.545764822301489,0.9975,0.0,0.0,0.00075,0.007,128
BKN,11.0,20.522,-0.0005721726190476182,-0.003136755952380954,0.0,0.0,8.202344345238094,8.359088988095237,0.0,0.77025,0.22975,0.0,0.0,128
CHA,13.0,21.48475,0.173205531632143,-0.12040723045991482,0.0,0.0,15.121629176444639,12.343618068688748,0.0,0.629,0.371,0.0,0.0,128
CHI,26.0,35.1615,0.4232507309090772,0.05184594301375281,0.005,0.04,11.765278612521726,12.82704743218929,0.00375,0.0,0.952,0.04625,0.0015,128
CLE,32.0,49.71425,0.0,0.0,0.0075,-0.044,0.0,0.0,0.994,0.0,0.0,0.00325,0.014,128
DET,33.0,50.3075,0.18782642120460205,0.21342751586576275,0.00375,-0.028,6.6413023693039355,6.678996791738113,0.99325,0.0,0.0,0.00225,0.01325,128
IND,27.0,42.7715,0.23124461953065487,0.5084290044755385,0.086,-0.02225,8.105261471771875,10.1037445269025,0.557,0.0,0.0465,0.4375,0.2215,128
MIA,27.0,44.63375,-0.027298444899040954,0.28938448683648665,0.07275,-0.09775,9.244141093044727,10.182905192801034,0.795,0.0,0.01075,0.18025,0.221,128
MIL,30.0,41.75975,0.0,0.0,0.09225,0.02275,0.0,0.0,0.30825,0.0,0.09825,0.57225,0.1795,128
NYK,36.0,52.9915,0.0,0.0,0.0005,-0.00425,0.0,0.0,0.999,0.0,0.0,0.0,0.002,128
ORL,28.0,42.051,0.2793183632000001,0.4609683488477196,0.08275,0.02125,8.417945463730058,10.641187792910554,0.40475,0.0,0.08325,0.53225,0.19325,128
PHI,32.0,49.8315,0.1897374481426587,0.23044571428392852,0.0045,-0.03875,6.7291460804280865,6.770594158533146,0.99125,0.0,0.0,0.0025,0.01475,128
TOR,32.0,47.129,0.1538975703211861,0.36042887612745733,0.03525,-0.1075,7.27659331006164,7.722698573978971,0.91925,0.0,0.0015,0.04775,0.1225,128
WAS,12.0,18.668,0.10946895655267862,-0.029390302001785686,0.0,0.0,15.642085871450442,11.391617490804169,0.0,0.95175,0.04825,0.0,0.0,128
DAL,26.0,38.984,0.19952577627098217,0.3333003744182185,0.11025,-0.02175,0.5249736579361607,1.3697896034285544,0.5405,0.0,0.11025,0.3505,0.186,128
DEN,40.0,57.81275,0.0,0.0,0.0,0.0,0.0,0.0,1.0,0.0,0.0,0.0,0.0,128
GSW,27.0,39.0695,0.4638940124958334,0.5821707245360997,0.09975,-0.026,8.926110943294495,9.914494249110247,0.5565,0.0,0.09825,0.34525,0.19425,128
HOU,27.0,40.1235,0.38137471719523813,0.5758942965451063,0.09275,-0.08075,8.316186945721578,9.104873852875965,0.722,0.0,0.0475,0.23425,0.174,128
LAC,29.0,40.059,0.0019441909171075847,0.0019441909171075847,0.103,-0.087,6.273969532627867,6.273969532627867,0.64875,0.0,0.05675,0.237,0.21825,128
LAL,22.0,34.938,0.0,0.0,0.0605,0.12075,0.0,0.0,0.122,0.0,0.6825,0.243,0.03125,128
MEM,17.0,25.87125,0.15366130962946414,-0.032420022610742595,0.0,0.0,14.106649687772766,12.836878474623283,0.0,0.05875,0.94125,0.0,0.0,128
MIN,41.0,58.4015,0.0,0.0,0.0,0.0,0.0,0.0,1.0,0.0,0.0,0.0,0.0,128
NOP,17.0,24.9265,0.1294355654761904,0.02495133928571426,0.0,0.0,14.604712946428572,14.953354464285717,0.0,0.10425,0.89575,0.0,0.0,128
OKC,34.0,52.37975,0.14698373015873017,0.14698373015873017,0.0,0.0,6.273969532627867,6.273969532627867,1.0,0.0,0.0,0.0,0.0,128
PHX,34.0,50.286,0.0,0.0,0.0,-0.00075,0.0,0.0,1.0,0.0,0.0,0.0,0.0,128
POR,21.0,33.783,0.40132427392812475,0.17500521388746448,0.03075,0.0875,12.158953316822616,12.605190011081268,0.059,0.0,0.82825,0.14525,0.01425,128
SAC,15.0,22.248,0.1853423874665179,-0.12423872450019259,0.0,0.0,14.945156202993301,12.467876730529282,0.0,0.486,0.514,0.0,0.0,128
SAS,45.0,67.838,0.0,0.0,0.0,0.0,0.0,0.0,1.0,0.0,0.0,0.0,0.0,128
UTA,27.0,38.0175,0.5410382711671132,0.2716324534380952,0.08925,0.037,9.689818210939288,9.114799793485712,0.35125,0.0,0.1765,0.44475,0.182,128
ATL,26.0,39.7665,0.0,0.0,0.08475,0.0615,0.0,0.0,0.296,0.0,0.17575,0.5965,0.104,129
BOS,31.0,45.532,0.2203030831248512,0.4400383457286919,0.04625,-0.124,6.960997911009226,7.4022788006390865,0.90175,0.0,0.0,0.0575,0.117,129
BKN,21.0,32.9795,-0.0024217261904761864,-0.002268749999999991,0.0025,0.02425,7.31428288690476,7.337280208333332,0.0025,0.07025,0.89875,0.03,0.00075,129
CHA,24.0,35.838,0.5567510863790178,0.13061435392112097,0.018,0.08525,10.782948312876488,12.573600925126954,0.0335,0.00375,0.80675,0.17525,0.00825,129
CHI,22.0,31.07475,0.5207013689575889,-0.08949697599132216,0.0,0.0025,13.89188831847753,12.653155954196922,0.00025,0.21375,0.7825,0.0035,0.0,129
CLE,28.0,43.97275,0.0,0.0,0.07225,-0.13025,0.0,0.0,0.79925,0.0,0.00525,0.147,0.22,129
DET,31.0,46.7285,0.19238150044836305,0.3552175344665178,0.02675,-0.0955,6.693843607607143,6.9477412796233775,0.95,0.0,0.00125,0.02575,0.07375,129
IND,32.0,45.61675,0.21952267937901787,0.4348209387713222,0.05125,-0.1285,6.960444272045535,7.44148867961656,0.893,0.0,0.002,0.0465,0.1495,129
MIA,26.0,40.29675,0.12973204922373802,0.31888163552101073,0.08825,0.03,9.274476436769165,11.482809070709276,0.3705,0.0,0.12575,0.5845,0.127,129
MIL,21.0,29.9455,0.0,0.0,0.00025,0.0015,0.0,0.0,0.0005,0.37825,0.6205,0.00125,0.0,129
NYK,41.0,59.586,0.0,0.0,0.0,0.0,0.0,0.0,1.0,0.0,0.0,0.0,0.0,129
ORL,38.0,55.52675,0.10836819885361564,0.10836819885361564,0.0,0.0,5.8953897376543205,5.8953897376543205,1.0,0.0,0.0,0.0,0.0,129
PHI,36.0,54.71875,0.08901757054673731,0.08966029032054683,0.0,-0.0005,6.007009292328043,6.007009292328043,1.0,0.0,0.0,0.0,0.0,129
TOR,27.0,43.063,0.2381387361800596,0.5970861021066312,0.0835,-0.093,7.580712024633482,8.834444626773204,0.738,0.0,0.02075,0.231,0.19725,129
WAS,24.0,34.94,0.616662367916964,0.06962692297142865,0.01325,0.069,11.392011807833482,11.794682450126787,0.01475,0.0105,0.88425,0.10125,0.0025,129
DAL,26.0,40.596,0.05375265148303572,0.15382704841062927,0.04675,-0.119,0.0773127665,0.27300963765892855,0.90925,0.0,0.005,0.057,0.11625,129
DEN,26.0,40.39775,0.0,0.0,0.0525,-0.12525,0.0,0.0,0.90125,0.0,0.00725,0.0705,0.1195,129
GSW,18.0,27.8725,0.25676132203571433,-0.08977396112388167,0.001,0.01075,15.162750280641069,12.213393912707613,0.00075,0.72525,0.26625,0.0085,0.0,129
HOU,29.0,42.6785,0.12531279691875,0.17467559414419642,0.0165,-0.05975,7.323910205580803,7.3977414195383915,0.979,0.0,0.0005,0.0095,0.03575,129
LAC,22.0,31.934,-0.0012906194885361566,-0.0012906194885361566,0.025,0.09275,5.524136144179893,5.524136144179893,0.04525,0.13475,0.65375,0.17825,0.019,129
LAL,23.0,34.0425,0.0,0.0,0.074,0.118,0.0,0.0,0.16225,0.02975,0.43725,0.39575,0.073,129
MEM,25.0,34.13325,0.7360878734089283,0.37938568536650785,0.0695,0.1095,11.615660546814583,11.798766344539796,0.14275,0.01975,0.44825,0.39225,0.0785,129
MIN,33.0,49.863,0.0,0.0,0.0,-0.00025,0.0,0.0,1.0,0.0,0.0,0.0,0.00025,129
NOP,19.0,29.4,0.35534151785714296,-0.06873720238095242,0.00375,0.03525,19.09553407738095,15.562571726190475,0.00425,0.479,0.48625,0.03375,0.00075,129
OKC,39.0,57.39825,0.13064640652557333,0.13064640652557333,0.0,0.0,5.524136144179893,5.524136144179893,1.0,0.0,0.0,0.0,0.0,129
PHX,22.0,35.65825,0.0,0.0,0.112,0.05575,0.0,0.0,0.381,0.00725,0.22375,0.4525,0.137,129
POR,26.0,38.44875,0.42417381925744047,0.5088959051796117,0.09675,-0.09175,8.37159870078244,9.006726876058314,0.719,0.0,0.0345,0.19625,0.23525,129
SAC,18.0,25.68075,0.13017670937276787,-0.04552257817753536,0.00025,0.00275,15.62589330276428,12.049866194273502,0.00025,0.92775,0.07125,0.001,0.0,129
SAS,43.0,63.99075,0.0,0.0,0.0,0.0,0.0,0.0,1.0,0.0,0.0,0.0,0.0,129
UTA,23.0,38.32025,0.4163612906526785,0.2820388137934524,0.08425,-0.092,8.322154339177231,8.205689796502977,0.755,0.0,0.0425,0.20475,0.18475,129
ATL,31.0,46.96275,0.0,0.0,0.0145,-0.092,0.0,0.0,0.96925,0.0,0.00025,0.0075,0.0725,130
BOS,40.0,58.70875,0.04020575396825401,0.04020575396825401,0.0,0.0,5.212189473104056,5.212189473104056,1.0,0.0,0.0,0.0,0.0,130
BKN,13.0,21.5045,-0.0027886904761904763,-0.0027886904761904763,0.0,0.0,6.354562477954145,6.355325870811288,0.0,0.94425,0.05575,0.0,0.0,130
CHA,28.0,40.31525,0.2737336342035715,0.43993414647006085,0.08,0.00475,8.46061430757143,10.496121828490217,0.4335,0.0,0.03175,0.5075,0.2675,130
CHI,22.0,29.697,0.3523241600272318,-0.011751772402392268,0.00075,0.00575,13.423535184697318,12.939422135042554,0.0,0.0275,0.9665,0.006,0.0,130
CLE,35.0,53.132,0.0,0.0,0.0,-0.0005,0.0,0.0,1.0,0.0,0.0,0.0,0.00025,130
DET,26.0,40.977,0.24725942115208338,0.4556565181461336,0.0775,-0.012,8.172395370761608,9.997635695351054,0.58825,0.0,0.019,0.3985,0.28675,130
IND,35.0,52.51,0.18963528683721897,0.19007911617546303,0.00025,-0.00125,6.184626973104057,6.1852966977451285,1.0,0.0,0.0,0.0,0.00025,130
MIA,28.0,43.2605,-0.0077034449863039554,0.21029903721869153,0.06175,-0.0675,9.249869012165204,10.142291937205595,0.79925,0.0,0.0015,0.1215,0.31225,130
MIL,16.0,26.189,0.0,0.0,0.0,0.0,0.0,0.0,0.0,0.35425,0.6455,0.00025,0.0,130
NYK,36.0,50.318,0.0,0.0,0.004,-0.01575,0.0,0.0,0.99625,0.0,0.0,0.0005,0.00825,130
ORL,25.0,37.08575,0.38491681799970245,0.2468648144645776,0.04675,0.093,9.731215636016964,11.813012135036097,0.162,0.0,0.227,0.69375,0.046,130
PHI,36.0,52.0205,0.19523361992945332,0.19590334457052472,0.0,-0.00375,6.291346155443922,6.294462079875915,0.99975,0.0,0.0,0.0,0.00125,130
TOR,23.0,34.5975,0.4532894639220238,0.15613922554648804,0.0265,0.1065,11.09332430273155,12.615579873475951,0.05175,0.0005,0.72625,0.2645,0.005,130
WAS,16.0,23.00525,0.14344976560267866,-0.052801697340476045,0.0,0.0,15.426716054230802,11.486664283913095,0.0,0.86425,0.13575,0.0,0.0,130
DAL,25.0,37.848,0.1497616588183036,0.2587215652433588,0.06525,0.0565,0.5746021286080357,2.1193556608963227,0.25325,0.0,0.123,0.65425,0.13025,130
DEN,31.0,46.32875,0.0,0.0,0.01675,-0.084,0.0,0.0,0.969,0.0,0.0,0.006,0.0675,130
GSW,25.0,40.012,0.2829413996376488,0.5129970226080314,0.08325,-0.00275,8.334343305675894,9.921163199570552,0.604,0.0,0.0245,0.3905,0.25975,130
HOU,35.0,51.749,0.1821430004409171,0.18616124920341712,0.0,-0.00275,6.354562477954145,6.3565715527934294,1.0,0.0,0.0,0.0,0.00075,130
LAC,22.0,30.66125,0.0047051587301587365,0.0047051587301587365,0.00125,0.019,5.834929023368607,5.834929023368607,0.0015,0.00975,0.96675,0.02325,0.0,130
LAL,33.0,49.927,0.0,0.0,0.002,-0.0105,0.0,0.0,0.99775,0.0,0.0,0.0,0.00725,130
MEM,18.0,26.536,0.27721842111874984,-0.11299496706316876,0.0,0.0005,14.562548996515623,12.710877788583133,0.0,0.2945,0.70525,0.00025,0.0,130
MIN,33.0,49.00225,0.0,0.0,0.00225,-0.01875,0.0,0.0,0.9955,0.0,0.0,0.0,0.0105,130
NOP,21.0,32.2365,0.08920431547619048,-0.0053431547619047426,0.009,0.0505,17.095954315476188,16.357112351190477,0.01075,0.00525,0.91875,0.07425,0.00125,130
OKC,35.0,54.129,0.18868471119929467,0.18868471119929467,0.0,0.0,5.834929023368607,5.834929023368607,1.0,0.0,0.0,0.0,0.0,130
PHX,23.0,38.4575,0.0,0.0,0.08075,0.048,0.0,0.0,0.3845,0.0,0.0825,0.60675,0.167,130
POR,28.0,42.50975,0.14463605029672622,0.3248375242384565,0.04925,-0.07825,7.7766960085485115,8.843681312049496,0.7705,0.0,0.00275,0.11775,0.351,130
SAC,16.0,25.481,0.23942166907008927,-0.12524657786232124,0.0,0.00025,14.870678722151782,12.531731440451017,0.0,0.498,0.502,0.0,0.0,130
SAS,42.0,61.90075,0.0,0.0,0.0,0.0,0.0,0.0,1.0,0.0,0.0,0.0,0.0,130
UTA,23.0,32.9375,0.41855289940744034,0.04871458136845235,0.01,0.074,11.956058896118304,10.062644910202382,0.01325,0.00175,0.86525,0.127,0.00475,130
ATL,34.0,51.14025,0.0,0.0,0.00225,-0.011,0.0,0.0,0.998,0.0,0.0,0.0005,0.00525,131
BOS,41.0,57.647,0.11007081128747807,0.11007081128747807,0.0,0.0,5.388710504850087,5.388710504850087,1.0,0.0,0.0,0.0,0.0,131
BKN,21.0,30.5515,0.000133482142857142,-0.014885416666666672,0.00175,0.01975,7.349885119047618,7.604066964285714,0.001,0.06125,0.91425,0.0245,0.0,131
CHA,24.0,33.7885,0.5064227908690475,0.1176903671947208,0.0105,0.0935,11.447344432520982,12.56511968131455,0.02025,0.00075,0.80775,0.1875,0.00275,131
CHI,19.0,30.43775,0.46968069705476156,-0.021545023847491455,0.001,0.01725,13.290084803808035,12.709314224012356,0.00175,0.07225,0.902,0.0255,0.00025,131
CLE,30.0,43.84525,0.0,0.0,0.06225,-0.10575,0.0,0.0,0.7615,0.0,0.0005,0.0935,0.36775,131
DET,37.0,55.65825,0.1380750440917109,0.13739887129230613,0.0,0.0,5.75543167989418,5.756107852693585,1.0,0.0,0.0,0.0,0.00025,131
IND,30.0,46.924,0.20139625775374778,0.3055292804400077,0.02375,-0.1,7.007528595834705,7.204240910146809,0.96475,0.0,0.0,0.00725,0.082,131
MIA,28.0,43.6905,0.006619904502138519,0.18862575165267742,0.0505,-0.105,9.279563950649797,10.014007016983713,0.81325,0.0,0.0015,0.1105,0.26825,131
MIL,14.0,20.689,0.0,0.0,0.0,0.0,0.0,0.0,0.0,0.99575,0.00425,0.0,0.0,131
NYK,23.0,36.94475,0.0,0.0,0.0385,0.09975,0.0,0.0,0.1865,0.00025,0.22125,0.73075,0.025,131
ORL,34.0,49.835,0.13864510408775352,0.1628078082173666,0.005,-0.027,6.4406423162509325,6.474248475478016,0.99325,0.0,0.0,0.00125,0.01425,131
PHI,24.0,39.2925,0.2669762813025298,0.30759841948225625,0.06125,0.029,8.912738610106699,11.177161773934596,0.33575,0.0,0.05625,0.765,0.09475,131
TOR,33.0,46.361,0.19917360737966822,0.32940498478844793,0.034,-0.11425,7.164080172904078,7.482555591206609,0.921,0.0,0.0,0.01575,0.1395,131
WAS,21.0,31.16275,0.5178752108412198,0.011915187161309581,0.004,0.03425,12.91059792943512,11.817666410532148,0.003,0.04225,0.91975,0.038,0.0,131
DAL,23.0,32.87,0.3787332842553572,0.09634902916549744,0.009,0.097,2.0196710032517857,3.005811859661629,0.02225,0.00875,0.76075,0.2295,0.0005,131
DEN,35.0,50.841,0.0,0.0,0.001,-0.00575,0.0,0.0,0.999,0.0,0.0,0.0005,0.001,131
GSW,28.0,40.777,0.2512136970723215,0.4508373406909722,0.083,-0.04875,8.477732987313244,10.494613965280493,0.44175,0.0,0.007,0.6325,0.15425,131
HOU,28.0,45.05,0.1774671978997024,0.39375647832183247,0.0425,-0.14025,7.362819442475296,7.8429306708239075,0.9205,0.0,0.0,0.06175,0.1385,131
LAC,20.0,29.9295,-0.0002581238977072313,-0.0002581238977072313,0.00175,0.028,5.178730654761903,5.178730654761903,0.004,0.09725,0.8685,0.03425,0.0,131
LAL,30.0,45.59075,0.0,0.0,0.04475,-0.12875,0.0,0.0,0.91725,0.0,0.0,0.0415,0.13225,131
MEM,18.0,24.37825,0.13081241949955366,-0.06744623106970654,0.0,0.00025,15.373125565251337,12.058943177289866,0.0,0.88425,0.11575,0.0,0.0,131
MIN,31.0,44.24575,0.0,0.0,0.065,-0.14,0.0,0.0,0.82675,0.0,0.0,0.1075,0.222,131
NOP,19.0,27.206,0.18821250000000003,0.006936011904761876,0.0,0.00325,20.37821517857143,15.01153392857143,0.0,0.474,0.52475,0.00125,0.0,131
OKC,39.0,60.51825,0.026328637566137594,0.026328637566137594,0.0,0.0,5.178730654761903,5.178730654761903,1.0,0.0,0.0,0.0,0.0,131
PHX,30.0,44.222,0.0,0.0,0.062,-0.14025,0.0,0.0,0.81675,0.0,0.00025,0.11525,0.222,131
POR,23.0,35.425,0.46305688347440477,0.1519322372788194,0.0255,0.111,10.317248630940627,11.923482381616003,0.12625,0.00025,0.26725,0.72525,0.00525,131
SAC,17.0,27.789,0.3325787637736606,-0.1027593452472646,0.00025,0.00725,14.492153234816515,12.485637940349909,0.0005,0.363,0.62825,0.00875,0.0,131
SAS,36.0,57.44175,0.0,0.0,0.0,0.0,0.0,0.0,1.0,0.0,0.0,0.0,0.0,131
UTA,30.0,45.74775,0.1862543791190476,0.25501884268869046,0.04325,-0.13025,7.248940227959821,7.398867577617857,0.925,0.0,0.0,0.042,0.12425,131
ATL,33.0,46.56575,0.0,0.0,0.05825,-0.11325,0.0,0.0,0.90025,0.0,0.0075,0.0585,0.0945,132
BOS,32.0,49.02325,0.13434931464088953,0.19245981238995696,0.00975,-0.0385,6.40342236021421,6.466655042482225,0.98825,0.0,0.00025,0.00475,0.02,132
BKN,22.0,31.41825,-0.00036577380952380813,-0.0190358630952381,0.00025,0.0005,7.441851636904761,7.568469047619046,0.00025,0.0235,0.97525,0.00125,0.0,132
CHA,32.0,44.64675,0.28933249872970135,0.6387699746565337,0.09375,-0.113,7.564715526865775,8.603120954556468,0.7395,0.0,0.04325,0.17225,0.17,132
CHI,25.0,36.05525,0.44747510147202374,0.06909187386514731,0.00725,0.03925,11.56402092523512,12.883638394043151,0.0085,0.0,0.9475,0.04725,0.00375,132
CLE,34.0,53.917,0.0,0.0,0.00025,-0.00025,0.0,0.0,0.99975,0.0,0.0,0.0,0.0005,132
DET,27.0,43.38025,0.3191409525376489,0.7204637487349461,0.1095,-0.0605,7.88911051604747,9.437182114977375,0.6695,0.0,0.08775,0.29425,0.142,132
IND,30.0,42.35825,0.3616379289961311,0.6845644734931248,0.10575,0.00175,8.462011581910268,10.45363003575735,0.41025,0.0,0.17325,0.3885,0.17125,132
MIA,34.0,51.521,-0.0005460756556878303,0.004778889674679602,0.00075,-0.006,9.382665124800184,9.385664634967737,0.99975,0.0,0.0,0.00025,0.0015,132
MIL,19.0,28.62425,0.0,0.0,0.0,0.0,0.0,0.0,0.0,0.15425,0.84575,0.0,0.0,132
NYK,28.0,43.281,0.0,0.0,0.10575,-0.05725,0.0,0.0,0.6105,0.0,0.10275,0.30425,0.16825,132
ORL,28.0,40.3865,0.42509068995877985,0.4884393811251556,0.09,0.11275,9.328566178095686,11.76872798167941,0.196,0.0,0.464,0.3635,0.08025,132
PHI,33.0,50.37925,0.1026534656967813,0.12170758857822972,0.0035,-0.01575,6.2482310770873974,6.262078315376931,0.997,0.0,0.0,0.0005,0.0055,132
TOR,28.0,42.47125,0.35688637133824413,0.6658270969320761,0.1125,-0.00275,8.34135529266369,10.273933189855779,0.4805,0.0,0.17575,0.364,0.1425,132
WAS,21.0,31.1435,0.3055945276220235,-0.011114012473809514,0.0005,0.00075,13.73733742855714,11.974814614938094,0.0,0.023,0.97625,0.00075,0.0,132
DAL,28.0,41.732,0.08035345978125001,0.2199996257005485,0.0665,-0.11525,0.17390786739107145,0.6767736094432271,0.78,0.0,0.01,0.14675,0.2515,132
DEN,28.0,43.6765,0.0,0.0,0.03475,-0.12975,0.0,0.0,0.93125,0.0,0.00125,0.04,0.113,132
GSW,29.0,42.32475,0.23862140157782738,0.38760076454697423,0.05625,-0.1385,7.8091898030413684,8.345228906688254,0.84075,0.0,0.00375,0.09475,0.217,132
HOU,29.0,43.67325,0.18647338756666668,0.307510891001002,0.03875,-0.117,7.467397372702082,7.7625197146221705,0.9315,0.0,0.001,0.038,0.12325,132
LAC,17.0,25.3145,0.003097486772486776,0.003097486772486776,0.0,0.0,5.272981591710757,5.272981591710757,0.0,0.8035,0.19625,0.00025,0.0,132
LAL,38.0,56.05675,0.0,0.0,0.0,0.0,0.0,0.0,1.0,0.0,0.0,0.0,0.0,132
MEM,24.0,34.6305,0.4938221252608629,0.20888308668522365,0.03125,0.132,12.044880513106548,12.425571983167478,0.0695,0.00075,0.61425,0.359,0.0175,132
MIN,31.0,44.02275,0.0,0.0,0.036,-0.11125,0.0,0.0,0.92875,0.0,0.00025,0.027,0.11325,132
NOP,14.0,21.17225,0.08961607142857145,0.04960788690476188,0.0,0.0,20.00579955357143,15.545188392857144,0.0,0.9915,0.0085,0.0,0.0,132
OKC,37.0,57.2,0.07595985449735457,0.07595985449735457,0.0,0.0,5.272981591710757,5.272981591710757,1.0,0.0,0.0,0.0,0.0,132
PHX,19.0,32.76475,0.0,0.0,0.019,0.07075,0.0,0.0,0.0345,0.009,0.839,0.145,0.00375,132
POR,26.0,38.0685,0.5369471124732145,0.4848353265636591,0.0895,0.04575,9.852141211950002,11.080774749446643,0.337,0.0,0.12025,0.61625,0.12575,132
SAC,13.0,20.74625,0.06612810551964285,-0.007125222144807239,0.0,0.0,15.670491031351336,12.08057323985884,0.0,0.99375,0.00625,0.0,0.0,132
SAS,38.0,57.73725,0.0,0.0,0.0,0.0,0.0,0.0,1.0,0.0,0.0,0.0,0.0,132
UTA,23.0,35.7085,0.5732847381385415,0.12990288428630942,0.0585,0.124,11.3126964777686,9.721402875793451,0.14675,0.00075,0.4,0.533,0.035,132
ATL,25.0,37.36975,0.0,0.0,0.0485,0.128,0.0,0.0,0.078,0.0,0.68975,0.24,0.04275,133
BOS,38.0,52.79125,0.15812882495590844,0.15812882495590844,0.0,-0.00025,5.681931856261023,5.681931856261023,1.0,0.0,0.0,0.0,0.0,133
BKN,26.0,39.94425,0.0023399029982363348,0.001994962522045859,0.09075,0.07325,6.438519874338626,6.445289070767196,0.30775,0.0,0.26975,0.4315,0.14225,133
CHA,31.0,45.23175,0.20447298552028773,0.4211474778346286,0.05275,-0.1135,7.286945707032423,7.719861558813976,0.90925,0.0,0.00875,0.06075,0.097,133
CHI,17.0,26.004,0.2151676384321429,-0.10709154280336716,0.0,0.0,15.241634061107586,12.334132462344563,0.0,0.71525,0.28475,0.0,0.0,133
CLE,26.0,41.37525,0.0,0.0,0.1085,-0.003,0.0,0.0,0.5695,0.0,0.11425,0.3405,0.19525,133
DET,30.0,43.758,0.21908439387600867,0.536950046442746,0.0825,-0.13025,7.621742081478069,8.492818290928968,0.795,0.0,0.02475,0.126,0.1925,133
IND,31.0,46.418,0.20366402523253416,0.3437423790912487,0.02125,-0.0825,7.021842629646517,7.214292268915924,0.9645,0.0,0.0025,0.0205,0.0515,133
MIA,23.0,34.73725,0.45381633410693334,0.061419794262815644,0.00925,0.05,11.752619234884355,12.989496986543916,0.01075,0.0035,0.929,0.06175,0.00275,133
MIL,25.0,37.07925,0.0,0.0,0.0485,0.09975,0.0,0.0,0.08625,0.0,0.71625,0.2265,0.027,133
NYK,29.0,45.22975,0.0,0.0,0.038,-0.11025,0.0,0.0,0.9335,0.0,0.0055,0.0575,0.08975,133
ORL,27.0,40.212,0.39002534026026797,0.565593801337687,0.1,0.0495,8.812726974735863,10.997481442701437,0.34975,0.0,0.236,0.4325,0.15325,133
PHI,43.0,63.28225,0.0,0.0,0.0,0.0,5.156790123456789,5.156790123456789,1.0,0.0,0.0,0.0,0.0,133
TOR,34.0,49.49025,0.18303215832069006,0.2009427274035699,0.002,-0.014,6.376843030187291,6.39789921567241,0.99575,0.0,0.0,0.0025,0.006,133
WAS,21.0,27.74775,0.30341693304151784,-0.10000880273988079,0.0,0.0,14.763751577546426,11.744110986741665,0.0,0.4255,0.5745,0.0,0.0,133
DAL,21.0,32.526,0.37953288870580365,0.1281513544621301,0.01975,0.1265,2.606739053470982,2.9737349512505533,0.057,0.02125,0.57,0.4005,0.0055,133
DEN,29.0,44.0155,0.0,0.0,0.0325,-0.133,0.0,0.0,0.889,0.0,0.00025,0.02225,0.2475,133
GSW,27.0,40.422,0.29207348956696433,0.3664774428922335,0.06325,-0.0395,8.263040877830953,9.42002071239758,0.6855,0.0,0.00425,0.23175,0.3775,133
HOU,31.0,49.10975,0.18710428403605595,0.20325948709736555,0.00225,-0.02325,6.44031796916303,6.4634486050029105,0.997,0.0,0.0,0.0,0.00975,133
LAC,20.0,28.97325,-0.0008100859788359795,-0.0008100859788359795,0.0025,0.0425,5.192002116402114,5.192002116402114,0.003,0.24475,0.70375,0.05125,0.00025,133
LAL,33.0,51.14375,0.0,0.0,0.001,-0.005,0.0,0.0,0.99975,0.0,0.0,0.0,0.00175,133
MEM,17.0,25.619,0.20136124388348223,-0.09547968323071979,0.0,0.00375,15.331524477267852,12.278653946736755,0.0,0.7755,0.2225,0.002,0.0,133
MIN,32.0,49.11075,0.0,0.0,0.00175,-0.02325,0.0,0.0,0.9975,0.0,0.0,0.00025,0.00725,133
NOP,17.0,26.0615,0.030521428571428488,-0.30013005952380944,0.00075,0.00575,16.349154910714287,15.736201339285715,0.0,0.7175,0.27775,0.00475,0.0,133
OKC,38.0,57.09975,0.031025672398589093,0.031025672398589093,0.0,0.0,5.192002116402114,5.192002116402114,1.0,0.0,0.0,0.0,0.0,133
PHX,24.0,37.694,0.0,0.0,0.0545,0.02375,0.0,0.0,0.3825,0.0,0.036,0.71175,0.14225,133
POR,32.0,44.81675,0.15463014158776456,0.287101063348082,0.03125,-0.1255,7.341849150384523,7.7746200291862095,0.91125,0.0,0.00025,0.00825,0.195,133
SAC,21.0,31.072,0.4144087575001485,0.08502668368705074,0.0095,0.101,13.396278863353569,12.66247747156792,0.0145,0.0675,0.7325,0.199,0.0005,133
SAS,32.0,49.342,0.0,0.0,0.00325,-0.024,0.0,0.0,0.99725,0.0,0.0,0.0,0.01,133
UTA,20.0,32.32325,0.49367441098422593,0.07484885916428567,0.02775,0.1235,12.653448515503422,9.932003235235118,0.06575,0.02925,0.597,0.36825,0.00275,133
ATL,22.0,34.0375,0.0,0.0,0.0255,0.1185,0.0,0.0,0.13,0.00025,0.33375,0.645,0.015,134
BOS,35.0,51.042,0.1573912771783234,0.1626399292921627,0.00075,-0.007,6.725416680135279,6.729120092025607,0.99975,0.0,0.0,0.0,0.0015,134
BKN,15.0,27.16175,-0.001115029761904761,0.006488095238095239,0.0015,0.01175,7.394819345238094,7.4566889880952365,0.00225,0.1205,0.86375,0.01575,0.0,134
CHA,14.0,23.59075,0.1664117201625001,-0.10727824658887329,0.0,0.00075,15.115613980937498,12.34165946684866,0.0,0.62975,0.37,0.00025,0.0,134
CHI,20.0,32.02575,0.5038922303671128,0.1483870863535459,0.02875,0.117,12.06552458538884,12.491209442143495,0.0655,0.002,0.67725,0.317,0.002,134
CLE,28.0,44.759,0.0,0.0,0.01225,-0.121,0.0,0.0,0.962,0.0,0.0,0.00475,0.153,134
DET,38.0,54.352,0.11139931902416778,0.11315440190229277,0.00025,-0.00075,6.218026490540924,6.218464753881252,0.99975,0.0,0.0,0.0,0.00025,134
IND,27.0,41.93325,0.09217507138988094,0.18268662829874574,0.0235,-0.07525,7.625312188503868,8.544865523831136,0.854,0.0,0.00025,0.0355,0.386,134
MIA,19.0,30.915,0.43182198043334963,0.09844065265637654,0.0165,0.09575,12.7323953008151,12.785784569666585,0.0275,0.00575,0.803,0.1895,0.001,134
MIL,14.0,22.13675,0.0,0.0,0.0,0.0,0.0,0.0,0.0,0.83225,0.16775,0.0,0.0,134
NYK,39.0,55.935,0.0,0.0,0.0,0.0,0.0,0.0,1.0,0.0,0.0,0.0,0.0,134
ORL,38.0,54.53875,0.10819319885361554,0.10819319885361554,0.0,-0.00025,6.196819775132277,6.196819775132277,1.0,0.0,0.0,0.0,0.0,134
PHI,40.0,58.90025,0.14686723985890665,0.14686723985890665,0.0,0.0,5.4871477402998226,5.4871477402998226,1.0,0.0,0.0,0.0,0.0,134
TOR,30.0,42.891,0.07716280928080359,0.18854813647465274,0.033,-0.09375,7.604736314713987,8.55325844245392,0.82825,0.0,0.0,0.01775,0.41925,134
WAS,25.0,34.98775,0.48925032342068453,0.1358934113232143,0.028,0.093,10.382812321279912,11.131675265755359,0.131,0.0,0.19375,0.7745,0.022,134
DAL,26.0,38.40375,0.13312806863928572,0.3439729218567687,0.10575,0.06975,0.36569348634107146,1.7557018800515223,0.41575,0.0,0.1905,0.40575,0.18125,134
DEN,23.0,37.82875,0.0,0.0,0.1115,0.102,0.0,0.0,0.4055,0.0,0.2625,0.4145,0.12475,134
GSW,36.0,49.855,0.1358951744033565,0.1383136929758267,0.00025,-0.00325,6.961633997154679,6.964667060539053,0.99975,0.0,0.0,0.0,0.00125,134
HOU,28.0,44.76675,0.038064055271726197,0.12270504202361394,0.01675,-0.0695,7.399687223031396,7.523720308722071,0.98025,0.0,0.0015,0.01225,0.03725,134
LAC,23.0,32.55325,-0.0002581238977072313,-0.0002581238977072313,0.01125,0.049,5.32885858686067,5.32885858686067,0.017,0.0,0.93725,0.05475,0.00475,134
LAL,32.0,49.049,0.0,0.0,0.0,-0.00775,0.0,0.0,0.99925,0.0,0.0,0.0,0.002,134
MEM,31.0,39.7285,0.29210946957946443,0.5233568811147209,0.09975,0.01225,8.365950716963544,9.987726787009274,0.461,0.0,0.077,0.29375,0.35125,134
MIN,42.0,60.563,0.0,0.0,0.0,0.0,0.0,0.0,1.0,0.0,0.0,0.0,0.0,134
NOP,16.0,24.337,0.29393794642857146,-0.13099553571428565,0.0,0.0,20.608694642857145,15.301767113095238,0.0,0.4775,0.5225,0.0,0.0,134
OKC,40.0,60.07,0.0946463844797179,0.0946463844797179,0.0,0.0,5.32885858686067,5.32885858686067,1.0,0.0,0.0,0.0,0.0,134
PHX,24.0,37.16525,0.0,0.0,0.09025,0.11975,0.0,0.0,0.279,0.0,0.36275,0.4115,0.1055,134
POR,19.0,30.42475,0.39168480029940445,0.015967511119105732,0.00425,0.0145,13.007998775427083,12.865755301106146,0.0025,0.00475,0.98325,0.0115,0.00025,134
SAC,14.0,20.8315,0.11403478987500007,-0.05007791726201246,0.0,0.0,15.604163417623658,12.084816292707533,0.0,0.92725,0.07275,0.0,0.0,134
SAS,36.0,56.68775,0.0,0.0,0.0,0.0,0.0,0.0,1.0,0.0,0.0,0.0,0.0,134
UTA,26.0,38.52925,0.36718743822693467,0.29047727352202385,0.1125,0.07,8.67387197174271,9.027879405305358,0.44,0.0,0.1805,0.396,0.19175,134
ATL,28.0,42.69575,0.0,0.0,0.09325,-0.0335,0.0,0.0,0.54375,0.0,0.0645,0.39425,0.23825,135
BOS,30.0,46.58825,0.16350390547395835,0.3816139218587798,0.04075,-0.12675,7.2540637281754465,7.690172158474959,0.927,0.0,0.00175,0.04375,0.12,135
BKN,13.0,20.3595,-0.001828273809523809,-0.001828273809523809,0.0,0.0,6.262919852292771,6.262919852292771,0.0,0.9445,0.0555,0.0,0.0,135
CHA,26.0,38.87325,0.20552214316101192,0.28390912726667067,0.04425,0.11625,9.277478833029763,12.166634013007728,0.11325,0.0,0.5525,0.37075,0.0455,135
CHI,16.0,23.98,0.26044922053705355,-0.14271372031918894,0.0,0.0,14.935156263306247,12.43703670576085,0.0,0.546,0.454,0.0,0.0,135
CLE,31.0,45.916,0.0,0.0,0.067,-0.14,0.0,0.0,0.83775,0.0,0.005,0.07775,0.205,135
DET,33.0,49.549,0.17742622091622018,0.23047927893521822,0.00825,-0.03925,6.6506821970452386,6.725994357080408,0.985,0.0,0.0,0.004,0.0275,135
IND,26.0,41.69725,0.23663033990000013,0.5020748842572448,0.08925,0.03475,8.34214592822247,10.72226336493015,0.406,0.0,0.1195,0.52025,0.161,135
MIA,43.0,62.28175,0.0,0.0,0.0,0.0,9.382940917107586,9.382940917107586,1.0,0.0,0.0,0.0,0.0,135
MIL,15.0,22.44575,0.0,0.0,0.0,0.0,0.0,0.0,0.0,0.7935,0.2065,0.0,0.0,135
NYK,45.0,63.21275,0.0,0.0,0.0,0.0,0.0,0.0,1.0,0.0,0.0,0.0,0.0,135
ORL,31.0,46.86425,0.16377237511011908,0.35681000469788693,0.03475,-0.1165,7.212826742484672,7.602565764659076,0.92775,0.0,0.00125,0.0405,0.10975,135
PHI,38.0,55.62575,0.019924735449735456,0.019924735449735456,0.0,-0.00025,6.18028812830688,6.18028812830688,1.0,0.0,0.0,0.0,0.0,135
TOR,26.0,40.43875,0.23269618390119057,0.4367586375312484,0.06875,0.085,8.782410444252383,11.423595557275377,0.2595,0.0,0.258,0.54625,0.093,135
WAS,22.0,31.10525,0.3673139310955355,0.0013578956255952367,0.0,0.0015,12.192816254846427,11.95470427653988,0.0,0.0015,0.996,0.0025,0.0,135
DAL,17.0,31.08225,0.3557707923504465,0.18344644094574408,0.0575,0.116,2.0121450129111604,2.9743614612762976,0.12375,0.003,0.68725,0.2645,0.02,135
DEN,31.0,47.5815,0.0,0.0,0.0005,-0.00375,0.0,0.0,0.9995,0.0,0.0,0.0,0.001,135
GSW,27.0,37.4865,0.23624595026815473,0.2918162004809424,0.041,0.0045,8.412579324907588,9.237473145825685,0.659,0.0,0.01375,0.15375,0.4245,135
HOU,36.0,52.62275,0.05427764550264547,0.05427764550264547,0.0,0.0,6.262919852292771,6.262919852292771,1.0,0.0,0.0,0.0,0.0,135
LAC,21.0,29.70425,-0.0018068672839506193,-0.0018068672839506193,0.0145,0.081,5.411558410493826,5.411558410493826,0.025,0.00825,0.85475,0.12375,0.00775,135
LAL,21.0,35.31025,0.0,0.0,0.088,0.06175,0.0,0.0,0.54225,0.0,0.1065,0.38925,0.21475,135
MEM,18.0,25.18725,0.29573199716249987,-0.10743680690248554,0.0005,0.00575,14.561113534865177,12.632136717124745,0.00025,0.315,0.67925,0.00575,0.0,135
MIN,31.0,48.33975,0.0,0.0,0.0,-0.001,0.0,0.0,1.0,0.0,0.0,0.0,0.0,135
NOP,17.0,26.322,0.199180505952381,0.004777380952380959,0.0025,0.012,19.350849553571432,15.713537351190476,0.00125,0.17625,0.814,0.00925,0.0005,135
OKC,41.0,62.2175,0.13112694003527353,0.13112694003527353,0.0,0.0,5.411558410493826,5.411558410493826,1.0,0.0,0.0,0.0,0.0,135
PHX,32.0,46.47725,0.0,0.0,0.0005,-0.00675,0.0,0.0,0.99925,0.0,0.0,0.0,0.0035,135
POR,24.0,33.939,0.5103774616038692,0.4580754626437185,0.079,0.09725,10.275993520527532,11.231414099450832,0.269,0.0,0.20225,0.54075,0.1475,135
SAC,17.0,25.979,0.3226375254933034,-0.08532512820282008,0.0,0.00725,14.275352057994493,12.717971595500153,0.00125,0.212,0.78125,0.00625,0.0,135
SAS,41.0,61.6605,0.0,0.0,0.0,0.0,0.0,0.0,1.0,0.0,0.0,0.0,0.0,135
UTA,23.0,34.457,0.4693943004886905,0.22732251380952373,0.07625,0.06725,9.810991681538395,9.162764027160716,0.3795,0.0,0.1465,0.50675,0.1805,135
ATL,35.0,52.57775,0.0,0.0,0.001,-0.0075,0.0,0.0,0.999,0.0,0.0,0.0,0.00325,136
BOS,30.0,46.23675,0.09557127806250001,0.28766565798407745,0.033,-0.1275,7.420754304108779,7.990040693800594,0.905,0.0,0.001,0.035,0.198,136
BKN,15.0,25.2305,-0.0034534391534391568,-0.0034534391534391568,0.0,0.0,5.644438756613757,5.644438756613757,0.0,0.4375,0.5625,0.0,0.0,136
CHA,27.0,39.34875,0.3459687722880953,0.36176811615078197,0.05575,0.10725,9.231957430502977,11.597557506629768,0.1875,0.0,0.24925,0.5895,0.104,136
CHI,16.0,25.92625,0.2750300844821428,-0.10926984653674576,0.0,0.0,14.493144485152229,12.649076311264235,0.0,0.3065,0.6935,0.0,0.0,136
CLE,26.0,40.215,0.0,0.0,0.079,0.0705,0.0,0.0,0.31675,0.0,0.16175,0.583,0.14075,136
DET,32.0,47.79325,0.14193626095227072,0.2860053150106537,0.024,-0.1115,7.226213124291715,7.503536344786953,0.94925,0.0,0.0,0.012,0.10575,136
IND,35.0,51.28,0.21763720968331132,0.239134579765851,0.003,-0.02025,6.47569824115355,6.501555557919324,0.995,0.0,0.0,0.0,0.0115,136
MIA,23.0,36.183,0.36548852392052483,0.12283424443624634,0.025,0.10075,10.763060924612484,12.753900155809198,0.0435,0.0,0.7645,0.22125,0.009,136
MIL,26.0,36.2385,0.0,0.0,0.015,0.10025,0.0,0.0,0.03075,0.0,0.77975,0.203,0.01225,136
NYK,32.0,49.20825,0.0,0.0,0.007,-0.0645,0.0,0.0,0.98725,0.0,0.0,0.002,0.03725,136
ORL,36.0,49.326,0.20646628062171515,0.27762998334259814,0.01625,-0.06175,6.935667250176079,7.050772932366208,0.97625,0.0,0.0,0.00225,0.049,136
PHI,25.0,42.0455,0.2265780217800596,0.4500439588207185,0.07925,0.0,8.04735065925015,9.88702640246168,0.63175,0.0,0.045,0.34875,0.281,136
TOR,36.0,49.51675,0.20236415179705688,0.2630964766553902,0.0125,-0.0545,6.8836356052176875,6.9979106101755235,0.978,0.0,0.0,0.002,0.04825,136
WAS,20.0,29.85125,0.2898065464089282,-0.008363552280952377,0.0,0.002,13.085056089394195,11.950474136130357,0.0,0.0165,0.98225,0.00125,0.0,136
DAL,19.0,29.19775,0.29513751281741074,-0.010896600921084184,0.00225,0.01925,3.1686045084982144,3.333005773775009,0.0025,0.03825,0.93725,0.0245,0.0,136
DEN,34.0,51.5565,0.0,0.0,0.00075,-0.0085,0.0,0.0,0.99825,0.0,0.0,0.0,0.00425,136
GSW,25.0,36.4985,0.37271524523214294,0.19500628221994748,0.04025,0.02025,10.10205860948631,11.451719412105009,0.23525,0.0,0.02725,0.85975,0.06975,136
HOU,38.0,54.73375,0.18490370614938836,0.18534430917126338,0.00025,-0.00075,5.644438756613757,5.644438756613757,1.0,0.0,0.0,0.0,0.0,136
LAC,17.0,25.435,0.0014918099647266325,0.0014918099647266325,0.0,0.0005,5.660609678130512,5.660609678130512,0.0,0.38925,0.6105,0.00025,0.0,136
LAL,35.0,50.547,0.0,0.0,0.003,-0.01775,0.0,0.0,0.996,0.0,0.0,0.0,0.0115,136
MEM,14.0,23.258,0.16135745106473226,-0.10111190071180247,0.0,0.0,15.163826245092856,12.2629037253858,0.0,0.74875,0.25125,0.0,0.0,136
MIN,36.0,53.04025,0.0,0.0,0.0,-0.00225,0.0,0.0,1.0,0.0,0.0,0.0,0.0005,136
NOP,18.0,28.55525,0.3956251488095235,0.15491919642857144,0.00175,0.015,14.73906443452381,16.232152827380954,0.0035,0.06325,0.92275,0.014,0.0,136
OKC,35.0,54.61725,0.1907111662257497,0.1907111662257497,0.0,-0.001,5.660609678130512,5.660609678130512,1.0,0.0,0.0,0.0,0.0,136
PHX,28.0,40.4075,0.0,0.0,0.0575,-0.00125,0.0,0.0,0.53075,0.0,0.001,0.295,0.442,136
POR,29.0,43.354,0.09199906911979165,0.14303979855729168,0.018,-0.023,7.682744273953273,8.529289307810961,0.8305,0.0,0.0,0.05975,0.3405,136
SAC,9.0,14.83025,0.0020599134678571406,0.0002367794008928552,0.0,0.0,15.861098825893745,12.043801163843549,0.0,1.0,0.0,0.0,0.0,136
SAS,45.0,65.04125,0.0,0.0,0.0,0.0,0.0,0.0,1.0,0.0,0.0,0.0,0.0,136
UTA,24.0,37.95025,0.3381943719558036,0.15898513494821426,0.05425,0.009,9.298987376938543,9.253548953986312,0.40325,0.0,0.0105,0.74675,0.1315,136
ATL,33.0,48.492,0.0,0.0,0.02225,-0.08925,0.0,0.0,0.96925,0.0,0.0,0.01275,0.07225,137
BOS,38.0,55.1135,0.1403856040564375,0.14105210238113988,0.0,-0.00075,5.920381216931218,5.92104771525592,1.0,0.0,0.0,0.0,0.00025,137
BKN,10.0,18.51425,-0.006379431216931217,-0.005960978835978836,0.0,0.0,6.498741027336862,6.5023993606701955,0.0,0.99725,0.00275,0.0,0.0,137
CHA,20.0,31.0705,0.40443435093541646,0.00679404982292091,0.00225,0.0165,12.233426377331101,12.87749293001437,0.003,0.0155,0.9565,0.028,0.0,137
CHI,18.0,28.177,0.4433254754888389,-0.06429745943032299,0.00025,0.001,13.657956415802676,12.78449957051586,0.00025,0.157,0.841,0.002,0.0,137
CLE,32.0,48.321,0.0,0.0,0.02,-0.091,0.0,0.0,0.96525,0.0,0.0,0.01325,0.07325,137
DET,40.0,58.35275,0.0951806106701941,0.0951806106701941,0.0,0.0,5.335848555996472,5.335848555996472,1.0,0.0,0.0,0.0,0.0,137
IND,31.0,45.599,0.1375514090013393,0.41815980329707336,0.061,-0.13025,7.538584228134374,8.501472660600047,0.807,0.0,0.0,0.11025,0.269,137
MIA,27.0,43.67025,-0.020108903359137946,0.27915389549890945,0.07,-0.07275,9.184863121365892,10.530437715205908,0.7215,0.0,0.0,0.30575,0.258,137
MIL,19.0,28.0215,0.0,0.0,0.0005,0.00275,0.0,0.0,0.00025,0.15925,0.839,0.00175,0.0,137
NYK,28.0,42.29,0.0,0.0,0.088,-0.0385,0.0,0.0,0.44075,0.0,0.00075,0.58775,0.201,137
ORL,35.0,49.7425,0.17709892805857583,0.24940261872499447,0.012,-0.04825,6.784089539224973,6.900191345381818,0.98175,0.0,0.0,0.0035,0.0445,137
PHI,33.0,48.96825,0.18757039030776013,0.2837070564360339,0.01875,-0.06675,6.942989507404828,7.091540838755423,0.9695,0.0,0.0,0.0085,0.0535,137
TOR,26.0,38.2145,0.17998591554999996,0.10847271873955776,0.02425,0.01775,9.352071667510119,11.658489474730956,0.1415,0.0,0.0315,0.926,0.02825,137
WAS,17.0,26.48925,0.36364746774241047,-0.07981089668452385,0.0,0.0005,14.426313957706249,11.750385822897616,0.0,0.37225,0.62725,0.0005,0.0,137
DAL,19.0,30.65175,0.3830533994669644,0.00551695442394558,0.00375,0.0245,2.354511896533482,3.3361636357289544,0.00525,0.02575,0.93825,0.035,0.001,137
DEN,34.0,50.71625,0.0,0.0,0.0005,-0.0055,0.0,0.0,0.99925,0.0,0.0,0.0,0.0025,137
GSW,28.0,39.4515,0.24758015406949405,0.41090136637972646,0.07675,-0.02,8.798077501557739,10.593894258490215,0.397,0.0,0.0095,0.6055,0.19975,137
HOU,33.0,51.0115,0.16274704872421733,0.167801077409634,0.00125,-0.006,6.498847877466325,6.501728227646385,0.9995,0.0,0.0,0.0,0.00125,137
LAC,20.0,28.02375,0.001151840828924163,0.001151840828924163,0.00025,0.00475,6.058328075396827,6.058328075396827,0.00025,0.1495,0.84675,0.00375,0.0,137
LAL,28.0,44.41475,0.0,0.0,0.036,-0.1235,0.0,0.0,0.9225,0.0,0.0,0.043,0.1395,137
MEM,21.0,30.45425,0.4298590232492556,0.011493049407998885,0.00375,0.0255,12.53076078566012,12.859533868312582,0.00475,0.026,0.9395,0.03425,0.00025,137
MIN,41.0,57.643,0.0,0.0,0.0,0.0,0.0,0.0,1.0,0.0,0.0,0.0,0.0,137
NOP,18.0,27.507,0.2969145833333333,-0.046960119047619056,0.0,0.00275,17.747869345238097,16.424952827380956,0.0,0.22175,0.7765,0.00175,0.0,137
OKC,36.0,54.20575,0.12067188295714844,0.12110890882485677,0.00025,-0.00025,6.058328075396827,6.058328075396827,1.0,0.0,0.0,0.0,0.0,137
PHX,27.0,42.45075,0.0,0.0,0.06675,-0.09425,0.0,0.0,0.785,0.0,0.0005,0.157,0.28025,137
POR,27.0,41.01775,0.23110537002202386,0.44671368924282173,0.0845,-0.05975,8.227444901020833,9.554990456284603,0.65525,0.0,0.003,0.31275,0.30275,137
SAC,14.0,22.9895,0.1283017947214286,-0.06397685501152202,0.0,0.0,15.340147593747766,12.157323035027007,0.0,0.87575,0.12425,0.0,0.0,137
SAS,42.0,61.153,0.0,0.0,0.0,0.0,0.0,0.0,1.0,0.0,0.0,0.0,0.0,137
UTA,25.0,37.27325,0.23797471946041665,0.13480147165714285,0.04675,0.03025,9.40563283278393,9.454417043692263,0.23125,0.0,0.063,0.807,0.07275,137
ATL,25.0,39.10725,0.0,0.0,0.05175,0.117,0.0,0.0,0.17025,0.0,0.35425,0.5745,0.04375,138
BOS,38.0,55.52025,0.13847271212240975,0.1400112582372907,0.0005,-0.00125,5.703211212763145,5.7043045198302575,0.99975,0.0,0.0,0.0,0.0005,138
BKN,17.0,27.80025,-0.0014749118165784834,-0.0014513999118165785,0.0,0.00025,6.98630779872134,6.984911072530863,0.0,0.36825,0.63175,0.0,0.0,138
CHA,22.0,31.69375,0.4618951655193449,-0.01064323099460173,0.0005,0.006,13.138385050050594,12.863819888804835,0.0015,0.02775,0.9655,0.00675,0.0,138
CHI,22.0,32.40575,0.4965486684577377,0.006072467010548472,0.0015,0.0125,12.725642858841963,12.861764105147111,0.002,0.01125,0.96825,0.0205,0.0,138
CLE,31.0,47.10575,0.0,0.0,0.0345,-0.124,0.0,0.0,0.89475,0.0,0.001,0.02775,0.23175,138
DET,39.0,55.56975,0.13837169312169326,0.139034614292229,0.0,-0.0015,5.698094411375662,5.698094411375662,1.0,0.0,0.0,0.0,0.0,138
IND,25.0,38.6305,0.34635956513482147,0.22463808042631087,0.04075,0.12475,9.370332298936162,12.09724975357515,0.1325,0.0,0.43575,0.518,0.028,138
MIA,36.0,52.2865,-0.0035852999962246476,0.012053545465641535,0.00325,-0.019,9.379907201726164,9.395714509540563,0.99725,0.0,0.0,0.00025,0.009,138
MIL,29.0,39.985,0.0,0.0,0.05125,0.08425,0.0,0.0,0.15075,0.0,0.2225,0.65425,0.08475,138
NYK,42.0,60.04475,0.0,0.0,0.0,0.0,0.0,0.0,1.0,0.0,0.0,0.0,0.0,138
ORL,28.0,44.2265,0.14697020933764884,0.4312167971186139,0.063,-0.0585,7.617160274560714,9.055926918401275,0.76125,0.0,0.0135,0.177,0.33775,138
PHI,31.0,47.94525,0.1927582680238977,0.3548501310816145,0.03025,-0.1335,6.9635281804724425,7.365529451347755,0.94125,0.0,0.00025,0.011,0.15425,138
TOR,33.0,48.73925,0.18650641878188381,0.31152530286963176,0.02175,-0.104,6.8070893732974325,7.091992910443314,0.94875,0.0,0.0,0.01,0.11025,138
WAS,16.0,25.27875,0.1394445277964287,-0.060866348665476126,0.0,0.0,15.254356178968301,11.487526412419047,0.0,0.7935,0.2065,0.0,0.0,138
DAL,21.0,34.58125,0.42272320640982153,0.3177715281015179,0.09825,0.11675,1.5255583564915178,2.4390233527886354,0.24875,0.0015,0.4595,0.35025,0.0845,138
DEN,26.0,39.16575,0.0,0.0,0.0855,-0.1075,0.0,0.0,0.7765,0.0,0.03,0.1315,0.20075,138
GSW,25.0,36.39225,0.6059350325717262,0.6019832861044585,0.10925,0.0375,9.612109437178127,10.507417670660091,0.4445,0.00025,0.18575,0.37325,0.18775,138
HOU,31.0,47.5195,0.1596022621458609,0.1605655602736883,0.00025,-0.00225,6.986361223786073,6.985401523463304,0.99975,0.0,0.0,0.0,0.00025,138
LAC,18.0,25.8935,0.0,0.0,0.0,0.0005,5.175891291887124,5.175891291887124,0.0,0.73125,0.268,0.00075,0.0,138
LAL,32.0,49.30475,0.0,0.0,0.0,-0.0005,0.0,0.0,0.99975,0.0,0.0,0.0,0.00025,138
MEM,23.0,31.4305,0.5087828128873508,0.12502964005226755,0.01725,0.07625,13.207999562309226,12.681038433807247,0.023,0.029,0.85625,0.0955,0.01175,138
MIN,30.0,45.919,0.0,0.0,0.00125,-0.00775,0.0,0.0,0.99925,0.0,0.0,0.00025,0.00125,138
NOP,20.0,31.32925,0.47895491071428536,0.24751726190476195,0.02325,0.073,13.666896875000003,15.579211755952382,0.035,0.0405,0.848,0.0935,0.0095,138
OKC,41.0,60.773,0.020649911816578506,0.020649911816578506,0.0,0.0,5.175891291887124,5.175891291887124,1.0,0.0,0.0,0.0,0.0,138
PHX,24.0,35.832,0.0,0.0,0.102,0.06175,0.0,0.0,0.3405,0.00025,0.249,0.403,0.16175,138
POR,25.0,38.67525,0.3903499675052084,0.551534794644752,0.08825,-0.085,8.220129184356695,8.846956698729167,0.7665,0.0,0.04425,0.1715,0.186,138
SAC,14.0,20.769,0.03918998433660714,-0.004091758599450102,0.0,0.0,15.801967920605351,12.03368991207367,0.0,0.996,0.004,0.0,0.0,138
SAS,32.0,50.19475,0.0,0.0,0.0,0.0,0.0,0.0,1.0,0.0,0.0,0.0,0.0,138
UTA,24.0,35.881,0.6622588810845239,0.30623195093869043,0.11525,0.06325,10.032114499311014,9.155161909715476,0.3665,0.0005,0.256,0.3805,0.15625,138
ATL,26.0,40.869,0.0,0.0,0.03475,0.0135,0.0,0.0,0.266,0.0,0.02675,0.89275,0.034,139
BOS,35.0,51.5735,0.1598718102594467,0.2003209438112324,0.006,-0.03475,6.233141609036956,6.271836086397075,0.99575,0.0,0.0,0.0025,0.01175,139
BKN,19.0,28.25475,0.003406547619047621,-0.009942410714285721,0.0,0.0,7.677067471340387,7.889554822530863,0.0,0.0825,0.91725,0.00025,0.0,139
CHA,22.0,33.7915,0.2174736650190477,0.023704318048432527,0.002,0.02,11.48712076277768,12.969604570070615,0.00425,0.00075,0.97225,0.027,0.0,139
CHI,9.0,16.194,0.018829057854910698,-0.0015524112303769786,0.0,0.0,15.83827864147321,12.106816274500616,0.0,0.9995,0.0005,0.0,0.0,139
CLE,33.0,47.83975,0.0,0.0,0.05775,-0.1355,0.0,0.0,0.88125,0.0,0.0,0.084,0.13125,139
DET,33.0,51.40575,0.1531434587333003,0.20421098573121696,0.00825,-0.0385,6.268811849183996,6.324204718515542,0.9925,0.0,0.0,0.0045,0.016,139
IND,33.0,45.777,0.25856877753431445,0.6308294043454751,0.09725,-0.1305,7.720491416116728,9.173242081803046,0.61225,0.0,0.00025,0.28375,0.262,139
MIA,30.0,45.75675,-0.03258410014539786,0.3212881306014958,0.0925,-0.123,9.205041004413731,10.391445384502195,0.722,0.0,0.00075,0.28525,0.17675,139
MIL,14.0,21.52275,0.0,0.0,0.0,0.0,0.0,0.0,0.0,0.938,0.062,0.0,0.0,139
NYK,34.0,53.818,0.0,0.0,0.0,-0.006,0.0,0.0,0.99975,0.0,0.0,0.0,0.00175,139
ORL,32.0,46.9005,0.24695241022705028,0.5947292578726355,0.0735,-0.15175,7.325280833578246,8.252090411894217,0.80075,0.0,0.0,0.1615,0.17325,139
PHI,35.0,53.897,0.17246679281024047,0.17804163221887143,0.0005,-0.00525,5.824331846443591,5.82764832908749,0.99875,0.0,0.0,0.00025,0.00125,139
TOR,32.0,46.0745,0.2568273802392858,0.5982415424622618,0.08325,-0.1295,7.550523656086221,8.823252387119119,0.72675,0.0,0.00025,0.2575,0.192,139
WAS,22.0,30.44675,0.3330349720799104,-0.004378208964285699,0.0,0.001,12.637409661739285,12.00952590432381,0.0,0.0085,0.99075,0.00075,0.0,139
DAL,27.0,41.56375,0.08394401297187501,0.3256606232011309,0.10425,-0.1185,0.24353825271250001,1.157853378691756,0.629,0.0,0.00075,0.40525,0.15425,139
DEN,29.0,42.4165,0.0,0.0,0.10475,-0.1325,0.0,0.0,0.684,0.0,0.0,0.2725,0.1935,139
GSW,31.0,42.12575,0.3193263789104167,0.6067525877261407,0.12575,-0.126,8.294053601367708,9.349714128119148,0.618,0.0,0.00025,0.33325,0.19125,139
HOU,27.0,43.47075,0.22093147565410606,0.47604024638550474,0.074,-0.13775,7.722247493494702,8.306970311953581,0.86025,0.0,0.00025,0.1495,0.1105,139
LAC,19.0,28.69175,0.0,0.0,0.0,0.0005,5.156790123456789,5.156790123456789,0.0,0.061,0.93875,0.00025,0.0,139
LAL,27.0,41.27075,0.0,0.0,0.10625,-0.102,0.0,0.0,0.57875,0.0,0.003,0.45025,0.1565,139
MEM,19.0,25.63,0.29569472064151775,-0.1298104533060314,0.0,0.0,14.63605771720223,12.64280226263389,0.0,0.4015,0.5985,0.0,0.0,139
MIN,35.0,51.68225,0.0,0.0,0.0,-0.0005,0.0,0.0,1.0,0.0,0.0,0.0,0.0,139
NOP,16.0,27.368,0.09252261904761912,-0.21107604166666663,0.0,0.0,19.302628125000002,15.960642857142858,0.00025,0.167,0.83275,0.00025,0.0,139
OKC,45.0,67.0475,0.0,0.0,0.0,0.0,5.156790123456789,5.156790123456789,1.0,0.0,0.0,0.0,0.0,139
PHX,27.0,41.779,0.0,0.0,0.1045,-0.12075,0.0,0.0,0.6495,0.0,0.00075,0.37225,0.16675,139
POR,32.0,46.80375,0.17194429712478507,0.2307699020088624,0.0125,-0.052,7.147690877070034,7.225891412914825,0.98025,0.0,0.0,0.012,0.02725,139
SAC,17.0,26.168,0.31709364000223195,-0.11456006332121,0.0,0.0,14.424060305569641,12.713676897743593,0.0,0.3225,0.6775,0.0,0.0,139
SAS,40.0,59.67125,0.0,0.0,0.0,0.0,0.0,0.0,1.0,0.0,0.0,0.0,0.0,139
UTA,20.0,30.1895,0.34116945959687467,0.001738988656547638,0.00025,0.005,12.745564646529019,10.137725777489878,0.0,0.01875,0.97675,0.0045,0.0,139
ATL,32.0,48.821,0.0,0.0,0.0345,-0.11525,0.0,0.0,0.95025,0.0,0.00025,0.03225,0.076,140
BOS,28.0,43.333,0.2789719014758323,0.5414347648002511,0.08275,-0.00725,8.321871777195597,10.542105333275373,0.47475,0.0,0.069,0.5405,0.1725,140
BKN,17.0,26.03975,-0.0026752039241622586,-0.003837108686067019,0.0,0.0,6.478543231922398,6.485267190255732,0.0,0.42525,0.57475,0.0,0.0,140
CHA,26.0,38.76375,0.32869359408422616,0.18699371034200227,0.0275,0.105,10.198602194928275,12.55901427244614,0.04825,0.0,0.75475,0.224,0.011,140
CHI,15.0,24.25025,0.2009684697723215,-0.11216484896047592,0.0,0.0,15.216505939977676,12.275758603573145,0.0,0.732,0.268,0.0,0.0,140
CLE,32.0,48.832,0.0,0.0,0.03475,-0.112,0.0,0.0,0.9555,0.0,0.0,0.02775,0.0795,140
DET,29.0,43.049,0.3161935653720239,0.5144736499680144,0.0865,0.0205,8.561397935175894,10.773769821906624,0.35625,0.0,0.104,0.5525,0.169,140
IND,36.0,51.62475,0.21932342595858145,0.2601092031623017,0.0085,-0.032,5.985002864006531,6.019224264677861,0.99375,0.0,0.00025,0.0015,0.01275,140
MIA,32.0,48.0995,-0.020305568554122556,0.1484910607334498,0.035,-0.13275,9.308967517985788,9.686661743559691,0.91175,0.0,0.00175,0.04975,0.124,140
MIL,20.0,29.279,0.0,0.0,0.0,0.0,0.0,0.0,0.0,0.064,0.936,0.0,0.0,140
NYK,35.0,51.66925,0.0,0.0,0.0065,-0.0295,0.0,0.0,0.994,0.0,0.0,0.002,0.0145,140
ORL,33.0,48.7515,0.2565768375513669,0.4362639630775574,0.03525,-0.11225,6.740063266234211,7.067453589865113,0.94425,0.0,0.00075,0.0345,0.09025,140
PHI,31.0,49.65125,0.2593263021877976,0.3558296240155754,0.0155,-0.0805,6.4789675493380186,6.630528509880875,0.979,0.0,0.00025,0.01075,0.048,140
TOR,30.0,43.37725,0.29922824765940265,0.5110882148457007,0.0905,-0.00675,8.433359630147828,10.545841609600403,0.39225,0.0,0.069,0.5245,0.2025,140
WAS,21.0,29.058,0.37180294328080316,-0.02480630532440476,0.0,0.0,13.543685171371427,11.923014706956547,0.0,0.06325,0.93675,0.0,0.0,140
DAL,22.0,31.9865,0.25845243896517867,0.02305229897711735,0.0025,0.02575,2.289346402474107,3.357464333088869,0.00125,0.005,0.96325,0.0315,0.00025,140
DEN,30.0,47.1215,0.0,0.0,0.017,-0.0705,0.0,0.0,0.9775,0.0,0.0,0.01,0.04075,140
GSW,27.0,40.30475,0.344493772148512,0.4484992215472222,0.088,-0.03125,9.012030609620833,10.491496714024242,0.45575,0.0,0.009,0.594,0.18375,140
HOU,34.0,49.592,0.22332365215671848,0.23376038340890104,0.0015,-0.0165,6.479642229584007,6.495847582414908,0.997,0.0,0.0,0.00125,0.00625,140
LAC,14.0,21.83,-0.0005548500881834218,-0.0005548500881834218,0.0,0.0,5.251126906966489,5.251126906966489,0.0,0.9465,0.0535,0.0,0.0,140
LAL,27.0,41.20975,0.0,0.0,0.08675,-0.05275,0.0,0.0,0.517,0.0,0.00825,0.44025,0.2585,140
MEM,22.0,30.2145,0.34004788729553526,-0.008002892259675414,0.0005,0.008,13.066176337785265,12.8852062831984,0.0005,0.02225,0.96975,0.008,0.0,140
MIN,30.0,46.276,0.0,0.0,0.01675,-0.09625,0.0,0.0,0.96675,0.0,0.0,0.02025,0.0645,140
NOP,16.0,24.8165,0.27500952380952376,-0.05634717261904758,0.0,0.0,18.58071830357143,15.812664880952381,0.0,0.65675,0.34325,0.0,0.0,140
OKC,37.0,55.6935,0.07764748677248684,0.07762397486772495,0.0,0.0,5.251126906966489,5.251126906966489,1.0,0.0,0.0,0.0,0.0,140
PHX,28.0,43.4095,0.0,0.0,0.071,-0.1205,0.0,0.0,0.792,0.0,0.0,0.155,0.2305,140
POR,31.0,46.20725,0.19046824159458778,0.30711406715931994,0.0305,-0.1035,7.269510825860388,7.469699609415548,0.9555,0.0,0.0,0.0215,0.07775,140
SAC,21.0,28.66475,0.3644219454959817,-0.04397020774463283,0.00025,0.0025,13.710207523935265,12.839163228670769,0.0,0.085,0.91425,0.00075,0.0,140
SAS,38.0,58.736,0.0,0.0,0.0,0.0,0.0,0.0,1.0,0.0,0.0,0.0,0.0,140
UTA,26.0,39.33825,0.34427197138690474,0.19191630787619043,0.07325,-0.01025,9.455401848034377,9.232553739109523,0.33675,0.0,0.02325,0.7175,0.13775,140
ATL,35.0,49.93125,0.0,0.0,0.005,-0.0255,0.0,0.0,0.99425,0.0,0.0,0.0,0.01325,141
BOS,35.0,52.008,0.1404091808585759,0.14727796160708778,0.001,-0.00775,6.172698560887843,6.177493496565521,0.9995,0.0,0.0,0.0,0.002,141
BKN,22.0,33.47175,0.0012098214285714334,0.010351488095238103,0.013,0.0805,7.642816964285713,8.184489583333333,0.02025,0.01375,0.85275,0.13125,0.0015,141
CHA,24.0,36.43725,0.4653993063302083,0.25384723682327087,0.05175,0.1415,10.119107996944942,12.096553998891533,0.132,0.0,0.454,0.51025,0.02075,141
CHI,16.0,24.85225,0.09302618898437512,-0.0600086116453939,0.0,0.0,15.336812219449104,12.07901375847785,0.0,0.89375,0.10625,0.0,0.0,141
CLE,36.0,55.40825,0.0,0.0,0.0,-0.00025,0.0,0.0,1.0,0.0,0.0,0.0,0.0,141
DET,30.0,42.309,0.20421457052991077,0.38355855495559105,0.06525,-0.04575,8.01840339079762,9.369825533544034,0.6675,0.0,0.0095,0.18775,0.4415,141
IND,21.0,33.24825,0.5671083397626485,0.06916645824912834,0.01175,0.06425,12.05313208487396,12.685806283367054,0.02275,0.0145,0.87125,0.11175,0.0015,141
MIA,31.0,48.87725,-0.002730378278439152,0.026339315829089507,0.00375,-0.05225,9.376884504262977,9.417175642384308,0.994,0.0,0.0,0.001,0.024,141
MIL,27.0,38.833,0.0,0.0,0.06175,0.0715,0.0,0.0,0.26325,0.0,0.132,0.67425,0.121,141
NYK,30.0,44.7135,0.0,0.0,0.0335,-0.11975,0.0,0.0,0.88175,0.0,0.0015,0.0375,0.254,141
ORL,24.0,34.7395,0.5671653059627975,0.16350041276733973,0.02575,0.1245,11.131761186362056,12.511736444217224,0.0475,0.00225,0.744,0.244,0.00575,141
PHI,30.0,46.605,0.15669407190847665,0.28567974731829804,0.01975,-0.1315,7.185985905051195,7.4503868092061545,0.96,0.0,0.0,0.0085,0.1095,141
TOR,35.0,51.50425,0.15147789961538252,0.16309829161181108,0.00175,-0.012,6.245784555638118,6.255636693582612,0.999,0.0,0.0,0.00025,0.00375,141
WAS,22.0,33.129,0.5632246854511902,0.04685599279523815,0.01075,0.0565,12.1516284075875,11.806668526718456,0.01825,0.01425,0.89025,0.0935,0.0015,141
DAL,23.0,33.2485,0.4328513138084822,0.11664961796182396,0.01225,0.11775,2.074652083673661,2.634847120014775,0.07225,0.0135,0.3735,0.6125,0.0005,141
DEN,34.0,52.482,0.0,0.0,0.00025,-0.002,0.0,0.0,0.99975,0.0,0.0,0.0,0.0005,141
GSW,19.0,30.31225,0.49292199474255916,0.022204673223887486,0.01075,0.07125,13.690200438941813,12.575827668909408,0.0185,0.12675,0.74125,0.132,0.0,141
HOU,29.0,43.60625,0.17106492558571432,0.46173202958685516,0.0665,-0.12175,7.689226267313541,8.77813053811478,0.7925,0.0,0.0,0.1995,0.2245,141
LAC,21.0,30.86325,-0.0002581238977072313,-0.0002581238977072313,0.01125,0.09475,5.247220006613755,5.247220006613755,0.02,0.088,0.71925,0.19275,0.0,141
LAL,29.0,45.9115,0.0,0.0,0.0365,-0.11925,0.0,0.0,0.9365,0.0,0.0,0.05225,0.09725,141
MEM,20.0,28.541,0.33939091197767846,-0.07840343218332611,0.00325,0.03275,14.495240378342407,12.48192157313733,0.003,0.362,0.596,0.042,0.0,141
MIN,31.0,47.51575,0.0,0.0,0.01425,-0.07575,0.0,0.0,0.98175,0.0,0.0,0.01275,0.0465,141
NOP,6.0,12.34375,-0.008120535714285716,0.02038854166666667,0.0,0.0,16.418962946428575,14.339709523809525,0.0,1.0,0.0,0.0,0.0,141
OKC,37.0,57.5745,0.0648399029982364,0.0648399029982364,0.0,0.0,5.247220006613755,5.247220006613755,1.0,0.0,0.0,0.0,0.0,141
PHX,30.0,45.63975,0.0,0.0,0.03925,-0.131,0.0,0.0,0.9265,0.0,0.0,0.05425,0.12075,141
POR,31.0,42.01775,0.21590356456458343,0.49151645087395834,0.085,-0.069,8.178651639664583,10.017332077644841,0.50725,0.0,0.0,0.46775,0.25125,141
SAC,20.0,27.9445,0.29407062892098207,-0.10509627478484253,0.00075,0.02075,14.742845160148212,12.414442473359756,0.001,0.47125,0.50825,0.0205,0.0,141
SAS,42.0,62.39025,0.0,0.0,0.0,0.0,0.0,0.0,1.0,0.0,0.0,0.0,0.0,141
UTA,30.0,43.5415,0.1785102578566965,0.26842120967857147,0.074,-0.12475,7.755285069749107,8.181513024875596,0.741,0.0,0.00025,0.21375,0.25875,141
ATL,25.0,37.998,0.0,0.0,0.0685,0.03425,0.0,0.0,0.41775,0.0,0.06825,0.52325,0.242,142
BOS,37.0,54.2535,0.11694896384479722,0.11694896384479722,0.0,-0.0005,6.114221593915345,6.114888092240046,1.0,0.0,0.0,0.0,0.00025,142
BKN,15.0,24.5095,-0.001735438712522048,-0.001735438712522048,0.0,0.0,5.987909997795415,5.987909997795415,0.0,0.32875,0.67125,0.0,0.0,142
CHA,22.0,33.3955,0.4954132075226189,0.20702880904144547,0.036,0.12875,11.808767869435119,12.413797181523297,0.064,0.00025,0.665,0.308,0.0185,142
CHI,13.0,20.302,0.11204576056428578,-0.04477961171047899,0.0,0.0,15.587364821360264,12.079251739656355,0.0,0.9275,0.0725,0.0,0.0,142
CLE,37.0,55.4605,0.0,0.0,0.0,-0.00025,0.0,0.0,1.0,0.0,0.0,0.0,0.0,142
DET,21.0,33.72575,0.5086315248611606,0.21012010241596216,0.03375,0.1295,11.62556969274747,12.331634573731392,0.07825,0.0,0.60275,0.36675,0.0215,142
IND,24.0,38.48125,0.3786795122611608,0.409668600742809,0.0725,0.0305,8.777282689428274,10.255427966788808,0.53225,0.0,0.0495,0.43225,0.2825,142
MIA,29.0,45.1775,-0.01091665697861551,0.07583372404306402,0.019,-0.11975,9.33624441818232,9.58921957062751,0.94675,0.0,0.0,0.00625,0.1425,142
MIL,18.0,26.3685,0.0,0.0,0.0,0.00125,0.0,0.0,0.0,0.10925,0.88975,0.001,0.0,142
NYK,41.0,58.2775,0.0,0.0,0.0,0.0,0.0,0.0,1.0,0.0,0.0,0.0,0.0,142
ORL,31.0,44.8255,0.06853510581875001,0.22482548306071432,0.0285,-0.1355,7.452989560926636,7.907782109816963,0.9165,0.0,0.0,0.00925,0.19825,142
PHI,36.0,53.65825,0.120576016555032,0.12101820020577603,0.00025,-0.0005,6.190643190276373,6.192370178885451,0.99975,0.0,0.0,0.0,0.00075,142
TOR,30.0,46.4685,0.06494009219062502,0.14567230851626986,0.012,-0.0915,7.320960134012052,7.489140379630058,0.97775,0.0,0.0,0.0035,0.06875,142
WAS,23.0,33.73875,0.486235815938988,0.17139443837500004,0.02875,0.126,11.649930316566518,11.51005978714643,0.067,0.0,0.61525,0.34975,0.025,142
DAL,21.0,32.69225,0.31350827176071433,0.03643817911480868,0.00825,0.02725,2.2696423068910714,3.3056974974824196,0.00875,0.00025,0.9675,0.0285,0.001,142
DEN,27.0,39.658,0.0,0.0,0.11325,0.04775,0.0,0.0,0.423,0.0,0.16475,0.431,0.1755,142
GSW,20.0,29.5005,0.25691210999508907,-0.006107336259250268,0.00025,0.00225,13.53792256260595,12.868261407721945,0.00075,0.00875,0.989,0.00225,0.0,142
HOU,39.0,55.247,0.13752314814814826,0.13752314814814826,0.0,0.0,5.987909997795415,5.987909997795415,1.0,0.0,0.0,0.0,0.0,142
LAC,28.0,38.01625,0.00428385141093475,0.00428385141093475,0.076,0.11175,5.566427788800706,5.566427788800706,0.1935,0.0,0.39625,0.428,0.09625,142
LAL,31.0,48.32375,0.0,0.0,0.00425,-0.0205,0.0,0.0,0.99725,0.0,0.0,0.001,0.0055,142
MEM,31.0,41.38025,0.2510929438287203,0.5656073354613195,0.106,-0.04275,8.063405441987202,9.550055620256087,0.59725,0.0,0.05275,0.264,0.28725,142
MIN,35.0,51.62025,0.0,0.0,0.0,-0.0025,0.0,0.0,1.0,0.0,0.0,0.0,0.00025,142
NOP,12.0,21.75,0.1811962797619048,-0.044445982142857145,0.0,0.0,19.853995982142855,15.57767380952381,0.0,0.81625,0.18375,0.0,0.0,142
OKC,36.0,57.4265,0.16231431878306896,0.16231431878306896,0.0,0.0,5.566427788800706,5.566427788800706,1.0,0.0,0.0,0.0,0.0,142
PHX,30.0,44.36525,0.0,0.0,0.04275,-0.11475,0.0,0.0,0.91475,0.0,0.003,0.04075,0.13175,142
POR,27.0,38.7555,0.4158253828677084,0.5262169497315758,0.09375,0.0875,9.011933634810417,11.155698735749452,0.314,0.0,0.2825,0.43825,0.13,142
SAC,14.0,21.835,0.14513864629464301,-0.09925253801804695,0.0,0.0,15.338997805837941,12.181216348027183,0.0,0.809,0.191,0.0,0.0,142
SAS,41.0,62.65,0.0,0.0,0.0,0.0,0.0,0.0,1.0,0.0,0.0,0.0,0.0,142
UTA,26.0,40.139,0.32687465376398817,0.2723833097642857,0.1055,0.0175,8.368490774000445,8.807969652635714,0.55075,0.0,0.13525,0.36625,0.1725,142
ATL,29.0,43.86075,0.0,0.0,0.075,-0.04775,0.0,0.0,0.5545,0.0,0.0085,0.46675,0.24475,143
BOS,37.0,54.407,0.174221040323275,0.17514033973413815,-0.00025,-0.0035,5.899070950899664,5.9023546881257065,0.99925,0.0,0.0,0.0,0.0015,143
BKN,20.0,31.11925,0.0018908179012345728,0.0018908179012345728,0.00025,0.0075,6.116709336419754,6.116685824514993,0.0,0.07325,0.91975,0.007,0.0,143
CHA,28.0,38.68725,0.22139323328184524,0.1865944547233147,0.02075,0.10625,9.370876352741373,11.973348631092652,0.0925,0.0,0.267,0.70575,0.0185,143
CHI,23.0,34.30925,0.5871378065355652,0.058756494528944075,0.0065,0.05175,11.332741816384226,12.816338566228895,0.01025,0.0045,0.9145,0.08075,0.00025,143
CLE,30.0,46.2275,0.0,0.0,0.055,-0.1135,0.0,0.0,0.81925,0.0,0.0005,0.14125,0.24875,143
DET,34.0,53.9055,0.16335366450336208,0.1695615266295526,0.0005,-0.00675,5.994073293891893,5.99582624224472,0.99975,0.0,0.0,0.0,0.00075,143
IND,30.0,44.36125,0.1462986903504465,0.49365548980026785,0.08575,-0.06025,7.818020909349256,9.755414696615215,0.59025,0.0,0.0045,0.36475,0.299,143
MIA,22.0,35.563,0.4834645622235118,0.08992049177331282,0.0135,0.08475,10.639622494081923,12.831301447757863,0.0265,0.00125,0.81675,0.1805,0.00075,143
MIL,21.0,30.9865,0.0,0.0,0.00025,0.00525,0.0,0.0,0.0,0.06725,0.92825,0.0045,0.0,143
NYK,39.0,56.384,0.0,0.0,0.0,-0.001,0.0,0.0,1.0,0.0,0.0,0.0,0.0,143
ORL,35.0,49.06375,0.19304971993109565,0.36109467315163135,0.03125,-0.09975,6.96832330620372,7.262643376337152,0.9465,0.0,0.0,0.018,0.101,143
PHI,29.0,48.47675,0.1844631181085648,0.3534004228558366,0.027,-0.1165,7.060186658017266,7.342069858148963,0.96225,0.0,0.0,0.0245,0.08075,143
TOR,38.0,53.76525,0.1770117688008985,0.18474800422515444,0.00075,-0.00575,6.007188349970927,6.017709157832385,0.99875,0.0,0.0,0.00025,0.004,143
WAS,22.0,31.15925,0.5409237695992556,-0.017994184985714257,0.0005,0.00775,13.357100192700743,11.92217870239643,0.00025,0.05625,0.93775,0.006,0.0,143
DAL,21.0,32.68625,0.5386630433379465,0.25262759426745324,0.0725,0.13625,2.3035075146214283,2.6843154079083082,0.1495,0.01875,0.5235,0.34175,0.06225,143
DEN,33.0,49.4855,0.0,0.0,0.0,-0.00025,0.0,0.0,1.0,0.0,0.0,0.0,0.0,143
GSW,27.0,40.02075,0.13876171326056547,0.2515496469950099,0.037,-0.11675,7.637480305086308,7.915592302373571,0.91725,0.0,0.00325,0.03925,0.1335,143
HOU,37.0,53.186,0.16905023148148154,0.16900320767195773,0.0,0.0,6.116709336419754,6.116685824514993,1.0,0.0,0.0,0.0,0.0,143
LAC,24.0,33.82375,-0.0007592813051146396,-0.0007592813051146396,0.08875,0.1205,5.240286375661374,5.240286375661374,0.22025,0.0035,0.346,0.44025,0.11975,143
LAL,22.0,35.569,0.0,0.0,0.10725,0.02075,0.0,0.0,0.49775,0.00075,0.148,0.36375,0.21675,143
MEM,17.0,24.29825,0.11355781437991078,-0.04511718589557813,0.0,0.0005,15.514872513941068,12.092089328030353,0.0,0.9445,0.055,0.0005,0.0,143
MIN,24.0,40.84175,0.0,0.0,0.024,-0.0985,0.0,0.0,0.97175,0.0,0.0015,0.025,0.054,143
NOP,16.0,23.444,0.05337529761904763,-0.1320184523809524,0.0,0.0,19.065256696428573,15.635408184523811,0.0,0.97475,0.02525,0.0,0.0,143
OKC,39.0,58.71375,0.06379928350970024,0.06379928350970024,0.0,0.0,5.240286375661374,5.240286375661374,1.0,0.0,0.0,0.0,0.0,143
PHX,24.0,38.409,0.0,0.0,0.076,-0.11475,0.0,0.0,0.8365,0.0,0.0155,0.12075,0.20325,143
POR,22.0,31.617,0.6199461306409222,0.2018520763517884,0.03025,0.11825,12.871468822871131,12.40435064965652,0.0675,0.0455,0.6715,0.23025,0.03625,143
SAC,16.0,25.9995,0.17239545989642863,-0.0904809917831815,0.00025,0.00375,15.227521369566961,12.208847641139021,0.0005,0.80625,0.19025,0.0035,0.0,143
SAS,38.0,54.95425,0.0,0.0,0.0,0.0,0.0,0.0,1.0,0.0,0.0,0.0,0.0,143
UTA,23.0,34.675,0.7168521572162201,0.2544818887720237,0.10075,0.068,10.345468918951784,9.214706499682142,0.339,0.0035,0.22275,0.435,0.17425,143
ATL,35.0,50.709,0.0,0.0,0.002,-0.0115,0.0,0.0,0.998,0.0,0.0,0.00025,0.0035,144
BOS,38.0,54.566,0.1652106150793652,0.1652106150793652,0.0,-0.00025,5.6772177469135805,5.677887372470723,1.0,0.0,0.0,0.0,0.00025,144
BKN,19.0,29.905,0.0037244047619047586,-0.0026608630952380924,0.00025,0.002,7.205704767416225,7.258306999559081,0.0,0.159,0.83875,0.00225,0.0,144
CHA,26.0,38.24975,0.41779789065907746,0.33887873548573383,0.053,0.12375,9.742008527817262,12.072558442868074,0.13775,0.0,0.50425,0.40825,0.04375,144
CHI,9.0,19.6135,0.04688651002946425,-0.0018079564440617868,0.0,0.0,15.643751949291516,12.05462546597109,0.0,0.99825,0.00175,0.0,0.0,144
CLE,27.0,40.7395,0.0,0.0,0.09625,0.03525,0.0,0.0,0.3525,0.0,0.1395,0.51525,0.17425,144
DET,29.0,45.6595,0.13259131729702384,0.35019440216085745,0.04425,-0.12675,7.39980883767134,7.857005113563224,0.91075,0.0,0.004,0.0545,0.11825,144
IND,24.0,39.026,0.41562776683720243,0.40163551465941866,0.07575,0.113,9.317639457809971,11.72926660309942,0.23225,0.0,0.34925,0.51625,0.06125,144
MIA,38.0,53.642,0.0,0.0,0.0,-0.0005,9.382940917107586,9.382940917107586,1.0,0.0,0.0,0.0,0.0,144
MIL,22.0,30.14025,0.0,0.0,0.0,0.001,0.0,0.0,0.0,0.1375,0.862,0.0005,0.0,144
NYK,29.0,44.115,0.0,0.0,0.07375,-0.1235,0.0,0.0,0.80775,0.0,0.01175,0.1375,0.204,144
ORL,30.0,45.453,0.13612015544434528,0.32944511108183816,0.04575,-0.119,7.413891238619344,7.889246333447459,0.9045,0.0,0.0045,0.056,0.127,144
PHI,37.0,53.93375,0.1690404235215224,0.16946944156333787,0.00025,-0.00025,5.809993333574432,5.810422351616247,0.99975,0.0,0.0,0.0,0.00025,144
TOR,29.0,42.811,0.245078930317262,0.5887583035070265,0.10725,-0.07925,7.943081938410119,9.425279215567913,0.64875,0.0,0.0355,0.26525,0.26625,144
WAS,23.0,34.22875,0.45860201366607123,0.03332865891130954,0.00475,0.03575,11.974465409090477,11.920658656005951,0.008,0.00375,0.95025,0.044,0.00125,144
DAL,22.0,33.83325,0.389239341740625,0.14611377412274662,0.0245,0.12275,2.1004142495825895,3.012438275591774,0.07275,0.009,0.65825,0.3145,0.01125,144
DEN,35.0,52.03625,0.0,0.0,0.00025,-0.00325,0.0,0.0,0.99975,0.0,0.0,0.0,0.0005,144
GSW,29.0,40.76925,0.2753136302846727,0.3746658723132752,0.0705,-0.0305,8.278814288965627,9.427650045960766,0.647,0.0,0.00925,0.203,0.42275,144
HOU,31.0,46.82,0.11835490841240631,0.17621756286260473,0.01025,-0.06725,7.209689436423814,7.306515384582843,0.98425,0.0,0.0,0.00225,0.042,144
LAC,22.0,29.257,-0.0009558311287477956,-0.0009558311287477956,0.00125,0.01425,5.691081062610229,5.691081062610229,0.002,0.2185,0.7665,0.015,0.0,144
LAL,34.0,52.43,0.0,0.0,0.0,-0.0005,0.0,0.0,1.0,0.0,0.0,0.0,0.00025,144
MEM,24.0,35.656,0.5015201008779762,0.24647935721141126,0.04425,0.111,10.804181194164288,11.96347722479544,0.17125,0.00125,0.3355,0.59975,0.0395,144
MIN,30.0,46.381,0.0,0.0,0.0115,-0.0785,0.0,0.0,0.983,0.0,0.0,0.00525,0.04725,144
NOP,20.0,27.96775,0.17877574404761903,-0.11629642857142854,0.00025,0.0035,18.67097708333333,16.031722470238098,0.00025,0.4435,0.55425,0.00225,0.0,144
OKC,36.0,54.48275,0.18521666666666683,0.18521666666666683,0.0,-0.00025,5.691081062610229,5.691081062610229,1.0,0.0,0.0,0.0,0.0,144
PHX,28.0,42.7725,0.0,0.0,0.04875,-0.09525,0.0,0.0,0.84375,0.0,0.00175,0.0635,0.31025,144
POR,20.0,32.0115,0.4891574573418152,0.07781056856092392,0.01775,0.07675,12.995043047206545,12.735963434338522,0.0275,0.0305,0.83925,0.12625,0.0025,144
SAC,11.0,19.00225,0.04870871847589281,-0.001562619195793646,0.0,0.0,15.70116386500446,12.054189659490774,0.0,0.99875,0.00125,0.0,0.0,144
SAS,37.0,56.43,0.0,0.0,0.0,0.0,0.0,0.0,1.0,0.0,0.0,0.0,0.0,144
UTA,26.0,37.3585,0.4496839358254465,0.16284435545595233,0.06525,0.061,9.860351284552085,9.404891350159524,0.2685,0.0,0.1325,0.66825,0.12375,144
ATL,23.0,36.33775,0.0,0.0,0.093,0.10725,0.0,0.0,0.27675,0.0005,0.317,0.4745,0.102,145
BOS,36.0,51.41575,0.07052428350970015,0.07052428350970015,0.0,-0.00025,6.286245028659614,6.286245028659614,1.0,0.0,0.0,0.0,0.0,145
BKN,23.0,32.955,0.004284077380952382,0.033611160714285715,0.01975,0.09325,7.716692708333333,8.572497767857143,0.0285,0.0115,0.8215,0.14675,0.01275,145
CHA,27.0,40.26075,0.25318822676413694,0.5135207246588464,0.087,-0.08975,8.040923933641965,9.025647463005505,0.727,0.0,0.0285,0.1945,0.24075,145
CHI,19.0,29.236,0.44614637519419614,-0.08319129291395105,0.00075,0.009,13.950139481306694,12.74826156373963,0.0005,0.2175,0.7745,0.00775,0.00025,145
CLE,20.0,32.98075,0.0,0.0,0.02975,0.083,0.0,0.0,0.046,0.0165,0.82125,0.14175,0.01075,145
DET,35.0,52.77825,0.04343683862433862,0.04343683862433862,0.0,0.0,6.199928472222224,6.199928472222224,1.0,0.0,0.0,0.0,0.0,145
IND,27.0,38.98225,0.3258774065872025,0.5520295261400552,0.09875,-0.02425,8.484742760769347,9.818122754014729,0.565,0.0,0.0685,0.31225,0.2605,145
MIA,25.0,37.719,0.19510593455797515,0.3680159124654236,0.097,0.03975,9.706366565750464,11.350735082704063,0.42225,0.0,0.15875,0.4305,0.18475,145
MIL,23.0,33.67775,0.0,0.0,0.03425,0.1015,0.0,0.0,0.059,0.00725,0.755,0.205,0.01975,145
NYK,36.0,54.589,0.0,0.0,0.0,0.0,0.0,0.0,1.0,0.0,0.0,0.0,0.0,145
ORL,31.0,47.155,0.15975170130000002,0.16860231974097223,0.00175,-0.00925,6.927581262327083,6.934970155572321,0.99925,0.0,0.0,0.00025,0.003,145
PHI,27.0,41.74225,0.1440575341779762,0.35906780935039684,0.0515,-0.114,7.658933452820534,8.183042968133096,0.878,0.0,0.00625,0.08225,0.15925,145
TOR,33.0,47.53125,0.1660962929696098,0.17371949435859788,0.0,-0.0095,6.868695475810835,6.881269486001411,0.99725,0.0,0.0,0.00025,0.006,145
WAS,19.0,28.69575,0.41626615179494025,-0.07009563073988093,0.0015,0.006,14.22229807161964,11.811036418063093,0.0005,0.28825,0.70725,0.00425,0.00025,145
DAL,30.0,43.98175,0.02221629969732143,0.2412094235623512,0.08025,-0.136,0.051553302492410726,0.6400232968123512,0.7885,0.0,0.0,0.1575,0.23025,145
DEN,31.0,50.02025,0.0,0.0,0.00275,-0.01475,0.0,0.0,0.99825,0.0,0.0,0.0005,0.004,145
GSW,19.0,29.97275,0.48912690446666635,0.006313993209706702,0.00825,0.06,13.555133529912055,12.700666872488782,0.0125,0.13725,0.75675,0.106,0.0,145
HOU,29.0,42.60225,0.1537720690163691,0.4912516767597222,0.07825,-0.097,7.7922124919375,9.46985401554127,0.648,0.0,0.00025,0.322,0.26625,145
LAC,21.0,30.32875,-0.000774371693121694,-0.000774371693121694,0.00675,0.06975,5.170728813932979,5.170728813932979,0.00875,0.11625,0.76375,0.1195,0.0,145
LAL,39.0,59.24875,0.0,0.0,0.0,0.0,0.0,0.0,1.0,0.0,0.0,0.0,0.0,145
MEM,19.0,27.49375,0.33654443415758917,-0.11828787185567151,0.001,0.0105,14.72152366731339,12.492948457781187,0.00125,0.49575,0.488,0.01625,0.0,145
MIN,30.0,45.842,0.0,0.0,0.02575,-0.134,0.0,0.0,0.9465,0.0,0.0,0.03375,0.10625,145
NOP,17.0,25.82325,0.23531741071428575,-0.0086659226190476,0.0,0.00475,16.966891964285715,15.699023511904764,0.0005,0.75575,0.24125,0.003,0.0,145
OKC,42.0,61.898,0.013680566578483261,0.013680566578483261,0.0,0.0,5.170728813932979,5.170728813932979,1.0,0.0,0.0,0.0,0.0,145
PHX,30.0,45.19525,0.0,0.0,0.05275,-0.1255,0.0,0.0,0.89175,0.0,0.0,0.07525,0.152,145
POR,29.0,42.11075,0.16079742835922622,0.47409886970158027,0.07375,-0.0865,7.897183421792262,9.814745328333476,0.59825,0.0,0.0005,0.41475,0.23925,145
SAC,16.0,23.3735,0.09863865571562501,-0.030727469413458,0.0,0.0,15.677042302696423,12.11251177173181,0.0,0.94975,0.05025,0.0,0.0,145
SAS,42.0,62.02575,0.0,0.0,0.0,0.0,0.0,0.0,1.0,0.0,0.0,0.0,0.0,145
UTA,22.0,34.02675,0.5287158671874999,0.054989947243452325,0.018,0.095,10.9049903254753,9.732403629464882,0.10575,0.00375,0.24075,0.7515,0.002,145
ATL,32.0,46.28325,0.0,0.0,0.01825,-0.1045,0.0,0.0,0.95625,0.0,0.0,0.00275,0.10625,146
BOS,41.0,59.86075,0.09658101851851862,0.09658101851851862,0.0,0.0,5.334386331569664,5.334386331569664,1.0,0.0,0.0,0.0,0.0,146
BKN,11.0,18.90275,-0.002673126102292769,-0.0013106261022927692,0.0,0.0,6.566859077380953,6.575581101190477,0.0,0.9825,0.0175,0.0,0.0,146
CHA,18.0,29.80725,0.3509503127641366,0.02392273073221368,0.00425,0.02375,12.492728937603125,12.839419826182436,0.004,0.007,0.9675,0.02475,0.0005,146
CHI,15.0,25.5835,0.33975364768973193,-0.09848226537687783,0.00025,0.001,14.234576651104462,12.67156622692279,0.0,0.23875,0.76125,0.0,0.0,146
CLE,36.0,54.211,0.0,0.0,0.00025,-0.00125,0.0,0.0,1.0,0.0,0.0,0.0,0.0005,146
DET,29.0,44.403,0.057866266758482145,0.1873190035113591,0.02475,-0.11725,7.504725690887945,8.086084178997123,0.90725,0.0,0.0,0.0145,0.2485,146
IND,26.0,39.286,0.25497437107157744,0.413078982027714,0.0715,0.01575,8.405497993945833,9.89344693919545,0.57975,0.0,0.03625,0.30425,0.3825,146
MIA,39.0,54.372,0.0,0.0,0.0,0.0,9.382940917107586,9.382940917107586,1.0,0.0,0.0,0.0,0.0,146
MIL,15.0,24.398,0.0,0.0,0.0,0.0,0.0,0.0,0.0,0.4295,0.5705,0.0,0.0,146
NYK,38.0,56.3645,0.0,0.0,0.0,-0.00025,0.0,0.0,1.0,0.0,0.0,0.0,0.0,146
ORL,32.0,48.219,0.07646382969449406,0.11417739325297618,0.00375,-0.05425,7.258502361538303,7.331376249323224,0.98875,0.0,0.0,0.00025,0.032,146
PHI,22.0,35.28075,0.3950835951808036,0.2964934647844884,0.056,0.12225,10.057510471420239,11.978927045992037,0.16525,0.0,0.426,0.49475,0.04725,146
TOR,25.0,36.46025,0.36577080418883934,0.3278276066974065,0.0605,0.099,9.569381743074555,11.519673752799052,0.2145,0.0,0.227,0.6005,0.1155,146
WAS,24.0,35.80575,0.38804419275877977,0.22973814538214288,0.064,0.11475,9.83321879928021,11.096219614061308,0.18425,0.0,0.33625,0.55825,0.067,146
DAL,24.0,37.2175,0.09595154666473214,0.08348347372625425,0.0265,0.0105,0.48833351849910717,2.1412824810131807,0.2375,0.0,0.01775,0.8965,0.05475,146
DEN,31.0,46.49675,0.0,0.0,0.025,-0.125,0.0,0.0,0.909,0.0,0.0,0.00975,0.22125,146
GSW,20.0,29.65475,0.33535315010907707,0.011386639120060923,0.0025,0.01625,12.558314275031698,12.849262708596234,0.00225,0.0085,0.97375,0.01775,0.0,146
HOU,36.0,52.24675,0.16070825737833438,0.1707157105579475,0.00125,-0.01475,6.567339902963542,6.582369120455655,0.99775,0.0,0.0,0.0,0.0065,146
LAC,19.0,27.384,-0.0012906194885361566,-0.0012906194885361566,0.00025,0.00225,5.16685695546737,5.16685695546737,0.0005,0.05775,0.9395,0.00275,0.0,146
LAL,36.0,53.515,0.0,0.0,0.0015,-0.0085,0.0,0.0,0.99925,0.0,0.0,0.0,0.00175,146
MEM,20.0,26.86175,0.37655169094285673,-0.04825063728513322,0.0,0.00175,13.738858506025444,12.800524826321558,0.00025,0.088,0.911,0.001,0.0,146
MIN,35.0,50.76,0.0,0.0,0.003,-0.04075,0.0,0.0,0.9945,0.0,0.0,0.00025,0.0205,146
NOP,18.0,25.7185,0.2327754464285714,-0.0944193452380952,0.0,0.0005,18.940030803571428,15.886872619047619,0.0,0.20775,0.79225,0.0,0.0,146
OKC,41.0,63.14875,0.014971186067019415,0.014971186067019415,0.0,0.0,5.16685695546737,5.16685695546737,1.0,0.0,0.0,0.0,0.0,146
PHX,31.0,47.76675,0.0,0.0,0.0155,-0.11725,0.0,0.0,0.959,0.0,0.0,0.004,0.11325,146
POR,28.0,40.263,0.223811659757887,0.34349141299642155,0.0705,-0.002,8.358867568130357,10.466217782419474,0.43125,0.0,0.00175,0.53975,0.289,146
SAC,12.0,19.19425,0.08034067597410716,-0.01801033847604875,0.0,0.0,15.625631688836606,12.031343785829282,0.0,0.98025,0.01975,0.0,0.0,146
SAS,39.0,60.2105,0.0,0.0,0.0,0.0,0.0,0.0,1.0,0.0,0.0,0.0,0.0,146
UTA,27.0,40.324,0.22394783062366078,0.17782327314047627,0.07025,-0.0055,8.315703349882293,8.972029999991667,0.46875,0.0,0.002,0.52825,0.293,146
ATL,20.0,33.15825,0.0,0.0,0.00075,0.00825,0.0,0.0,0.0005,0.00325,0.98775,0.009,0.0,147
BOS,29.0,45.89975,0.19590436379538695,0.5609747764065122,0.07025,-0.146,7.397353779222172,8.259284729576848,0.85375,0.0,0.004,0.15225,0.14725,147
BKN,15.0,23.448,-0.005355059523809523,-0.0022488095238095084,0.0,0.0,7.762325297619047,7.871643005952379,0.0,0.9105,0.0895,0.0,0.0,147
CHA,32.0,46.0515,0.21113538402053575,0.5397446982918509,0.0765,-0.13175,7.443859217994345,8.381709326110398,0.79175,0.0,0.00825,0.15425,0.1915,147
CHI,26.0,38.11725,0.3439448558691964,0.1482770064770634,0.01975,0.093,10.048358012243156,12.479451557190766,0.04025,0.0,0.75175,0.2335,0.00975,147
CLE,27.0,41.3055,0.0,0.0,0.06,0.0585,0.0,0.0,0.23525,0.0,0.1785,0.65225,0.0815,147
DET,28.0,43.33,0.24931984239315488,0.5548126769601474,0.096,-0.04575,8.146693716893601,10.21367036962858,0.493,0.0,0.057,0.4985,0.1685,147
IND,38.0,56.689,0.1343785714285716,0.1343785714285716,0.0,0.0,5.455984151475667,5.456400606502303,0.99975,0.0,0.0,0.0,0.00025,147
MIA,31.0,46.8355,-0.03547646354339171,0.21711048486639123,0.05825,-0.13225,9.287232902721756,9.808524580853227,0.87925,0.0,0.0025,0.0935,0.1385,147
MIL,20.0,29.519,0.0,0.0,0.0,0.00075,0.0,0.0,0.0,0.04975,0.9495,0.00075,0.0,147
NYK,35.0,51.57525,0.0,0.0,0.002,-0.018,0.0,0.0,0.99775,0.0,0.0,0.00175,0.00575,147
ORL,32.0,45.5465,0.2254228104287203,0.6038625530452948,0.094,-0.12775,7.584545932934524,8.753223413123157,0.71675,0.0,0.00775,0.20025,0.24025,147
PHI,33.0,50.38925,0.15499579562866506,0.2075393227568397,0.006,-0.0395,6.439923827780088,6.491231966553253,0.992,0.0,0.0,0.004,0.01675,147
TOR,39.0,55.6095,0.14950095899470914,0.14950095899470914,0.0,-0.00025,5.653119036596119,5.653119036596119,1.0,0.0,0.0,0.0,0.0,147
WAS,15.0,23.09225,0.08188344886607153,-0.026764580463690457,0.0,0.0,15.379064634391515,11.357822618266075,0.0,0.932,0.068,0.0,0.0,147
DAL,21.0,33.271,0.3796906464285715,0.14867051961169223,0.0335,0.095,2.3692623556683037,2.9458212765706593,0.06825,0.00275,0.7695,0.19075,0.017,147
DEN,36.0,52.7665,0.0,0.0,0.0,0.0,0.0,0.0,1.0,0.0,0.0,0.0,0.0,147
GSW,21.0,30.94425,0.39160121301741035,0.057036537171360494,0.0105,0.04375,13.51567317422887,12.72313653535657,0.0075,0.01275,0.9365,0.04675,0.001,147
HOU,28.0,41.246,0.21744198576979165,0.361807363874419,0.0605,-0.1225,7.79858445206116,8.222718946005186,0.864,0.0,0.0095,0.08525,0.169,147
LAC,29.0,39.409,-0.0025455246913580276,-0.0025455246913580276,0.104,-0.0705,5.365826642416224,5.365826642416224,0.605,0.0,0.0415,0.23275,0.30125,147
LAL,22.0,36.1175,0.0,0.0,0.0965,0.10575,0.0,0.0,0.3185,0.0,0.3245,0.46225,0.088,147
MEM,20.0,28.62225,0.24064187986651764,-0.03237367540547754,0.0005,0.00675,14.359268265046426,12.72666729566223,0.001,0.08975,0.906,0.004,0.00025,147
MIN,33.0,49.11425,0.0,0.0,0.0005,-0.003,0.0,0.0,0.99975,0.0,0.0,0.00025,0.00025,147
NOP,25.0,36.1945,0.28573392857142865,0.20296830357142853,0.0795,0.09625,15.026695535714287,15.177211755952381,0.248,0.00025,0.304,0.4875,0.10425,147
OKC,36.0,57.1095,0.11841440696649043,0.11841440696649043,0.0,0.0,5.365826642416224,5.365826642416224,1.0,0.0,0.0,0.0,0.0,147
PHX,22.0,34.6405,0.0,0.0,0.06425,0.1265,0.0,0.0,0.1285,0.00075,0.58025,0.33625,0.04525,147
POR,31.0,43.57275,0.08594365513125,0.16458707714518142,0.01975,-0.0805,7.454300220267111,7.585995471711555,0.9645,0.0,0.00075,0.013,0.0675,147
SAC,12.0,19.10325,0.046103541805357126,-0.003775671022519831,0.0,0.0,15.784901023514728,11.969499939185138,0.0,0.99825,0.00175,0.0,0.0,147
SAS,37.0,56.88725,0.0,0.0,0.0,0.0,0.0,0.0,1.0,0.0,0.0,0.0,0.0,147
UTA,27.0,40.435,0.27975022566860114,0.23261821561666665,0.067,-0.10525,8.050239644462499,8.037536795445833,0.795,0.0,0.02125,0.14125,0.20625,147
ATL,29.0,45.225,0.0,0.0,0.02975,-0.091,0.0,0.0,0.8355,0.0,0.00025,0.05,0.41525,148
BOS,35.0,50.70725,0.2024629003724923,0.27202815261787916,0.00825,-0.06375,6.642346852160577,6.731293804836321,0.98825,0.0,0.0,0.0,0.03725,148
BKN,17.0,27.48,0.001966369047619044,-0.009022767857142884,0.0,0.0035,7.614335416666665,7.895999107142856,0.0,0.256,0.74075,0.00325,0.0,148
CHA,17.0,27.019,0.33170882143749986,-0.11724288764193,0.0005,0.002,14.430940866793748,12.687539332510712,0.0,0.318,0.67975,0.00225,0.0,148
CHI,23.0,34.54375,0.45054610656235117,0.16333717106087708,0.01275,0.13225,10.69148500670015,12.4035067629995,0.05025,0.001,0.5315,0.46575,0.00125,148
CLE,21.0,34.3725,0.0,0.0,0.0185,0.11975,0.0,0.0,0.0655,0.0005,0.56525,0.4335,0.0005,148
DET,31.0,47.8765,0.141781598441099,0.3033493893348985,0.0245,-0.1415,7.2346734586535755,7.706261261587555,0.9325,0.0,0.0,0.007,0.19075,148
IND,38.0,56.37125,0.15305930335097018,0.15305930335097018,0.0,-0.00075,5.4705817350088175,5.4705817350088175,1.0,0.0,0.0,0.0,0.0,148
MIA,32.0,48.02375,-0.022846689841429672,0.09791055852532261,0.02275,-0.12825,9.313761119622637,9.645239357751976,0.93525,0.0,0.0,0.002,0.186,148
MIL,24.0,32.173,0.0,0.0,0.00275,0.07075,0.0,0.0,0.00725,0.0025,0.8685,0.129,0.0,148
NYK,37.0,52.78225,0.0,0.0,0.0015,-0.016,0.0,0.0,0.9975,0.0,0.0,0.00025,0.01025,148
ORL,38.0,56.9065,0.12761555335097013,0.12761555335097013,0.0,-0.00025,5.396298225308641,5.396298225308641,1.0,0.0,0.0,0.0,0.0,148
PHI,30.0,48.54325,0.15677566530579254,0.3038383860736001,0.01775,-0.12325,7.114455075671136,7.412629015326046,0.969,0.0,0.0,0.003,0.118,148
TOR,26.0,39.1265,0.2011319282270834,0.10756530145291804,0.02275,0.02275,8.80598983101518,11.658752650907147,0.219,0.0,0.03875,0.90125,0.04075,148
WAS,19.0,27.4275,0.3473749335616069,-0.06847740867023797,0.00025,0.00275,14.276167816954016,11.849469681182738,0.0,0.2475,0.74975,0.00275,0.0,148
DAL,33.0,45.473,0.009952546782142859,0.0926057231933036,0.03275,-0.11925,0.023696412371875003,0.22576009319895837,0.916,0.0,0.0,0.00425,0.1805,148
DEN,36.0,55.13725,0.0,0.0,0.0,-0.00025,0.0,0.0,1.0,0.0,0.0,0.0,0.0,148
GSW,27.0,40.89,0.16176196874062504,0.3116184680360714,0.0525,-0.03975,8.019419287447322,9.064986135204293,0.7415,0.0,0.006,0.16725,0.345,148
HOU,31.0,43.966,0.09733232047113097,0.2478801932190972,0.03325,-0.12775,7.6407926557230645,8.297723322095285,0.83825,0.0,0.0,0.01825,0.318,148
LAC,20.0,29.19225,0.0017769290123456805,0.0017769290123456805,0.00275,0.021,5.909784270282187,5.909784270282187,0.003,0.07925,0.89325,0.0275,0.0,148
LAL,22.0,35.545,0.0,0.0,0.04675,0.1045,0.0,0.0,0.184,0.00025,0.25975,0.68075,0.031,148
MEM,15.0,22.5695,0.12220189365357147,-0.04877891318681395,0.0,0.00025,15.564984192330353,12.153753371139047,0.0,0.92325,0.07675,0.0,0.0,148
MIN,35.0,54.1555,0.0,0.0,0.0,0.0,0.0,0.0,1.0,0.0,0.0,0.0,0.0,148
NOP,19.0,27.471,0.45470148809523797,0.010963988095238101,0.00025,0.0055,16.33357574404762,16.403417559523813,0.0005,0.25125,0.745,0.00375,0.0,148
OKC,36.0,54.2095,0.1866653659611994,0.1866653659611994,0.0,-0.00025,5.909784270282187,5.909784270282187,1.0,0.0,0.0,0.0,0.0,148
PHX,23.0,36.4565,0.0,0.0,0.0595,0.07025,0.0,0.0,0.2635,0.0,0.14625,0.73,0.06175,148
POR,34.0,47.51125,0.11334460073320658,0.1849533308614308,0.01175,-0.05675,7.233238041377028,7.3526357931120465,0.97775,0.0,0.0,0.001,0.05375,148
SAC,15.0,22.71,0.13584985431205363,-0.05615565513558095,0.0,0.0,15.542183791126783,12.15815859070545,0.0,0.91825,0.08175,0.0,0.0,148
SAS,35.0,52.55475,0.0,0.0,0.00025,-0.003,0.0,0.0,1.0,0.0,0.0,0.0,0.00075,148
UTA,22.0,33.5805,0.5079629001492559,0.08768846332559516,0.0275,0.12725,11.099134049642263,9.919915292813094,0.0755,0.00225,0.61675,0.36725,0.00925,148
ATL,34.0,49.9465,0.0,0.0,0.0065,-0.03925,0.0,0.0,0.9915,0.0,0.0,0.00175,0.01975,149
BOS,24.0,38.67825,0.41389281276964296,0.28894700637238374,0.0575,0.13,9.804053828910716,12.172178069233691,0.15225,0.0,0.477,0.46475,0.0285,149
BKN,16.0,26.2865,0.004413244047619047,0.01024925595238095,0.0,0.0,7.447036458333332,7.718890922619046,0.0,0.185,0.815,0.0,0.0,149
CHA,32.0,46.588,0.1959300705681217,0.3717020192947288,0.03975,-0.1385,7.25327874969548,7.697794894873039,0.90575,0.0,0.00075,0.0385,0.15075,149
CHI,13.0,21.28725,0.13055388487500005,-0.05214855506588144,0.0,0.0,15.528013143520086,12.180240784268772,0.0,0.9075,0.0925,0.0,0.0,149
CLE,36.0,52.70125,0.0,0.0,0.00025,-0.00325,0.0,0.0,0.99975,0.0,0.0,0.0,0.001,149
DET,35.0,53.828,0.1713316382481538,0.1717753685024693,0.00025,-0.00125,5.829409228636161,5.830510996213989,0.99975,0.0,0.0,0.0,0.0005,149
IND,31.0,47.151,0.2115725896081184,0.3789341946756382,0.039,-0.12225,7.141485848436645,7.460339798537885,0.9365,0.0,0.00025,0.024,0.111,149
MIA,32.0,46.16675,-0.03150617770996469,0.18498452887137343,0.06175,-0.13775,9.287324250257232,9.794601703857108,0.86825,0.0,0.00075,0.05,0.19975,149
MIL,15.0,21.46125,0.0,0.0,0.0,0.0,0.0,0.0,0.0,0.8965,0.1035,0.0,0.0,149
NYK,27.0,39.9805,0.0,0.0,0.06525,0.09025,0.0,0.0,0.21075,0.0,0.245,0.59275,0.08575,149
ORL,25.0,39.98225,0.3640056924772322,0.3926039580417417,0.0695,0.09175,9.186312104440178,11.612084941404458,0.26825,0.0,0.25175,0.6005,0.0685,149
PHI,31.0,48.34875,0.19128576186378968,0.2780612495546825,0.0165,-0.08725,6.862762567862203,6.995622123768362,0.97775,0.0,0.00025,0.00675,0.049,149
TOR,29.0,43.7465,0.24277441513660722,0.5338128626713392,0.0795,-0.0785,7.904905395774256,9.20817340641995,0.6895,0.0,0.02425,0.221,0.2855,149
WAS,18.0,27.681,0.3053597372308033,-0.030971848939880843,0.0,0.0,13.802905068880357,11.9577364878625,0.0,0.0765,0.9235,0.0,0.0,149
DAL,24.0,34.83775,0.18649683547678572,0.12294305928814626,0.0185,0.103,1.5306288728830355,3.1705521093545492,0.04775,0.0,0.70175,0.2935,0.0035,149
DEN,23.0,37.152,0.0,0.0,0.04475,0.10025,0.0,0.0,0.20025,0.0,0.25225,0.7105,0.017,149
GSW,32.0,44.1635,0.1998489759858025,0.36230792415482027,0.0585,-0.11925,7.756006566584881,8.695048366864961,0.777,0.0,0.00075,0.095,0.35325,149
HOU,30.0,45.30675,0.17508382802559527,0.34976901623175594,0.0405,-0.125,7.4613785650757425,8.00604058485369,0.89725,0.0,0.0005,0.05225,0.19025,149
LAC,29.0,39.576,0.0002581238977072313,0.0002581238977072313,0.05025,0.02325,5.158855114638447,5.158855114638447,0.2365,0.0,0.05625,0.78875,0.0935,149
LAL,34.0,50.4885,0.0,0.0,0.0015,-0.023,0.0,0.0,0.998,0.0,0.0,0.00075,0.0085,149
MEM,22.0,29.76075,0.2824298762648806,0.0073264747644331135,0.00075,0.01075,13.043583715152678,12.972541249097187,0.001,0.00825,0.9855,0.00625,0.0,149
MIN,35.0,53.96025,0.0,0.0,0.0,-0.0015,0.0,0.0,1.0,0.0,0.0,0.0,0.0,149
NOP,20.0,29.4235,0.3854547619047619,0.04733184523809525,0.00075,0.0075,18.659570238095238,15.988287648809525,0.001,0.015,0.97875,0.00625,0.0,149
OKC,40.0,61.46375,0.0025812389770723133,0.0025812389770723133,0.0,0.0,5.158855114638447,5.158855114638447,1.0,0.0,0.0,0.0,0.0,149
PHX,31.0,46.359,0.0,0.0,0.02725,-0.12525,0.0,0.0,0.93225,0.0,0.0005,0.01675,0.15525,149
POR,32.0,45.91425,0.17713534274809306,0.32601001260870804,0.0335,-0.129,7.366743870893898,7.8200958064347805,0.909,0.0,0.0005,0.03,0.17875,149
SAC,16.0,23.35075,0.19689026281875008,-0.12209133767807798,0.0,0.0,15.13174771983214,12.375616678891816,0.0,0.68525,0.31475,0.0,0.0,149
SAS,39.0,58.44275,0.0,0.0,0.0,0.0,0.0,0.0,1.0,0.0,0.0,0.0,0.0,149
UTA,15.0,25.96675,0.2846204157214284,-0.005862674589285572,0.0,0.00025,14.388752119905801,10.127616350460713,0.0,0.226,0.774,0.0,0.0,149
