team,W0,exp_W,dV_old,dV_new,dPlayoff,dPlayin,EV_old,EV_new,P_playoff,P_rel,P_np3,P_pi910,P_pi78,state
ATL,26.0,41.091,0.0,0.0,0.08125,0.0635,0.0,0.0,0.28925,0.0,0.1775,0.6225,0.09625,0
BOS,42.0,59.31075,0.14067752425044108,0.14067752425044108,0.0,0.0,5.658138161375662,5.658138161375662,1.0,0.0,0.0,0.0,0.0,0
BKN,14.0,23.0685,0.008028273809523818,-0.0002285714285714331,0.0,0.0,8.37836443452381,8.388319791666666,0.0,0.663,0.337,0.0,0.0,0
CHA,26.0,37.73575,0.3371608448078869,0.15801317884408583,0.02,0.09825,9.938055489280954,12.480805458832243,0.04375,0.0,0.77725,0.20025,0.012,0
CHI,15.0,24.8405,0.1945140730022321,-0.11002130735656449,0.0,0.0,14.78049180505223,12.505659072461611,0.0,0.359,0.641,0.0,0.0,0
CLE,29.0,44.01425,0.0,0.0,0.09425,-0.0635,0.0,0.0,0.61125,0.0,0.0265,0.33,0.24,0
DET,28.0,45.61675,0.1698461118351191,0.48820981478419784,0.06725,-0.12525,7.460632210802678,8.363222851517113,0.83075,0.0,0.0075,0.1525,0.166,0
IND,35.0,52.3405,0.04942272559102178,0.05393496356557535,0.00075,-0.00575,6.254133839147818,6.2603721196918665,0.999,0.0,0.0,0.0,0.00275,0
MIA,29.0,44.34175,-0.0069157426976961135,0.3128098848647359,0.0805,-0.08,9.1655858483808,10.46623585782663,0.65575,0.0,0.02225,0.278,0.2355,0
MIL,16.0,23.85775,0.0,0.0,0.0,0.0,0.0,0.0,0.0,0.5305,0.4695,0.0,0.0,0
NYK,42.0,60.5865,0.0,0.0,0.0,0.0,0.0,0.0,1.0,0.0,0.0,0.0,0.0,0
ORL,36.0,50.99425,0.09901036986294086,0.1307108563696373,0.00575,-0.02475,6.3745304523970026,6.4138584294778065,0.99325,0.0,0.0,0.00225,0.014,0
PHI,36.0,54.0625,0.03159632936507936,0.0328817689126984,0.0,-0.0015,6.185042383156968,6.185042383156968,1.0,0.0,0.0,0.0,0.0,0
TOR,30.0,43.759,0.22869596705148823,0.5690222541414682,0.10125,-0.06725,7.9507275253427085,9.695817973096146,0.56875,0.0,0.03025,0.3755,0.2325,0
WAS,24.0,35.25925,0.4499705455113095,0.03227787490178576,0.003,0.032,11.11791597117902,11.837618991533338,0.00825,0.0,0.95875,0.039,0.001,0
DAL,20.0,33.75875,0.35674800443125004,0.26283872197064206,0.069,0.13,1.7030303856575892,2.5331769165823856,0.187,0.0,0.47475,0.41775,0.05325,0
DEN,36.0,50.892,0.0,0.0,0.0,0.0,0.0,0.0,1.0,0.0,0.0,0.0,0.0,0
GSW,28.0,40.6655,0.17887525227276785,0.300983023673115,0.05125,-0.13125,7.708180992346874,8.025427188184374,0.895,0.0,0.00275,0.049,0.1665,0
HOU,25.0,38.26275,0.37156165706666666,0.4932792968110856,0.07725,-0.07275,8.493493693295983,9.126317782174741,0.7,0.0,0.03275,0.20575,0.271,0
LAC,12.0,20.28275,-0.000774371693121694,-0.000774371693121694,0.0,0.0,5.175891291887123,5.175891291887123,0.0,0.94125,0.05875,0.0,0.0,0
LAL,21.0,34.44775,0.0,0.0,0.082,0.12225,0.0,0.0,0.242,0.00025,0.38075,0.4515,0.08475,0
MEM,24.0,33.4825,0.547931337949851,0.33256201407886193,0.0475,0.1265,11.680017932058782,12.036322567486373,0.10975,0.0,0.5405,0.376,0.04825,0
MIN,31.0,45.0785,0.0,0.0,0.0025,-0.02375,0.0,0.0,0.998,0.0,0.0,0.00075,0.007,0
NOP,23.0,32.88125,0.3705994047619048,0.1364074404761905,0.03725,0.1235,17.251421279761903,15.296456398809525,0.07675,0.0005,0.645,0.29725,0.03475,0
OKC,42.0,63.699,0.020649911816578506,0.020649911816578506,0.0,0.0,5.175891291887123,5.175891291887123,1.0,0.0,0.0,0.0,0.0,0
PHX,26.0,40.21675,0.0,0.0,0.0505,-0.14175,0.0,0.0,0.88,0.0,0.00525,0.06625,0.17675,0
POR,20.0,30.24975,0.326920474927232,0.07710355097640731,0.012,0.05175,13.248519773616069,12.678415966884073,0.017,0.005,0.9085,0.07775,0.0055,0
SAC,17.0,23.9715,0.1837757154410715,-0.11749912251814328,0.0,0.0,14.980643635030802,12.386405602439094,0.0,0.5005,0.4995,0.0,0.0,0
SAS,40.0,60.59425,0.0,0.0,0.0,0.0,0.0,0.0,1.0,0.0,0.0,0.0,0.0,0
UTA,27.0,40.638,0.1730635231203869,0.13862629295178572,0.046,-0.12725,7.727801162167261,7.7261718919041655,0.8945,0.0,0.004,0.058,0.15225,0
ATL,23.0,35.89625,0.0,0.0,0.07425,0.113,0.0,0.0,0.25175,0.0,0.302,0.52075,0.0915,1
BOS,34.0,50.15675,0.13269512235449735,0.13385330908425924,0.0,-0.0025,6.286645166446209,6.288469851500673,1.0,0.0,0.0,0.0,0.00075,1
BKN,16.0,25.11825,-0.00038869047619047683,-0.018968005952380934,0.0,0.0005,7.621544494047618,8.098579017857142,0.00025,0.395,0.60475,0.00025,0.0,1
CHA,23.0,34.8795,0.5796093817342262,0.32560407765300303,0.06375,0.1305,11.266702903414288,11.93428637030705,0.159,0.0,0.44325,0.46,0.0535,1
CHI,14.0,22.921,0.14304580780000012,-0.09506414372119323,0.0,0.0,15.312950940612497,12.212573858184152,0.0,0.76625,0.23375,0.0,0.0,1
CLE,30.0,46.03175,0.0,0.0,0.00725,-0.046,0.0,0.0,0.99075,0.0,0.0,0.002,0.0245,1
DET,26.0,40.075,0.333392643507887,0.39884776193987537,0.074,-0.038,8.228429064320089,9.064515112551456,0.7245,0.0,0.02,0.153,0.35175,1
IND,27.0,39.8995,0.3161242395127976,0.3404935426279153,0.0665,-0.03675,8.345298827806698,9.23640554460884,0.68425,0.0,0.0175,0.16975,0.39475,1
MIA,30.0,45.7375,-0.002822989793584651,0.034033486957348986,0.00975,-0.0545,9.377179251626632,9.433675818575821,0.9865,0.0,0.0,0.0025,0.03325,1
MIL,18.0,26.88375,0.0,0.0,0.00025,0.002,0.0,0.0,0.0,0.1515,0.84625,0.00225,0.0,1
NYK,35.0,51.989,0.0,0.0,0.0,-0.00025,0.0,0.0,1.0,0.0,0.0,0.0,0.0,1
ORL,22.0,33.39725,0.5000711360715772,0.20982767926134774,0.0365,0.12375,12.216278465535714,12.419322679416753,0.0705,0.00025,0.69375,0.27625,0.01525,1
PHI,36.0,53.1065,0.1366963293650795,0.1366963293650795,0.0,0.0,5.88463602292769,5.88463602292769,1.0,0.0,0.0,0.0,0.0,1
TOR,37.0,54.0295,0.15267408509700192,0.15267408509700192,0.0,0.0,5.700488525132275,5.700488525132275,1.0,0.0,0.0,0.0,0.0,1
WAS,22.0,34.42475,0.5798157812736606,0.22812939706666674,0.06025,0.12825,11.576331302355804,11.351148356485716,0.1325,0.0,0.52575,0.41325,0.03475,1
DAL,20.0,31.87,0.2800953638950893,0.0022630426638010227,0.0005,0.004,2.9114748636714283,3.331567057146195,0.00075,0.002,0.99525,0.00275,0.0,1
DEN,32.0,46.805,0.0,0.0,0.02475,-0.07425,0.0,0.0,0.967,0.0,0.00375,0.02025,0.03825,1
GSW,27.0,40.57225,0.38105548002559536,0.5814168531929831,0.107,0.046,8.67976466164256,10.866383644877496,0.38825,0.0,0.2605,0.41275,0.1115,1
HOU,29.0,43.5665,0.24850988591354173,0.6000663513622405,0.10225,-0.1065,7.662494322202827,8.680011060828829,0.773,0.0,0.04225,0.17175,0.1575,1
LAC,15.0,23.1385,-0.0010324955908289253,-0.0010324955908289253,0.0,0.0,5.229079905202822,5.229079905202822,0.0,0.757,0.243,0.0,0.0,1
LAL,29.0,43.6225,0.0,0.0,0.09725,-0.107,0.0,0.0,0.7475,0.0,0.034,0.1795,0.176,1
MEM,28.0,39.68525,0.4115243188488096,0.4778614698348554,0.0905,0.088,9.178497326684822,11.5046468056645,0.216,0.0,0.40775,0.385,0.09025,1
MIN,34.0,50.036,0.0,0.0,0.001,-0.007,0.0,0.0,0.99775,0.0,0.00025,0.00125,0.00325,1
NOP,24.0,34.8805,0.3583697916666668,-0.05153363095238098,0.0065,0.03225,16.438061755952383,16.448441517857145,0.00775,0.0,0.95125,0.04175,0.00425,1
OKC,37.0,57.50775,0.04933737874779547,0.04933737874779547,0.0,0.0,5.229079905202822,5.229079905202822,1.0,0.0,0.0,0.0,0.0,1
PHX,30.0,45.18975,0.0,0.0,0.055,-0.125,0.0,0.0,0.907,0.0,0.01,0.06525,0.09225,1
POR,29.0,41.5015,0.34600439912857156,0.6263155851461834,0.11575,-0.005,8.386923267819345,10.265179169706007,0.463,0.0,0.156,0.377,0.16325,1
SAC,14.0,21.1225,0.10584252593348219,-0.041475700322678534,0.0,0.0,15.606613979353122,12.073437612651134,0.0,0.928,0.072,0.0,0.0,1
SAS,51.0,74.075,0.0,0.0,0.0,0.0,0.0,0.0,1.0,0.0,0.0,0.0,0.0,1
UTA,28.0,41.88075,0.346178630182143,0.35175773054523807,0.1315,-0.01825,8.221970867643304,8.718365684159526,0.532,0.0,0.137,0.34275,0.1635,1
ATL,29.0,41.93575,0.0,0.0,0.08625,0.09475,0.0,0.0,0.18425,0.0,0.44825,0.36425,0.08275,2
BOS,28.0,43.393,0.3189837382831846,0.6237253029122731,0.10625,0.02875,8.47044048237515,10.55554593119767,0.43825,0.0,0.20875,0.41175,0.1135,2
BKN,15.0,24.80775,-0.0012232142857142858,-0.0012232142857142858,0.0,0.0,6.224619620811289,6.2264944720017645,0.0,0.29525,0.70475,0.0,0.0,2
CHA,32.0,45.14675,0.32856474491250015,0.732920738904606,0.13025,-0.1035,7.914042626377232,9.255370439238174,0.62525,0.0,0.07325,0.257,0.18025,2
CHI,15.0,25.151,0.33415920394999976,-0.0937929575218252,0.0,0.0,14.245172063695087,12.635680354518769,0.0,0.24225,0.75775,0.0,0.0,2
CLE,31.0,47.155,0.0,0.0,0.08075,-0.1075,0.0,0.0,0.8675,0.0,0.017,0.0965,0.104,2
DET,28.0,43.87425,0.32667474315238104,0.6792593238184452,0.1195,-0.022,8.296937554646428,10.174658014009653,0.4975,0.0,0.1625,0.37675,0.12725,2
IND,31.0,46.159,0.29236447715491076,0.6519801279456491,0.10275,-0.134,7.553807739393898,8.44664177707719,0.777,0.0,0.028,0.17225,0.138,2
MIA,37.0,54.9825,0.0,0.0,0.0,-0.00025,9.382940917107586,9.382940917107586,1.0,0.0,0.0,0.0,0.0,2
MIL,18.0,25.32425,0.0,0.0,0.0,0.0,0.0,0.0,0.0,0.204,0.796,0.0,0.0,2
NYK,41.0,60.728,0.0,0.0,0.0,0.0,0.0,0.0,1.0,0.0,0.0,0.0,0.0,2
ORL,32.0,48.012,0.2466393689452381,0.4486542423707341,0.04675,-0.09725,7.018873085049107,7.327000157836855,0.93025,0.0,0.0055,0.05375,0.058,2
PHI,28.0,45.43925,0.2923951853538691,0.6720350962467361,0.10775,-0.1035,7.728879516659227,8.913905598160405,0.73375,0.0,0.0525,0.2275,0.14675,2
TOR,32.0,48.52575,0.23293092559713954,0.4002483468192626,0.03275,-0.084,6.881461087472977,7.129191473849317,0.94625,0.0,0.00425,0.04025,0.0495,2
WAS,19.0,28.4175,0.33006674888169607,-0.011118630376190463,0.0,0.0,12.880722352580802,11.895781642397026,0.0,0.02175,0.97825,0.0,0.0,2
DAL,19.0,28.81675,0.314723989290625,0.05281171932542516,0.00475,0.06025,2.564968724612054,3.1746722854987293,0.00825,0.012,0.876,0.11175,0.00025,2
DEN,34.0,49.433,0.0,0.0,0.00725,-0.04275,0.0,0.0,0.99225,0.0,0.0,0.00025,0.02175,2
GSW,32.0,44.37,0.19497803858363097,0.3119506274482143,0.0465,-0.1235,7.757434486980059,8.42551472656369,0.8155,0.0,0.0,0.0525,0.33925,2
HOU,37.0,52.8275,0.07389053375079917,0.07752095709082893,0.00025,-0.00425,6.224619620811289,6.226547410688372,1.0,0.0,0.0,0.0,0.00075,2
LAC,20.0,29.45,-0.0002581238977072313,-0.0002581238977072313,0.007,0.072,5.182860637125219,5.182860637125219,0.013,0.00575,0.85175,0.1425,0.0,2
LAL,30.0,46.9465,0.0,0.0,0.0145,-0.10875,0.0,0.0,0.96075,0.0,0.0,0.0075,0.09825,2
MEM,12.0,18.71275,0.06961955825892857,-0.020985575240136008,0.0,0.0,15.76328486928303,12.007009454075183,0.0,0.9795,0.0205,0.0,0.0,2
MIN,32.0,49.26375,0.0,0.0,0.00375,-0.04625,0.0,0.0,0.9945,0.0,0.0,0.0,0.0205,2
NOP,16.0,23.46225,0.34795654761904776,-0.21521785714285713,0.0,0.001,19.200165178571428,15.762556845238098,0.0,0.52375,0.47625,0.0,0.0,2
OKC,40.0,60.9785,0.027654971340388038,0.027654971340388038,0.0,0.0,5.182860637125219,5.182860637125219,1.0,0.0,0.0,0.0,0.0,2
PHX,25.0,39.009,0.0,0.0,0.047,-0.0015,0.0,0.0,0.3755,0.0,0.00325,0.81,0.1025,2
POR,20.0,32.70475,0.22727250714375008,0.12102543101828216,0.0205,0.10075,11.115889520639138,11.955173731789628,0.1305,0.00025,0.25075,0.7475,0.001,2
SAC,16.0,22.387,0.22203685460089292,-0.11796508932536116,0.0,0.001,15.152719430681248,12.232374305120876,0.0,0.7155,0.2845,0.0,0.0,2
SAS,41.0,59.66,0.0,0.0,0.0,0.0,0.0,0.0,1.0,0.0,0.0,0.0,0.0,2
UTA,30.0,42.9265,0.19712960379047614,0.16439731437083333,0.04475,-0.0715,8.133717850987649,8.22717956342024,0.70975,0.0,0.00025,0.128,0.41575,2
ATL,29.0,43.99875,0.0,0.0,0.04125,-0.13625,0.0,0.0,0.8515,0.0,0.00025,0.03125,0.331,3
BOS,35.0,53.36025,0.06946407627865962,0.06946407627865962,0.0,-0.001,6.171428736772488,6.171428736772488,1.0,0.0,0.0,0.0,0.0,3
BKN,11.0,19.7815,0.0030651785714285716,0.004913541666666665,0.0,0.0,7.207734226190475,7.23852857142857,0.0,0.9765,0.0235,0.0,0.0,3
CHA,17.0,26.49925,0.19928113931651772,-0.08147406107088997,0.0,0.0,14.591996334433482,12.583837794498553,0.00025,0.2185,0.78125,0.00025,0.0,3
CHI,21.0,33.079,0.505249526756101,0.10118790472274664,0.01625,0.08675,12.148728854570832,12.576831094277528,0.0245,0.001,0.8405,0.15725,0.0005,3
CLE,28.0,44.42675,0.0,0.0,0.026,-0.13675,0.0,0.0,0.898,0.0,0.0005,0.01325,0.25825,3
DET,34.0,49.05,0.1630832419453538,0.20486354874669307,0.00925,-0.042,6.700050537538993,6.75726983742441,0.99125,0.0,0.0,0.00025,0.025,3
IND,21.0,35.3265,0.5772836673113095,0.19152357602164832,0.03375,0.14025,10.727142357872173,12.19042235580294,0.119,0.00075,0.52725,0.4615,0.00675,3
MIA,21.0,35.57075,0.4973053919501874,0.15918563920239653,0.04075,0.13575,10.783595553624636,12.339228894692113,0.12675,0.0,0.4975,0.4855,0.00925,3
MIL,22.0,34.0655,0.0,0.0,0.01525,0.118,0.0,0.0,0.039,0.0,0.7275,0.26925,0.003,3
NYK,37.0,55.0025,0.0,0.0,0.0,-0.00025,0.0,0.0,1.0,0.0,0.0,0.0,0.0,3
ORL,25.0,36.07325,0.5505527392434524,0.2201009604792305,0.03325,0.14175,10.33707717149405,12.002952405998014,0.1005,0.0,0.405,0.5665,0.01875,3
PHI,34.0,52.14225,0.07327875881834213,0.0752132144489969,0.0,-0.004,6.268519653880072,6.269154848133346,1.0,0.0,0.0,0.0,0.00025,3
TOR,31.0,45.32875,0.10562683805074405,0.2720460486688492,0.0345,-0.133,7.364713401458779,7.85216381216498,0.91225,0.0,0.0,0.01125,0.20875,3
WAS,32.0,46.12975,0.11918127507232146,0.22784259378452382,0.0305,-0.126,7.264241215995089,7.521064598064285,0.937,0.0,0.0,0.00375,0.1385,3
DAL,19.0,28.773,0.26049253029866076,-0.030708177141369055,0.00125,0.00375,3.7699201769214286,3.0961243492654558,0.001,0.05475,0.94125,0.00375,0.0,3
DEN,31.0,43.95775,0.0,0.0,0.03425,-0.10075,0.0,0.0,0.93775,0.0,0.0015,0.0215,0.10025,3
GSW,25.0,37.92525,0.46678080752380957,0.498884915071131,0.10375,0.0645,9.061949840208781,10.669937074917438,0.43025,0.0,0.1765,0.444,0.183,3
HOU,31.0,46.3125,0.10754253262723215,0.14622689257745183,0.008,-0.04525,7.2097327093980645,7.263580828922639,0.993,0.0,0.00025,0.0015,0.0225,3
LAC,15.0,23.94275,-0.0012906194885361566,-0.0012906194885361566,0.0,0.0,5.1730519290123445,5.1730519290123445,0.0,0.712,0.288,0.0,0.0,3
LAL,24.0,36.07875,0.0,0.0,0.0745,0.12175,0.0,0.0,0.187,0.0,0.433,0.429,0.07825,3
MEM,28.0,37.236,0.501594273690625,0.4387319776480442,0.07675,0.079,9.611635736272769,11.210149712781265,0.22925,0.0,0.24,0.5155,0.1415,3
MIN,38.0,56.149,0.0,0.0,0.0,0.0,0.0,0.0,1.0,0.0,0.0,0.0,0.0,3
NOP,15.0,21.25325,0.04685788690476194,0.057444196428571424,0.0,0.0,17.431957142857144,15.165359821428572,0.0,0.95325,0.04675,0.0,0.0,3
OKC,40.0,62.06975,0.021166159611992967,0.021166159611992967,0.0,0.0,5.1730519290123445,5.1730519290123445,1.0,0.0,0.0,0.0,0.0,3
PHX,26.0,38.315,0.0,0.0,0.10325,0.0515,0.0,0.0,0.4365,0.0,0.131,0.434,0.228,3
POR,40.0,57.041,0.14969037698412715,0.14969037698412715,0.0,0.0,5.688138304673721,5.688138304673721,1.0,0.0,0.0,0.0,0.0,3
SAC,20.0,27.846,0.2318921381566962,-0.042791392062202345,0.0,0.00025,14.239041447818748,12.695304409254604,0.0,0.08325,0.91575,0.001,0.0,3
SAS,43.0,62.1245,0.0,0.0,0.0,0.0,0.0,0.0,1.0,0.0,0.0,0.0,0.0,3
UTA,27.0,41.14075,0.21338620246889883,0.21707620206904754,0.067,-0.07425,7.849436935714731,8.117358084996427,0.78525,0.0,0.02275,0.14975,0.2465,3
ATL,24.0,36.63325,0.0,0.0,0.018,0.08475,0.0,0.0,0.036,0.0,0.82075,0.165,0.008,4
BOS,31.0,45.479,0.280774327017306,0.52247809897734,0.06125,-0.14225,7.185480186560257,7.767167218290996,0.876,0.0,0.0035,0.09275,0.13625,4
BKN,18.0,26.95775,0.0021648809523809485,3.273809523809845e-05,0.0,0.0,7.599502325837742,7.758966909171075,0.0,0.2825,0.7175,0.0,0.0,4
CHA,25.0,36.211,0.45392188577470227,0.11738721106721946,0.01125,0.07625,11.757535726175597,12.671235075628235,0.0175,0.0,0.87,0.119,0.00775,4
CHI,11.0,19.9085,0.060195060746874994,-0.009552946993934235,0.0,0.0,15.728734479728121,12.007086398531678,0.0,0.98925,0.01075,0.0,0.0,4
CLE,25.0,41.5845,0.0,0.0,0.09675,0.011,0.0,0.0,0.47375,0.0,0.099,0.525,0.13675,4
DET,29.0,46.68075,0.2342612886020723,0.3854537205641896,0.0305,-0.11,6.82998384508561,7.10657696627744,0.95225,0.0,0.0005,0.03875,0.06875,4
IND,31.0,43.25825,0.3652260403420195,0.6346346526430255,0.10875,-0.0925,8.076156156998099,9.462312209118846,0.52875,0.0,0.0265,0.3055,0.285,4
MIA,35.0,53.19525,0.0,0.0,0.0,-0.0005,9.382940917107586,9.382940917107586,1.0,0.0,0.0,0.0,0.0,4
MIL,19.0,27.20125,0.0,0.0,0.0,0.0,0.0,0.0,0.0,0.242,0.758,0.0,0.0,4
NYK,31.0,48.152,0.0,0.0,0.01575,-0.0625,0.0,0.0,0.98025,0.0,0.0,0.014,0.0315,4
ORL,25.0,40.55575,0.44368854112306555,0.4605398623656817,0.08275,0.05275,9.091181338287948,11.149375961962402,0.3485,0.0,0.173,0.6065,0.08625,4
PHI,31.0,48.19975,0.20524245995709328,0.27993329795919786,0.01625,-0.06325,6.478429449844087,6.5827018383546525,0.9805,0.0,0.00025,0.0115,0.0305,4
TOR,33.0,47.21475,0.24081596172363867,0.37258769113805895,0.036,-0.09025,6.736245034758902,6.964143114030939,0.94225,0.0,0.001,0.0275,0.06925,4
WAS,31.0,45.39025,0.28185839675607915,0.4615398674392636,0.06175,-0.12575,7.232943273904217,7.699060826056151,0.86425,0.0,0.0055,0.0945,0.14,4
DAL,16.0,25.63025,0.15221395631785714,-0.1329807474254252,0.0,0.0,4.877331084639732,2.704393080211021,0.0,0.53175,0.46825,0.0,0.0,4
DEN,29.0,44.804,0.0,0.0,0.04075,-0.12625,0.0,0.0,0.92525,0.0,0.00425,0.05825,0.08725,4
GSW,32.0,46.00325,0.25005194893999116,0.36481878493094916,0.0285,-0.0895,6.977526981897277,7.16173476629141,0.956,0.0,0.0015,0.0235,0.062,4
HOU,30.0,43.702,0.3071075046480655,0.5069481187855087,0.077,-0.12975,7.620377404022414,8.185405641998761,0.82725,0.0,0.01175,0.11775,0.152,4
LAC,23.0,32.0175,0.0,0.0,0.00125,0.0105,5.156790123456789,5.156790123456789,0.00075,0.00525,0.9845,0.01,0.0,4
LAL,31.0,47.85425,0.0,0.0,0.00625,-0.032,0.0,0.0,0.98925,0.0,0.0005,0.0035,0.01875,4
MEM,31.0,43.906,0.311891931510323,0.5252919274909351,0.08,-0.13275,7.602745263522889,8.166609672547917,0.82275,0.0,0.01,0.11025,0.16625,4
MIN,25.0,38.96075,0.0,0.0,0.081,0.09825,0.0,0.0,0.2975,0.0,0.31475,0.493,0.08775,4
NOP,25.0,33.57575,0.16151041666666674,0.06665624999999999,0.00375,0.0355,17.331869791666673,16.284983630952382,0.005,0.0,0.96175,0.03625,0.00125,4
OKC,43.0,64.5765,0.0,0.0,0.0,0.0,5.156790123456789,5.156790123456789,1.0,0.0,0.0,0.0,0.0,4
PHX,24.0,38.06475,0.0,0.0,0.06775,0.1135,0.0,0.0,0.17275,0.0,0.45975,0.43175,0.0515,4
POR,31.0,42.48675,0.3580349803944335,0.5969187603896289,0.101,-0.1145,8.127800134977738,9.121107417829121,0.6505,0.0,0.0285,0.2305,0.25275,4
SAC,14.0,21.861,0.08643255110937506,-0.035752878329917775,0.0,0.0,15.517217170757142,12.041298877350895,0.0,0.94925,0.05075,0.0,0.0,4
SAS,40.0,60.20175,0.0,0.0,0.0,0.0,0.0,0.0,1.0,0.0,0.0,0.0,0.0,4
UTA,27.0,39.7335,0.5512030051147323,0.2859362126619047,0.11375,0.04875,9.442961973342262,9.227361469527379,0.353,0.0,0.2175,0.48525,0.1205,4
ATL,17.0,28.702,0.0,0.0,0.0005,0.00275,0.0,0.0,0.001,0.0445,0.952,0.0035,0.0,5
BOS,31.0,45.519,0.07083714862872025,0.22518118404939763,0.02975,-0.10925,7.413489213833034,7.706398219017161,0.95525,0.0,0.0,0.02675,0.09475,5
BKN,13.0,21.3825,-0.004904354056437395,-0.004904354056437395,0.0,0.0,5.321802722663138,5.321802722663138,0.0,0.931,0.069,0.0,0.0,5
CHA,27.0,39.693,0.265321510594643,0.4435126891444515,0.09475,0.01375,8.597528017705061,10.82927478453677,0.39975,0.0,0.06375,0.63525,0.1425,5
CHI,17.0,26.9435,0.3917385251151782,-0.06880975287752975,0.0,0.00025,13.886685058218301,12.714588552750682,0.0,0.15975,0.84,0.00025,0.0,5
CLE,29.0,44.70475,0.0,0.0,0.03825,-0.126,0.0,0.0,0.9245,0.0,0.001,0.04725,0.127,5
DET,34.0,52.07425,0.1364440966021274,0.13862702511254407,0.0005,-0.00225,6.478731977513228,6.4800167672831686,1.0,0.0,0.0,0.0,0.0005,5
IND,29.0,42.68375,0.16996966283154769,0.4175130171583758,0.0755,-0.10375,7.801073927819641,8.851085862920918,0.75725,0.0,0.00375,0.18525,0.25225,5
MIA,21.0,34.9985,0.2831140926802965,0.13090824808256005,0.03625,0.10825,10.265947178368041,12.65738895831722,0.06825,0.0,0.7315,0.25475,0.00675,5
MIL,20.0,26.6245,0.0,0.0,0.0,0.0,0.0,0.0,0.0,0.17375,0.82625,0.0,0.0,5
NYK,41.0,60.89225,0.0,0.0,0.0,0.0,0.0,0.0,1.0,0.0,0.0,0.0,0.0,5
ORL,27.0,37.76375,0.22943206599613095,0.28623920957969107,0.04175,0.083,9.30219715582396,11.617436144283921,0.166,0.0,0.20225,0.692,0.06075,5
PHI,37.0,54.238,0.09541172839506172,0.09541172839506172,0.0,0.0,6.228399305555556,6.229057976541569,1.0,0.0,0.0,0.0,0.00025,5
TOR,35.0,52.1655,0.13739982363315692,0.13805849461916883,0.0,-0.001,6.4576333553791905,6.4576333553791905,1.0,0.0,0.0,0.0,0.0,5
WAS,31.0,42.97725,0.17949571303363102,0.3932948948738094,0.083,-0.12525,7.806822790582737,8.655982454999405,0.728,0.0,0.0015,0.155,0.31525,5
DAL,17.0,27.171,0.41944093841696434,-0.055681362058375844,0.002,0.024,3.646213677279018,3.0881901617321437,0.00275,0.136,0.83075,0.03325,0.0,5
DEN,34.0,50.19625,0.0,0.0,0.00425,-0.02325,0.0,0.0,0.99675,0.0,0.0,0.0,0.00925,5
GSW,28.0,41.37375,0.17639275770104168,0.3281803376756662,0.05575,-0.0255,7.9925303414007445,9.502217864940278,0.7025,0.0,0.0,0.25875,0.39025,5
HOU,43.0,60.13125,0.09276808862433873,0.09276808862433873,0.0,0.0,5.321802722663138,5.321802722663138,1.0,0.0,0.0,0.0,0.0,5
LAC,21.0,29.09075,0.003913106261022932,0.003913106261022932,0.004,0.0685,6.004545745149914,6.004545745149914,0.00825,0.027,0.8535,0.1195,0.0,5
LAL,37.0,53.72175,0.0,0.0,0.0,-0.00125,0.0,0.0,1.0,0.0,0.0,0.0,0.0005,5
MEM,15.0,24.5485,0.27566573398883926,-0.12036730231434237,0.00025,0.00275,14.815478231679014,12.396795846222314,0.00025,0.52775,0.4695,0.00275,0.0,5
MIN,30.0,47.3945,0.0,0.0,0.0105,-0.08425,0.0,0.0,0.9825,0.0,0.0,0.00375,0.05675,5
NOP,19.0,29.7225,0.36764449404761906,0.010112202380952305,0.01,0.08725,16.692750148809527,16.20611369047619,0.0215,0.02,0.806,0.17375,0.0,5
OKC,36.0,56.58125,0.10421191578483255,0.10421191578483255,0.0,0.0,6.004545745149914,6.004545745149914,1.0,0.0,0.0,0.0,0.0,5
PHX,21.0,32.42075,0.0,0.0,0.015,0.113,0.0,0.0,0.077,0.00225,0.3255,0.66975,0.00175,5
POR,30.0,43.97275,0.0951948817357143,0.22083407512609127,0.03275,-0.07875,7.614659955396874,8.51552475609985,0.83225,0.0,0.0,0.052,0.3535,5
SAC,10.0,19.80575,0.07350262165133929,-0.016181423957993192,0.0,0.0,15.693279747704013,12.014536360591244,0.0,0.978,0.022,0.0,0.0,5
SAS,43.0,63.3025,0.0,0.0,0.0,0.0,0.0,0.0,1.0,0.0,0.0,0.0,0.0,5
UTA,27.0,39.20425,0.2085017206431548,0.15775733493690472,0.04625,-0.00675,8.705034355177235,9.183187422386906,0.37625,0.0,0.00175,0.6865,0.188,5
ATL,29.0,42.87825,0.0,0.0,0.07275,-0.035,0.0,0.0,0.6515,0.0,0.02125,0.16925,0.389,6
BOS,37.0,54.66825,0.15884229497354507,0.15884229497354507,0.0,-0.00025,5.914335537918872,5.914335537918872,1.0,0.0,0.0,0.0,0.0,6
BKN,15.0,22.629,-0.0016634149029982385,-0.0016634149029982385,0.0,0.0,5.999410063932981,5.999410063932981,0.0,0.8925,0.1075,0.0,0.0,6
CHA,24.0,37.03825,0.4822158040675596,0.31006602778075815,0.05,0.1365,10.253927120800894,12.368086676814874,0.10525,0.0,0.63125,0.30525,0.03725,6
CHI,23.0,35.33225,0.4553948296352679,0.13821158432954925,0.01825,0.08375,11.207680469102234,12.771895544230471,0.03175,0.0005,0.849,0.137,0.007,6
CLE,35.0,51.88675,0.0,0.0,0.0005,-0.00675,0.0,0.0,0.9995,0.0,0.0,0.0,0.0025,6
DET,35.0,49.20075,0.16930536962676365,0.2023006266883708,0.00775,-0.03025,6.951270019387461,6.998423156956657,0.9885,0.0,0.0,0.00125,0.01975,6
IND,26.0,40.623,0.324088120625893,0.5185235542545733,0.09075,0.055,8.469015165740773,10.428920139776704,0.4755,0.0,0.1105,0.4155,0.22475,6
MIA,32.0,49.387,-0.0024600949301532174,0.014479825104115959,0.00325,-0.02925,9.376051618381654,9.402654363025661,0.9935,0.0,0.0,0.00075,0.01275,6
MIL,24.0,31.7925,0.0,0.0,0.0005,0.01175,0.0,0.0,0.0,0.0015,0.98775,0.01075,0.0,6
NYK,37.0,56.19675,0.0,0.0,0.0,0.0,0.0,0.0,1.0,0.0,0.0,0.0,0.0,6
ORL,25.0,39.95275,0.3853949567684525,0.4977524328465347,0.09525,0.07975,8.702933079490776,10.845932686475479,0.42725,0.0,0.16725,0.47825,0.158,6
PHI,33.0,50.6515,0.17547369909759147,0.18766646666232362,0.0015,-0.01475,6.642575994312236,6.654539541173842,0.99825,0.0,0.0,0.00025,0.00475,6
TOR,25.0,39.4415,0.3991952734522322,0.4952615227749262,0.083,0.0985,8.981139679270091,11.183567909402015,0.329,0.0,0.2315,0.48125,0.14425,6
WAS,17.0,27.38175,0.2671173828535713,-0.048308763156547474,0.0,0.00025,14.333603400938392,11.924132747687501,0.0,0.1465,0.853,0.0005,0.0,6
DAL,17.0,28.155,0.29240879694553573,-0.04966676941644557,0.002,0.0075,3.9164181517848218,3.4242757259718113,0.00125,0.08225,0.90925,0.0085,0.0,6
DEN,40.0,56.54875,0.0,0.0,0.0,0.0,0.0,0.0,1.0,0.0,0.0,0.0,0.0,6
GSW,30.0,43.381,0.12069459503735121,0.29866324159721513,0.04625,-0.13025,7.555181533709373,7.976962311513087,0.90975,0.0,0.00025,0.0575,0.1325,6
HOU,38.0,54.12725,0.1649584435626103,0.1649584435626103,0.0,0.0,5.999410063932981,5.999410063932981,1.0,0.0,0.0,0.0,0.0,6
LAC,20.0,28.89325,0.0002581238977072313,0.0002581238977072313,0.00125,0.01525,5.1926844356261,5.1926844356261,0.0005,0.046,0.93925,0.0145,0.00025,6
LAL,26.0,41.97275,0.0,0.0,0.063,-0.13275,0.0,0.0,0.83875,0.0,0.00025,0.14625,0.1915,6
MEM,27.0,36.4095,0.48849491104092274,0.25740113040732987,0.05225,0.03725,10.355837090100744,11.567764569451592,0.1595,0.0,0.06925,0.831,0.05325,6
MIN,27.0,40.2305,0.0,0.0,0.081,-0.0835,0.0,0.0,0.63875,0.0,0.005,0.351,0.24275,6
NOP,14.0,21.52125,0.009419345238095275,-0.14711860119047623,0.0,0.0,18.41705967261905,15.950637202380953,0.0,0.95275,0.04725,0.0,0.0,6
OKC,40.0,60.023,0.03519136904761909,0.03519136904761909,0.0,0.0,5.1926844356261,5.1926844356261,1.0,0.0,0.0,0.0,0.0,6
PHX,26.0,39.5655,0.0,0.0,0.09975,-0.06275,0.0,0.0,0.54975,0.0,0.008,0.46525,0.21975,6
POR,30.0,43.02125,0.12692191772366074,0.3102457389290178,0.042,-0.132,7.60871471305476,8.095168009829512,0.8885,0.0,0.0,0.06775,0.15925,6
SAC,16.0,23.035,0.1353319951031251,-0.07575761909470219,0.0,0.0,15.365854551990175,12.221944746269397,0.0,0.865,0.135,0.0,0.0,6
SAS,35.0,53.42925,0.0,0.0,0.0,0.0,0.0,0.0,1.0,0.0,0.0,0.0,0.0,6
UTA,17.0,30.6265,0.3480945334327378,0.02052115252440475,0.00825,0.03475,13.143881575187201,10.106674619972617,0.01325,0.013,0.9275,0.05825,0.00075,6
ATL,31.0,46.99325,0.0,0.0,0.04375,-0.123,0.0,0.0,0.92025,0.0,0.003,0.05625,0.08825,7
BOS,33.0,47.9685,0.2052870447720238,0.3320070848404479,0.028,-0.08525,6.904925816180181,7.1107386408320945,0.9525,0.0,0.00175,0.0195,0.0625,7
BKN,12.0,20.20175,-0.001739732142857143,-0.0047733630952380935,0.0,0.0,7.230747023809523,7.2680446428571415,0.0,0.8425,0.1575,0.0,0.0,7
CHA,23.0,35.164,0.3082334899138393,0.04346593754946709,0.00425,0.03125,11.711292611591816,12.89430013675285,0.0045,0.0,0.9665,0.03075,0.00125,7
CHI,16.0,25.063,0.2482967555892856,-0.06292049415062917,0.0,0.0,14.092248558976337,12.818841242707274,0.0,0.14225,0.85775,0.0,0.0,7
CLE,30.0,44.3155,0.0,0.0,0.08575,-0.09675,0.0,0.0,0.6845,0.0,0.03875,0.224,0.221,7
DET,26.0,40.049,0.3914401982471727,0.38952148288394695,0.06575,0.1195,9.395585332879465,11.921206580064391,0.173,0.0,0.46225,0.41475,0.06125,7
IND,38.0,55.66,0.10802407407407418,0.10869215302764562,0.0,-0.00075,5.937021626984127,5.937021626984127,1.0,0.0,0.0,0.0,0.0,7
MIA,29.0,45.132,-0.025966978514081723,0.29713565083564286,0.08425,-0.13325,9.264425695213555,10.062058072977479,0.808,0.0,0.0175,0.14675,0.169,7
MIL,14.0,22.92625,0.0,0.0,0.0,0.0,0.0,0.0,0.0,0.429,0.571,0.0,0.0,7
NYK,45.0,65.51,0.0,0.0,0.0,0.0,0.0,0.0,1.0,0.0,0.0,0.0,0.0,7
ORL,32.0,45.8205,0.20891669840863103,0.4998046959114087,0.07075,-0.1355,7.405165378128124,8.164859218891786,0.832,0.0,0.0115,0.1035,0.17575,7
PHI,36.0,54.5045,0.07716316382134596,0.07826025978339954,0.00025,-0.00075,6.082195359347444,6.082195359347444,1.0,0.0,0.0,0.0,0.0,7
TOR,26.0,40.81825,0.38551667527797634,0.49552715431982847,0.088,0.1,8.987489658311311,11.4977973292613,0.2895,0.0,0.32275,0.48275,0.083,7
WAS,29.0,41.7645,0.35665685766547633,0.4702624571648808,0.09575,0.04375,8.652487661233929,10.408348040786906,0.33575,0.0,0.176,0.52175,0.138,7
DAL,25.0,37.331,0.23979703326830354,0.3043082155054167,0.07625,0.09875,1.0205404180575892,2.1960542414552684,0.2795,0.0,0.27825,0.46775,0.13625,7
DEN,35.0,52.079,0.0,0.0,0.0,-0.00025,0.0,0.0,1.0,0.0,0.0,0.0,0.0,7
GSW,29.0,41.693,0.26823629193675597,0.42629329633331065,0.0675,-0.1045,7.985719812960714,8.717258411063439,0.7775,0.0,0.012,0.114,0.295,7
HOU,30.0,45.765,0.13019505854717264,0.19236261420647677,0.0095,-0.07625,7.236711946465177,7.333597999522895,0.987,0.0,0.0005,0.0055,0.03975,7
LAC,27.0,38.56325,0.002323115079365082,0.002323115079365082,0.095,0.047,5.546922475749558,5.546922475749558,0.42075,0.0,0.13425,0.444,0.22475,7
LAL,25.0,37.63825,0.0,0.0,0.08675,0.08275,0.0,0.0,0.311,0.0,0.23275,0.47325,0.1615,7
MEM,15.0,24.062,0.25912814661696415,-0.09072366913606564,0.0,0.0,14.411797440021873,12.722210361253438,0.0,0.2525,0.7475,0.0,0.0,7
MIN,34.0,49.672,0.0,0.0,0.0,-0.00425,0.0,0.0,0.99925,0.0,0.0,0.0,0.00175,7
NOP,18.0,26.6375,0.24135461309523815,0.21898139880952378,0.0,0.00025,18.28374806547619,16.43831607142857,0.0,0.0395,0.96,0.0005,0.0,7
OKC,39.0,57.5105,0.13279791666666682,0.13279791666666682,0.0,0.0,5.546922475749558,5.546922475749558,1.0,0.0,0.0,0.0,0.0,7
PHX,30.0,45.142,0.0,0.0,0.01675,-0.0835,0.0,0.0,0.97325,0.0,0.00025,0.00925,0.05675,7
POR,24.0,36.748,0.51391410962753,0.43325485856138596,0.08225,0.119,10.47610410945655,11.628584859579563,0.25175,0.0,0.3425,0.48575,0.08425,7
SAC,12.0,19.18125,0.1300243537602679,-0.05061726287136051,0.0,0.0,15.59179614215178,12.14425018148911,0.0,0.92075,0.07925,0.0,0.0,7
SAS,44.0,62.89225,0.0,0.0,0.0,0.0,0.0,0.0,1.0,0.0,0.0,0.0,0.0,7
UTA,13.0,23.194,0.2571391235508928,-0.007147311989880951,0.0,0.0,14.667503753205356,10.116690980843453,0.0,0.3735,0.6265,0.0,0.0,7
ATL,33.0,47.29175,0.0,0.0,0.03625,-0.06625,0.0,0.0,0.95225,0.0,0.0055,0.03075,0.0415,8
BOS,28.0,42.5555,0.4335753597480656,0.7395071518285884,0.13325,-0.018,8.457605747712352,10.095691514840388,0.49975,0.0,0.18075,0.33825,0.12275,8
BKN,13.0,20.2085,-0.002399404761904762,-0.004773214285714281,0.0,0.0,6.661726824294533,6.732402568342152,0.0,0.863,0.137,0.0,0.0,8
CHA,28.0,42.227,0.44539304847559535,0.7519644881420422,0.13525,-0.00475,8.5961659666375,10.320910238077486,0.4625,0.0,0.23725,0.31775,0.12425,8
CHI,20.0,28.46525,0.13641529791383925,-0.004953769485260765,0.0,0.0,13.325081768002226,12.813104471947012,0.0,0.006,0.994,0.0,0.0,8
CLE,37.0,55.71575,0.0,0.0,0.0,0.0,0.0,0.0,1.0,0.0,0.0,0.0,0.0,8
DET,29.0,43.11775,0.4164866202305061,0.7530132241996812,0.14625,-0.064,8.246276521434822,9.621313606197278,0.568,0.0,0.146,0.26775,0.13925,8
IND,33.0,48.4325,0.19511460034139105,0.2615519473179004,0.01625,-0.041,6.629850220270933,6.7012094313629955,0.9825,0.0,0.002,0.0115,0.016,8
MIA,30.0,44.25525,0.027238810334314467,0.36976069807751155,0.11725,-0.0965,9.339572665495659,10.2490370396219,0.7205,0.0,0.06525,0.18325,0.133,8
MIL,14.0,22.8795,0.0,0.0,0.0,0.0,0.0,0.0,0.0,0.44225,0.55775,0.0,0.0,8
NYK,30.0,45.40575,0.0,0.0,0.08875,-0.11775,0.0,0.0,0.86275,0.0,0.0265,0.10575,0.0815,8
ORL,30.0,44.536,0.34067123690372036,0.6772350095667969,0.10175,-0.104,7.693318872537501,8.569036029372185,0.756,0.0,0.05375,0.1775,0.114,8
PHI,27.0,43.79125,0.3459836563760417,0.6981496194648596,0.11575,-0.091,7.888932592228422,9.007567869413514,0.7205,0.0,0.0825,0.22375,0.114,8
TOR,28.0,42.35125,0.4423566669372025,0.7596107507329605,0.13775,-0.00475,8.56332826813497,10.240146195507513,0.471,0.0,0.22175,0.32625,0.112,8
WAS,24.0,35.627,0.24085764014092267,0.024945735882142876,0.00425,0.019,11.888703277415475,11.860825993165479,0.00425,0.0,0.97875,0.0175,0.00175,8
DAL,23.0,36.18975,0.2151352535066964,0.16514141851673042,0.02875,0.122,1.6514329551361606,2.8516252751643716,0.0785,0.0,0.63225,0.343,0.01525,8
DEN,25.0,40.01975,0.0,0.0,0.08125,0.045,0.0,0.0,0.44625,0.0,0.0835,0.559,0.1735,8
GSW,27.0,40.8685,0.42199889824330367,0.4863090751484765,0.09175,0.0145,8.83445066813765,10.08843219352429,0.531,0.0,0.04575,0.4215,0.26075,8
HOU,33.0,48.2505,0.1797879092451995,0.24473199752575503,0.006,-0.067,6.6644133234362,6.780136710905843,0.98025,0.0,0.0,0.002,0.05225,8
LAC,16.0,25.058,-0.0012906194885361566,-0.0012906194885361566,0.0,0.0,5.232936673280422,5.232936673280422,0.0,0.13225,0.86775,0.0,0.0,8
LAL,37.0,55.4935,0.0,0.0,0.00025,-0.0005,0.0,0.0,1.0,0.0,0.0,0.0,0.0,8
MEM,15.0,20.715,0.18717822212589294,-0.100323102852001,0.0,0.0,15.39900861543839,12.120308652667987,0.0,0.826,0.174,0.0,0.0,8
MIN,33.0,47.3885,0.0,0.0,0.02225,-0.10375,0.0,0.0,0.9475,0.0,0.0,0.0065,0.11575,8
NOP,16.0,22.20825,0.10581101190476191,-0.09514270833333333,0.0,0.0,19.993505505952385,15.546433630952382,0.0,0.5895,0.4105,0.0,0.0,8
OKC,39.0,59.2645,0.0560128858024692,0.0560128858024692,0.0,0.0,5.232936673280422,5.232936673280422,1.0,0.0,0.0,0.0,0.0,8
PHX,25.0,38.27675,0.0,0.0,0.05125,0.09525,0.0,0.0,0.18125,0.0,0.237,0.6275,0.081,8
POR,36.0,54.441,0.11501909171075848,0.11501909171075848,0.0,-0.00075,5.947845987654321,5.9484887074281305,1.0,0.0,0.0,0.0,0.00025,8
SAC,17.0,25.08725,0.23660955433348205,-0.07032281703414389,0.0,0.0,14.216123663716514,12.699208820790332,0.0,0.141,0.859,0.0,0.0,8
SAS,43.0,64.705,0.0,0.0,0.0,0.0,0.0,0.0,1.0,0.0,0.0,0.0,0.0,8
UTA,31.0,45.17375,0.23052071859866072,0.26391171138333336,0.04625,-0.127,7.446705110554464,7.6930345041464285,0.83525,0.0,0.0015,0.0405,0.30125,8
ATL,22.0,35.2525,0.0,0.0,0.0085,0.04725,0.0,0.0,0.013,0.0,0.927,0.0715,0.0005,9
BOS,35.0,51.00175,0.1609221386985339,0.19103475558285932,0.00425,-0.02575,6.508933187520201,6.538222578418266,0.99575,0.0,0.0,0.001,0.01075,9
BKN,12.0,19.939,-0.0007302358906525579,-0.0007302358906525579,0.0,0.0,5.474564131393297,5.474564131393297,0.0,0.988,0.012,0.0,0.0,9
CHA,35.0,50.0725,0.1831792816836089,0.23252952924154538,0.00775,-0.043,6.697982683249577,6.77367493087909,0.987,0.0,0.0,0.003,0.028,9
CHI,16.0,22.72375,0.056560750701339396,-0.050729008351748726,0.0,0.0,15.261951739756693,12.162932194218076,0.0,0.9235,0.0765,0.0,0.0,9
CLE,28.0,43.87275,0.0,0.0,0.06925,-0.0575,0.0,0.0,0.6885,0.0,0.0195,0.28875,0.25475,9
DET,31.0,47.68825,0.16073832355803572,0.35779801837329367,0.0315,-0.11325,7.176951477654315,7.529387269981171,0.9455,0.0,0.0005,0.02975,0.1045,9
IND,30.0,44.789,0.140859150974256,0.48830983249527776,0.06775,-0.09425,7.675214434122917,9.007179678798066,0.727,0.0,0.007,0.184,0.3055,9
MIA,33.0,51.623,-0.0008273769222056879,0.005848249964647267,0.00075,-0.01475,9.382665124800184,9.387414947143668,0.99975,0.0,0.0,0.00025,0.00275,9
MIL,27.0,36.916,0.0,0.0,0.016,0.085,0.0,0.0,0.01925,0.0,0.82125,0.16775,0.007,9
NYK,33.0,50.994,0.0,0.0,0.0025,-0.024,0.0,0.0,0.99625,0.0,0.0,0.001,0.01125,9
ORL,29.0,41.0735,0.24749766568244058,0.3796011618670931,0.071,0.056,8.718240149092562,11.303745342508257,0.25,0.0,0.1285,0.6515,0.1275,9
PHI,38.0,55.74375,0.13641483072911165,0.13730229123774262,0.0005,-0.0015,5.880002694485726,5.880890154994357,0.9995,0.0,0.0,0.0,0.0005,9
TOR,28.0,41.664,0.23861420309494058,0.4255568671141765,0.07675,0.0305,8.44139960136384,10.95618002990223,0.378,0.0,0.0985,0.59925,0.147,9
WAS,21.0,31.7065,0.4606487902113091,0.001768341407142855,0.00025,0.0025,12.955527263177828,12.002592978943452,0.0005,0.002,0.99575,0.00225,0.0,9
DAL,21.0,32.6125,0.4470091144687501,0.19193362250326107,0.04175,0.12825,2.3480660633861605,2.999460210141697,0.0855,0.00025,0.598,0.365,0.026,9
DEN,27.0,42.229,0.0,0.0,0.021,-0.1275,0.0,0.0,0.937,0.0,0.001,0.01125,0.1735,9
GSW,25.0,38.45925,0.3176143890123512,0.3646763158536011,0.0625,-0.02925,8.455473964282739,9.331687069507955,0.72225,0.0,0.026,0.15275,0.42575,9
HOU,40.0,57.52925,0.12465897266313945,0.12465897266313945,0.0,0.0,5.474564131393297,5.474564131393297,1.0,0.0,0.0,0.0,0.0,9
LAC,23.0,33.48775,-0.0002581238977072313,-0.0002581238977072313,0.05075,0.13525,5.170212566137565,5.170212566137565,0.11675,0.00075,0.45275,0.4835,0.04125,9
LAL,26.0,41.67025,0.0,0.0,0.024,-0.12975,0.0,0.0,0.92275,0.0,0.0005,0.01925,0.2035,9
MEM,21.0,27.243,0.1706159172026784,-0.024781767685955126,0.00025,0.0115,14.646343732634376,12.908165065189303,0.0,0.07875,0.914,0.00725,0.0,9
MIN,35.0,52.3515,0.0,0.0,0.00025,-0.00025,0.0,0.0,0.99975,0.0,0.0,0.0,0.00025,9
NOP,22.0,32.18725,0.5773648809523807,0.10196964285714286,0.03325,0.13175,13.587268005952383,16.26706413690476,0.06075,0.00225,0.66225,0.3085,0.01925,9
OKC,41.0,61.7625,0.013200033068783083,0.013200033068783083,0.0,0.0,5.170212566137565,5.170212566137565,1.0,0.0,0.0,0.0,0.0,9
PHX,20.0,33.09075,0.0,0.0,0.055,0.14,0.0,0.0,0.13275,0.00025,0.50675,0.4305,0.04175,9
POR,30.0,44.525,0.04525405901071429,0.08404313918095238,0.0115,-0.06275,7.397029440969046,7.501421249003273,0.98175,0.0,0.0,0.0005,0.0535,9
SAC,10.0,16.23775,0.03241753149017855,-2.436421507936526e-05,0.0,0.0,15.811471174144637,12.094771786689883,0.0,1.0,0.0,0.0,0.0,9
SAS,40.0,60.065,0.0,0.0,0.0,0.0,0.0,0.0,1.0,0.0,0.0,0.0,0.0,9
UTA,21.0,31.489,0.5250161070999997,0.08343179053988085,0.0245,0.11825,12.936178513757588,9.982778594074997,0.04075,0.00425,0.75225,0.2215,0.01525,9
ATL,29.0,42.556,0.0,0.0,0.063,-0.118,0.0,0.0,0.81525,0.0,0.00725,0.09075,0.248,10
BOS,38.0,53.689,0.17828847001763679,0.17828847001763679,0.0,0.0,5.999856613756615,5.999856613756615,1.0,0.0,0.0,0.0,0.0,10
BKN,17.0,23.62475,0.0006997023809523828,0.003648065476190476,0.0,0.0,7.394132440476189,7.55667544642857,0.0,0.8785,0.1215,0.0,0.0,10
CHA,28.0,40.097,0.3579595510639882,0.5700478064599772,0.1025,-0.0155,8.351462125961309,9.874478831819314,0.54,0.0,0.0745,0.293,0.3,10
CHI,28.0,36.95175,0.6587694439139881,0.38562502448348057,0.05325,0.13,10.248804025801043,11.884795144333577,0.10625,0.0,0.40275,0.4605,0.0915,10
CLE,39.0,54.3885,0.0,0.0,0.0,0.0,0.0,0.0,1.0,0.0,0.0,0.0,0.0,10
DET,33.0,50.84675,0.17786807208994707,0.18077769362109788,0.0,-0.0025,6.51719902140512,6.518975496554972,0.99975,0.0,0.0,0.0,0.00075,10
IND,34.0,49.36525,0.1638327870783179,0.16874627183843693,0.0005,-0.0045,6.860522774411855,6.864456491098015,0.9995,0.0,0.0,0.0,0.00175,10
MIA,26.0,42.61525,0.0024314210475474434,0.2202436309019086,0.0545,-0.11925,9.327891201908043,9.841324800544102,0.88325,0.0,0.007,0.07875,0.1635,10
MIL,17.0,26.5815,0.0,0.0,0.0,0.0005,0.0,0.0,0.0,0.4015,0.59775,0.00075,0.0,10
NYK,21.0,34.4145,0.0,0.0,0.0295,0.0955,0.0,0.0,0.0595,0.00075,0.786,0.18525,0.014,10
ORL,22.0,36.68475,0.6999532629061012,0.3765680299193026,0.075,0.13675,10.205533351834376,11.894203259679642,0.23575,0.00025,0.446,0.42825,0.057,10
PHI,37.0,54.221,0.16616459435626116,0.16616459435626116,0.0,0.0,5.901651565255732,5.901651565255732,1.0,0.0,0.0,0.0,0.0,10
TOR,23.0,37.865,0.596461167634524,0.5037487095955158,0.09625,0.09775,9.372538425152234,11.273874117531316,0.36075,0.0,0.27625,0.46275,0.1235,10
WAS,16.0,25.086,0.08875160126071445,-0.0675486524083332,0.0,0.0,15.188900066855801,11.568297062266069,0.0,0.7155,0.2845,0.0,0.0,10
DAL,23.0,34.912,0.4621586156241072,0.21216079449791245,0.04725,0.127,1.9420149436205356,2.9385425066735715,0.11,0.0005,0.637,0.29225,0.0445,10
DEN,38.0,55.57675,0.0,0.0,0.0,0.0,0.0,0.0,1.0,0.0,0.0,0.0,0.0,10
GSW,20.0,34.0165,0.6818473394172616,0.20671037374225049,0.0415,0.11175,12.198030240406696,12.583484307513357,0.086,0.00025,0.762,0.206,0.019,10
HOU,30.0,44.9815,0.06833076702425597,0.18169034600026215,0.02075,-0.1155,7.392298088036308,7.736285051592565,0.9525,0.0,0.00075,0.0065,0.13975,10
LAC,25.0,34.737,0.0007386574074074084,0.0007386574074074084,0.0385,0.134,5.301068022486772,5.301068022486772,0.068,0.00025,0.67975,0.269,0.03875,10
LAL,30.0,46.8385,0.0,0.0,0.00725,-0.08325,0.0,0.0,0.9855,0.0,0.0,0.00075,0.0515,10
MEM,25.0,36.094,0.7105417278486607,0.3908656691595308,0.06825,0.14375,10.662436991807292,11.916421578601247,0.1845,0.00025,0.44825,0.413,0.08625,10
MIN,34.0,51.80775,0.0,0.0,0.00025,-0.00475,0.0,0.0,0.99975,0.0,0.0,0.0,0.00125,10
NOP,26.0,34.6945,0.48963407738095255,0.2001072916666666,0.0345,0.1315,17.244979315476193,15.778270982142859,0.04975,0.00075,0.69175,0.267,0.02975,10
OKC,37.0,57.687,0.1011778769841271,0.1011778769841271,0.0,0.0,5.301068022486772,5.301068022486772,1.0,0.0,0.0,0.0,0.0,10
PHX,25.0,39.03875,0.0,0.0,0.09025,0.053,0.0,0.0,0.55725,0.0,0.111,0.2645,0.36,10
POR,31.0,44.52825,0.057049380979166675,0.19733955623730157,0.025,-0.121,7.44854103179985,7.892479597817956,0.91925,0.0,0.00025,0.00725,0.189,10
SAC,9.0,15.80475,0.005200861891964282,8.954194345237898e-05,0.0,0.0,15.859572737168742,12.078419964961807,0.0,1.0,0.0,0.0,0.0,10
SAS,35.0,55.59675,0.0,0.0,0.0,-0.00025,0.0,0.0,1.0,0.0,0.0,0.0,0.0,10
UTA,24.0,34.699,0.6991652040171129,0.12774249516904757,0.03925,0.13925,11.768637138835714,9.888791136573811,0.0875,0.0015,0.66575,0.27375,0.04025,10
ATL,30.0,43.146,0.0,0.0,0.096,-0.08925,0.0,0.0,0.59425,0.0,0.036,0.3015,0.23175,11
BOS,43.0,61.204,0.018584920634920656,0.018584920634920656,0.0,0.0,5.174600672398588,5.174600672398588,1.0,0.0,0.0,0.0,0.0,11
BKN,11.0,19.4045,0.012853720238095247,0.011641964285714271,0.0,0.0,9.017925892857143,9.215170684523809,0.0,0.9805,0.0195,0.0,0.0,11
CHA,21.0,32.85875,0.35053636449211284,0.020788373122463125,0.00325,0.01725,12.725043074842706,12.936443853039764,0.00225,0.00125,0.9795,0.01925,0.0,11
CHI,26.0,36.56625,0.48326451217604166,0.16658627170293352,0.01825,0.10275,10.895324292984972,12.653476296828927,0.028,0.0,0.78175,0.20225,0.00975,11
CLE,31.0,47.16575,0.0,0.0,0.02325,-0.0775,0.0,0.0,0.96575,0.0,0.001,0.02325,0.051,11
DET,33.0,50.20525,0.09557491422756831,0.1117667390477568,0.0025,-0.0135,6.324527788569071,6.342724337647344,0.99625,0.0,0.0,0.0015,0.00575,11
IND,28.0,43.737,0.23636245585119053,0.5730667474155371,0.08525,-0.109,7.656906934546578,8.813460332825162,0.77175,0.0,0.01675,0.212,0.18775,11
MIA,29.0,45.364,-0.024672338027221085,0.21867642128367334,0.056,-0.14125,9.303542009252984,9.810254235546445,0.89,0.0,0.00475,0.08775,0.13025,11
MIL,21.0,30.257,0.0,0.0,0.0005,0.00175,0.0,0.0,0.0,0.00575,0.99275,0.0015,0.0,11
NYK,32.0,47.2165,0.0,0.0,0.02825,-0.08525,0.0,0.0,0.95425,0.0,0.0005,0.02825,0.05725,11
ORL,29.0,42.89975,0.2577730251581846,0.594242135261977,0.0945,-0.0825,7.9545255660008936,9.562899208210354,0.62675,0.0,0.04125,0.33475,0.202,11
PHI,30.0,46.58275,0.2061972880505346,0.38522723027775113,0.02925,-0.10725,6.982338127806399,7.267030524659314,0.949,0.0,0.00125,0.0345,0.0735,11
TOR,23.0,37.86675,0.5126065009147321,0.27657251331968236,0.0635,0.124,10.08926695776518,12.299130059366899,0.134,0.0,0.5915,0.35825,0.019,11
WAS,27.0,38.115,0.4410041149200893,0.24356837963690464,0.035,0.12525,10.056503639026488,11.423044071805357,0.08775,0.0,0.546,0.39525,0.032,11
DAL,25.0,35.37025,0.32160329908125,0.17398775707707909,0.0355,0.11,1.6261126212004464,2.666096002567747,0.08175,0.0,0.37,0.5785,0.0345,11
DEN,30.0,45.633,0.0,0.0,0.0175,-0.10575,0.0,0.0,0.96625,0.0,0.0,0.006,0.08925,11
GSW,26.0,40.008,0.34870195219136907,0.4826924582778557,0.0775,-0.02275,8.607089520172769,9.875738613696393,0.59125,0.0,0.02425,0.35675,0.302,11
HOU,24.0,38.60275,0.44901608323110126,0.43212762480321554,0.083,0.026,9.19144125409881,10.755643546657423,0.46,0.0,0.06,0.58175,0.18625,11
LAC,14.0,21.459,0.0010324955908289253,0.0010324955908289253,0.0,0.0,5.352964285714284,5.352964285714284,0.0,0.92575,0.07425,0.0,0.0,11
LAL,38.0,54.713,0.0,0.0,0.0,0.0,0.0,0.0,1.0,0.0,0.0,0.0,0.0,11
MEM,18.0,28.368,0.20859449364553553,-0.009745162042828766,0.002,0.009,14.181055509481695,12.91634695464412,0.001,0.03575,0.954,0.01,0.00025,11
MIN,28.0,43.53175,0.0,0.0,0.04225,-0.126,0.0,0.0,0.88125,0.0,0.00125,0.0435,0.2365,11
NOP,13.0,21.64475,-0.003514732142857092,0.009643005952380957,0.0,0.0,18.970735863095236,15.95415625,0.0,0.91,0.09,0.0,0.0,11
OKC,38.0,57.714,0.0906014880952382,0.0906014880952382,0.0,0.0,5.352964285714284,5.352964285714284,1.0,0.0,0.0,0.0,0.0,11
PHX,32.0,45.46975,0.0,0.0,0.0355,-0.11225,0.0,0.0,0.93925,0.0,0.00025,0.00975,0.12,11
POR,34.0,49.15075,0.136714012310852,0.15602838224731036,0.0035,-0.0175,6.449118381902724,6.472900751647068,0.9965,0.0,0.0,0.00025,0.00975,11
SAC,18.0,26.34325,0.15483398374732132,-0.060719510235592286,0.00025,0.00225,14.649478890719642,12.834513418637465,0.0,0.141,0.8575,0.0015,0.0,11
SAS,45.0,64.9145,0.0,0.0,0.0,0.0,0.0,0.0,1.0,0.0,0.0,0.0,0.0,11
UTA,23.0,34.488,0.4742494064380951,0.09237372626726183,0.03075,0.11625,11.752447890043898,9.862533583807142,0.08275,0.0,0.556,0.412,0.0215,11
ATL,29.0,43.944,0.0,0.0,0.097,-0.085,0.0,0.0,0.59,0.0,0.00025,0.359,0.2375,12
BOS,37.0,54.8495,0.18427643298059973,0.18494293130530212,0.0,-0.00025,6.051742735890652,6.051742735890652,1.0,0.0,0.0,0.0,0.0,12
BKN,14.0,20.3385,-0.001539726631393299,-0.001539726631393299,0.0,0.0,6.563889561287478,6.564480483906526,0.0,0.9615,0.0385,0.0,0.0,12
CHA,21.0,32.03125,0.41933803407961306,0.006211299033591263,0.0005,0.006,11.133399006553423,12.983050279852261,0.00025,0.001,0.99325,0.00575,0.0,12
CHI,20.0,29.8115,0.4841150773620533,-0.009375027580674579,0.0,0.00075,12.326097689159376,12.97798140855488,0.0,0.01375,0.98575,0.0005,0.0,12
CLE,32.0,46.40425,0.0,0.0,0.06025,-0.1355,0.0,0.0,0.84675,0.0,0.00025,0.09175,0.16675,12
DET,40.0,60.1355,0.04940327380952387,0.04940327380952387,0.0,0.0,5.214954519400352,5.214954519400352,1.0,0.0,0.0,0.0,0.0,12
IND,28.0,43.848,0.17527977154375007,0.5292422031742857,0.0915,-0.07675,7.897881173528423,9.567363624077439,0.65975,0.0,0.0005,0.35325,0.237,12
MIA,36.0,51.82825,-0.0018619449222332443,0.009530118996650499,0.0025,-0.012,9.380797670918835,9.388745774770014,0.9975,0.0,0.0,0.00075,0.00275,12
MIL,17.0,23.6575,0.0,0.0,0.0,0.0,0.0,0.0,0.0,0.6505,0.3495,0.0,0.0,12
NYK,38.0,56.476,0.0,0.0,0.0,0.0,0.0,0.0,1.0,0.0,0.0,0.0,0.0,12
ORL,35.0,49.8345,0.14500070907843365,0.19887273482967371,0.01,-0.0425,7.08358104087802,7.163231502970828,0.986,0.0,0.0,0.00475,0.02725,12
PHI,27.0,43.422,0.19398069883214294,0.5721272025458134,0.09525,-0.0665,8.00228592064271,9.848475944504544,0.59825,0.0,0.001,0.433,0.20975,12
TOR,28.0,41.34525,0.19246101072752986,0.3623140370096527,0.06975,-0.02075,8.637174191273811,11.026402639880198,0.32125,0.0,0.00475,0.75075,0.119,12
WAS,21.0,29.32975,0.4790363445964282,-0.006756036175595225,0.00025,0.0005,12.584719337982142,11.997506935876787,0.00025,0.0165,0.983,0.0005,0.0,12
DAL,22.0,33.05775,0.21796164866875004,0.09906432136100767,0.0225,0.0765,1.0760975335589287,2.526287219844949,0.0995,0.0,0.14875,0.8385,0.009,12
DEN,37.0,54.695,0.0,0.0,0.0,-0.0005,0.0,0.0,1.0,0.0,0.0,0.0,0.0,12
GSW,28.0,41.729,0.09928586153690472,0.09223794340208333,0.01225,-0.0335,7.894819488571577,8.650967287782143,0.81425,0.0,0.0,0.01425,0.45325,12
HOU,36.0,52.3725,0.17709150621412034,0.17998784339417986,0.0005,-0.00325,6.563889561287478,6.565228812401764,1.0,0.0,0.0,0.0,0.0005,12
LAC,17.0,27.38525,0.001968540564373898,0.001968540564373898,0.006,0.04625,6.339483465608466,6.340718882275132,0.009,0.0965,0.83225,0.07125,0.0,12
LAL,28.0,42.3815,0.0,0.0,0.018,-0.04275,0.0,0.0,0.7905,0.0,0.00025,0.0095,0.477,12
MEM,16.0,23.931,0.26256829477232146,-0.12945265606301695,0.00025,0.003,14.969462991573211,12.4671631399536,0.0,0.5845,0.41425,0.00125,0.0,12
MIN,36.0,53.53525,0.0,0.0,0.0,-0.00025,0.0,0.0,1.0,0.0,0.0,0.0,0.0,12
NOP,18.0,27.31,0.42333244047619045,-0.027954315476190473,0.00425,0.04,18.73937380952381,15.910002380952381,0.00425,0.105,0.84225,0.05275,0.0,12
OKC,34.0,53.4065,0.17866514550264548,0.1800043966169312,0.0,-0.001,6.339483465608466,6.340153091165609,1.0,0.0,0.0,0.0,0.00025,12
PHX,33.0,47.4135,0.0,0.0,0.01375,-0.065,0.0,0.0,0.9775,0.0,0.0,0.0,0.054,12
POR,18.0,32.987,0.3922379365941964,0.1275648600243437,0.034,0.07525,10.009878739401193,11.931954171452333,0.282,0.0,0.155,0.834,0.00575,12
SAC,16.0,24.25775,0.28563649241651784,-0.14414400936946248,0.0,0.0045,14.875053074969195,12.51120812289284,0.0,0.53175,0.4645,0.00375,0.0,12
SAS,40.0,59.37675,0.0,0.0,0.0,0.0,0.0,0.0,1.0,0.0,0.0,0.0,0.0,12
UTA,18.0,28.9055,0.5133704883821425,0.044022818813095214,0.01125,0.08525,12.727510049904016,10.0449840432994,0.023,0.039,0.786,0.17475,0.00025,12
ATL,30.0,43.508,0.0,0.0,0.10875,-0.111,0.0,0.0,0.60025,0.0,0.03,0.347,0.1845,13
BOS,34.0,51.65175,0.1885245924639717,0.19322632688433736,0.001,-0.0045,5.651628844509187,5.656150402321716,0.9985,0.0,0.00025,0.001,0.0005,13
BKN,21.0,31.795,-0.002792410714285717,-0.007389880952380951,0.0,0.00125,7.09001197089947,7.1993944113756605,0.0,0.043,0.95525,0.00175,0.0,13
CHA,33.0,46.6105,0.2803334954856427,0.4670362552078081,0.0475,-0.10875,6.983203936401566,7.355628163561932,0.90675,0.0,0.002,0.06425,0.08925,13
CHI,18.0,28.00925,0.31142248374821413,-0.11097416910790815,0.0,0.0,14.636000756338392,12.411440045722703,0.0,0.3995,0.6005,0.0,0.0,13
CLE,28.0,43.11325,0.0,0.0,0.108,-0.07475,0.0,0.0,0.5855,0.0,0.04225,0.38925,0.165,13
DET,31.0,47.4345,0.2673169480347278,0.38579695753445137,0.03275,-0.09075,6.7195085884391865,6.91870263010258,0.95975,0.0,0.001,0.031,0.047,13
IND,24.0,37.4745,0.38714800864538695,0.14486797641404486,0.0225,0.08275,10.695545217466817,12.475703511685113,0.039,0.0,0.82275,0.15775,0.00925,13
MIA,34.0,51.47725,-0.0008218679630897263,0.004719543285731921,0.001,-0.00975,9.380745596566603,9.38925437614679,0.9975,0.0,0.0,0.00075,0.0035,13
MIL,16.0,25.3815,0.0,0.0,0.0,0.0,0.0,0.0,0.0,0.81925,0.18075,0.0,0.0,13
NYK,29.0,45.39875,0.0,0.0,0.0745,-0.14275,0.0,0.0,0.8575,0.0,0.00825,0.1215,0.1215,13
ORL,33.0,47.34925,0.27090093571187174,0.41847194902400314,0.03725,-0.09275,6.745564938789347,6.957040994898551,0.9495,0.0,0.0005,0.02875,0.0605,13
PHI,27.0,42.50875,0.334359833116099,0.611286508068161,0.10675,-0.05425,8.293063349289197,9.980468451282883,0.526,0.0,0.05925,0.4655,0.14625,13
TOR,19.0,29.035,0.34427649069374977,-0.08919756238579932,0.0,0.0,14.232860069068302,12.535490194627238,0.0,0.2485,0.7515,0.0,0.0,13
WAS,30.0,43.18775,0.3375103972796077,0.583651901543298,0.11925,-0.1025,8.083676788742384,9.241319756588515,0.57975,0.0,0.0355,0.3915,0.17275,13
DAL,28.0,41.88525,0.08898288018571429,0.2652048788183674,0.099,-0.088,0.23602058480803573,0.9995559294355231,0.624,0.0,0.007,0.326,0.2645,13
DEN,28.0,42.395,0.0,0.0,0.09175,-0.0915,0.0,0.0,0.70925,0.0,0.0035,0.26925,0.23875,13
GSW,28.0,40.18575,0.38757958145937504,0.444903298576977,0.091,-0.02525,9.08727568268899,10.556587655574958,0.371,0.0,0.0245,0.6255,0.16675,13
HOU,29.0,45.83025,0.24962574998819445,0.3775302647618551,0.0305,-0.108,7.102028848364649,7.3200941594721884,0.959,0.0,0.0,0.031,0.071,13
LAC,23.0,32.04475,0.0,0.0,0.0025,0.01825,5.156790123456789,5.156790123456789,0.00375,0.0225,0.95625,0.0205,0.00075,13
LAL,34.0,48.9865,0.0,0.0,0.00425,-0.02025,0.0,0.0,0.993,0.0,0.0,0.00125,0.0145,13
MEM,24.0,32.32,0.37526011796592224,0.022059980417056438,0.00325,0.025,12.83717477321131,12.69510476128789,0.003,0.0145,0.95875,0.026,0.0005,13
MIN,30.0,45.6585,0.0,0.0,0.02475,-0.1015,0.0,0.0,0.95,0.0,0.0,0.03275,0.07725,13
NOP,19.0,27.70375,0.4130303571428572,0.05562410714285714,0.0,0.0005,20.180977529761904,15.291056101190478,0.0,0.469,0.5305,0.0005,0.0,13
OKC,43.0,64.617,0.0,0.0,0.0,0.0,5.156790123456789,5.156790123456789,1.0,0.0,0.0,0.0,0.0,13
PHX,26.0,39.8345,0.0,0.0,0.0805,-0.0095,0.0,0.0,0.39,0.0,0.0345,0.64475,0.153,13
POR,19.0,31.584,0.39250955383854125,-0.009155293457766436,0.00375,0.01625,13.163069647882589,12.676917218716634,0.003,0.047,0.932,0.021,0.0,13
SAC,16.0,23.72725,0.11350939784508933,-0.04035990909464286,0.0,0.0,15.638525096801782,11.969859697098352,0.0,0.93675,0.06325,0.0,0.0,13
SAS,31.0,48.88875,0.0,0.0,0.0045,-0.02175,0.0,0.0,0.99625,0.0,0.0,0.0015,0.009,13
UTA,35.0,50.40375,0.21687400068271617,0.22083271556843045,0.00175,-0.00925,5.947315310811866,5.950882449041183,0.99775,0.0,0.0,0.0,0.004,13
ATL,34.0,50.223,0.0,0.0,0.02475,-0.09375,0.0,0.0,0.96675,0.0,0.0,0.01075,0.08075,14
BOS,37.0,54.825,0.06457248677248678,0.06803511207615742,0.0,-0.005,6.158993840629107,6.163829270386102,0.99975,0.0,0.0,0.00025,0.0015,14
BKN,11.0,18.982,-0.001616071428571427,-0.0014376488095237954,0.0,0.0,7.621864880952379,7.65708794642857,0.0,0.968,0.032,0.0,0.0,14
CHA,26.0,37.72075,0.2893749870229166,0.12337806665509068,0.016,0.094,9.938208788153574,12.614756217436229,0.0325,0.0,0.775,0.21875,0.0045,14
CHI,19.0,29.1275,0.2733995383933034,-0.0008228362386026133,0.0,0.00025,13.610551184080801,12.896379958145925,0.0,0.00175,0.998,0.00025,0.0,14
CLE,30.0,46.18475,0.0,0.0,0.0605,-0.0885,0.0,0.0,0.733,0.0,0.00325,0.214,0.3065,14
DET,36.0,54.0545,0.06806865320464064,0.07784862453718032,0.0025,-0.011,6.221886216414326,6.231484521812094,0.99825,0.0,0.0,0.0,0.00425,14
IND,29.0,43.7615,0.15964803316428583,0.43592326264382086,0.0675,-0.006,8.153312106036163,10.745577956610926,0.4005,0.0,0.02475,0.6445,0.17075,14
MIA,32.0,48.036,-0.0435865468393353,0.18572707883494302,0.05175,-0.15025,9.253921847244127,9.832489471240962,0.87025,0.0,0.00025,0.066,0.207,14
MIL,10.0,16.5885,0.0,0.0,0.0,0.0,0.0,0.0,0.0,0.99725,0.00275,0.0,0.0,14
NYK,31.0,47.946,0.0,0.0,0.0515,-0.1385,0.0,0.0,0.883,0.0,0.0005,0.08125,0.19875,14
ORL,23.0,34.02525,0.37927236560669636,0.01602870411393282,0.00175,0.014,11.61113131746265,12.874976471128823,0.002,0.0,0.9805,0.0195,0.0,14
PHI,36.0,55.7695,0.08131171124057544,0.08418697384265879,0.0005,-0.00175,6.0932358575837755,6.093888518478418,1.0,0.0,0.0,0.0,0.00025,14
TOR,40.0,57.1495,0.12368012566137578,0.12434662398607815,0.0,-0.00125,5.896425892857144,5.897710063226191,1.0,0.0,0.0,0.0,0.0005,14
WAS,29.0,40.482,0.19462224040476195,0.16115006664583337,0.031,0.0875,9.176854322477531,11.139041030867263,0.114,0.0,0.216,0.74475,0.02525,14
DAL,22.0,35.32875,0.2940787238544643,0.34155010733899666,0.097,0.0795,1.0699121898178574,2.0822825687779893,0.3145,0.0,0.24425,0.50375,0.1055,14
DEN,40.0,58.9415,0.0,0.0,0.0,0.0,0.0,0.0,1.0,0.0,0.0,0.0,0.0,14
GSW,23.0,37.16375,0.450709736786756,0.5766476337299745,0.09125,-0.02275,8.948938327540775,9.88430176865664,0.60125,0.0,0.08225,0.36275,0.18575,14
HOU,28.0,41.0725,0.14327449211979165,0.2667675405499575,0.03875,-0.12225,7.641080718896874,7.886076764443677,0.913,0.0,0.003,0.043,0.11725,14
LAC,20.0,29.33325,0.0,0.0,0.00475,0.03175,5.1583388668430326,5.1583388668430326,0.004,0.0025,0.96425,0.031,0.001,14
LAL,22.0,33.80025,0.0,0.0,0.06575,0.128,0.0,0.0,0.133,0.0,0.50575,0.38575,0.061,14
MEM,17.0,24.99925,0.13493079090491056,-0.03806902175422335,0.0,0.0005,14.664122433055804,12.830509554838017,0.0,0.078,0.92175,0.00025,0.0,14
MIN,26.0,39.89375,0.0,0.0,0.0635,-0.127,0.0,0.0,0.8545,0.0,0.008,0.098,0.17675,14
NOP,20.0,28.674,0.3107133928571429,-0.021466666666666606,0.00325,0.01925,19.33060491071429,15.673156994047618,0.002,0.0035,0.9785,0.017,0.00075,14
OKC,44.0,65.268,0.0025812389770723133,0.0025812389770723133,0.0,0.0,5.1583388668430326,5.1583388668430326,1.0,0.0,0.0,0.0,0.0,14
PHX,28.0,40.263,0.0,0.0,0.067,-0.136,0.0,0.0,0.83575,0.0,0.008,0.0795,0.1905,14
POR,31.0,43.99175,0.03664381278571429,0.06297468975654762,0.0095,-0.03475,7.394008407149849,7.427511341648758,0.989,0.0,0.0,0.00425,0.0175,14
SAC,12.0,19.6555,0.08167598436964298,-0.03928201881428569,0.0,0.0,15.379389531772764,12.075197913956778,0.0,0.949,0.051,0.0,0.0,14
SAS,41.0,60.99625,0.0,0.0,0.0,0.0,0.0,0.0,1.0,0.0,0.0,0.0,0.0,14
UTA,23.0,35.74275,0.6001239878706847,0.26449996492380956,0.105,0.052,10.011660970344346,9.191844922158928,0.353,0.0,0.20025,0.47475,0.144,14
ATL,29.0,45.623,0.0,0.0,0.09375,-0.099,0.0,0.0,0.66725,0.0,0.00375,0.363,0.1945,15
BOS,35.0,50.563,0.20376019645313048,0.29844440210779316,0.0195,-0.0655,6.759975776996429,6.892457800267113,0.974,0.0,0.0,0.01175,0.04175,15
BKN,13.0,22.20875,0.00201904761904762,0.00201904761904762,0.0,0.0,6.574946031746032,6.574946031746032,0.0,0.71625,0.28375,0.0,0.0,15
CHA,23.0,34.11025,0.41101046432440475,0.01927412435561933,0.002,0.016,10.985570467963841,12.859795654729371,0.00225,0.0,0.98125,0.01875,0.0,15
CHI,21.0,30.84075,0.39759528663571403,-0.0002794247060657646,0.0,0.001,12.606184177850446,12.878957059946979,0.0,0.0025,0.99675,0.00075,0.0,15
CLE,32.0,47.48925,0.0,0.0,0.07525,-0.14275,0.0,0.0,0.818,0.0,0.0005,0.12925,0.193,15
DET,34.0,49.4625,0.20337633090252422,0.39529167230321866,0.04075,-0.1135,7.022985520444202,7.349582864823468,0.9305,0.0,0.0,0.0365,0.09225,15
IND,34.0,49.17,0.21275646438883375,0.40018684757281187,0.04525,-0.11575,7.097095233000391,7.439991679429507,0.916,0.0,0.0,0.037,0.10325,15
MIA,31.0,48.47825,-0.03580677892073411,0.15923134131654798,0.045,-0.14,9.30741755220079,9.69104787868014,0.91675,0.0,0.0,0.061,0.1135,15
MIL,24.0,34.691,0.0,0.0,0.00275,0.0295,0.0,0.0,0.00375,0.0,0.96375,0.03625,0.0,15
NYK,38.0,57.4155,0.0,0.0,0.0,-0.00025,0.0,0.0,1.0,0.0,0.0,0.0,0.0,15
ORL,23.0,36.12875,0.2924848745522321,0.057843115937511354,0.00675,0.04725,10.14098378644003,12.76821722946945,0.016,0.0,0.90575,0.09375,0.0,15
PHI,37.0,56.1075,0.13489639794833017,0.1353291736315147,0.00025,-0.001,5.879993838183422,5.879993838183422,1.0,0.0,0.0,0.0,0.0,15
TOR,26.0,40.914,0.15325569325238103,0.23068187131146117,0.039,0.066,8.905744671576787,11.665874397198953,0.22525,0.0,0.1425,0.79575,0.0255,15
WAS,32.0,45.37625,0.17135973049330366,0.46936534305476185,0.09175,-0.09475,7.939473142113839,9.41892427917262,0.53025,0.0,0.00325,0.41625,0.23625,15
DAL,13.0,22.0635,0.1089116484223214,-0.1304982897373555,0.0005,0.0015,5.090162124243305,2.5185586212564415,0.00025,0.745,0.2535,0.0015,0.0,15
DEN,46.0,64.50525,0.0,0.0,0.0,0.0,0.0,0.0,1.0,0.0,0.0,0.0,0.0,15
GSW,23.0,34.63725,0.4400993731126488,0.36234668888765587,0.063,0.02175,8.933252409309523,9.478170610066037,0.65975,0.0,0.032,0.226,0.3625,15
HOU,34.0,51.342,0.16719707892416222,0.16719707892416222,0.0,0.0,6.574946031746032,6.574946031746032,1.0,0.0,0.0,0.0,0.0,15
LAC,15.0,23.6235,-0.0002581238977072313,-0.0002581238977072313,0.001,0.00775,5.175633167989417,5.175633167989417,0.00025,0.45225,0.54175,0.00575,0.00025,15
LAL,35.0,52.40775,0.0,0.0,0.0,0.0,0.0,0.0,1.0,0.0,0.0,0.0,0.0,15
MEM,22.0,30.63325,0.6023872020319939,0.3754794221891158,0.0655,0.138,12.121480007312053,11.775660863597492,0.15525,0.001,0.39625,0.45675,0.09225,15
MIN,32.0,44.956,0.0,0.0,0.0005,-0.00225,0.0,0.0,0.99875,0.0,0.0,0.0,0.00175,15
NOP,19.0,26.06075,0.2503214285714283,0.09771741071428575,0.006,0.0385,15.467048660714287,16.411263988095236,0.0065,0.106,0.85025,0.0415,0.00075,15
OKC,41.0,62.05275,0.0172943011463845,0.0172943011463845,0.0,0.0,5.175633167989417,5.175633167989417,1.0,0.0,0.0,0.0,0.0,15
PHX,20.0,33.891,0.0,0.0,0.08225,0.04175,0.0,0.0,0.64325,0.0,0.05875,0.29375,0.279,15
POR,21.0,31.1385,0.6310613789657736,0.41387015754511763,0.0765,0.117,11.628930001655506,11.511904578633068,0.22525,0.00075,0.29975,0.4965,0.12925,15
SAC,13.0,19.02325,0.08466882049375002,-0.02369208761457199,0.0,0.00025,15.713531280603567,12.041510978141329,0.0,0.975,0.025,0.0,0.0,15
SAS,35.0,53.6245,0.0,0.0,0.0,0.0,0.0,0.0,1.0,0.0,0.0,0.0,0.0,15
UTA,19.0,31.462,0.6097726540633928,0.2272913653666667,0.07575,0.106,11.193536955320091,9.361510332890477,0.31075,0.00125,0.2615,0.47825,0.13425,15
ATL,33.0,49.05625,0.0,0.0,0.007,-0.03525,0.0,0.0,0.9845,0.0,0.0,0.00375,0.02025,16
BOS,42.0,58.9275,0.04465543430335101,0.04465543430335101,0.0,0.0,5.225192956349205,5.225192956349205,1.0,0.0,0.0,0.0,0.0,16
BKN,16.0,27.42325,-0.0012712797619047632,-0.0033852678571428562,0.0,0.00025,6.973405208333332,6.9850224702380945,0.0,0.44375,0.55625,0.0,0.0,16
CHA,21.0,33.4895,0.4288927764492556,0.04177490081413969,0.007,0.0375,12.669961643308183,12.865932949012644,0.0095,0.00675,0.9385,0.05425,0.00025,16
CHI,17.0,27.894,0.20976526937857137,-0.10188257335143683,0.0,0.0005,14.700440596486159,12.62502307795177,0.0,0.35675,0.64275,0.0005,0.0,16
CLE,27.0,42.255,0.0,0.0,0.095,-0.06625,0.0,0.0,0.59475,0.0,0.01425,0.4155,0.21225,16
DET,28.0,43.02475,0.26619904697633934,0.554732574948862,0.0855,-0.08975,7.823504449480654,9.263060043207014,0.66775,0.0,0.00875,0.299,0.232,16
IND,29.0,43.738,0.23452028791577387,0.5411695969689229,0.086,-0.11975,7.617054495643303,8.776255210667602,0.74425,0.0,0.003,0.21325,0.2205,16
MIA,33.0,49.26525,-0.004942225696770281,0.021860381125174164,0.0055,-0.029,9.37413759910719,9.411713904769844,0.991,0.0,0.0,0.0025,0.01625,16
MIL,14.0,22.81675,0.0,0.0,0.0,0.0,0.0,0.0,0.0,0.95625,0.04375,0.0,0.0,16
NYK,40.0,57.7635,0.0,0.0,0.0,0.0,0.0,0.0,1.0,0.0,0.0,0.0,0.0,16
ORL,26.0,39.11375,0.4400189209976191,0.3315676553630951,0.067,0.052,9.418296370790774,11.489452079100822,0.22675,0.0,0.13,0.737,0.0665,16
PHI,35.0,51.06225,0.07052702329263119,0.0788580438975419,0.00175,-0.00625,6.21673114161561,6.223471819591503,0.9985,0.0,0.0,0.00025,0.00275,16
TOR,30.0,44.058,0.24082090870053466,0.5307918962974507,0.07925,-0.1225,7.541555922400892,8.588820576990086,0.76725,0.0,0.00425,0.17275,0.2265,16
WAS,23.0,34.41075,0.48136339765997,0.06004715847678571,0.01275,0.05675,12.176516555465327,11.867932255747618,0.01575,0.0025,0.8925,0.10125,0.00275,16
DAL,25.0,37.843,0.27842142238214285,0.3597943272091879,0.1085,0.096,0.8826452844834822,2.308927567886888,0.2835,0.0,0.37375,0.39625,0.09175,16
DEN,29.0,40.32575,0.0,0.0,0.11525,-0.046,0.0,0.0,0.543,0.0,0.09025,0.30225,0.23025,16
GSW,31.0,44.8875,0.1741311239793155,0.25799552081648813,0.02025,-0.071,7.194772217958333,7.3428167637628565,0.968,0.0,0.00125,0.02025,0.0485,16
HOU,29.0,45.9605,0.17857416109002974,0.22396744526641865,0.00575,-0.04675,6.973508213259225,7.014072242632936,0.9915,0.0,0.00025,0.005,0.014,16
LAC,23.0,34.0205,-0.0002581238977072313,-0.0002581238977072313,0.02275,0.0685,5.181311893738975,5.181311893738975,0.0335,0.004,0.881,0.0985,0.008,16
LAL,26.0,42.512,0.0,0.0,0.06225,-0.11275,0.0,0.0,0.88675,0.0,0.01725,0.10375,0.10775,16
MEM,31.0,40.7645,0.40717963651904765,0.6588372166280995,0.1265,-0.07275,8.386066567677082,9.465831092792452,0.597,0.0,0.0685,0.2485,0.241,16
MIN,31.0,46.0455,0.0,0.0,0.0115,-0.04725,0.0,0.0,0.98725,0.0,0.0,0.008,0.023,16
NOP,20.0,28.614,0.19342187500000005,-0.08980892857142855,0.0,0.001,20.012092708333338,15.606009077380953,0.0,0.22875,0.77075,0.0005,0.0,16
OKC,38.0,59.745,0.027877380952380983,0.027877380952380983,0.0,0.0,5.181311893738975,5.181311893738975,1.0,0.0,0.0,0.0,0.0,16
PHX,21.0,32.79475,0.0,0.0,0.01075,0.038,0.0,0.0,0.01125,0.01325,0.93675,0.04475,0.00275,16
POR,27.0,39.0735,0.5341771641296131,0.637392247709396,0.1205,0.037,9.165684390459674,10.634647622355958,0.4385,0.0,0.21025,0.3925,0.14425,16
SAC,14.0,21.443,0.06483024706875,-0.012902842388511878,0.0,0.0,15.709152256155354,12.070874659350471,0.0,0.988,0.012,0.0,0.0,16
SAS,36.0,53.98825,0.0,0.0,0.0,0.0,0.0,0.0,1.0,0.0,0.0,0.0,0.0,16
UTA,25.0,37.68375,0.5833800734519345,0.2539379593124999,0.095,0.10175,10.031154931847471,9.46326109768869,0.25975,0.0,0.404,0.37975,0.08875,16
ATL,26.0,39.9185,0.0,0.0,0.09675,0.049,0.0,0.0,0.40675,0.0,0.136,0.4705,0.1965,17
BOS,40.0,59.54275,0.10484910714285726,0.10484910714285726,0.0,0.0,5.316139087301586,5.316139087301586,1.0,0.0,0.0,0.0,0.0,17
BKN,14.0,23.6665,-0.0010812500000000002,-0.0004453869047619063,0.0,0.0,6.491569036596121,6.500933024691359,0.0,0.51775,0.48225,0.0,0.0,17
CHA,28.0,40.862,0.3241464419351191,0.5335463907661252,0.104,-0.00175,8.42225738896012,10.095347487277188,0.499,0.0,0.07,0.3665,0.2805,17
CHI,12.0,18.57425,0.04672923571294646,-0.01416549234590699,0.0,0.0,15.508344712918747,12.04415174822476,0.0,0.99,0.01,0.0,0.0,17
CLE,22.0,36.92775,0.0,0.0,0.06025,0.13725,0.0,0.0,0.13125,0.0,0.58875,0.346,0.03425,17
DET,36.0,53.21775,0.11084104938271604,0.11150754770741843,0.0,-0.00025,6.266555445326279,6.266555445326279,1.0,0.0,0.0,0.0,0.0,17
IND,33.0,47.6235,0.10632236918571428,0.14896065232514882,0.009,-0.044,7.211671290926637,7.271623014985416,0.9895,0.0,0.0,0.00175,0.02475,17
MIA,30.0,46.27075,-0.009006301205428776,0.07977312734141168,0.02075,-0.08525,9.357507970647847,9.501993419061808,0.96475,0.0,0.0005,0.0135,0.061,17
MIL,17.0,26.48675,0.0,0.0,0.00025,0.00025,0.0,0.0,0.00025,0.10925,0.8905,0.00025,0.0,17
NYK,35.0,52.08475,0.0,0.0,0.00025,-0.00125,0.0,0.0,0.99975,0.0,0.0,0.0,0.0005,17
ORL,27.0,41.587,0.2646063870169643,0.5561235768384482,0.09075,-0.0275,8.090199052493006,9.441571681367805,0.66575,0.0,0.0385,0.284,0.23475,17
PHI,25.0,39.398,0.36295245922440483,0.46195568905037393,0.08075,0.07275,8.981094910504018,10.99928750171158,0.3415,0.0,0.17625,0.50825,0.16725,17
TOR,39.0,56.7955,0.14797235449735463,0.14797235449735463,0.0,0.0,5.788460890652558,5.788460890652558,1.0,0.0,0.0,0.0,0.0,17
WAS,21.0,31.4635,0.3180669984148807,0.01371737648214286,0.00225,0.01275,12.70730491471726,11.943482885869047,0.0015,0.0005,0.98975,0.00925,0.0005,17
DAL,22.0,32.63325,0.29148204301026787,0.09106125279543792,0.01225,0.0805,2.144204636647768,3.2083257731251407,0.02475,0.00025,0.83875,0.15825,0.0025,17
DEN,34.0,52.16075,0.0,0.0,0.00075,-0.0135,0.0,0.0,0.999,0.0,0.0,0.0,0.00375,17
GSW,36.0,48.99475,0.159523630178621,0.2270985552969246,0.01175,-0.06425,7.013386666935273,7.151075205079767,0.97975,0.0,0.0,0.00175,0.05675,17
HOU,35.0,51.61525,0.14899943841608795,0.16117083022427248,0.00175,-0.0165,6.491729311790317,6.503423731058621,0.99925,0.0,0.0,0.0,0.00475,17
LAC,16.0,24.4535,0.0002581238977072313,0.0002581238977072313,0.0,0.0,5.322298346560845,5.322298346560845,0.0,0.3765,0.62325,0.00025,0.0,17
LAL,31.0,47.20225,0.0,0.0,0.02,-0.11825,0.0,0.0,0.9545,0.0,0.00025,0.0085,0.119,17
MEM,22.0,31.6785,0.3567599088796128,0.06259695774296754,0.007,0.0525,12.582864860265326,12.799940150544517,0.013,0.00125,0.912,0.086,0.00075,17
MIN,32.0,46.1715,0.0,0.0,0.03325,-0.1245,0.0,0.0,0.89475,0.0,0.0,0.0195,0.2245,17
NOP,21.0,29.696,0.11765952380952382,-0.07459419642857147,0.001,0.01525,17.466306250000002,16.380552083333335,0.00075,0.00475,0.98125,0.014,0.0,17
OKC,39.0,59.415,0.09714399250440928,0.09714399250440928,0.0,0.0,5.322298346560845,5.322298346560845,1.0,0.0,0.0,0.0,0.0,17
PHX,23.0,36.0215,0.0,0.0,0.035,0.09825,0.0,0.0,0.156,0.0,0.241,0.7235,0.02075,17
POR,29.0,41.22025,0.2374680696473215,0.37118454995004957,0.0715,-0.01375,8.247638395655208,9.923872256789632,0.5665,0.0,0.0065,0.3655,0.35425,17
SAC,9.0,14.99825,0.029806745250892826,2.246369345238364e-06,0.0,0.0,15.815976796747764,12.035642806556716,0.0,0.99975,0.00025,0.0,0.0,17
SAS,39.0,59.342,0.0,0.0,0.0,0.0,0.0,0.0,1.0,0.0,0.0,0.0,0.0,17
UTA,27.0,39.978,0.3149127465285715,0.18555400710773806,0.0725,0.00325,8.679185337484821,9.100777875668454,0.41175,0.0,0.01425,0.62275,0.213,17
ATL,17.0,32.10175,0.0,0.0,0.022,0.10425,0.0,0.0,0.04425,0.0015,0.77525,0.2225,0.00025,18
BOS,42.0,61.697,0.09399281305114648,0.09399281305114648,0.0,0.0,5.315020072751322,5.315020072751322,1.0,0.0,0.0,0.0,0.0,18
BKN,13.0,22.91875,4.300595238095073e-05,-0.006601339285714297,0.0,0.0,7.4273092261904745,7.734409970238094,0.0,0.68775,0.31225,0.0,0.0,18
CHA,23.0,33.3745,0.5112000848065476,0.1527362238239624,0.01825,0.126,11.0231183672253,12.418462080952452,0.05275,0.0,0.553,0.44625,0.0005,18
CHI,22.0,32.02625,0.5214488585364582,0.11334685336948114,0.007,0.09325,11.897056178924256,12.701712881125458,0.01475,0.0,0.789,0.21,0.00075,18
CLE,29.0,44.8205,0.0,0.0,0.04675,-0.1395,0.0,0.0,0.907,0.0,0.0,0.06325,0.15225,18
DET,44.0,63.05125,0.050592283950617344,0.050592283950617344,0.0,0.0,5.219514230599645,5.219514230599645,1.0,0.0,0.0,0.0,0.0,18
IND,29.0,41.869,0.18236852370877984,0.5143344078545847,0.08775,-0.083,8.034679059560565,9.844610299995011,0.56125,0.0,0.00175,0.39975,0.268,18
MIA,30.0,46.322,-0.021113704238288133,0.09878327672190511,0.02575,-0.10375,9.346052483274969,9.536909998676197,0.95775,0.0,0.0,0.02375,0.0665,18
MIL,22.0,31.269,0.0,0.0,0.00525,0.07875,0.0,0.0,0.0105,0.001,0.877,0.12175,0.00025,18
NYK,29.0,45.01975,0.0,0.0,0.04275,-0.1345,0.0,0.0,0.91725,0.0,0.0,0.06675,0.13,18
ORL,28.0,41.87725,0.18572970085907745,0.5055830035182044,0.085,-0.0865,7.967875317308482,9.788202388709482,0.62,0.0,0.00175,0.3995,0.248,18
PHI,33.0,46.90425,0.15992189803244047,0.27075499524999996,0.0225,-0.07775,7.1135953643339285,7.290503283810069,0.96375,0.0,0.0,0.01425,0.059,18
TOR,32.0,46.42825,0.14542057212812504,0.28076121045668934,0.027,-0.0895,7.195389695292708,7.4687609940535715,0.95075,0.0,0.0,0.032,0.0745,18
WAS,17.0,24.659,0.16355499806383927,-0.07271103314285711,0.0,0.0,14.83938055151116,11.791035237482141,0.0,0.3365,0.66325,0.00025,0.0,18
DAL,17.0,27.63825,0.30045596195401786,-0.030163963117070577,0.0015,0.01,3.85786545157143,3.38260689116793,0.0015,0.05825,0.932,0.00975,0.0,18
DEN,34.0,52.8545,0.0,0.0,0.0,-0.00175,0.0,0.0,1.0,0.0,0.0,0.0,0.00025,18
GSW,33.0,45.6965,0.13430474850610122,0.244041544005754,0.02575,-0.1135,7.313579942697321,7.672577053613044,0.9265,0.0,0.0,0.00975,0.15625,18
HOU,29.0,44.4875,0.10130591926264881,0.23830270874112103,0.0225,-0.118,7.444254418835564,8.020738585699998,0.91325,0.0,0.0,0.0255,0.2255,18
LAC,22.0,31.16,0.0017711529982363337,0.0017711529982363337,0.01125,0.07475,6.089212037037037,6.089212037037037,0.01725,0.00225,0.85225,0.144,0.001,18
LAL,39.0,57.864,0.0,0.0,0.0,0.0,0.0,0.0,1.0,0.0,0.0,0.0,0.0,18
MEM,23.0,32.25625,0.5616708698075892,0.15016852855746726,0.01725,0.11625,11.736580235804315,12.612740573199746,0.035,0.00025,0.724,0.27125,0.0035,18
MIN,37.0,53.98375,0.0,0.0,0.0,-0.0005,0.0,0.0,1.0,0.0,0.0,0.0,0.00025,18
NOP,13.0,20.965,0.1768415178571429,-0.07075252976190477,0.0,0.0,17.660575595238093,15.79866755952381,0.0,0.91275,0.08725,0.0,0.0,18
OKC,37.0,57.31475,0.06008826058201063,0.06008826058201063,0.0,0.0,6.089212037037037,6.089212037037037,1.0,0.0,0.0,0.0,0.0,18
PHX,27.0,38.8385,0.0,0.0,0.059,0.00375,0.0,0.0,0.35625,0.0,0.0195,0.606,0.24375,18
POR,27.0,40.05275,0.19896726380952387,0.371765716207354,0.0545,-0.00875,8.304698136412204,9.9305454489084,0.60675,0.0,0.0075,0.35575,0.35825,18
SAC,9.0,15.60125,0.021168254376785697,-4.997450992063701e-05,0.0,0.0,15.839212223845083,12.074271408709922,0.0,0.99975,0.00025,0.0,0.0,18
SAS,42.0,62.95975,0.0,0.0,0.0,0.0,0.0,0.0,1.0,0.0,0.0,0.0,0.0,18
UTA,21.0,33.98875,0.5059213305627975,0.09426463645892849,0.03175,0.138,10.547486992797769,9.799474966277977,0.1435,0.0,0.404,0.578,0.01125,18
ATL,21.0,32.9565,0.0,0.0,0.00625,0.023,0.0,0.0,0.00675,0.05925,0.90875,0.03075,0.00075,19
BOS,36.0,53.35675,0.024621924603174593,0.02662767404216269,0.0,-0.002,6.198080169753088,6.19874979531023,1.0,0.0,0.0,0.0,0.00025,19
BKN,24.0,33.25175,-0.00019360119047618962,-0.00046309523809523755,0.002,0.032,6.487789643959435,6.487625060626102,0.0015,0.03825,0.92625,0.035,0.00025,19
CHA,29.0,42.62575,0.21535923286815484,0.5576028412268281,0.09175,-0.09,7.888530014466369,9.60201398486724,0.62325,0.0,0.01975,0.35525,0.21875,19
CHI,19.0,30.343,0.4116690628358628,-0.10819241553693143,0.00025,0.0025,14.209232793835712,12.712180777093126,0.0,0.293,0.70475,0.00225,0.0,19
CLE,34.0,51.02,0.0,0.0,0.00325,-0.00925,0.0,0.0,0.99875,0.0,0.0,0.00025,0.00225,19
DET,34.0,51.5375,0.06201224399228391,0.07198796632899027,0.002,-0.008,6.271229099288912,6.278725523254785,0.999,0.0,0.0,0.00025,0.00275,19
IND,30.0,42.99875,0.20705634771413703,0.5748556348656987,0.0965,-0.098,7.846570850520833,9.444984929251405,0.625,0.0,0.0155,0.28825,0.28175,19
MIA,27.0,43.82025,-0.02592759701522812,0.3041805230396029,0.072,-0.117,9.247937573733573,10.151337199460155,0.8075,0.0,0.0045,0.1985,0.1645,19
MIL,12.0,18.43775,0.0,0.0,0.0,0.0,0.0,0.0,0.0,1.0,0.0,0.0,0.0,19
NYK,41.0,61.4455,0.0,0.0,0.0,0.0,0.0,0.0,1.0,0.0,0.0,0.0,0.0,19
ORL,29.0,43.08075,0.19434207072083345,0.5317097899236876,0.08575,-0.093,7.784178837430357,9.312245913038193,0.67775,0.0,0.0155,0.29075,0.229,19
PHI,37.0,54.2655,0.027573734809000227,0.028685544016887134,0.00025,-0.0015,6.172259226190477,6.172259226190477,1.0,0.0,0.0,0.0,0.0,19
TOR,27.0,39.571,0.3138986599363096,0.37045712337860676,0.062,0.05975,8.953892967909821,11.424492632521554,0.23475,0.0,0.16025,0.66,0.0955,19
WAS,23.0,35.489,0.5809675564547617,0.07748483862976181,0.0155,0.0735,11.029144876706697,11.841571934559525,0.02575,0.0055,0.84875,0.13875,0.00425,19
DAL,25.0,38.177,0.19108728055223215,0.3511341976134354,0.10525,-0.06125,0.4062926579808036,1.146754452496803,0.6475,0.00025,0.0705,0.27625,0.20825,19
DEN,18.0,31.4795,0.0,0.0,0.02525,0.06075,0.0,0.0,0.03575,0.15325,0.7315,0.105,0.004,19
GSW,28.0,39.507,0.3159269227348215,0.49086250238773094,0.08275,-0.12375,8.078188166594197,8.700785749688334,0.773,0.0,0.0205,0.146,0.214,19
HOU,35.0,49.30275,0.128888869288718,0.12930908763827156,0.00025,-0.0005,6.4878430690241675,6.48812221594515,0.99975,0.0,0.0,0.0,0.00025,19
LAC,25.0,32.73025,0.0,0.0,0.02875,0.11775,5.158855114638447,5.158855114638447,0.03625,0.05725,0.733,0.1815,0.01825,19
LAL,28.0,46.04525,0.0,0.0,0.0015,-0.01,0.0,0.0,0.99775,0.0,0.0,0.001,0.006,19
MEM,25.0,37.45525,0.5668950204879465,0.629540974689603,0.11775,-0.01575,9.07002791518036,10.095251153373177,0.53775,0.0015,0.11325,0.356,0.1935,19
MIN,25.0,38.434,0.0,0.0,0.09125,-0.065,0.0,0.0,0.704,0.0,0.049,0.25325,0.201,19
NOP,20.0,30.36325,0.26183303571428573,-0.23601562500000003,0.00725,0.03675,19.75118035714286,15.503159077380953,0.0105,0.3145,0.637,0.04325,0.002,19
OKC,43.0,63.71,0.002323115079365082,0.002323115079365082,0.0,0.0,5.158855114638447,5.158855114638447,1.0,0.0,0.0,0.0,0.0,19
PHX,28.0,43.973,0.0,0.0,0.004,-0.044,0.0,0.0,0.99125,0.0,0.0005,0.00475,0.019,19
POR,26.0,35.22775,0.6994517479614583,0.4674971195241637,0.0765,0.11825,10.813326212025448,11.601688395420078,0.196,0.00375,0.353,0.44225,0.10925,19
SAC,8.0,14.45325,0.024718961614285686,-5.781153621031798e-05,0.0,0.0,15.82501750891071,12.088462261776487,0.0,1.0,0.0,0.0,0.0,19
SAS,41.0,62.1925,0.0,0.0,0.0,0.0,0.0,0.0,1.0,0.0,0.0,0.0,0.0,19
UTA,22.0,32.7495,0.6733047328900296,0.11629221351190475,0.04225,0.0995,12.685090048748512,9.935808943944046,0.0705,0.0735,0.68775,0.19075,0.0245,19
ATL,22.0,36.49475,0.0,0.0,0.0275,0.0875,0.0,0.0,0.0545,0.0,0.789,0.188,0.0115,20
BOS,26.0,42.0355,0.25821539754300604,0.5952006997746101,0.09725,-0.034,8.070844101213542,9.939673042671906,0.598,0.0,0.04125,0.41825,0.1895,20
BKN,12.0,21.56525,-0.001145414462081129,-0.001145414462081129,0.0,0.0,6.3323163139329814,6.3323163139329814,0.0,0.906,0.094,0.0,0.0,20
CHA,22.0,32.94125,0.3276492941937498,0.018513612286938767,0.00175,0.015,12.141812415000597,12.94175032119837,0.0015,0.00075,0.9825,0.0165,0.00025,20
CHI,23.0,33.2695,0.3342362817492558,0.02229077958801161,0.00225,0.0165,12.038388877070835,12.93876594187436,0.0025,0.00075,0.98,0.019,0.00025,20
CLE,30.0,47.5415,0.0,0.0,0.0165,-0.07725,0.0,0.0,0.9765,0.0,0.0,0.012,0.03975,20
DET,33.0,51.214,0.12842408369456565,0.13458038482700613,0.00025,-0.008,6.408336565496832,6.411207117392913,0.99975,0.0,0.0,0.00025,0.00075,20
IND,32.0,46.31525,0.14402849421785716,0.34322085527628965,0.04825,-0.11475,7.324588240222469,7.70647768642986,0.90675,0.0,0.00025,0.03725,0.1205,20
MIA,35.0,50.702,-0.00330399872970679,0.009186095327651382,0.00325,-0.01125,9.381010370955773,9.389087271672118,0.99825,0.0,0.0,0.00025,0.004,20
MIL,19.0,26.5415,0.0,0.0,0.0,0.0,0.0,0.0,0.0,0.195,0.805,0.0,0.0,20
NYK,43.0,59.77425,0.0,0.0,0.0,0.0,0.0,0.0,1.0,0.0,0.0,0.0,0.0,20
ORL,29.0,42.834,0.232061584776637,0.557117234602816,0.09975,-0.06625,7.989699863824851,9.574589624275392,0.589,0.0,0.02625,0.30825,0.2675,20
PHI,30.0,48.99525,0.18920924115476187,0.2259433822599206,0.00575,-0.03525,6.805591327854017,6.851651382182045,0.99475,0.0,0.0,0.0035,0.01375,20
TOR,26.0,41.78,0.2752048304316965,0.5772375307120663,0.10275,-0.01275,8.187765974532441,10.145384675951947,0.54025,0.0,0.0625,0.4355,0.193,20
WAS,28.0,40.72975,0.3252601329925596,0.4041410937886904,0.08475,0.03075,8.672703762252532,10.341840821470836,0.33825,0.0,0.11675,0.56125,0.15925,20
DAL,26.0,39.849,0.10763117720178574,0.2663240695309737,0.09225,-0.09025,0.2667438293459822,1.034238271561565,0.6485,0.0,0.00475,0.32425,0.221,20
DEN,26.0,40.52875,0.0,0.0,0.07625,-0.11725,0.0,0.0,0.7545,0.0,0.00275,0.20625,0.22875,20
GSW,37.0,50.17425,0.1598793330538304,0.16048239908880066,0.0005,-0.00125,6.591120271164022,6.591120271164022,1.0,0.0,0.0,0.0,0.0,20
HOU,37.0,51.94175,0.10337714947089945,0.10337714947089945,0.0,0.0,6.3323163139329814,6.3323163139329814,1.0,0.0,0.0,0.0,0.0,20
LAC,18.0,24.93175,0.0002581238977072313,0.0002581238977072313,0.0,0.0005,5.2218373456790115,5.2218373456790115,0.0,0.4705,0.52925,0.00025,0.0,20
LAL,23.0,37.1155,0.0,0.0,0.077,-0.0015,0.0,0.0,0.35775,0.0,0.03725,0.70625,0.11125,20
MEM,16.0,24.63175,0.24555131915982145,-0.12870963588521375,0.0,0.00025,14.911288779340177,12.50927604840331,0.0,0.5165,0.4835,0.0,0.0,20
MIN,41.0,59.43725,0.0,0.0,0.0,0.0,0.0,0.0,1.0,0.0,0.0,0.0,0.0,20
NOP,18.0,26.77,0.21497619047619054,-0.10358377976190472,0.0,0.0025,18.478715625,16.331909077380953,0.0,0.179,0.8185,0.0025,0.0,20
OKC,40.0,60.912,0.05579047619047626,0.05579047619047626,0.0,0.0,5.2218373456790115,5.2218373456790115,1.0,0.0,0.0,0.0,0.0,20
PHX,27.0,40.8375,0.0,0.0,0.08125,-0.105,0.0,0.0,0.75925,0.0,0.003,0.18225,0.23775,20
POR,26.0,38.5295,0.3982145213497024,0.5086169725317389,0.086,-0.04625,8.98908220119107,10.27037290546695,0.472,0.0,0.01125,0.52425,0.19975,20
SAC,16.0,23.37125,0.20637706487008936,-0.11455651849085009,0.0,0.0,15.228554516572766,12.32702975381341,0.0,0.724,0.276,0.0,0.0,20
SAS,38.0,57.58125,0.0,0.0,0.0,0.0,0.0,0.0,1.0,0.0,0.0,0.0,0.0,20
UTA,21.0,30.65475,0.29604186798869014,0.02117718999583333,0.00525,0.03725,12.890539147327381,10.104795828592263,0.008,0.0075,0.93625,0.054,0.0015,20
ATL,23.0,35.174,0.0,0.0,0.03375,0.1235,0.0,0.0,0.1045,0.0,0.483,0.48175,0.02475,21
BOS,31.0,48.8915,0.1793301779364473,0.22631561819969132,0.00275,-0.06225,6.872644812240696,6.934785421471946,0.99525,0.0,0.0,0.00075,0.0245,21
BKN,18.0,28.59525,-0.002827232142857148,0.0382058035714286,0.0,0.008,8.091576339285714,9.111646577380954,0.00125,0.0885,0.90325,0.00825,0.0,21
CHA,18.0,28.07225,0.3731240933571426,-0.04644618733676589,0.0005,0.0045,13.714613977005802,12.767290098709564,0.00125,0.113,0.88275,0.00425,0.0,21
CHI,20.0,30.29025,0.3933580395742556,0.008994804892233539,0.0035,0.02175,12.766031391991815,12.817745444648459,0.003,0.02325,0.9505,0.02575,0.0005,21
CLE,31.0,46.82025,0.0,0.0,0.0205,-0.1225,0.0,0.0,0.954,0.0,0.0,0.00175,0.12625,21
DET,35.0,53.44,0.12421113560265107,0.12599915509863321,0.00025,-0.0025,6.093408294132993,6.094255856423766,0.9995,0.0,0.0,0.0,0.0005,21
IND,28.0,41.066,0.18641287032633932,0.27229384150064484,0.048,-0.01675,8.14581599555268,9.473959575264896,0.637,0.0,0.009,0.17475,0.49475,21
MIA,36.0,54.21425,0.0,0.00032778471255290987,0.0,-0.001,9.382940917107586,9.382940917107586,1.0,0.0,0.0,0.0,0.0,21
MIL,19.0,27.128,0.0,0.0,0.0005,0.00175,0.0,0.0,0.00025,0.19625,0.8025,0.00125,0.0,21
NYK,31.0,46.79775,0.0,0.0,0.02,-0.12175,0.0,0.0,0.94875,0.0,0.0,0.00175,0.136,21
ORL,23.0,36.54875,0.3787873078775299,0.25712773056323696,0.0585,0.10125,9.63177040692262,11.736581861204089,0.24,0.0,0.23875,0.6745,0.0545,21
PHI,31.0,47.18475,0.12943486297868717,0.21344239892109787,0.0145,-0.111,7.180307196797055,7.391077733393633,0.96775,0.0,0.0,0.00075,0.0935,21
TOR,38.0,56.186,0.1447520723104058,0.1447520723104058,0.0,0.0,5.559232098765431,5.559232098765431,1.0,0.0,0.0,0.0,0.0,21
WAS,25.0,36.17,0.3499892631241072,0.1769934288744048,0.03225,0.1095,9.932802643089138,11.158636488728572,0.1475,0.0,0.30925,0.6245,0.04475,21
DAL,27.0,37.937,0.10845271874062502,0.13513254432170493,0.0375,0.023,0.5335639254991071,2.126522074693665,0.1665,0.0,0.04525,0.842,0.0745,21
DEN,27.0,43.23075,0.0,0.0,0.0445,-0.08,0.0,0.0,0.8345,0.0,0.0,0.1525,0.2465,21
GSW,35.0,49.67975,0.17795364789958112,0.1986636914639164,0.005,-0.01975,6.716993035492115,6.742511745092957,0.99225,0.0,0.0,0.00025,0.01225,21
HOU,27.0,40.9225,0.20507661465163696,0.42626347516204655,0.07,-0.0215,8.196644839532292,10.178897216932773,0.55375,0.0,0.003,0.48475,0.269,21
LAC,13.0,19.9565,0.0,0.0,0.0,0.0,5.156790123456789,5.156790123456789,0.0,0.98925,0.01075,0.0,0.0,21
LAL,29.0,46.72625,0.0,0.0,0.01575,-0.09475,0.0,0.0,0.9695,0.0,0.0,0.016,0.06675,21
MEM,22.0,31.9415,0.3757085393061011,0.033083459619515296,0.00525,0.0305,12.044744598344941,12.8031563519895,0.00675,0.0035,0.94625,0.04875,0.001,21
MIN,35.0,50.18925,0.0,0.0,0.002,-0.01125,0.0,0.0,0.998,0.0,0.0,0.0005,0.006,21
NOP,17.0,25.42025,0.08469523809523814,0.015771428571428565,0.0,0.0005,18.927678720238095,15.935945684523809,0.0,0.4745,0.52525,0.00025,0.0,21
OKC,44.0,65.8885,0.0,0.0,0.0,0.0,5.156790123456789,5.156790123456789,1.0,0.0,0.0,0.0,0.0,21
PHX,17.0,26.48725,0.0,0.0,0.0,0.001,0.0,0.0,0.0,0.28875,0.71125,0.0,0.0,21
POR,36.0,51.06325,0.15832114057287255,0.16707993913502533,0.00025,-0.01,6.444640632337054,6.4542701539044645,0.99925,0.0,0.0,0.0,0.004,21
SAC,16.0,23.20525,0.16023906827544654,-0.08873786732406463,0.0,0.0,15.302015745842855,12.160940309432059,0.0,0.823,0.177,0.0,0.0,21
SAS,39.0,59.73225,0.0,0.0,0.0,0.0,0.0,0.0,1.0,0.0,0.0,0.0,0.0,21
UTA,29.0,41.04075,0.20643585644419649,0.21994175350000006,0.076,-0.03225,8.278731436357294,8.844863632440475,0.4795,0.0,0.00225,0.455,0.32,21
ATL,23.0,36.53125,0.0,0.0,0.041,0.12775,0.0,0.0,0.1225,0.0,0.4865,0.45625,0.037,22
BOS,36.0,53.9645,0.16295006613756627,0.16295006613756627,0.0,0.0,5.8640361000881835,5.8640361000881835,1.0,0.0,0.0,0.0,0.0,22
BKN,20.0,29.44625,-1.2444885361550861e-05,-1.2444885361550861e-05,0.00025,0.00575,5.644352006172839,5.644352006172839,0.00025,0.0565,0.9405,0.003,0.0,22
CHA,23.0,37.1905,0.49422798421339303,0.31633722841052,0.05625,0.11925,9.940521579953572,11.856061826978081,0.19825,0.0,0.36325,0.54375,0.0525,22
CHI,16.0,25.181,0.15928077181160716,-0.11414125911903039,0.0,0.00025,15.001956507849103,12.304660807812867,0.0,0.66025,0.33975,0.0,0.0,22
CLE,29.0,44.266,0.0,0.0,0.049,-0.12925,0.0,0.0,0.86275,0.0,0.003,0.0395,0.2445,22
DET,27.0,42.15425,0.21647065615401792,0.4181537746386097,0.0755,-0.0665,7.907818118241518,9.100025156892338,0.70775,0.0,0.015,0.17175,0.346,22
IND,35.0,51.0495,0.15219664185517526,0.1581333250387566,0.0,-0.0035,6.351578789244501,6.356734505557299,0.99875,0.0,0.0,0.0,0.0025,22
MIA,24.0,37.82975,0.35306482029861674,0.23476796811939635,0.0595,0.1125,10.01120522320029,12.008438836525173,0.2045,0.0,0.27425,0.60325,0.0685,22
MIL,14.0,20.0745,0.0,0.0,0.0,0.0,0.0,0.0,0.0,0.99175,0.00825,0.0,0.0,22
NYK,32.0,47.7015,0.0,0.0,0.00675,-0.0505,0.0,0.0,0.9885,0.0,0.0,0.00275,0.03475,22
ORL,28.0,44.1795,0.12027108266964287,0.29993068816536567,0.04175,-0.12375,7.504592244753719,8.08862014139914,0.894,0.0,0.0025,0.043,0.20925,22
PHI,35.0,52.149,0.1466826388888889,0.14800405055823415,0.0,-0.0015,6.176329356502123,6.178720862127868,0.99975,0.0,0.0,0.0,0.001,22
TOR,37.0,52.1405,0.1580814177895999,0.16044954554361776,0.00025,-0.00325,6.165831682339865,6.1675461399293,0.99975,0.0,0.0,0.0,0.00075,22
WAS,23.0,33.92825,0.4530926851976189,0.09375773860476194,0.01475,0.0845,11.854780322988095,11.791830594464287,0.02325,0.00025,0.85825,0.13675,0.00325,22
DAL,25.0,36.00825,0.2735592807241071,0.21009636838254675,0.0475,0.1295,1.205302824129464,2.7474462137731934,0.10525,0.0,0.5195,0.4295,0.035,22
DEN,28.0,44.167,0.0,0.0,0.026,-0.1345,0.0,0.0,0.91375,0.0,0.00125,0.04325,0.19725,22
GSW,19.0,29.0995,0.3115663192651783,-0.036856717182963364,0.00025,0.0045,13.891340435624997,12.807474373568319,0.00075,0.073,0.92425,0.00275,0.0,22
HOU,37.0,54.94675,0.15718091931216946,0.15718091931216946,0.0,0.0,5.644352006172839,5.644352006172839,1.0,0.0,0.0,0.0,0.0,22
LAC,28.0,36.922,0.0023945436507936528,0.0023945436507936528,0.03975,0.115,5.391915112433861,5.391915112433861,0.10925,0.0,0.3395,0.57675,0.05625,22
LAL,32.0,49.9095,0.0,0.0,0.001,-0.01825,0.0,0.0,0.998,0.0,0.0,0.0005,0.00725,22
MEM,13.0,19.4845,0.06108060444017854,-0.00311858024407596,0.0,0.0,15.691382176700444,12.014449855434187,0.0,0.99675,0.00325,0.0,0.0,22
MIN,30.0,46.7795,0.0,0.0,0.01225,-0.09,0.0,0.0,0.98375,0.0,0.0,0.00475,0.053,22
NOP,21.0,28.2105,0.26709776785714284,-0.05866354166666659,0.0,0.00075,19.62519375,15.488328571428575,0.0,0.12475,0.87425,0.001,0.0,22
OKC,37.0,56.444,0.12385993165784845,0.12385993165784845,0.0,0.0,5.391915112433861,5.391915112433861,1.0,0.0,0.0,0.0,0.0,22
PHX,24.0,38.7565,0.0,0.0,0.07325,0.06125,0.0,0.0,0.3815,0.0,0.11975,0.60675,0.158,22
POR,31.0,45.83525,0.10509734070639881,0.21615619507035855,0.01475,-0.112,7.3004941326069925,7.56833433282502,0.96525,0.0,0.00025,0.01075,0.104,22
SAC,19.0,28.65775,0.29258885064062473,-0.04260610332077231,0.00025,0.0035,14.037834436037052,12.787386848309197,0.00025,0.09675,0.90075,0.0025,0.0,22
SAS,45.0,66.20225,0.0,0.0,0.0,0.0,0.0,0.0,1.0,0.0,0.0,0.0,0.0,22
UTA,29.0,40.7905,0.2932508752851192,0.2334376837285714,0.08325,-0.0255,8.329391765432739,8.70707367501369,0.54225,0.0,0.026,0.3215,0.38925,22
ATL,28.0,42.69525,0.0,0.0,0.0955,-0.12525,0.0,0.0,0.7805,0.0,0.03725,0.164,0.1405,23
BOS,42.0,60.63725,0.07124219576719586,0.07124219576719586,0.0,0.0,5.272171505731921,5.272171505731921,1.0,0.0,0.0,0.0,0.0,23
BKN,14.0,21.6915,0.01834598214285716,0.002221428571428564,0.0,0.0,8.900238988095238,9.35413511904762,0.0,0.93725,0.06275,0.0,0.0,23
CHA,27.0,41.47025,0.391836039836012,0.6729756930909879,0.1125,-0.0725,8.224888578005654,9.450009670138563,0.64575,0.0,0.096,0.26775,0.15725,23
CHI,20.0,29.4495,0.19915896174776768,-0.022313322521920344,0.0,0.00025,14.11013348402723,12.88615820428892,0.0,0.03875,0.96125,0.0,0.0,23
CLE,32.0,47.74675,0.0,0.0,0.0045,-0.024,0.0,0.0,0.994,0.0,0.00025,0.0055,0.0085,23
DET,25.0,40.86225,0.43805365908720245,0.6712713005254038,0.11425,-0.0325,8.490410658028868,9.895922698894417,0.56825,0.0,0.13925,0.315,0.15,23
IND,32.0,46.7765,0.18893247314999997,0.24422034233818732,0.01175,-0.0395,6.73142631221503,6.7975008150595455,0.98425,0.0,0.00175,0.00675,0.02075,23
MIA,22.0,34.43025,0.4016188554851739,0.06284819264947243,0.01,0.042,12.348474524103088,12.947224903934448,0.01375,0.00025,0.93325,0.05825,0.00575,23
MIL,14.0,22.1,0.0,0.0,0.0,0.0,0.0,0.0,0.0,0.91525,0.08475,0.0,0.0,23
NYK,39.0,58.02425,0.0,0.0,0.0,0.0,0.0,0.0,1.0,0.0,0.0,0.0,0.0,23
ORL,28.0,43.489,0.27750644975967265,0.5232073936735673,0.074,-0.124,7.510654737316071,8.05548915168863,0.86975,0.0,0.016,0.10775,0.1015,23
PHI,24.0,38.66625,0.5669846089502978,0.5162454453491043,0.093,0.09975,9.772037557159674,11.529813135733649,0.2655,0.0,0.42975,0.35525,0.0875,23
TOR,28.0,40.72625,0.4536974709255953,0.6651515691240575,0.12775,-0.03875,8.615905363946577,10.05243731040577,0.51075,0.0,0.14225,0.3395,0.1645,23
WAS,30.0,40.16,0.47691858111681557,0.5445199989761903,0.11375,0.00275,8.992959309290775,10.069636267689882,0.3675,0.0,0.204,0.38025,0.16375,23
DAL,32.0,46.3615,0.010141679824107143,0.0822565537828869,0.02725,-0.083,0.014218936158482146,0.13788242080386906,0.953,0.0,0.0,0.02025,0.079,23
DEN,27.0,42.644,0.0,0.0,0.07525,-0.10925,0.0,0.0,0.77225,0.0,0.01,0.199,0.2255,23
GSW,26.0,38.58325,0.5211702193077381,0.37196538681176866,0.06575,0.0705,9.76520269716637,11.46195209805926,0.2365,0.0,0.18925,0.64875,0.0825,23
HOU,25.0,39.74525,0.4753552732811013,0.5135029759102324,0.08875,0.0225,9.038420526840627,10.864243383492688,0.40725,0.0,0.10025,0.59875,0.12725,23
LAC,24.0,33.68725,-0.0036137345679012386,-0.0036137345679012386,0.00825,0.06175,5.285593948412697,5.285593948412697,0.011,0.00025,0.91525,0.081,0.0025,23
LAL,29.0,43.218,0.0,0.0,0.08575,-0.131,0.0,0.0,0.75675,0.0,0.007,0.145,0.2585,23
MEM,26.0,35.2065,0.446624082205357,0.1422210609198072,0.01375,0.096,11.941999459618303,12.63721365871935,0.02375,0.00025,0.796,0.189,0.0095,23
MIN,32.0,48.72025,0.0,0.0,0.00525,-0.02225,0.0,0.0,0.9965,0.0,0.0,0.0005,0.01025,23
NOP,21.0,31.72575,0.1587779761904762,0.006428869047618981,0.00075,0.01625,18.92413869047619,15.736941517857144,0.002,0.0045,0.97525,0.02,0.00025,23
OKC,41.0,60.41675,0.07898591269841279,0.07898591269841279,0.0,0.0,5.285593948412697,5.285593948412697,1.0,0.0,0.0,0.0,0.0,23
PHX,29.0,44.15475,0.0,0.0,0.05475,-0.14825,0.0,0.0,0.8545,0.0,0.0025,0.0915,0.175,23
POR,31.0,47.5105,0.1642783386363095,0.21532728593120037,0.009,-0.06275,6.580051425442858,6.666993486163989,0.9865,0.0,0.0,0.00575,0.02975,23
SAC,17.0,25.306,0.13770939804732152,-0.10622851376494188,0.0,0.00025,15.004154740903124,12.520890658218311,0.0,0.4585,0.541,0.0005,0.0,23
SAS,39.0,59.34575,0.0,0.0,0.0,0.0,0.0,0.0,1.0,0.0,0.0,0.0,0.0,23
UTA,16.0,24.44925,0.1327045660343751,-0.007218480145238099,0.0,0.0,15.156836623190623,10.101631484852977,0.0,0.645,0.355,0.0,0.0,23
ATL,29.0,44.0175,0.0,0.0,0.09475,-0.1275,0.0,0.0,0.7185,0.0,0.0105,0.255,0.176,24
BOS,29.0,43.62625,0.29500363790550604,0.6467342074212031,0.09875,-0.12,7.798549953138245,9.1265943430457,0.6925,0.0,0.016,0.3055,0.1625,24
BKN,14.0,21.87625,0.0037113095238095225,0.0033455357142857097,0.0,0.0,6.798315476190476,6.827765029761905,0.0,0.9655,0.0345,0.0,0.0,24
CHA,21.0,35.28075,0.428378943060119,0.054585371433190116,0.009,0.03575,11.56264597818884,12.86822534414922,0.013,0.00025,0.94425,0.0515,0.00225,24
CHI,25.0,36.00525,0.42126551752886904,0.08357360071521529,0.0075,0.0545,11.231145495965626,12.827917964274596,0.0125,0.0,0.9145,0.07875,0.005,24
CLE,29.0,41.81525,0.0,0.0,0.1095,-0.02575,0.0,0.0,0.38025,0.0,0.07275,0.541,0.1575,24
DET,27.0,44.4055,0.26070155637901793,0.6386277003765577,0.07775,-0.13925,7.530450374971726,8.48977828837813,0.8055,0.0,0.009,0.20625,0.12875,24
IND,30.0,44.731,0.2793873419035715,0.5666636886065207,0.08525,-0.12925,7.471188076188393,8.370301555721525,0.79575,0.0,0.0075,0.17575,0.1535,24
MIA,35.0,49.70875,-0.004608850078020281,0.02045469199768078,0.0055,-0.01925,9.376942087574326,9.408151241072982,0.99375,0.0,0.0,0.00375,0.01125,24
MIL,15.0,23.72675,0.0,0.0,0.0,0.0,0.0,0.0,0.0,0.87075,0.12925,0.0,0.0,24
NYK,40.0,58.207,0.0,0.0,0.0,0.0,0.0,0.0,1.0,0.0,0.0,0.0,0.0,24
ORL,37.0,54.71975,0.0951866622574957,0.0951866622574957,0.0,-0.00025,6.002573247354499,6.002573247354499,1.0,0.0,0.0,0.0,0.0,24
PHI,31.0,48.396,0.16739181998223102,0.23973836257493936,0.012,-0.04975,6.529308418921551,6.622275380448782,0.9835,0.0,0.0,0.01125,0.024,24
TOR,30.0,43.12575,0.32535280019866075,0.7015162560188422,0.1195,-0.10575,7.998615470204019,9.534162161011976,0.60475,0.0,0.02525,0.37125,0.17925,24
WAS,19.0,28.734,0.24331282313303546,-0.02557084013630952,0.0,0.0,14.250389950051336,11.941661476702976,0.0,0.06725,0.93275,0.0,0.0,24
DAL,30.0,42.4065,0.07150941511339286,0.2662246046950723,0.09775,-0.13025,0.15274821603348215,0.7446771744180953,0.722,0.0,0.003,0.19325,0.24025,24
DEN,42.0,60.8635,0.0,0.0,0.0,0.0,0.0,0.0,1.0,0.0,0.0,0.0,0.0,24
GSW,27.0,40.10925,0.3335659890730655,0.5100072800735275,0.08175,-0.0415,8.782500791702383,10.352565328839246,0.5,0.0,0.02725,0.545,0.1685,24
HOU,31.0,46.97475,0.18600015732425593,0.23124228548963294,0.00725,-0.0515,6.803088944814137,6.866563196242461,0.9875,0.0,0.0,0.0065,0.02275,24
LAC,19.0,28.59825,0.0,0.0,0.0,0.0035,5.158855114638447,5.158855114638447,0.0,0.07675,0.91925,0.004,0.0,24
LAL,28.0,42.92575,0.0,0.0,0.0715,-0.138,0.0,0.0,0.8335,0.0,0.00275,0.13925,0.1905,24
MEM,24.0,32.7215,0.38972609199642827,0.08723535296120313,0.00375,0.0705,12.721626968872172,12.812924492521827,0.01025,0.00125,0.89525,0.1015,0.00075,24
MIN,30.0,43.8115,0.0,0.0,0.05775,-0.133,0.0,0.0,0.869,0.0,0.00125,0.08325,0.1655,24
NOP,21.0,30.62375,0.343657886904762,-0.038572619047619036,0.0015,0.01675,18.75836785714286,15.833114880952383,0.0025,0.0165,0.95825,0.0245,0.00075,24
OKC,42.0,63.325,0.0018068672839506193,0.0018068672839506193,0.0,0.0,5.158855114638447,5.158855114638447,1.0,0.0,0.0,0.0,0.0,24
PHX,30.0,43.84425,0.0,0.0,0.06625,-0.1455,0.0,0.0,0.86425,0.0,0.0,0.0805,0.17375,24
POR,21.0,32.95675,0.3967225024199402,0.08379701667705489,0.01225,0.06775,12.583019334180804,12.776052933926763,0.02225,0.00175,0.86375,0.132,0.002,24
SAC,9.0,15.8745,0.01334780395937499,-0.00023877401398809318,0.0,0.0,15.845767414596423,12.065539592639285,0.0,1.0,0.0,0.0,0.0,24
SAS,31.0,49.84725,0.0,0.0,0.0005,-0.006,0.0,0.0,0.9995,0.0,0.0,0.0,0.0025,24
UTA,24.0,36.74175,0.4656834208845238,0.14342133366964277,0.04625,0.09275,10.412216779942563,9.605379476585714,0.18925,0.0,0.233,0.69025,0.03275,24
ATL,32.0,47.9855,0.0,0.0,0.04025,-0.12625,0.0,0.0,0.9155,0.0,0.0015,0.0495,0.12825,25
BOS,27.0,41.55025,0.2756866448421132,0.4050386939387597,0.0835,0.09225,8.77381491797277,11.48982182325729,0.28625,0.0,0.2425,0.5765,0.08825,25
BKN,11.0,19.94275,0.002479761904761905,0.002479761904761905,0.0,0.0,6.602973313492065,6.603391765873016,0.0,0.857,0.143,0.0,0.0,25
CHA,28.0,39.58575,0.26419114526250004,0.24862863171435062,0.04075,0.1205,9.484557190930508,12.35448307706453,0.0855,0.0,0.62425,0.32325,0.029,25
CHI,12.0,21.69175,0.20088314810401794,-0.12323759427789083,0.0,0.0,15.166186467729014,12.376207633622798,0.0,0.659,0.341,0.0,0.0,25
CLE,38.0,56.019,0.0,0.0,0.0,-0.001,0.0,0.0,1.0,0.0,0.0,0.0,0.0,25
DET,36.0,53.53625,0.11154776355117396,0.1187950722348049,0.00125,-0.008,6.180438265473381,6.184383688997885,0.9995,0.0,0.0,0.00025,0.00125,25
IND,30.0,45.58625,0.18153483789285724,0.5294991228032242,0.0855,-0.08625,7.691441296751191,9.040838178302266,0.72175,0.0,0.01525,0.213,0.26,25
MIA,34.0,50.332,-0.013114339934551364,0.05635661584328704,0.01525,-0.0595,9.360640302921844,9.458443721345448,0.978,0.0,0.0,0.009,0.03775,25
MIL,14.0,22.234,0.0,0.0,0.0,0.0,0.0,0.0,0.0,0.58,0.42,0.0,0.0,25
NYK,39.0,56.58175,0.0,0.0,0.0,0.0,0.0,0.0,1.0,0.0,0.0,0.0,0.0,25
ORL,30.0,43.545,0.24019476502738107,0.5506371440194244,0.10425,0.006,8.253847506642858,10.506066252590655,0.4215,0.0,0.07925,0.48625,0.2125,25
PHI,35.0,52.13925,0.14617688084087851,0.17367209803884479,0.00375,-0.01875,6.371152685676848,6.396546126625111,0.9955,0.0,0.0,0.001,0.0095,25
TOR,30.0,44.56125,0.21380891598035726,0.5778467802975382,0.09525,-0.054,7.93076443671488,9.679014765511992,0.595,0.0,0.04575,0.33275,0.2335,25
WAS,23.0,34.124,0.3472233807244048,0.009873559405357146,0.002,0.01075,11.679865636382145,11.980446968789286,0.0015,0.0,0.9915,0.0085,0.0,25
DAL,17.0,26.1305,0.2009943555321429,-0.05074941472590136,0.0,0.0015,3.784898648514286,3.390510842937454,0.0,0.06925,0.9295,0.00125,0.0,25
DEN,34.0,51.26425,0.0,0.0,0.0,-0.00025,0.0,0.0,1.0,0.0,0.0,0.0,0.0,25
GSW,29.0,42.10675,0.1226274052828869,0.2515049482018949,0.0335,-0.129,7.604568369826189,7.9396257035288675,0.92325,0.0,0.001,0.0365,0.15,25
HOU,34.0,50.772,0.16830371472663136,0.16889941069091707,0.0,-0.0005,6.602973313492065,6.603642939049207,1.0,0.0,0.0,0.0,0.00025,25
LAC,15.0,23.18325,-0.0018068672839506193,-0.0018068672839506193,0.0,0.0,5.218997982804231,5.218997982804231,0.0,0.40325,0.59675,0.0,0.0,25
LAL,27.0,42.242,0.0,0.0,0.0315,-0.125,0.0,0.0,0.924,0.0,0.00125,0.03775,0.13275,25
MEM,21.0,32.02025,0.33706626710357124,0.16214762279754658,0.028,0.10675,12.295020528908333,12.644972942848868,0.051,0.0,0.7775,0.2075,0.008,25
MIN,27.0,42.4265,0.0,0.0,0.027,-0.118,0.0,0.0,0.94625,0.0,0.00075,0.02375,0.12425,25
NOP,27.0,36.65675,0.26951845238095246,0.26300639880952376,0.087,0.0345,16.063366220238095,14.670950595238097,0.32075,0.0,0.1025,0.5645,0.202,25
OKC,39.0,59.92025,0.05451494708994714,0.05451494708994714,0.0,0.0,5.218997982804231,5.218997982804231,1.0,0.0,0.0,0.0,0.0,25
PHX,20.0,32.83175,0.0,0.0,0.0325,0.123,0.0,0.0,0.08575,0.00025,0.664,0.3055,0.019,25
POR,26.0,38.17325,0.3721793910517857,0.4688126704845988,0.0765,-0.028,8.868229072853275,9.857288849529112,0.589,0.0,0.033,0.33375,0.31425,25
SAC,16.0,23.02475,0.23347235300089283,-0.1410352002066266,0.0,0.0,14.84906896378482,12.577650805074983,0.0,0.43125,0.56875,0.0,0.0,25
SAS,46.0,65.68125,0.0,0.0,0.0,0.0,0.0,0.0,1.0,0.0,0.0,0.0,0.0,25
UTA,23.0,34.15175,0.4601403761247024,0.14337470261607133,0.054,0.1145,11.190814862087501,9.70060058285,0.16,0.0,0.421,0.4895,0.0495,25
ATL,26.0,41.01175,0.0,0.0,0.093,-0.0995,0.0,0.0,0.72925,0.0,0.04,0.2125,0.17075,26
BOS,42.0,60.3055,0.0913758597883599,0.0913758597883599,0.0,0.0,5.329991258818342,5.329991258818342,1.0,0.0,0.0,0.0,0.0,26
BKN,17.0,26.60625,-0.0013013392857142844,-0.002208630952380946,0.0,0.00025,6.514341550925927,6.567208217592594,0.0,0.363,0.63675,0.00025,0.0,26
CHA,22.0,35.781,0.6406973327032738,0.33715223144530904,0.0665,0.132,11.014647300120835,12.11583616363852,0.13525,0.0,0.606,0.30875,0.03775,26
CHI,10.0,18.49275,0.020012516166071435,-0.0018694998729875288,0.0,0.0,15.50891219874241,11.993898495880076,0.0,0.99775,0.00225,0.0,0.0,26
CLE,27.0,40.94725,0.0,0.0,0.1045,-0.0935,0.0,0.0,0.71325,0.0,0.0415,0.20975,0.194,26
DET,25.0,39.73725,0.43583783267946435,0.5978699726092758,0.11175,-0.03225,8.595768910706546,9.783947329881865,0.58775,0.0,0.10325,0.3325,0.159,26
IND,35.0,50.61925,0.12475013638416002,0.12425652151511239,0.00025,-0.00025,6.4190266424162274,6.418532892416228,1.0,0.0,0.0,0.0,0.0,26
MIA,23.0,35.66725,0.5370180746323743,0.24855293972685835,0.06225,0.137,11.313594168509459,12.446637374509603,0.1065,0.0,0.63525,0.29775,0.028,26
MIL,22.0,32.8235,0.0,0.0,0.01025,0.0525,0.0,0.0,0.014,0.00375,0.9305,0.06025,0.003,26
NYK,30.0,47.2895,0.0,0.0,0.002,-0.0125,0.0,0.0,0.99725,0.0,0.0,0.00175,0.006,26
ORL,24.0,35.95675,0.6223645438757439,0.33782428943455933,0.051,0.13125,10.965424662061162,12.101041607604214,0.1315,0.00025,0.59875,0.3105,0.044,26
PHI,33.0,50.91775,0.10882913359788356,0.10847645502645499,0.0,-0.00025,6.385338723544973,6.384652116402118,1.0,0.0,0.0,0.0,0.0,26
TOR,29.0,41.508,0.2536586446369048,0.4787752551595946,0.08025,-0.10975,7.976636544090178,8.720204154880888,0.768,0.0,0.0285,0.1665,0.18325,26
WAS,31.0,42.2025,0.22472747597485124,0.3552409469934523,0.0785,-0.127,7.794462859374106,8.184141533122618,0.81725,0.0,0.0125,0.0995,0.17425,26
DAL,16.0,26.92575,0.1833079338611607,-0.11049295636201106,0.0,0.00025,4.591871323211161,2.943100842890311,0.0,0.29625,0.7035,0.00025,0.0,26
DEN,41.0,58.818,0.0,0.0,0.0,0.0,0.0,0.0,1.0,0.0,0.0,0.0,0.0,26
GSW,33.0,47.07125,0.17133957174255954,0.3442725345441964,0.0305,-0.132,7.136609541240326,7.712307234883829,0.9095,0.0,0.0,0.024,0.214,26
HOU,33.0,49.97775,0.1554028847096395,0.21072792475115737,0.004,-0.06375,6.51553836271536,6.60207871163411,0.99125,0.0,0.0,0.00025,0.0355,26
LAC,26.0,34.86075,-0.0005162477954144627,-0.0005162477954144627,0.01,0.1045,5.30367771164021,5.30367771164021,0.017,0.00025,0.8025,0.1955,0.001,26
LAL,31.0,48.492,0.0,0.0,0.013,-0.1105,0.0,0.0,0.96825,0.0,0.0,0.01,0.0875,26
MEM,25.0,33.537,0.4727289632842259,0.06901570949426025,0.00475,0.058,12.532985750612497,12.743031739884499,0.00625,0.0,0.9135,0.08575,0.00075,26
MIN,32.0,48.467,0.0,0.0,0.0175,-0.101,0.0,0.0,0.968,0.0,0.0,0.00875,0.094,26
NOP,17.0,26.6815,0.22803764880952382,-0.13357842261904768,0.0,0.0,17.66841279761905,16.304765922619048,0.0,0.33875,0.66125,0.0,0.0,26
OKC,39.0,60.37375,0.09316210317460327,0.09316210317460327,0.0,0.0,5.30367771164021,5.30367771164021,1.0,0.0,0.0,0.0,0.0,26
PHX,26.0,37.63375,0.0,0.0,0.02375,0.1095,0.0,0.0,0.11,0.0,0.2545,0.716,0.021,26
POR,29.0,43.14875,0.1522159193370536,0.4062729480953799,0.057,-0.02975,7.790196268870834,9.59366314093395,0.675,0.0,0.004,0.30125,0.35525,26
SAC,8.0,13.68475,0.018908889475892837,8.718921369048304e-05,0.0,0.0,15.837629917169638,11.991973314904566,0.0,1.0,0.0,0.0,0.0,26
SAS,39.0,59.22825,0.0,0.0,0.00025,-0.00025,0.0,0.0,1.0,0.0,0.0,0.0,0.0,26
UTA,29.0,41.2335,0.257226202854762,0.17892929708333327,0.0575,0.00175,8.431575918902084,9.181544565319642,0.35475,0.0,0.0255,0.65825,0.191,26
ATL,25.0,38.488,0.0,0.0,0.0545,0.09975,0.0,0.0,0.217,0.0,0.27675,0.61225,0.06625,27
BOS,35.0,51.6515,0.12178394755150465,0.1264890992115741,0.00025,-0.00625,6.2293632930307,6.237157516925443,0.9995,0.0,0.0,0.00025,0.00275,27
BKN,9.0,15.009,-0.0007531250000000014,-0.0019946428571428593,0.0,0.0,6.496691639109348,6.507028246252205,0.0,1.0,0.0,0.0,0.0,27
CHA,26.0,38.1265,0.4657526416355656,0.29634821030476455,0.052,0.1075,9.863685085485715,11.904014190542743,0.1555,0.0,0.30875,0.61625,0.0445,27
CHI,19.0,27.7715,0.2686419496736605,-0.06879381611263449,0.0,0.00025,14.080319833005355,12.822241662955955,0.0,0.13475,0.86525,0.0,0.0,27
CLE,31.0,48.274,0.0,0.0,0.00575,-0.06075,0.0,0.0,0.9895,0.0,0.0,0.001,0.03475,27
DET,36.0,55.27925,0.1435617835097003,0.1435617835097003,0.0,0.0,5.617497663139329,5.617497663139329,1.0,0.0,0.0,0.0,0.0,27
IND,34.0,49.35125,0.1776646731746748,0.21946498867452602,0.00625,-0.039,6.576003055530324,6.625492847431515,0.99375,0.0,0.0,0.0,0.02125,27
MIA,29.0,43.50225,0.009923777602821928,0.23137397707020568,0.05975,-0.09075,9.232994175422846,10.244761959324272,0.742,0.0,0.006,0.12675,0.3715,27
MIL,17.0,23.7855,0.0,0.0,0.0,0.0,0.0,0.0,0.0,0.73925,0.26075,0.0,0.0,27
NYK,43.0,61.6165,0.0,0.0,0.0,0.0,0.0,0.0,1.0,0.0,0.0,0.0,0.0,27
ORL,31.0,45.15075,0.1676629678215774,0.36646013478351336,0.045,-0.13925,7.439804963012053,8.098392367380004,0.86725,0.0,0.00225,0.04,0.24675,27
PHI,28.0,44.997,0.14677365409895834,0.3109084168325,0.03625,-0.12975,7.419291993343302,7.969948746115666,0.911,0.0,0.00125,0.03875,0.19425,27
TOR,23.0,36.21575,0.4779024950467264,0.18559073183706046,0.03475,0.121,10.934028006471282,12.468141418277744,0.08,0.0,0.6525,0.328,0.01075,27
WAS,24.0,35.52125,0.43660750814494054,0.12226595089464286,0.022,0.1045,11.313237329517115,11.724802853491667,0.0445,0.0,0.7525,0.23675,0.00725,27
DAL,25.0,36.63075,0.26211933052723213,0.18840885047021685,0.029,0.1225,1.2236003404075892,2.844427499733172,0.09025,0.0,0.54325,0.409,0.0305,27
DEN,27.0,44.8505,0.0,0.0,0.03,-0.13725,0.0,0.0,0.93375,0.0,0.00125,0.04275,0.14775,27
GSW,28.0,38.885,0.4729429321004465,0.3948134316787271,0.07325,0.074,9.459698613352382,11.473300388699773,0.22775,0.0,0.16975,0.654,0.11225,27
HOU,34.0,49.76625,0.16489718002006723,0.17855433394799383,0.0025,-0.01725,6.49751022826292,6.51733708628028,0.9965,0.0,0.0,0.00025,0.0085,27
LAC,18.0,25.21425,0.0046406966490299875,0.0046406966490299875,0.0,0.0,5.833271351410936,5.833271351410936,0.0,0.49025,0.50975,0.0,0.0,27
LAL,26.0,42.297,0.0,0.0,0.08075,-0.07125,0.0,0.0,0.74525,0.0,0.0185,0.22025,0.309,27
MEM,20.0,29.25075,0.2534972531674105,-0.022323829765847465,0.0005,0.003,13.595410532280798,12.90440532447609,0.00025,0.039,0.95925,0.00175,0.0,27
MIN,32.0,47.278,0.0,0.0,0.0135,-0.0765,0.0,0.0,0.978,0.0,0.00025,0.00825,0.0535,27
NOP,17.0,27.4795,0.2243924107142858,-0.1288205357142857,0.0,0.0005,19.388369047619047,15.80548705357143,0.0,0.15175,0.848,0.00025,0.0,27
OKC,35.0,54.411,0.14379035493827172,0.14379035493827172,0.0,0.0,5.833271351410936,5.833271351410936,1.0,0.0,0.0,0.0,0.0,27
PHX,31.0,47.98225,0.0,0.0,0.01025,-0.0565,0.0,0.0,0.9865,0.0,0.00025,0.0035,0.03225,27
POR,30.0,44.53925,0.15085238515252977,0.3364942684773597,0.04,-0.13025,7.50007299084107,8.135857721541226,0.88275,0.0,0.00175,0.05875,0.21675,27
SAC,17.0,25.41225,0.233864508384375,-0.128671602101502,0.0,0.0,14.779169787508035,12.549529022829509,0.0,0.445,0.555,0.0,0.0,27
SAS,43.0,63.10875,0.0,0.0,0.0,0.0,0.0,0.0,1.0,0.0,0.0,0.0,0.0,27
UTA,27.0,38.1545,0.4557630608412203,0.16118556903928566,0.0535,0.08675,9.883260154526193,9.58065467300238,0.159,0.0,0.267,0.60125,0.0895,27
ATL,22.0,37.98725,0.0,0.0,0.091,0.09525,0.0,0.0,0.321,0.0,0.2795,0.49875,0.09175,28
BOS,39.0,57.10275,0.07669033289241631,0.07669033289241631,0.0,0.0,5.291451245590828,5.291451245590828,1.0,0.0,0.0,0.0,0.0,28
BKN,17.0,24.2185,-0.001928130511463842,-0.002745094797178127,0.0,0.0,6.2596629243827175,6.261099382716051,0.0,0.5765,0.4235,0.0,0.0,28
CHA,24.0,35.8485,0.5426106902924107,0.2762307268208755,0.04075,0.12125,10.611203003441817,12.345740213644778,0.08575,0.0,0.651,0.28825,0.0325,28
CHI,24.0,34.629,0.5410660670468749,0.16511425493742463,0.0175,0.09775,11.38160919294003,12.671195925649226,0.0275,0.0,0.81775,0.161,0.015,28
CLE,31.0,48.00975,0.0,0.0,0.004,-0.01925,0.0,0.0,0.99675,0.0,0.0,0.00125,0.00575,28
DET,30.0,46.12925,0.14619932153946205,0.21646689101064265,0.01175,-0.05625,7.133481770587472,7.234146339996747,0.98225,0.0,0.0005,0.00725,0.03425,28
IND,24.0,38.6315,0.440865414592262,0.530915994729474,0.0935,0.06975,8.947889924084377,10.946841118271529,0.37125,0.0,0.19525,0.4865,0.1345,28
MIA,27.0,41.724,0.02176962863374126,0.2957017057542906,0.08075,-0.093,9.297724900635952,10.27075378844796,0.74,0.0,0.02575,0.1715,0.2515,28
MIL,16.0,22.01825,0.0,0.0,0.0,0.0,0.0,0.0,0.0,0.90075,0.09925,0.0,0.0,28
NYK,33.0,51.70275,0.0,0.0,0.0,-0.0015,0.0,0.0,1.0,0.0,0.0,0.0,0.0,28
ORL,27.0,40.56825,0.2796952384671132,0.5487388385744048,0.0825,-0.03925,8.174273055750149,9.681434544812676,0.59475,0.0,0.05675,0.29,0.2725,28
PHI,34.0,51.714,0.09125998677248677,0.09125998677248677,0.0,-0.00025,6.215026025132276,6.215026025132276,1.0,0.0,0.0,0.0,0.0,28
TOR,29.0,43.41575,0.1398352828541667,0.36218551128047055,0.0585,-0.123,7.524312199997023,8.078008098504556,0.877,0.0,0.006,0.06575,0.1605,28
WAS,23.0,32.217,0.41028193831473186,0.0285653970279762,0.003,0.028,12.693364720776486,11.940541275264879,0.00375,0.0025,0.965,0.02975,0.00175,28
DAL,23.0,33.4165,0.36940767463794644,0.14510485814977045,0.02375,0.1175,2.071975715611161,3.0741661657047454,0.0535,0.00025,0.696,0.29,0.007,28
DEN,32.0,48.77275,0.0,0.0,0.0015,-0.019,0.0,0.0,0.9985,0.0,0.0,0.00025,0.00625,28
GSW,14.0,24.25425,0.16758726020580367,-0.11198240504402467,0.0,0.0,15.083195490420533,12.442744751694551,0.0,0.5675,0.43225,0.00025,0.0,28
HOU,34.0,51.366,0.09064064398007605,0.09174774532665343,0.00025,-0.0035,6.25971634944745,6.262799167217241,0.99975,0.0,0.0,0.0,0.00125,28
LAC,30.0,42.4255,0.0,0.0,0.03675,-0.07375,5.156790123456789,5.156790123456789,0.8255,0.0,0.00175,0.05575,0.327,28
LAL,19.0,30.675,0.0,0.0,0.00625,0.04225,0.0,0.0,0.0105,0.0095,0.92275,0.0665,0.00125,28
MEM,31.0,40.67075,0.21723690574568458,0.3026810820558036,0.05675,-0.03575,8.129769108394791,9.447285224349356,0.60625,0.0,0.00475,0.1855,0.4665,28
MIN,32.0,46.692,0.0,0.0,0.0095,-0.06725,0.0,0.0,0.98375,0.0,0.0,0.001,0.04025,28
NOP,18.0,27.708,0.06322499999999999,0.1296334821428572,0.00075,0.0055,19.576075,15.756041964285716,0.00025,0.10025,0.8955,0.00425,0.0,28
OKC,46.0,66.891,0.0,0.0,0.0,0.0,5.156790123456789,5.156790123456789,1.0,0.0,0.0,0.0,0.0,28
PHX,23.0,36.4715,0.0,0.0,0.06575,0.085,0.0,0.0,0.276,0.0,0.175,0.70325,0.065,28
POR,33.0,47.62625,0.17582289465008266,0.21232645397637234,0.004,-0.04025,6.866931979953489,6.9129634375564155,0.9935,0.0,0.0,0.00025,0.01975,28
SAC,15.0,22.382,0.13901814387500014,-0.08127423458406724,0.0,0.0,15.447049962423659,12.200606685754693,0.0,0.84275,0.15725,0.0,0.0,28
SAS,47.0,68.4565,0.0,0.0,0.0,0.0,0.0,0.0,1.0,0.0,0.0,0.0,0.0,28
UTA,23.0,36.2755,0.5232699516300595,0.14991904293571423,0.058,0.08975,10.016214863493154,9.550845287016072,0.2525,0.0,0.1945,0.693,0.06575,28
ATL,31.0,45.863,0.0,0.0,0.086,-0.10975,0.0,0.0,0.745,0.0,0.03225,0.19325,0.164,29
BOS,31.0,46.77175,0.27103771743151456,0.5643651236348818,0.06475,-0.13525,7.112891613905065,7.783638432666398,0.866,0.0,0.011,0.108,0.12275,29
BKN,12.0,21.58725,0.0011598214285714298,-0.002660863095238092,0.0,0.0,7.350486965388005,7.383957947530863,0.0,0.984,0.016,0.0,0.0,29
CHA,32.0,45.8265,0.29091200999425165,0.6373181242207877,0.08775,-0.12125,7.424805254028368,8.538612630233187,0.76475,0.0,0.0295,0.19025,0.17325,29
CHI,25.0,35.07125,0.42063360970729163,0.012753485238825104,0.001,0.01125,11.376319388219496,12.916815064931535,0.001,0.00075,0.98875,0.01,0.0005,29
CLE,34.0,50.26775,0.0,0.0,0.009,-0.042,0.0,0.0,0.99025,0.0,0.00025,0.0065,0.01625,29
DET,37.0,57.53425,0.03382932098765436,0.03382932098765436,0.0,0.0,5.188281238977072,5.188281238977072,1.0,0.0,0.0,0.0,0.0,29
IND,30.0,43.0845,0.3043591888799108,0.6199338248269188,0.1035,0.014,8.478037644268603,10.807238244196531,0.34625,0.0,0.18025,0.4855,0.1365,29
MIA,32.0,46.9965,-0.026685156231536545,0.2266354500549792,0.06275,-0.12975,9.285939396055193,9.87436078908253,0.86025,0.0,0.00675,0.11,0.13225,29
MIL,15.0,23.6975,0.0,0.0,0.0,0.0,0.0,0.0,0.0,0.936,0.064,0.0,0.0,29
NYK,31.0,48.163,0.0,0.0,0.03325,-0.106,0.0,0.0,0.94725,0.0,0.0055,0.04125,0.06475,29
ORL,30.0,42.7975,0.31434802878898827,0.5892907187009083,0.10425,0.0395,8.553958426052532,10.98370641919768,0.317,0.0,0.21075,0.4905,0.1285,29
PHI,34.0,50.26675,0.13298487963993608,0.1897053442652266,0.01025,-0.0455,6.334709681795564,6.399235441344175,0.9915,0.0,0.00025,0.00525,0.0185,29
TOR,27.0,40.90325,0.26295700053958343,0.39382621232130227,0.0645,0.112,9.131447079795835,12.016436279184262,0.17075,0.0,0.534,0.3595,0.04275,29
WAS,17.0,27.21125,0.23328192378571425,-0.07626274574404754,0.0,0.0,14.81020106266964,11.681595543250594,0.0,0.49525,0.50475,0.0,0.0,29
DAL,24.0,34.85925,0.34498431923348216,0.29821475641356293,0.0685,0.12725,1.4357240974084824,2.3282912815797916,0.2235,0.001,0.32075,0.471,0.12375,29
DEN,28.0,46.6925,0.0,0.0,0.002,-0.01475,0.0,0.0,0.99825,0.0,0.0,0.00025,0.00575,29
GSW,27.0,39.51525,0.27030763599166663,0.34146004250147105,0.05725,-0.06625,8.152204037527381,8.837940183689733,0.772,0.0,0.0175,0.1055,0.3425,29
HOU,29.0,43.76825,0.09765222931005843,0.15691278729949296,0.013,-0.072,7.356509084767768,7.447529593705019,0.97525,0.0,0.0,0.00475,0.05075,29
LAC,21.0,31.062,0.0,0.0,0.018,0.07725,5.156790123456789,5.156790123456789,0.0225,0.04025,0.84325,0.1035,0.0085,29
LAL,31.0,47.916,0.0,0.0,0.001,-0.006,0.0,0.0,0.999,0.0,0.0,0.0,0.00125,29
MEM,21.0,28.197,0.30382092918437487,-0.08877474492766986,0.002,0.01425,14.539743886762498,12.646480821772757,0.00125,0.3055,0.68225,0.01175,0.0005,29
MIN,31.0,45.8195,0.0,0.0,0.00325,-0.02,0.0,0.0,0.99625,0.0,0.0,0.001,0.01,29
NOP,24.0,31.017,0.3751281250000001,0.060540476190476186,0.00925,0.07125,18.781501041666665,15.592842708333334,0.01,0.0445,0.8495,0.096,0.008,29
OKC,42.0,63.40975,0.0,0.0,0.0,0.0,5.156790123456789,5.156790123456789,1.0,0.0,0.0,0.0,0.0,29
PHX,19.0,33.9785,0.0,0.0,0.07375,0.13725,0.0,0.0,0.22,0.003,0.46825,0.40425,0.0605,29
POR,24.0,36.98825,0.5391040125331847,0.5099893879356604,0.105,0.04175,9.261083701293005,10.080367850179561,0.54525,0.0,0.09875,0.33325,0.2675,29
SAC,20.0,29.10125,0.35095284575967234,-0.04414672576547889,0.00325,0.0285,14.18608676550238,12.729034146998186,0.00225,0.18775,0.7855,0.02525,0.00075,29
SAS,38.0,56.94675,0.0,0.0,0.0,0.0,0.0,0.0,1.0,0.0,0.0,0.0,0.0,29
UTA,23.0,34.68675,0.5855987226854167,0.20522719583273802,0.0745,0.1235,10.932364925773363,9.508939710870832,0.2345,0.002,0.35025,0.4435,0.12025,29
ATL,24.0,37.88975,0.0,0.0,0.0655,0.1065,0.0,0.0,0.23725,0.0,0.29975,0.51075,0.11175,30
BOS,38.0,53.79725,0.17630364858906536,0.17630364858906536,0.0,-0.00025,5.9718348434744275,5.9718348434744275,1.0,0.0,0.0,0.0,0.0,30
BKN,17.0,29.294,0.030123065476190432,0.0057014880952380815,0.00075,0.00375,9.999609077380955,10.268328720238095,0.00075,0.03775,0.95775,0.0045,0.0,30
CHA,40.0,54.2575,0.17744585537918883,0.17937327581192694,0.0,-0.00075,5.881603097442682,5.881603097442682,1.0,0.0,0.0,0.0,0.0,30
CHI,13.0,22.22575,0.12775740789151793,-0.06412980050525782,0.0,0.0,15.353386179108034,12.092912954694885,0.0,0.8555,0.1445,0.0,0.0,30
CLE,26.0,43.19825,0.0,0.0,0.0415,-0.05475,0.0,0.0,0.83575,0.0,0.0075,0.0935,0.29,30
DET,23.0,37.24525,0.45169933194553585,0.3661519422289256,0.0675,0.12625,10.066055459513395,11.75191315214816,0.18975,0.0,0.4015,0.465,0.081,30
IND,26.0,39.8855,0.34656826174627986,0.4387623109114442,0.0815,0.04775,8.828072947174554,10.438021087774569,0.44475,0.0,0.09075,0.4315,0.2815,30
MIA,33.0,48.35,-0.0032204121698688236,0.024367184664909607,0.00625,-0.0385,9.37355024940951,9.419829311999214,0.9885,0.0,0.0,0.0005,0.02725,30
MIL,11.0,18.58925,0.0,0.0,0.0,0.0,0.0,0.0,0.0,0.992,0.008,0.0,0.0,30
NYK,36.0,52.22975,0.0,0.0,0.0015,-0.0045,0.0,0.0,0.99925,0.0,0.0,0.0,0.00175,30
ORL,33.0,48.7195,0.16565989107864307,0.19671515602536926,0.00575,-0.03875,6.9981118201202595,7.045057710471896,0.99025,0.0,0.0,0.0005,0.0225,30
PHI,36.0,52.43875,0.18037738584375007,0.182506691458631,0.0005,-0.0035,6.2229296234980715,6.225086051964143,0.9995,0.0,0.0,0.0,0.001,30
TOR,25.0,38.711,0.4071636775491072,0.4154846289422477,0.081,0.085,9.368347680592858,11.071553938944028,0.31425,0.0,0.20525,0.4935,0.18325,30
WAS,16.0,26.036,0.26906251618749993,-0.06641892893452377,0.0,0.00075,14.45292254952232,11.721192634936314,0.0,0.29375,0.706,0.00025,0.0,30
DAL,17.0,27.28175,0.30093628894553576,-0.08288343107965564,0.00025,0.00125,3.886614486491072,3.1098072008451583,0.0,0.151,0.8485,0.0005,0.0,30
DEN,33.0,50.77575,0.0,0.0,0.0015,-0.0175,0.0,0.0,0.997,0.0,0.0,0.001,0.0055,30
GSW,29.0,42.17725,0.24208696924464296,0.5097586262086452,0.09125,-0.06175,8.171669676700148,10.072933729128053,0.54325,0.0,0.01525,0.498,0.192,30
HOU,23.0,36.186,0.40559588642589295,0.17202051207275354,0.02575,0.1185,10.643719102568898,12.257151620979608,0.09925,0.0,0.5555,0.433,0.0055,30
LAC,25.0,36.738,0.0004956238977072314,0.0004956238977072314,0.0335,0.1295,5.195630941358024,5.195630941358024,0.0865,0.0,0.4475,0.53425,0.01025,30
LAL,38.0,56.117,0.0,0.0,0.0,-0.00025,0.0,0.0,1.0,0.0,0.0,0.0,0.00025,30
MEM,17.0,25.39525,0.24923486033303563,-0.11454400314778893,0.0,0.0,14.671559339225444,12.493750920266175,0.0,0.3795,0.6205,0.0,0.0,30
MIN,29.0,43.76775,0.0,0.0,0.08425,-0.107,0.0,0.0,0.729,0.0,0.003,0.242,0.23475,30
NOP,17.0,26.03425,0.30913794642857145,-0.08777127976190478,0.0,0.0,20.066135714285714,15.145937500000002,0.0,0.2875,0.7125,0.0,0.0,30
OKC,39.0,59.388,0.03159561287477958,0.03159561287477958,0.0,0.0,5.195630941358024,5.195630941358024,1.0,0.0,0.0,0.0,0.0,30
PHX,32.0,46.983,0.0,0.0,0.03725,-0.113,0.0,0.0,0.9345,0.0,0.0,0.035,0.096,30
POR,31.0,44.71175,0.13271920992946432,0.4085411373262542,0.06575,-0.1305,7.606078974589285,8.511999948187958,0.81425,0.0,0.0015,0.1345,0.22625,30
SAC,22.0,31.41075,0.26896639104910686,0.018661085505803553,0.00175,0.018,12.625428159250296,12.784503126783646,0.00175,0.003,0.974,0.023,0.0,30
SAS,37.0,54.73775,0.0,0.0,0.0,-0.0005,0.0,0.0,1.0,0.0,0.0,0.0,0.0,30
UTA,34.0,45.42825,0.13640619253750003,0.2248674788452381,0.0655,-0.1245,7.578105519344195,7.867599346502976,0.7945,0.0,0.00075,0.09875,0.2295,30
ATL,24.0,36.87125,0.0,0.0,0.037,0.06075,0.0,0.0,0.185,0.0,0.122,0.79175,0.05875,31
BOS,30.0,44.601,0.054699911262053584,0.2231455649113591,0.027,-0.10425,7.487820119674404,8.271485851581001,0.8655,0.0,0.0,0.0245,0.30475,31
BKN,14.0,23.11175,0.022606547619047623,-0.01253616071428568,0.0,0.0,8.950940476190477,9.226515773809524,0.0,0.8465,0.1535,0.0,0.0,31
CHA,19.0,31.2505,0.5396723722778272,0.048579769198989486,0.00625,0.04775,11.918105883616517,12.890309763225021,0.00875,0.01075,0.91575,0.073,0.0005,31
CHI,19.0,28.48725,0.4834200346366067,-0.04723873579644118,0.0,0.00725,13.498578133198956,12.892237598420904,0.0005,0.103,0.89225,0.00475,0.0,31
CLE,27.0,41.826,0.0,0.0,0.0485,-0.025,0.0,0.0,0.69925,0.0,0.0025,0.15625,0.445,31
DET,36.0,53.64975,0.13793062413880627,0.13902926448419317,0.00025,-0.00175,6.126522894620812,6.128517059079741,1.0,0.0,0.0,0.0,0.00075,31
IND,31.0,47.7405,0.1274667506662478,0.214348762669472,0.0105,-0.087,7.174595930367145,7.338829771804496,0.97825,0.0,0.0,0.0005,0.068,31
MIA,23.0,37.46325,0.16332930875241966,0.15604731895559132,0.04075,0.049,9.294122624891934,11.945406463947474,0.26925,0.0,0.07925,0.82475,0.05675,31
MIL,17.0,25.944,0.0,0.0,0.0,0.00025,0.0,0.0,0.0,0.42925,0.57075,0.0,0.0,31
NYK,35.0,51.45275,0.0,0.0,0.0015,-0.0095,0.0,0.0,0.999,0.0,0.0,0.0,0.0025,31
ORL,35.0,49.60325,0.1823064605717317,0.22481068829807097,0.00575,-0.03675,6.834360965193893,6.89907001643303,0.989,0.0,0.0,0.00025,0.0275,31
PHI,35.0,54.27975,0.1293370590828925,0.1293370590828925,0.0,-0.0005,6.039092779982364,6.039092779982364,1.0,0.0,0.0,0.0,0.0,31
TOR,34.0,49.24125,0.1790127583146219,0.23376802068262784,0.00725,-0.05025,6.906271761369224,6.9907513441120805,0.98925,0.0,0.0,0.0005,0.0345,31
WAS,21.0,32.0405,0.5356885638175595,0.06432273607142847,0.0075,0.06675,11.427394782817116,11.882462837394046,0.01625,0.0035,0.871,0.12375,0.001,31
DAL,18.0,28.097,0.43997733128214295,-0.03838834094330356,0.00575,0.03725,3.540182075955804,3.3108945802735206,0.007,0.12825,0.821,0.0485,0.002,31
DEN,38.0,55.9355,0.0,0.0,0.0,-0.00025,0.0,0.0,1.0,0.0,0.0,0.0,0.0,31
GSW,30.0,45.15025,0.0492586342686012,0.13816820190208334,0.013,-0.12625,7.384424511760266,7.739837911247718,0.9585,0.0,0.0,0.001,0.149,31
HOU,23.0,35.61575,0.35930200883809527,0.3696915105019684,0.0645,0.04775,9.132740424597621,10.794863146077073,0.42875,0.0,0.072,0.5225,0.26725,31
LAC,23.0,33.6475,0.0,0.0,0.05725,0.0965,5.156790123456789,5.156790123456789,0.19925,0.0005,0.198,0.65075,0.11,31
LAL,30.0,45.7165,0.0,0.0,0.01325,-0.1145,0.0,0.0,0.95675,0.0,0.0,0.00025,0.12725,31
MEM,18.0,25.5705,0.31756571639375,-0.1278582713941011,0.0015,0.0065,14.784248455214282,12.536543106305468,0.001,0.5005,0.494,0.0055,0.0,31
MIN,35.0,53.942,0.0,0.0,0.0,-0.002,0.0,0.0,1.0,0.0,0.0,0.0,0.0,31
NOP,20.0,29.70325,0.41703363095238105,0.1256315476190476,0.013,0.07975,17.56106130952381,16.237147470238096,0.02,0.03625,0.82775,0.131,0.00275,31
OKC,46.0,69.11725,0.0,0.0,0.0,0.0,5.156790123456789,5.156790123456789,1.0,0.0,0.0,0.0,0.0,31
PHX,23.0,35.78475,0.0,0.0,0.07725,0.032,0.0,0.0,0.4245,0.0,0.05425,0.51275,0.2965,31
POR,35.0,48.0375,0.13086004732377646,0.18844375069282407,0.01075,-0.0595,7.134050463763728,7.227607452904056,0.98325,0.0,0.0,0.0,0.0415,31
SAC,17.0,22.82175,0.15789621768571432,-0.07050318677734675,0.0,0.0,15.514921260794639,12.187228740820396,0.0,0.9,0.09975,0.00025,0.0,31
SAS,44.0,63.7095,0.0,0.0,0.0,0.0,0.0,0.0,1.0,0.0,0.0,0.0,0.0,31
UTA,20.0,29.58825,0.5531963209404759,0.04859191338273807,0.014,0.07925,12.81816972552366,10.062026383830354,0.021,0.0415,0.82625,0.1275,0.00375,31
ATL,27.0,43.71325,0.0,0.0,0.09475,-0.11425,0.0,0.0,0.75775,0.0,0.0285,0.2235,0.16825,32
BOS,35.0,51.2375,0.11265678607839504,0.1191256031590498,0.0015,-0.00625,6.366858787522113,6.375780272031786,0.99825,0.0,0.0,0.00025,0.00375,32
BKN,15.0,23.08,0.00487253086419753,0.00487253086419753,0.0,0.0,6.484943171296297,6.484770701058202,0.0,0.849,0.151,0.0,0.0,32
CHA,27.0,38.962,0.2990723304421131,0.35591946429738647,0.06775,0.11175,9.31156471144137,11.966342959406116,0.1295,0.0,0.51175,0.3865,0.05325,32
CHI,17.0,27.32925,0.2745493359089284,-0.05390011949736385,0.0,0.0,14.320894289926784,12.738045316498862,0.0,0.11975,0.88025,0.0,0.0,32
CLE,40.0,57.52725,0.0,0.0,0.0,0.0,0.0,0.0,1.0,0.0,0.0,0.0,0.0,32
DET,36.0,55.761,0.11011309523809534,0.11011309523809534,0.0,0.0,5.944123952821871,5.944123952821871,1.0,0.0,0.0,0.0,0.0,32
IND,31.0,45.421,0.15449784080000004,0.42349597615456347,0.05775,-0.13275,7.427999822795684,8.05040504718755,0.86925,0.0,0.00525,0.08875,0.14525,32
MIA,32.0,46.37725,-0.03315217927804782,0.15643597297424822,0.04775,-0.1045,9.309885625714575,9.647991840799373,0.91325,0.0,0.004,0.0425,0.109,32
MIL,15.0,21.708,0.0,0.0,0.0,0.0,0.0,0.0,0.0,0.94325,0.05675,0.0,0.0,32
NYK,27.0,41.95275,0.0,0.0,0.109,-0.012,0.0,0.0,0.4775,0.0,0.106,0.43425,0.178,32
ORL,26.0,40.1555,0.2930019776593751,0.48207447035991047,0.08525,0.0835,8.849955812764732,11.344029479158428,0.26825,0.0,0.28875,0.5005,0.09475,32
PHI,28.0,42.87825,0.2258327349224703,0.5996616466914781,0.10425,-0.06,7.9924357742886905,9.64431790374965,0.59475,0.0,0.0575,0.3185,0.2325,32
TOR,33.0,49.17725,0.1686696255542824,0.21680785698057206,0.00675,-0.03475,6.697963353355776,6.744432041802602,0.99125,0.0,0.0,0.0035,0.01525,32
WAS,21.0,31.44025,0.4098483440437497,0.0019438051107142811,0.00075,0.0045,12.670616892683036,11.90270467907679,0.00025,0.00275,0.9955,0.00175,0.0,32
DAL,22.0,32.163,0.38760702913080364,0.15816336515812923,0.0315,0.125,2.225759115645089,2.9845583329915826,0.0535,0.002,0.72075,0.26275,0.008,32
DEN,39.0,57.71375,0.0,0.0,0.0,0.0,0.0,0.0,1.0,0.0,0.0,0.0,0.0,32
GSW,26.0,35.77975,0.47899767436770846,0.3920857293046627,0.07775,0.07,10.008232756599853,11.258048949939122,0.26225,0.0,0.164,0.61375,0.1385,32
HOU,33.0,50.2745,0.14395263447971776,0.14395263447971776,0.0,-0.001,6.484943171296297,6.484770701058202,1.0,0.0,0.0,0.0,0.0,32
LAC,19.0,28.3905,0.0,0.0,0.0035,0.01875,5.156790123456789,5.156790123456789,0.0035,0.049,0.92825,0.02225,0.00025,32
LAL,32.0,48.4585,0.0,0.0,0.00025,-0.00475,0.0,0.0,0.99975,0.0,0.0,0.00025,0.00175,32
MEM,20.0,28.86125,0.3526519803157735,0.00892468651293511,0.00425,0.02475,13.775483624716962,12.770215921569273,0.004,0.0365,0.93275,0.03,0.00025,32
MIN,28.0,42.172,0.0,0.0,0.028,-0.13425,0.0,0.0,0.93075,0.0,0.0005,0.02425,0.155,32
NOP,23.0,32.74325,0.2691614583333334,0.2631821428571428,0.03425,0.13275,17.584317708333337,15.23519717261905,0.05975,0.001,0.627,0.34625,0.01625,32
OKC,45.0,67.58275,0.0,0.0,0.0,0.0,5.156790123456789,5.156790123456789,1.0,0.0,0.0,0.0,0.0,32
PHX,22.0,33.335,0.0,0.0,0.0395,0.13275,0.0,0.0,0.0965,0.0005,0.51725,0.43125,0.034,32
POR,26.0,39.6865,0.21137247007291665,0.35160216269191463,0.05,-0.08325,8.006204400578719,8.768646795955057,0.8165,0.0,0.009,0.129,0.3075,32
SAC,11.0,18.628,0.05186795560491072,-0.004269633393948405,0.0,0.0,15.7636194566433,11.991615080663987,0.0,0.99625,0.00375,0.0,0.0,32
SAS,38.0,57.874,0.0,0.0,0.0,0.0,0.0,0.0,1.0,0.0,0.0,0.0,0.0,32
UTA,26.0,39.61675,0.26410137653125004,0.2181119455529762,0.068,-0.089,8.120800979486608,8.192432331454167,0.7735,0.0,0.0115,0.14025,0.3385,32
ATL,26.0,39.4085,0.0,0.0,0.079,0.09625,0.0,0.0,0.261,0.0,0.24425,0.54325,0.1245,33
BOS,38.0,53.74825,0.1617499007936509,0.1617499007936509,0.0,-0.002,5.879844444444445,5.881841599737005,1.0,0.0,0.0,0.0,0.00075,33
BKN,27.0,36.701,0.00682842261904762,0.005241815476190479,0.01725,0.1295,7.265086518959435,7.3771092868165775,0.03575,0.0,0.6855,0.27725,0.0275,33
CHA,28.0,42.1165,0.23809162178690482,0.45872036218821566,0.079,-0.01225,8.085300460090625,9.670003198853976,0.62025,0.0,0.04775,0.274,0.31825,33
CHI,19.0,29.70825,0.304518552588839,-0.01122147831164963,0.00025,0.00225,13.436678433574105,12.901829065801415,0.0,0.01325,0.9845,0.00225,0.0,33
CLE,22.0,36.8895,0.0,0.0,0.04275,0.13625,0.0,0.0,0.09875,0.0,0.655,0.31075,0.01725,33
DET,38.0,55.953,0.1341534391534393,0.1341534391534393,0.0,-0.00025,5.460239825837742,5.460239825837742,1.0,0.0,0.0,0.0,0.0,33
IND,33.0,49.0955,0.19322131102894619,0.2431906895128252,0.0095,-0.0515,6.7715479974575175,6.843264124238123,0.98925,0.0,0.0,0.001,0.02975,33
MIA,31.0,44.978,-0.025636847045182955,0.16716966178790965,0.0505,-0.11875,9.235148646535578,9.963232291210462,0.8215,0.0,0.002,0.0575,0.312,33
MIL,13.0,19.71775,0.0,0.0,0.0,0.0,0.0,0.0,0.0,0.97725,0.02275,0.0,0.0,33
NYK,31.0,47.5155,0.0,0.0,0.0185,-0.09375,0.0,0.0,0.96725,0.0,0.00025,0.007,0.0835,33
ORL,34.0,50.9045,0.18485818475002205,0.20167109628752206,0.0025,-0.02125,6.395883025862158,6.415615079423766,0.9965,0.0,0.0,0.00025,0.00825,33
PHI,33.0,49.8995,0.19720766481213622,0.2324456038510251,0.004,-0.038,6.589962017790631,6.632229862037954,0.99425,0.0,0.0,0.00075,0.017,33
TOR,24.0,38.24625,0.42777770876369053,0.32970216922977147,0.06425,0.13,9.537756661919794,11.94100182180899,0.20225,0.0,0.42375,0.47375,0.05875,33
WAS,22.0,33.829,0.39280307855520824,0.05068161645714289,0.00875,0.0465,11.780596834862948,11.900314066046427,0.01325,0.00025,0.9435,0.05225,0.0025,33
DAL,21.0,30.28725,0.3208111272875001,0.1274397496169218,0.01,0.12175,2.9965244123232146,3.0636407174926026,0.02175,0.00875,0.6925,0.2985,0.00025,33
DEN,27.0,41.9265,0.0,0.0,0.06025,-0.07,0.0,0.0,0.7605,0.0,0.0,0.173,0.36525,33
GSW,33.0,45.1585,0.13402970898565367,0.3154339849348601,0.045,-0.142,7.46067027759381,7.960171216962261,0.89125,0.0,0.0,0.0215,0.21275,33
HOU,29.0,46.2045,0.12193246059934412,0.23042527236442356,0.0175,-0.12025,7.272086406838749,7.494067292972133,0.9675,0.0,0.0,0.0065,0.09225,33
LAC,16.0,24.86925,0.0,0.0,0.001,0.008,5.156790123456789,5.156790123456789,0.00075,0.413,0.58,0.007,0.0,33
LAL,30.0,45.04925,0.0,0.0,0.03925,-0.135,0.0,0.0,0.9105,0.0,0.0,0.03,0.18875,33
MEM,18.0,24.31175,0.15994454331026794,-0.12329688261892827,0.00025,0.00425,14.980998076771426,12.435029819035641,0.00025,0.54625,0.45,0.00375,0.0,33
MIN,36.0,54.28475,0.0,0.0,0.00025,-0.00075,0.0,0.0,1.0,0.0,0.0,0.0,0.0,33
NOP,13.0,20.03025,0.022927678571428554,-0.02263244047619045,0.0,0.0,20.994622767857145,14.840734970238096,0.0,0.972,0.028,0.0,0.0,33
OKC,45.0,67.4065,0.0,0.0,0.0,0.0,5.156790123456789,5.156790123456789,1.0,0.0,0.0,0.0,0.0,33
PHX,19.0,31.793,0.0,0.0,0.02175,0.12275,0.0,0.0,0.07875,0.00175,0.3755,0.62225,0.0005,33
POR,34.0,49.18875,0.19565749033484897,0.22871149812666444,0.0065,-0.03025,6.748419277234822,6.788605381114732,0.99225,0.0,0.0,0.0005,0.01775,33
SAC,18.0,27.8735,0.28211372911428545,0.027390904457008158,0.00325,0.05325,14.024697102261605,12.775202986296737,0.0035,0.0675,0.8635,0.069,0.0,33
SAS,36.0,54.13225,0.0,0.0,0.0,0.0,0.0,0.0,1.0,0.0,0.0,0.0,0.0,33
UTA,26.0,38.773,0.3021269741825893,0.14366118093511906,0.04875,-0.00975,9.032357238749704,9.263042883993453,0.373,0.0,0.00125,0.768,0.1225,33
ATL,32.0,45.9615,0.0,0.0,0.11575,-0.1015,0.0,0.0,0.64575,0.0,0.05025,0.25575,0.186,34
BOS,36.0,52.3155,0.2081593013863262,0.23031647432369157,0.003,-0.0135,5.873843227276538,5.895045691697025,0.99725,0.0,0.00025,0.00175,0.006,34
BKN,14.0,20.481,0.0005996141975308626,-0.0022902667548500904,0.0,0.0,6.679891297398589,6.6886392140652555,0.0,0.919,0.081,0.0,0.0,34
CHA,31.0,43.47125,0.33887513066354175,0.6037942655345901,0.1005,0.0465,8.71477268928006,10.982926959617883,0.301,0.0,0.2735,0.4135,0.1365,34
CHI,15.0,23.572,0.25129997967455353,-0.12422000786830194,0.0,0.0,14.833514246414728,12.429067321294442,0.0,0.503,0.497,0.0,0.0,34
CLE,32.0,49.816,0.0,0.0,0.02425,-0.0655,0.0,0.0,0.971,0.0,0.00125,0.022,0.0315,34
DET,33.0,48.6555,0.2825710978991953,0.49245839456934837,0.0545,-0.10575,6.853016135011145,7.206565717096965,0.9165,0.0,0.006,0.049,0.0845,34
IND,34.0,49.47175,0.2569542040638393,0.3845598029164328,0.02625,-0.08175,6.600335040782044,6.803055249969707,0.9605,0.0,0.00175,0.024,0.053,34
MIA,27.0,43.69825,0.08061501250321883,0.40707496248703423,0.1115,0.03275,9.335374557656621,11.425420016485317,0.4325,0.0,0.217,0.4335,0.118,34
MIL,18.0,26.12975,0.0,0.0,0.0,0.0,0.0,0.0,0.0,0.12025,0.87975,0.0,0.0,34
NYK,27.0,42.5875,0.0,0.0,0.09975,0.10275,0.0,0.0,0.271,0.0,0.37975,0.42525,0.07325,34
ORL,32.0,46.12875,0.30640549871444556,0.6837790303389268,0.0995,-0.09575,7.692138545643353,8.913148883673395,0.679,0.0,0.046,0.23725,0.17375,34
PHI,34.0,51.34975,0.2275493599463956,0.2779256474896,0.00775,-0.03625,6.1073825407049664,6.157997257947675,0.99025,0.0,0.00025,0.00575,0.01325,34
TOR,31.0,47.14175,0.277459532477866,0.6206341808083464,0.06825,-0.12975,7.283805709328803,8.061600035160376,0.83525,0.0,0.024,0.13225,0.12425,34
WAS,16.0,25.618,0.2854509022794641,-0.04803824257440471,0.0,0.0,14.183942240516961,11.824128592302976,0.0,0.17075,0.82925,0.0,0.0,34
DAL,19.0,28.53325,0.2712469218495536,-0.009620506225433676,0.00075,0.007,2.9816282507375,3.304295512234189,0.0,0.018,0.9775,0.0045,0.0,34
DEN,31.0,48.07475,0.0,0.0,0.00775,-0.05125,0.0,0.0,0.99025,0.0,0.0,0.0025,0.02175,34
GSW,24.0,36.23775,0.2894688097364585,0.20245663183806673,0.0425,0.099,10.70696617031637,11.837101319127466,0.1805,0.0,0.23925,0.7165,0.0255,34
HOU,32.0,48.99025,0.227181719312726,0.2424622454272597,0.00275,-0.0265,6.6769159743075175,6.704200141231922,0.9955,0.0,0.0,0.00125,0.01225,34
LAC,29.0,40.19675,0.0,0.0,0.0795,-0.01475,5.156790123456789,5.156790123456789,0.38825,0.0,0.01475,0.584,0.2245,34
LAL,21.0,33.65275,0.0,0.0,0.0195,0.103,0.0,0.0,0.052,0.0,0.75,0.242,0.00425,34
MEM,16.0,24.6865,0.26988581748214274,-0.10305520671060071,0.0,0.00025,14.50800902516205,12.616369770599386,0.0,0.28475,0.71525,0.0,0.0,34
MIN,29.0,44.92,0.0,0.0,0.026,-0.14025,0.0,0.0,0.92075,0.0,0.00025,0.049,0.14075,34
NOP,20.0,28.76925,0.1868953869047619,0.037327380952380924,0.0005,0.00975,16.98626473214286,16.535013690476195,0.00025,0.01275,0.9795,0.00775,0.0,34
OKC,40.0,61.7515,0.0002581238977072313,0.0002581238977072313,0.0,0.0,5.156790123456789,5.156790123456789,1.0,0.0,0.0,0.0,0.0,34
PHX,33.0,49.62425,0.0,0.0,0.003,-0.02,0.0,0.0,0.998,0.0,0.0,0.0005,0.00875,34
POR,31.0,44.0015,0.21522921856714067,0.3544825952960593,0.05325,-0.12775,7.764673016138215,8.30663016003782,0.8415,0.0,0.0005,0.0775,0.2455,34
SAC,12.0,19.15,0.09270373461383931,-0.024772008762049276,0.0,0.0,15.678193307092853,12.027652190698696,0.0,0.9715,0.0285,0.0,0.0,34
SAS,43.0,63.44975,0.0,0.0,0.0,0.0,0.0,0.0,1.0,0.0,0.0,0.0,0.0,34
UTA,28.0,41.5635,0.2943968794706845,0.22957500820595236,0.073,-0.06925,8.52755558645268,8.53774178164107,0.633,0.0,0.0075,0.3145,0.31675,34
ATL,31.0,46.19725,0.0,0.0,0.057,-0.136,0.0,0.0,0.866,0.0,0.0,0.09225,0.178,35
BOS,30.0,46.545,0.17640884073898808,0.4521778759111111,0.04275,-0.14075,7.2309717133593745,7.7630824536872005,0.91225,0.0,0.0,0.0645,0.132,35
BKN,13.0,20.80325,-0.00041026785714285617,-0.0013431547619047622,0.0,0.0,7.012906845238095,7.0457986607142855,0.0,0.98075,0.01925,0.0,0.0,35
CHA,29.0,42.90525,0.1565046233209822,0.5027169419571641,0.0765,-0.058,7.937673259097172,10.159660844701524,0.569,0.0,0.00625,0.52,0.1935,35
CHI,19.0,28.64075,0.3216278112410711,-0.0377467157114059,0.0,0.001,13.975967195395981,12.836023862881646,0.0,0.07875,0.91975,0.0015,0.0,35
CLE,41.0,58.419,0.0,0.0,0.0,0.0,0.0,0.0,1.0,0.0,0.0,0.0,0.0,35
DET,42.0,61.87975,0.04181607142857147,0.04181607142857147,0.0,0.0,5.212286761463844,5.212286761463844,1.0,0.0,0.0,0.0,0.0,35
IND,31.0,43.90275,0.17353875178928577,0.515954807835105,0.0905,-0.0905,7.844759647649553,9.563296143977961,0.5785,0.0,0.001,0.31775,0.3195,35
MIA,31.0,47.18,-0.03392882863989197,0.14326339045688746,0.0385,-0.127,9.31762134605592,9.65481736627237,0.93075,0.0,0.0,0.04675,0.112,35
MIL,11.0,18.9425,0.0,0.0,0.0,0.0,0.0,0.0,0.0,0.9955,0.0045,0.0,0.0,35
NYK,33.0,50.97175,0.0,0.0,0.004,-0.02025,0.0,0.0,0.99625,0.0,0.0,0.0025,0.0085,35
ORL,23.0,33.5185,0.5130340951127974,0.04605162756714142,0.0045,0.03775,11.512072653715476,12.827274762445901,0.00875,0.001,0.9345,0.06425,0.0,35
PHI,32.0,49.948,0.14973896213187274,0.1980125532212577,0.0045,-0.0425,6.5161199571327115,6.583053832718575,0.99075,0.0,0.0,0.0035,0.023,35
TOR,19.0,32.33825,0.4949827387306545,0.018145879638469368,0.0035,0.01775,12.173737470139136,12.87397523177018,0.004,0.0045,0.97175,0.02375,0.0,35
WAS,28.0,38.928,0.2014939328760417,0.1390807130267857,0.0305,0.04425,9.177983187071579,10.98454382621905,0.14375,0.0,0.0825,0.86325,0.0335,35
DAL,22.0,33.71825,0.369577401775,0.2324567176532696,0.0615,0.1345,1.5391057814080358,2.6837546825350636,0.14175,0.0005,0.516,0.3805,0.0705,35
DEN,33.0,50.55425,0.0,0.0,0.0005,-0.0065,0.0,0.0,0.9995,0.0,0.0,0.0,0.0015,35
GSW,22.0,34.4215,0.5875720896126488,0.36420080838211594,0.07025,0.13675,10.582050484927233,11.776784558795656,0.223,0.00025,0.39925,0.446,0.0985,35
HOU,31.0,47.28825,0.16028468848363092,0.1997515207047619,0.00625,-0.0525,7.015049942644791,7.079398843944047,0.99375,0.0,0.0,0.0,0.028,35
LAC,19.0,27.83825,0.0012906194885361566,0.0012906194885361566,0.0005,0.0095,5.191894973544971,5.191894973544971,0.0015,0.113,0.8775,0.009,0.0005,35
LAL,23.0,36.18825,0.0,0.0,0.08525,0.09125,0.0,0.0,0.39025,0.0,0.17825,0.41675,0.25975,35
MEM,21.0,28.85175,0.3518210676193449,-0.0009084158048228405,0.00175,0.0175,13.892159791119939,12.834619114564042,0.004,0.04775,0.93,0.0205,0.0015,35
MIN,33.0,47.928,0.0,0.0,0.004,-0.03225,0.0,0.0,0.99375,0.0,0.0,0.0,0.0185,35
NOP,16.0,24.186,0.07147857142857143,-0.12643348214285713,0.0,0.00025,20.72978571428572,14.926238244047621,0.0,0.7755,0.224,0.0005,0.0,35
OKC,41.0,62.072,0.030200496031746064,0.030200496031746064,0.0,0.0,5.191894973544971,5.191894973544971,1.0,0.0,0.0,0.0,0.0,35
PHX,32.0,46.071,0.0,0.0,0.01375,-0.08125,0.0,0.0,0.9685,0.0,0.0,0.00075,0.07225,35
POR,28.0,43.25725,0.07801655449761906,0.17091176508315614,0.02125,-0.117,7.50149510728988,7.9775220107364015,0.92175,0.0,0.0005,0.0075,0.22325,35
SAC,23.0,32.7805,0.5547357772879463,0.23335474876587728,0.03025,0.12475,11.81154007871131,12.415886866142042,0.05575,0.0025,0.68875,0.25925,0.0365,35
SAS,40.0,58.1895,0.0,0.0,0.0,0.0,0.0,0.0,1.0,0.0,0.0,0.0,0.0,35
UTA,23.0,35.53525,0.5007423484535715,0.2061045375434524,0.079,0.10575,9.924408931956993,9.34772795098036,0.3065,0.0,0.24625,0.45925,0.18925,35
ATL,27.0,38.70875,0.0,0.0,0.09275,0.0645,0.0,0.0,0.256,0.0,0.21625,0.53575,0.12975,36
BOS,31.0,47.32,0.16497868866498566,0.2024636453581404,0.0055,-0.039,7.0294539659787025,7.076133502864121,0.9915,0.0,0.0,0.0035,0.0175,36
BKN,18.0,28.279,0.019123809523809463,-0.03413318452380948,0.0,0.00075,10.232932738095238,10.043954166666666,0.0,0.21425,0.785,0.00075,0.0,36
CHA,25.0,39.02375,0.45659214736815484,0.5058598076292447,0.0955,0.05775,9.054362745112202,10.889041049724716,0.386,0.0,0.18125,0.5335,0.11725,36
CHI,16.0,26.78275,0.1935026616459821,-0.10551825741854448,0.00025,0.00025,14.790310354661159,12.36107583675287,0.00025,0.46,0.53975,0.00025,0.0,36
CLE,35.0,50.16675,0.0,0.0,0.0025,-0.00675,0.0,0.0,0.99825,0.0,0.0,0.0,0.00275,36
DET,27.0,43.6915,0.14418946130595242,0.35808566838672046,0.051,-0.128,7.532575429261605,8.029781522519556,0.90425,0.0,0.00625,0.0775,0.1275,36
IND,23.0,36.379,0.5448234214907739,0.25904214788620333,0.049,0.123,10.727591162582142,12.160794594288033,0.098,0.0005,0.626,0.32275,0.02675,36
MIA,33.0,50.3205,0.0,0.0009381055980599649,0.0,-0.00375,9.382940917107586,9.383556840289119,1.0,0.0,0.0,0.00025,0.0,36
MIL,15.0,22.4645,0.0,0.0,0.0,0.0,0.0,0.0,0.0,0.94775,0.05225,0.0,0.0,36
NYK,29.0,44.52025,0.0,0.0,0.03775,-0.11225,0.0,0.0,0.93625,0.0,0.003,0.0425,0.096,36
ORL,30.0,43.07525,0.18672284822648813,0.4243482647018707,0.07825,-0.12275,7.697375552603124,8.42520542281439,0.80325,0.0,0.00925,0.112,0.216,36
PHI,36.0,55.354,0.13318119488536168,0.13294369488536167,0.0,0.0,5.414462081128747,5.414462081128747,1.0,0.0,0.0,0.0,0.0,36
TOR,21.0,33.5265,0.42857643648660687,0.061429586519897994,0.01075,0.045,12.327612705644343,12.626898346747137,0.01725,0.00475,0.91475,0.075,0.003,36
WAS,29.0,41.17925,0.3138629060549108,0.46063417077142854,0.11425,-0.062,8.197381812124107,9.186400871155357,0.609,0.0,0.039,0.29625,0.2635,36
DAL,26.0,38.41175,0.20237924018526787,0.24862166701868627,0.06675,0.0945,0.6634392000598214,1.990529920016093,0.25025,0.0,0.19525,0.5705,0.1515,36
DEN,35.0,50.15375,0.0,0.0,0.01025,-0.058,0.0,0.0,0.9855,0.0,0.0,0.00025,0.038,36
GSW,25.0,37.9145,0.5134931187767858,0.3562771759098569,0.06275,0.117,9.69664970414271,11.374015613309096,0.257,0.0,0.24725,0.56575,0.11475,36
HOU,23.0,36.156,0.5760225728540179,0.2618533839772818,0.0475,0.13725,10.808358321214731,12.060210432792298,0.1235,0.0005,0.55225,0.38125,0.04575,36
LAC,23.0,32.71125,0.0,0.0,0.00825,0.046,5.156790123456789,5.156790123456789,0.009,0.006,0.9255,0.06425,0.00325,36
LAL,31.0,47.2755,0.0,0.0,0.02025,-0.12775,0.0,0.0,0.93225,0.0,0.0,0.0045,0.19375,36
MEM,20.0,27.555,0.22399775530535704,-0.0927184927970238,0.0,0.0005,14.598580543313837,12.497408472074715,0.0,0.2945,0.7055,0.0,0.0,36
MIN,33.0,48.94175,0.0,0.0,0.01175,-0.0955,0.0,0.0,0.97575,0.0,0.0,0.00075,0.07925,36
NOP,21.0,29.88,0.23927857142857148,-0.05161622023809524,0.0005,0.00775,19.27432440476191,15.339268303571428,0.00025,0.07175,0.92225,0.006,0.0,36
OKC,44.0,65.571,0.0,0.0,0.0,0.0,5.156790123456789,5.156790123456789,1.0,0.0,0.0,0.0,0.0,36
PHX,25.0,39.952,0.0,0.0,0.08,0.0455,0.0,0.0,0.495,0.0,0.07925,0.4065,0.2965,36
POR,35.0,49.70875,0.1936708660663966,0.2516524269724978,0.0105,-0.07175,6.565809024857596,6.68712910396087,0.98075,0.0,0.0,0.00025,0.05375,36
SAC,9.0,16.09925,0.008389225980357136,-0.00013104647936507385,0.0,0.0,15.853856297460709,11.917458985054163,0.0,1.0,0.0,0.0,0.0,36
SAS,37.0,57.502,0.0,0.0,0.0,0.0,0.0,0.0,1.0,0.0,0.0,0.0,0.0,36
UTA,38.0,51.37575,0.18408081814145177,0.20188521072255294,0.00825,-0.03825,6.263491972104085,6.287974303029234,0.99075,0.0,0.0,0.0,0.0235,36
ATL,37.0,54.4605,0.0,0.0,0.0,-0.00025,0.0,0.0,1.0,0.0,0.0,0.0,0.00025,37
BOS,36.0,51.8565,0.23044566185785942,0.23466014707601418,0.0005,-0.003,6.3182380670606815,6.322458806743718,0.9995,0.0,0.0,0.0,0.00175,37
BKN,9.0,17.466,0.0005052083333333326,-0.005478422619047618,0.0,0.0,7.56108949514991,7.880563155864197,0.0,0.9995,0.0005,0.0,0.0,37
CHA,28.0,42.35225,0.2747424842944941,0.5946461203306873,0.0995,-0.0375,8.214578586096726,9.840625826525313,0.57375,0.0,0.07375,0.33525,0.22025,37
CHI,21.0,30.40625,0.30936100118124965,-0.0115144430927154,0.00025,0.0005,13.20075267705982,12.936016689654195,0.0,0.01625,0.98325,0.0005,0.0,37
CLE,27.0,41.52825,0.0,0.0,0.1205,0.005,0.0,0.0,0.45425,0.0,0.11775,0.42125,0.19,37
DET,37.0,53.1465,0.21089396432699525,0.21353523362203491,0.0005,-0.00175,6.018179698212881,6.020378024804498,0.99975,0.0,0.0,0.00025,0.0005,37
IND,36.0,52.1555,0.22903229349225646,0.23279081916859576,0.00075,-0.00175,6.247138774973739,6.2491309971473985,0.99925,0.0,0.0,0.0,0.001,37
MIA,30.0,44.36725,-0.0065314628872849825,0.26446181847753897,0.0795,-0.126,9.290463120425692,10.05091796267245,0.793,0.0,0.0125,0.1335,0.1975,37
MIL,16.0,23.8,0.0,0.0,0.0,0.0,0.0,0.0,0.0,0.78325,0.21675,0.0,0.0,37
NYK,32.0,49.53525,0.0,0.0,0.00225,-0.0195,0.0,0.0,0.99475,0.0,0.0,0.00375,0.0085,37
ORL,25.0,37.68075,0.41604645371071436,0.2737729203743931,0.04575,0.12325,10.225918444011459,12.441275217354454,0.07575,0.0,0.7035,0.2425,0.03075,37
PHI,24.0,40.6465,0.3775355156508929,0.5871513779758586,0.105,0.05875,8.797184867252083,10.923153563671796,0.39625,0.0,0.21225,0.45975,0.132,37
TOR,28.0,42.956,0.22609048891883823,0.534639648433525,0.0885,-0.062,7.986951925158632,9.292325630945843,0.685,0.0,0.046,0.25425,0.20675,37
WAS,25.0,36.50425,0.37352203429970243,0.12054911127797621,0.0185,0.08525,10.804308096013543,11.796287156427974,0.02875,0.0,0.83475,0.149,0.01075,37
DAL,21.0,31.079,0.3008040469433036,0.07609928752135207,0.0045,0.0775,2.768591886526786,3.263039021197458,0.0095,0.00875,0.83875,0.15225,0.00025,37
DEN,35.0,50.606,0.0,0.0,0.0015,-0.013,0.0,0.0,0.997,0.0,0.0,0.0,0.0055,37
GSW,38.0,52.23325,0.22782269496792334,0.23157758298488765,0.001,-0.00425,6.229416258818342,6.234077067728164,1.0,0.0,0.0,0.0,0.00175,37
HOU,30.0,44.749,0.10724233996324406,0.2563101094006945,0.03275,-0.11975,7.574582738469257,8.203106055485229,0.86875,0.0,0.0,0.0485,0.238,37
LAC,18.0,27.76225,-0.0016851741622574965,-0.0021122574955908303,0.00075,0.01575,5.841608057760141,5.8420265101410935,0.0005,0.1415,0.84,0.0185,0.0,37
LAL,24.0,39.9905,0.0,0.0,0.05575,-0.0125,0.0,0.0,0.472,0.0,0.00675,0.67825,0.15225,37
MEM,18.0,26.28225,0.24601914773839278,-0.10526995975368031,0.0,0.0055,14.63619884707366,12.651221878428732,0.0,0.33325,0.662,0.00475,0.0,37
MIN,36.0,52.98325,0.0,0.0,0.00025,-0.00075,0.0,0.0,0.99925,0.0,0.0,0.0,0.001,37
NOP,21.0,29.413,0.2705504464285715,0.13094211309523815,0.002,0.03475,18.874384375,15.969215625,0.0025,0.04675,0.90325,0.04975,0.0,37
OKC,35.0,53.83425,0.2291065586419755,0.2291065586419755,0.0,-0.0005,5.841608057760141,5.842274556084844,1.0,0.0,0.0,0.0,0.00025,37
PHX,28.0,44.5395,0.0,0.0,0.0405,-0.13525,0.0,0.0,0.8875,0.0,0.0,0.05525,0.22425,37
POR,29.0,42.43575,0.22978356674523814,0.38131520673536706,0.06725,-0.07175,8.08164437596503,9.333603154116666,0.664,0.0,0.0005,0.221,0.37125,37
SAC,17.0,24.61825,0.17526158405446438,-0.12644175424996285,0.0,0.00025,15.07902411837857,12.359416213442689,0.0,0.67,0.3295,0.0005,0.0,37
SAS,36.0,56.16325,0.0,0.0,0.0,0.0,0.0,0.0,1.0,0.0,0.0,0.0,0.0,37
UTA,23.0,34.44875,0.35087006226875,0.06277911332678565,0.01725,0.08975,11.36915609548274,9.709782859860717,0.099,0.00075,0.21825,0.77125,0.0055,37
ATL,21.0,34.77075,0.0,0.0,0.022,0.125,0.0,0.0,0.0975,0.0,0.4815,0.516,0.001,38
BOS,31.0,47.35925,0.1481340221806548,0.2916592948089782,0.02325,-0.10075,7.149449105840476,7.378227148932092,0.966,0.0,0.0,0.017,0.07075,38
BKN,18.0,28.837,0.013372023809523804,0.00835252976190475,0.00125,0.01075,8.126619494047619,8.451224999999999,0.00075,0.1395,0.84475,0.01575,0.0,38
CHA,32.0,45.58225,0.12126457432678575,0.36238665901825395,0.04975,-0.14575,7.424500857259076,8.160589424485565,0.86425,0.0,0.0,0.07525,0.2085,38
CHI,21.0,30.822,0.41262375421636877,0.01855176831582342,0.00325,0.0305,13.308534407088839,12.852125093865197,0.0045,0.02625,0.93125,0.0425,0.0,38
CLE,31.0,48.853,0.0,0.0,0.00925,-0.05675,0.0,0.0,0.99025,0.0,0.0,0.0025,0.02825,38
DET,29.0,44.88725,0.11619495024360123,0.4123947039635913,0.0525,-0.1335,7.468873733786458,8.386594507819542,0.85525,0.0,0.0,0.1165,0.21525,38
IND,31.0,45.24525,0.12090883927723216,0.419536949221627,0.06025,-0.15525,7.467072820638987,8.29942199646756,0.848,0.0,0.0,0.0855,0.23525,38
MIA,32.0,47.3405,-0.029965215481646826,0.1003727864897384,0.02925,-0.108,9.337288593858728,9.550951317743998,0.955,0.0,0.0,0.0215,0.0825,38
MIL,13.0,21.09525,0.0,0.0,0.0,0.0,0.0,0.0,0.0,0.98425,0.01575,0.0,0.0,38
NYK,37.0,56.07425,0.0,0.0,0.0,-0.00025,0.0,0.0,1.0,0.0,0.0,0.0,0.0,38
ORL,29.0,41.33675,0.19621678541145843,0.3888349308831959,0.0745,-0.0375,8.270486492393452,10.783240661601976,0.3505,0.0,0.00675,0.67875,0.1575,38
PHI,36.0,54.1815,0.11044801587301595,0.1111029292176588,0.0,-0.00075,6.070723677248678,6.070723677248678,1.0,0.0,0.0,0.0,0.0,38
TOR,22.0,34.36575,0.5542833791020833,0.14857268412161126,0.023,0.12075,11.273445270244197,12.413484769427027,0.06775,0.0005,0.57375,0.4245,0.001,38
WAS,19.0,27.6205,0.26051483150803556,-0.06467962697380945,0.0,0.005,14.514298009062497,11.816105848977976,0.00025,0.25075,0.745,0.00425,0.0,38
DAL,24.0,35.843,0.3090216861267857,0.3289679005369898,0.087,0.13225,1.0742280291370534,2.516396750443729,0.2065,0.0,0.47875,0.3295,0.10425,38
DEN,35.0,52.368,0.0,0.0,0.0,-0.00025,0.0,0.0,1.0,0.0,0.0,0.0,0.0,38
GSW,29.0,41.892,0.1476117747842262,0.32307688110707056,0.051,-0.11175,7.642071530530208,8.027333152971117,0.88925,0.0,0.01075,0.0565,0.133,38
HOU,27.0,39.66025,0.30408617669747023,0.5233246425173228,0.08825,-0.05575,8.230468749866668,9.217700354540343,0.67675,0.0,0.05825,0.1975,0.2505,38
LAC,26.0,37.5785,0.0005162477954144627,0.0005162477954144627,0.10175,0.056,5.330765630511462,5.330765630511462,0.41575,0.0,0.20625,0.36325,0.20275,38
LAL,37.0,54.62025,0.0,0.0,0.0,0.0,0.0,0.0,1.0,0.0,0.0,0.0,0.0,38
MEM,18.0,25.8465,0.1714426055013393,-0.12181443847322539,0.0,0.00025,14.964410997119641,12.417371075319494,0.0,0.58,0.42,0.0,0.0,38
MIN,40.0,58.0295,0.0,0.0,0.0,0.0,0.0,0.0,1.0,0.0,0.0,0.0,0.0,38
NOP,22.0,30.44425,0.24947008928571437,0.009133333333333361,0.0005,0.0205,19.083023660714286,15.60939791666667,0.002,0.02875,0.95375,0.01675,0.00025,38
OKC,37.0,58.5075,0.10936498015873028,0.10936498015873028,0.0,0.0,5.330765630511462,5.330765630511462,1.0,0.0,0.0,0.0,0.0,38
PHX,24.0,36.86575,0.0,0.0,0.10125,0.1,0.0,0.0,0.3225,0.0,0.314,0.36475,0.15225,38
POR,23.0,35.1885,0.633413942040625,0.4028937396205936,0.0725,0.1375,10.703954786309675,12.083429514797778,0.1515,0.0,0.591,0.29625,0.0535,38
SAC,15.0,20.79175,0.07236632768883927,-0.011802957838443854,0.0,0.0,15.668454235791963,12.060108750195115,0.0,0.98975,0.01025,0.0,0.0,38
SAS,38.0,57.473,0.0,0.0,0.0,0.0,0.0,0.0,1.0,0.0,0.0,0.0,0.0,38
UTA,23.0,36.52,0.5866340010976191,0.27422913113511893,0.11025,0.1225,9.730741211051043,9.349996914092262,0.33575,0.00025,0.35825,0.3755,0.1035,38
ATL,23.0,35.54875,0.0,0.0,0.06725,0.11325,0.0,0.0,0.2355,0.0,0.3425,0.485,0.094,39
BOS,32.0,48.29025,0.19863856542155534,0.20625227497542437,0.00175,-0.01075,6.856608343142465,6.86487895934068,0.998,0.0,0.0,0.00025,0.00425,39
BKN,16.0,26.84375,-0.00039050374779541386,-0.002595563271604934,0.0,0.004,6.33924919532628,6.4002658619929464,0.00075,0.2775,0.718,0.0045,0.0,39
CHA,23.0,33.74875,0.5101163722419642,0.2505892178614399,0.0465,0.126,11.821000819333777,12.231240513544622,0.083,0.00025,0.64,0.303,0.03525,39
CHI,20.0,28.111,0.26435362284999986,-0.05382066724947845,0.0005,0.00625,14.142913360499552,12.689460062106587,0.0,0.1285,0.86575,0.00575,0.0,39
CLE,38.0,56.8465,0.0,0.0,0.0,0.0,0.0,0.0,1.0,0.0,0.0,0.0,0.0,39
DET,25.0,38.459,0.39363045790907747,0.4730401103518141,0.08025,0.0165,8.940523257204168,9.876240143816103,0.54175,0.0,0.0655,0.30175,0.33325,39
IND,26.0,40.32525,0.2415538747001488,0.33956202930961593,0.05975,-0.04125,8.075994119622916,8.843595651856795,0.767,0.0,0.0105,0.12675,0.33725,39
MIA,32.0,49.857,5.5089591159616095e-06,0.0009756369670811287,0.00025,-0.0025,9.382940917107586,9.383586086911166,1.0,0.0,0.0,0.0,0.0005,39
MIL,14.0,22.162,0.0,0.0,0.0,0.0,0.0,0.0,0.0,0.91675,0.08325,0.0,0.0,39
NYK,36.0,52.1455,0.0,0.0,0.00025,-0.00025,0.0,0.0,0.99975,0.0,0.0,0.0,0.00025,39
ORL,31.0,45.0985,0.08729224882841712,0.1289382165646274,0.009,-0.06225,7.338022655500627,7.418613919309406,0.9795,0.0,0.0,0.0025,0.04425,39
PHI,31.0,49.2795,0.22835006718081463,0.23023514485953483,0.0005,-0.0045,6.6261889109347445,6.626829557673137,1.0,0.0,0.0,0.0,0.00025,39
TOR,22.0,35.8545,0.5198541200379466,0.41022968785123304,0.07625,0.1045,10.3062755629128,11.312834327658598,0.31425,0.0,0.29475,0.47825,0.11725,39
WAS,23.0,33.74175,0.4887099175852678,0.19616918298095254,0.041,0.12375,11.823197158973215,11.460664644499408,0.0805,0.00025,0.6565,0.29225,0.0335,39
DAL,24.0,34.226,0.29288533754151785,0.021562228492925165,0.00175,0.019,1.9053198650249998,3.2333550800372963,0.002,0.00025,0.97975,0.019,0.00075,39
DEN,31.0,47.77575,0.0,0.0,0.04125,-0.12575,0.0,0.0,0.9295,0.0,0.0015,0.037,0.12225,39
GSW,30.0,42.4565,0.25525666075068354,0.4516193250754,0.08875,0.0075,8.45712780062887,10.698640510809634,0.3475,0.0,0.082,0.57975,0.1655,39
HOU,36.0,50.45525,0.2292099973321429,0.27886331234776796,0.0075,-0.04275,6.341264176934761,6.433055116341061,0.98025,0.0,0.0,0.00425,0.036,39
LAC,16.0,25.00225,0.0,0.0,0.0,0.0,5.156790123456789,5.156790123456789,0.0,0.59475,0.40525,0.0,0.0,39
LAL,26.0,41.84475,0.0,0.0,0.0785,0.04075,0.0,0.0,0.3525,0.0,0.12275,0.6155,0.1325,39
MEM,28.0,37.97125,0.3478643133212797,0.17472943105482566,0.02275,0.1015,10.019395812672174,12.481768848207158,0.03725,0.0,0.766,0.2175,0.00875,39
MIN,28.0,43.515,0.0,0.0,0.09125,-0.03075,0.0,0.0,0.553,0.0,0.04475,0.42525,0.23575,39
NOP,18.0,25.506,0.15586577380952382,-0.054558630952380935,0.0,0.0,20.337331696428574,15.086161904761907,0.0,0.495,0.505,0.0,0.0,39
OKC,43.0,63.44375,0.0,0.0,0.0,0.0,5.156790123456789,5.156790123456789,1.0,0.0,0.0,0.0,0.0,39
PHX,33.0,49.6765,0.0,0.0,0.01775,-0.0695,0.0,0.0,0.97525,0.0,0.0,0.008,0.045,39
POR,35.0,50.114,0.25066475913320113,0.324986664716336,0.01475,-0.05625,6.439224620051913,6.533099247538371,0.982,0.0,0.0,0.0055,0.0345,39
SAC,16.0,25.04025,0.2213238919825893,-0.12457992607626413,0.0,0.0,15.027246421966069,12.311121318998309,0.0,0.58675,0.41325,0.0,0.0,39
SAS,32.0,49.56975,0.0,0.0,0.0155,-0.07825,0.0,0.0,0.977,0.0,0.0,0.00925,0.0485,39
UTA,32.0,47.091,0.23411232518986444,0.330306788764418,0.06225,-0.1275,7.228336121749069,7.488806612516777,0.86375,0.0,0.003,0.079,0.1705,39
ATL,26.0,39.1705,0.0,0.0,0.10175,0.05325,0.0,0.0,0.34325,0.0,0.15075,0.4795,0.20225,40
BOS,35.0,53.02275,0.17839858906525588,0.17839858906525588,0.0,0.0,5.643417592592592,5.643417592592592,1.0,0.0,0.0,0.0,0.0,40
BKN,16.0,23.28475,-0.00028333333333333254,0.0005622023809523824,0.0,0.0,6.21851044973545,6.221456878306879,0.0,0.98925,0.01075,0.0,0.0,40
CHA,24.0,37.69925,0.5503823393337798,0.41554422767806537,0.07225,0.11975,9.704794686970834,11.51593267688599,0.246,0.0,0.33275,0.48075,0.0975,40
CHI,23.0,32.71775,0.5499708533403269,0.023553174052670045,0.00475,0.0385,13.140511477383479,12.737713668630315,0.0035,0.05675,0.8925,0.04875,0.0015,40
CLE,32.0,46.82975,0.0,0.0,0.01325,-0.05025,0.0,0.0,0.9785,0.0,0.0,0.00525,0.041,40
DET,26.0,42.5065,0.17304728009241074,0.4144848625601332,0.05375,-0.11375,7.702694042252082,8.564301369639688,0.815,0.0,0.01425,0.13025,0.22125,40
IND,25.0,40.247,0.3508315304574406,0.5701191353210842,0.099,0.003,8.334528459823215,10.024705083284127,0.57425,0.0,0.063,0.3755,0.2655,40
MIA,34.0,51.39375,-0.00027579230740189595,0.000989011504537037,0.00025,-0.00225,9.382940917107586,9.38360694122507,1.0,0.0,0.0,0.0,0.0005,40
MIL,19.0,28.63925,0.0,0.0,0.0,0.001,0.0,0.0,0.0,0.59125,0.40725,0.0015,0.0,40
NYK,28.0,44.4095,0.0,0.0,0.02775,-0.121,0.0,0.0,0.93575,0.0,0.00175,0.03475,0.11625,40
ORL,35.0,49.02875,0.20483263422373238,0.21849768992621255,0.002,-0.01075,6.4834525675251165,6.499833566076157,0.998,0.0,0.0,0.00025,0.00675,40
PHI,22.0,35.51775,0.6568641442117559,0.21354836890071416,0.0335,0.12225,11.23510486835253,12.372400557834037,0.06925,0.00825,0.6875,0.26225,0.02625,40
TOR,33.0,49.647,0.18917995705473986,0.19818754942423392,0.00175,-0.0155,6.359493068827227,6.372193496252227,0.99825,0.0,0.0,0.0005,0.00475,40
WAS,23.0,34.84525,0.6436827868906249,0.13980396187142863,0.025,0.10475,11.731712465366813,11.667202270184523,0.03825,0.0095,0.7845,0.18075,0.0165,40
DAL,28.0,39.64525,0.13556635888482146,0.2626546323055485,0.08225,0.008,0.34914578980803573,1.5072858886579297,0.463,0.0,0.04825,0.47625,0.25425,40
DEN,30.0,46.092,0.0,0.0,0.0115,-0.07525,0.0,0.0,0.98225,0.0,0.0,0.0095,0.04225,40
GSW,25.0,34.97425,0.6709904131607141,0.2346605662885472,0.03575,0.13275,11.511557141989437,12.251829066453585,0.084,0.0055,0.5695,0.39225,0.01875,40
HOU,34.0,50.35075,0.18839445895630516,0.19365634908472776,0.00075,-0.0045,6.218617299864914,6.22464941179051,0.9995,0.0,0.0,0.0,0.0025,40
LAC,21.0,30.743,0.0,0.0,0.00525,0.027,5.156790123456789,5.156790123456789,0.0025,0.196,0.77075,0.033,0.00025,40
LAL,31.0,47.33225,0.0,0.0,0.01,-0.045,0.0,0.0,0.99125,0.0,0.0,0.00325,0.02425,40
MEM,24.0,34.5945,0.7113177552977676,0.20156241708509623,0.04325,0.133,11.79826887492753,12.365561149704973,0.068,0.01325,0.63525,0.33125,0.011,40
MIN,32.0,48.32475,0.0,0.0,0.00375,-0.0245,0.0,0.0,0.9935,0.0,0.0,0.00125,0.0135,40
NOP,23.0,31.86425,0.619518005952381,0.10040267857142864,0.00575,0.048,18.615653720238097,15.729627976190477,0.0065,0.09725,0.837,0.06325,0.00175,40
OKC,48.0,70.41425,0.0,0.0,0.0,0.0,5.156790123456789,5.156790123456789,1.0,0.0,0.0,0.0,0.0,40
PHX,27.0,41.15475,0.0,0.0,0.07875,-0.04525,0.0,0.0,0.691,0.0,0.01375,0.25625,0.29425,40
POR,21.0,33.482,0.6286246328840771,0.12486546620083322,0.0265,0.10075,12.528344179953423,12.562105373392233,0.05325,0.033,0.7665,0.19275,0.00375,40
SAC,11.0,16.2565,0.004836055083035709,0.0001001662695436516,0.0,0.0,15.859099713560708,11.995825370689781,0.0,1.0,0.0,0.0,0.0,40
SAS,35.0,54.5995,0.0,0.0,0.0,-0.00025,0.0,0.0,1.0,0.0,0.0,0.0,0.0,40
UTA,29.0,41.2125,0.2654769640869048,0.22592832911309527,0.0855,-0.05075,8.028133728877677,8.40929203346131,0.66525,0.0,0.014,0.241,0.3335,40
ATL,32.0,46.26975,0.0,0.0,0.02525,-0.12225,0.0,0.0,0.899,0.0,0.0,0.01125,0.275,41
BOS,28.0,40.64825,0.20007458872633935,0.3413572044400297,0.05575,-0.00475,8.34094644014479,10.311711959928424,0.52275,0.0,0.00025,0.468,0.32875,41
BKN,19.0,27.8425,-0.004717658730158735,-0.004717658730158735,0.004,0.0645,5.443231261022928,5.443231261022928,0.003,0.193,0.70875,0.09825,0.0,41
CHA,15.0,24.32975,0.18802155004017862,-0.09528513843826508,0.00075,0.0065,15.098055576237499,12.323189187143177,0.00075,0.72475,0.268,0.00725,0.0,41
CHI,21.0,31.125,0.5038943250483628,0.1349284090624106,0.0135,0.119,12.171119049589882,12.318488681876051,0.04575,0.01375,0.454,0.53175,0.0005,41
CLE,33.0,50.91575,0.0,0.0,0.00175,-0.03775,0.0,0.0,0.997,0.0,0.0,0.00025,0.013,41
DET,31.0,48.9385,0.1504123949368717,0.2201695347007606,0.00775,-0.08625,7.085171750621075,7.232731275222663,0.982,0.0,0.0,0.00125,0.06025,41
IND,26.0,40.39275,0.20284969906086314,0.33005990170899796,0.05675,-0.005,8.369212510702829,10.41237317026617,0.52425,0.0,0.0,0.519,0.28325,41
MIA,34.0,51.032,-0.0024821307666170636,0.01726945345246032,0.00225,-0.0385,9.378528240189157,9.40432468189756,0.996,0.0,0.0,0.0,0.0155,41
MIL,10.0,15.25025,0.0,0.0,0.0,0.0,0.0,0.0,0.0,1.0,0.0,0.0,0.0,41
NYK,34.0,50.592,0.0,0.0,0.0045,-0.04175,0.0,0.0,0.994,0.0,0.0,0.0005,0.01825,41
ORL,39.0,55.25575,0.16703188932980612,0.16703188932980612,0.0,-0.00025,5.917156735008819,5.91782481396239,1.0,0.0,0.0,0.0,0.00025,41
PHI,36.0,52.507,0.16968935550303132,0.18371239695184086,0.0015,-0.01425,6.389696647789793,6.402817388174912,0.999,0.0,0.0,0.0,0.00525,41
TOR,15.0,27.01675,0.36412531474553556,-0.06337677775663811,0.005,0.03275,14.264826373187498,12.662087060709212,0.00725,0.28575,0.665,0.04925,0.0,41
WAS,21.0,30.03575,0.47881979715312467,0.09390517709583324,0.0095,0.115,12.797964372467858,11.683017356561908,0.02925,0.03575,0.651,0.31325,0.0,41
DAL,30.0,41.58175,0.05354555619598215,0.28521269883677725,0.10075,-0.053,0.17733202577410714,1.3036876979593366,0.523,0.0,0.00975,0.38775,0.29775,41
DEN,38.0,54.85575,0.0,0.0,0.0,0.0,0.0,0.0,1.0,0.0,0.0,0.0,0.0,41
GSW,20.0,31.93575,0.47372643827574396,0.04216841505978739,0.00975,0.03875,11.92436824836622,12.908740837269528,0.01075,0.00475,0.9445,0.0505,0.00025,41
HOU,41.0,57.731,0.14032117504409183,0.14032117504409183,0.0,0.0,5.443231261022928,5.443231261022928,1.0,0.0,0.0,0.0,0.0,41
LAC,17.0,25.9025,9.205246913580245e-05,9.205246913580245e-05,0.0,0.0,5.3613891644620795,5.3613891644620795,0.0,0.4685,0.5315,0.0,0.0,41
LAL,28.0,44.0925,0.0,0.0,0.055,-0.121,0.0,0.0,0.86475,0.0,0.002,0.10925,0.1665,41
MEM,22.0,32.22475,0.45271193557261885,0.048662528233630924,0.00575,0.04175,11.782509903095388,12.89381715459756,0.00875,0.0045,0.9335,0.06125,0.0005,41
MIN,24.0,36.3375,0.0,0.0,0.0485,0.12825,0.0,0.0,0.13875,0.0,0.40275,0.56375,0.02025,41
NOP,31.0,43.579,0.032518750000000006,0.21888258928571422,0.07225,-0.112,15.897962500000002,12.831684226190477,0.77725,0.0,0.00125,0.13625,0.2575,41
OKC,37.0,58.10925,0.1291004739858908,0.1291004739858908,0.0,0.0,5.3613891644620795,5.3613891644620795,1.0,0.0,0.0,0.0,0.0,41
PHX,32.0,49.39725,0.0,0.0,0.00325,-0.02175,0.0,0.0,0.9975,0.0,0.0,0.00075,0.00675,41
POR,28.0,41.60275,0.19832735017946437,0.47644343151362945,0.08025,-0.05825,8.11445732260774,9.80153076569546,0.60825,0.0,0.01325,0.3865,0.245,41
SAC,18.0,27.1075,0.36551151133392834,-0.09962174453033139,0.00025,0.00075,14.264528857919196,12.735700922694527,0.0,0.26925,0.7305,0.00025,0.0,41
SAS,38.0,58.579,0.0,0.0,0.0,0.0,0.0,0.0,1.0,0.0,0.0,0.0,0.0,41
UTA,22.0,34.812,0.38857064773839284,0.07767735158928563,0.02825,0.118,10.427768949419198,9.95181273554464,0.071,0.0,0.684,0.30375,0.0055,41
ATL,29.0,42.8515,0.0,0.0,0.12375,-0.02775,0.0,0.0,0.521,0.0,0.102,0.36,0.19175,42
BOS,40.0,59.47425,0.029942372134038834,0.029942372134038834,0.0,0.0,5.186732495590828,5.186732495590828,1.0,0.0,0.0,0.0,0.0,42
BKN,15.0,23.09225,-0.004727083333333333,-0.0053180059523809525,0.0,0.0,6.702039588844797,6.703393904320988,0.0,0.813,0.187,0.0,0.0,42
CHA,28.0,40.25325,0.3465131600395834,0.4426785860064059,0.079,0.10425,9.152370188342413,11.578008286850475,0.18725,0.0,0.418,0.4195,0.0795,42
CHI,21.0,29.336,0.30659765205937467,-0.02577173487610542,0.0,0.0,13.455690052953567,12.697303776971996,0.0,0.04275,0.95725,0.0,0.0,42
CLE,31.0,46.448,0.0,0.0,0.04675,-0.12525,0.0,0.0,0.91975,0.0,0.00375,0.05775,0.0855,42
DET,39.0,58.8005,0.042125000000000044,0.042125000000000044,0.0,0.0,5.208688117283949,5.208688117283949,1.0,0.0,0.0,0.0,0.0,42
IND,28.0,43.1775,0.2496522897779763,0.6269770619278697,0.1115,-0.06,7.980771036002827,9.605973974960467,0.6245,0.0,0.06875,0.33425,0.184,42
MIA,26.0,40.303,0.1661577287370867,0.330584096683171,0.087,0.1085,9.505360531455278,11.913784932938794,0.2175,0.0,0.4035,0.42025,0.07925,42
MIL,19.0,29.14725,0.0,0.0,0.0,0.0,0.0,0.0,0.0,0.05075,0.94925,0.0,0.0,42
NYK,34.0,50.9705,0.0,0.0,0.0035,-0.01075,0.0,0.0,0.99825,0.0,0.0,0.0005,0.004,42
ORL,31.0,45.34025,0.17406227951145836,0.49226883105357844,0.069,-0.13525,7.5101359538166665,8.21833886297157,0.8465,0.0,0.0125,0.11675,0.144,42
PHI,33.0,48.4575,0.18696234809633486,0.27469264577832886,0.01375,-0.05375,6.939374306882413,7.056338927255428,0.9785,0.0,0.00025,0.014,0.0325,42
TOR,22.0,35.41925,0.35766627970922626,0.040441385732405064,0.00675,0.03025,11.214590145615624,12.675219423771606,0.00825,0.0,0.95675,0.0405,0.00175,42
WAS,31.0,44.0705,0.2120454696318453,0.517438986647619,0.1015,-0.10125,7.7827160737125,8.779478960328571,0.6985,0.0,0.0345,0.2365,0.19775,42
DAL,14.0,25.75375,0.26115785788749996,-0.13039378033278062,0.0,0.0025,4.538111082313393,2.7373619210007227,0.0,0.38975,0.60975,0.0005,0.0,42
DEN,34.0,50.661,0.0,0.0,0.0,-0.003,0.0,0.0,1.0,0.0,0.0,0.0,0.00025,42
GSW,24.0,37.14725,0.39543907337901796,0.41434217165870885,0.0765,0.02775,9.373320881732294,10.551363546475383,0.484,0.0,0.03625,0.602,0.1775,42
HOU,32.0,49.45675,0.19022155601915783,0.19574503347005065,0.00125,-0.009,6.702270502286316,6.708360252747179,0.99925,0.0,0.0,0.0,0.003,42
LAC,27.0,35.41325,-0.0005162477954144627,-0.0005162477954144627,0.04875,0.0555,5.1583388668430326,5.1583388668430326,0.1595,0.0,0.09075,0.77025,0.094,42
LAL,27.0,40.7655,0.0,0.0,0.04325,-0.0145,0.0,0.0,0.77075,0.0,0.0005,0.117,0.38925,42
MEM,18.0,26.3975,0.27122508487321406,-0.09316521261870031,0.0,0.00275,14.476238742445087,12.505798978633957,0.00025,0.271,0.72525,0.00375,0.0,42
MIN,35.0,52.272,0.0,0.0,0.0,0.0,0.0,0.0,1.0,0.0,0.0,0.0,0.0,42
NOP,17.0,25.56925,0.195703125,-0.08553958333333334,0.0,0.00075,18.13969255952381,15.971665476190477,0.0,0.42825,0.57025,0.0015,0.0,42
OKC,40.0,62.0495,0.0033556106701940073,0.0033556106701940073,0.0,0.0,5.1583388668430326,5.1583388668430326,1.0,0.0,0.0,0.0,0.0,42
PHX,20.0,31.14475,0.0,0.0,0.01225,0.079,0.0,0.0,0.0245,0.007,0.858,0.13,0.003,42
POR,26.0,38.461,0.3500704288102679,0.3930203660112315,0.06975,0.00875,8.90021249138363,9.860604754398697,0.5635,0.0,0.01325,0.375,0.32875,42
SAC,11.0,17.16,0.016945794837053562,-0.0021193409581632596,0.0,0.0,15.843401492299549,11.914492574978794,0.0,0.9975,0.0025,0.0,0.0,42
SAS,33.0,49.6485,0.0,0.0,0.00075,-0.0095,0.0,0.0,0.9985,0.0,0.0,0.0,0.0035,42
UTA,35.0,50.9585,0.14310586034941025,0.14352510520074951,0.0,-0.001,6.438063325317142,6.438606977824582,0.99975,0.0,0.0,0.0,0.00075,42
ATL,22.0,36.572,0.0,0.0,0.027,0.131,0.0,0.0,0.1075,0.0,0.48075,0.51275,0.00425,43
BOS,37.0,52.7575,0.14929881786941696,0.16367977361996258,0.0035,-0.011,6.067022120535495,6.078601248816149,0.998,0.0,0.0,0.0,0.005,43
BKN,11.0,17.46325,-0.0009239528218694884,-0.0009239528218694884,0.0,0.0,6.0698417328042344,6.0698417328042344,0.0,0.99175,0.00825,0.0,0.0,43
CHA,30.0,46.63675,0.16867090164448853,0.39873724252772264,0.04525,-0.14975,7.276047897072028,7.926840758244301,0.905,0.0,0.0,0.06575,0.1735,43
CHI,21.0,30.07975,0.25637516268437477,0.005484912138049888,0.00025,0.00625,13.687980567691516,12.984530404472316,0.00025,0.003,0.99225,0.00475,0.0,43
CLE,22.0,34.4605,0.0,0.0,0.0135,0.088,0.0,0.0,0.027,0.0,0.8115,0.1875,0.0005,43
DET,32.0,48.41175,0.20203000555827821,0.3341018414629409,0.0285,-0.11075,6.940700625969698,7.2210672062776835,0.95325,0.0,0.0,0.01575,0.09625,43
IND,34.0,50.32425,0.19323022300201717,0.25160064589095565,0.00775,-0.044,6.500078956570828,6.57403626213308,0.991,0.0,0.0,0.00425,0.024,43
MIA,34.0,50.697,-0.007722184607253087,0.027000925292419896,0.007,-0.03575,9.374953958111162,9.413501537276428,0.99225,0.0,0.0,0.00275,0.01675,43
MIL,13.0,21.11325,0.0,0.0,0.0,0.0,0.0,0.0,0.0,0.89075,0.10925,0.0,0.0,43
NYK,38.0,54.45825,0.0,0.0,0.0005,-0.00125,0.0,0.0,0.99975,0.0,0.0,0.0,0.00075,43
ORL,29.0,42.09525,0.21754562415833345,0.4194641363195875,0.073,-0.02125,8.305815153039731,10.844911535081884,0.37375,0.0,0.01825,0.6695,0.15775,43
PHI,31.0,46.25625,0.1657437367715719,0.42317531717271273,0.053,-0.148,7.382257066231938,8.228882080995481,0.83775,0.0,0.0005,0.08,0.2485,43
TOR,30.0,45.24225,0.16201119960109678,0.47941652812015423,0.064,-0.121,7.542363911519764,8.691974978558454,0.7755,0.0,0.001,0.15225,0.2715,43
WAS,24.0,35.49575,0.5192098538732142,0.11704292309761881,0.01675,0.1165,11.165643576637056,11.712356621949406,0.039,0.0,0.69275,0.30475,0.00125,43
DAL,25.0,38.75925,0.19118706666651786,0.34786607799362673,0.1105,0.047,0.50114421288125,1.7236408992570962,0.452,0.0,0.1345,0.42525,0.19925,43
DEN,26.0,40.172,0.0,0.0,0.08175,-0.016,0.0,0.0,0.666,0.0,0.03925,0.27975,0.26525,43
GSW,33.0,48.445,0.16672855417580465,0.17601594739792767,0.0015,-0.01225,6.8860272132460425,6.899028363866181,0.99775,0.0,0.0,0.0005,0.0055,43
HOU,36.0,52.74125,0.1612089947089948,0.1612089947089948,0.0,-0.00075,6.0698417328042344,6.0698417328042344,1.0,0.0,0.0,0.0,0.0,43
LAC,25.0,35.627,0.0,0.0,0.05575,0.1345,5.1570482473544965,5.1570482473544965,0.10525,0.0,0.59225,0.327,0.04825,43
LAL,30.0,45.244,0.0,0.0,0.015,-0.07475,0.0,0.0,0.973,0.0,0.00125,0.01325,0.055,43
MEM,15.0,24.922,0.10662839409866073,-0.08492021375640282,0.0,0.0,14.845298365084822,12.803177732292767,0.0,0.213,0.787,0.0,0.0,43
MIN,33.0,48.27075,0.0,0.0,0.00225,-0.012,0.0,0.0,0.9985,0.0,0.0,0.0,0.004,43
NOP,20.0,30.306,0.34154241071428576,0.01007485119047619,0.00225,0.0125,19.057861607142854,15.734778869047618,0.00125,0.00475,0.98375,0.011,0.00025,43
OKC,43.0,63.77975,0.0002581238977072313,0.0002581238977072313,0.0,0.0,5.1570482473544965,5.1570482473544965,1.0,0.0,0.0,0.0,0.0,43
PHX,27.0,39.37325,0.0,0.0,0.0965,0.0185,0.0,0.0,0.461,0.0,0.07825,0.38125,0.291,43
POR,25.0,37.7465,0.49728780619404767,0.48299994949599045,0.0915,0.08975,9.554136756683484,11.204714825152072,0.33525,0.0,0.215,0.516,0.13025,43
SAC,15.0,21.068,0.08816822579776802,-0.061309471659605846,0.0,0.0,15.357417428897763,12.193996345238311,0.0,0.8965,0.1035,0.0,0.0,43
SAS,39.0,59.67175,0.0,0.0,0.0,0.0,0.0,0.0,1.0,0.0,0.0,0.0,0.0,43
UTA,20.0,31.80975,0.3667502218139878,0.025389109293452363,0.0105,0.035,13.02597551038958,10.108326329289284,0.01,0.00025,0.95075,0.046,0.00125,43
ATL,29.0,42.566,0.0,0.0,0.08325,-0.10575,0.0,0.0,0.69,0.0,0.0125,0.20975,0.282,44
BOS,39.0,55.60375,0.15313476631393313,0.15313476631393313,0.0,0.0,5.7952938932980596,5.7952938932980596,1.0,0.0,0.0,0.0,0.0,44
BKN,15.0,24.85775,0.0,0.0,0.0,0.0,5.170986937830687,5.170986937830687,0.0,0.677,0.323,0.0,0.0,44
CHA,19.0,29.96425,0.45529897017083293,-0.02639569852596653,-0.00025,0.00475,13.084400964203123,12.844302822640664,0.00125,0.05725,0.9345,0.00825,0.0,44
CHI,15.0,26.07325,0.29226920556874997,-0.1237615626694727,0.00025,0.0005,14.738562123288837,12.483169146676715,0.0,0.489,0.511,0.0,0.0,44
CLE,31.0,45.03725,0.0,0.0,0.04825,-0.11825,0.0,0.0,0.90025,0.0,0.0015,0.039,0.158,44
DET,37.0,55.86775,0.15055699955908303,0.15055699955908303,0.0,-0.00025,5.753553317901234,5.753553317901234,1.0,0.0,0.0,0.0,0.0,44
IND,22.0,36.24225,0.38296964722142857,0.22394179621298904,0.04175,0.12825,9.745519261596876,12.350583513560743,0.10375,0.0,0.61125,0.35825,0.0155,44
MIA,24.0,38.0455,0.16682134540697208,0.2582347201780806,0.0635,0.09475,9.458468994674313,12.011979042000085,0.2195,0.0,0.2645,0.61175,0.05975,44
MIL,21.0,28.43425,0.0,0.0,0.00025,0.002,0.0,0.0,0.0,0.1345,0.8645,0.001,0.0,44
NYK,34.0,51.872,0.0,0.0,0.00025,-0.0025,0.0,0.0,1.0,0.0,0.0,0.00025,0.001,44
ORL,26.0,39.772,0.2788075221566966,0.507451940859963,0.09425,0.037,8.459942595164138,10.865378885303159,0.378,0.0,0.10925,0.58025,0.13925,44
PHI,32.0,49.712,0.1700343258839451,0.19074361269584983,0.00275,-0.0135,6.835075251927959,6.850220589072157,0.99825,0.0,0.0,0.00125,0.0045,44
TOR,29.0,42.94075,0.13588495741339293,0.4793445121737102,0.0795,-0.10225,7.671945326223511,8.778572811432452,0.77075,0.0,0.00975,0.16375,0.24375,44
WAS,32.0,45.855,0.08285355187857144,0.2195366971386905,0.02975,-0.10575,7.387120561533035,7.635906672375594,0.93825,0.0,0.0005,0.0265,0.09625,44
DAL,23.0,34.98325,0.25437470427053577,0.29343732317170496,0.091,0.09175,0.7846102648491072,1.8817642408220876,0.377,0.00025,0.181,0.4425,0.2395,44
DEN,34.0,50.311,0.0,0.0,0.0005,-0.009,0.0,0.0,0.9985,0.0,0.0,0.0,0.00525,44
GSW,22.0,34.42675,0.531176671055506,0.4321033967464498,0.08075,0.111,10.016123876809226,11.273211499971271,0.34475,0.0005,0.2445,0.48275,0.16975,44
HOU,43.0,61.56325,0.01522930996472665,0.01522930996472665,0.0,0.0,5.170986937830687,5.170986937830687,1.0,0.0,0.0,0.0,0.0,44
LAC,25.0,34.04075,0.0,0.0,0.0695,0.12175,5.1570482473544965,5.1570482473544965,0.199,0.00075,0.30025,0.48175,0.1595,44
LAL,27.0,43.04475,0.0,0.0,0.00475,-0.032,0.0,0.0,0.884,0.0,0.0,0.0035,0.32075,44
MEM,24.0,31.182,0.5369809210977676,0.18472766579167665,0.02125,0.11975,12.37366512298378,12.578912514771135,0.02625,0.0095,0.77175,0.194,0.01925,44
MIN,34.0,51.27725,0.0,0.0,0.0005,-0.00775,0.0,0.0,0.99925,0.0,0.0,0.0,0.00325,44
NOP,13.0,20.64225,-0.014111160714285692,-0.0001784226190476126,0.0,0.00025,19.34306830357143,15.586577827380951,0.0,0.984,0.01575,0.00025,0.0,44
OKC,45.0,65.527,0.0002581238977072313,0.0002581238977072313,0.0,0.0,5.1570482473544965,5.1570482473544965,1.0,0.0,0.0,0.0,0.0,44
PHX,33.0,49.837,0.0,0.0,0.002,-0.01725,0.0,0.0,0.998,0.0,0.0,0.0,0.00575,44
POR,21.0,32.82475,0.5790452044345238,0.3331554794189981,0.0595,0.132,11.145567907749705,12.037365044140326,0.169,0.0045,0.5105,0.37325,0.07525,44
SAC,18.0,26.63825,0.3329370729937499,-0.10300016597616207,0.00125,0.00725,14.559668205812052,12.57366572280581,0.0005,0.375,0.61925,0.0055,0.00025,44
SAS,35.0,53.4315,0.0,0.0,0.0,-0.0015,0.0,0.0,1.0,0.0,0.0,0.0,0.0005,44
UTA,18.0,27.4265,0.3642588448660712,0.0012975498970236644,0.001,0.0145,14.233121709490177,10.116280660910713,0.00375,0.26775,0.71475,0.0165,0.001,44
ATL,38.0,53.8425,0.0,0.0,0.0005,-0.00225,0.0,0.0,1.0,0.0,0.0,0.0,0.00075,45
BOS,32.0,49.232,0.21404259055379188,0.31492893003087524,0.0195,-0.07625,6.673895021532121,6.816163124125921,0.98,0.0,0.0,0.01375,0.03825,45
BKN,16.0,26.12975,0.0006302083333333337,0.0022876488095238097,0.0,0.0,7.311530208333331,7.332566517857142,0.0,0.7205,0.2795,0.0,0.0,45
CHA,26.0,36.1065,0.4244133022840773,0.146604758130228,0.01475,0.1165,10.370754920439733,12.572384177213424,0.02725,0.00025,0.71475,0.28175,0.002,45
CHI,24.0,34.62925,0.5210031745499998,0.07621819002199536,0.0055,0.065,11.206792955247321,12.76887338849606,0.009,0.0015,0.8715,0.12675,0.00025,45
CLE,22.0,36.354,0.0,0.0,0.0235,0.11925,0.0,0.0,0.06625,0.001,0.67025,0.3265,0.00125,45
DET,30.0,47.417,0.19608859940564372,0.43440783016065365,0.04375,-0.12725,7.086950610418374,7.516989447767779,0.934,0.0,0.0005,0.052,0.10225,45
IND,31.0,45.686,0.16239842605666338,0.5108385132393235,0.06875,-0.14175,7.457743064792856,8.535699727558502,0.788,0.0,0.001,0.154,0.236,45
MIA,32.0,47.4735,-0.041771688828957224,0.1614956552491942,0.04475,-0.13275,9.311345096365411,9.659004863322776,0.93,0.0,0.0,0.043,0.121,45
MIL,18.0,26.78625,0.0,0.0,0.0,0.0,0.0,0.0,0.0,0.64175,0.35825,0.0,0.0,45
NYK,36.0,53.5105,0.0,0.0,0.0005,-0.005,0.0,0.0,0.99975,0.0,0.0,0.0,0.001,45
ORL,31.0,44.15725,0.16435343175931438,0.5758641002252611,0.091,-0.08825,7.788670520156102,9.582486694097083,0.58975,0.0,0.00475,0.35175,0.2635,45
PHI,41.0,60.71025,0.0051624779541446265,0.0051624779541446265,0.0,0.0,5.164275716490298,5.164275716490298,1.0,0.0,0.0,0.0,0.0,45
TOR,29.0,43.91825,0.15767899109532635,0.6006237512821303,0.08525,-0.084,7.755477027825,9.652269403390116,0.6415,0.0,0.00875,0.381,0.2305,45
WAS,25.0,36.20675,0.4450836070513392,0.11484052784821429,0.0155,0.11275,10.30701907104881,11.699742329248215,0.0345,0.0005,0.72525,0.2695,0.00325,45
DAL,24.0,34.9355,0.35116686751919646,0.3048315090226191,0.0875,0.08125,1.0780641458316966,1.7526983028370322,0.3895,0.0025,0.15225,0.3955,0.27675,45
DEN,32.0,47.7615,0.0,0.0,0.0005,-0.00525,0.0,0.0,0.99925,0.0,0.0,0.0,0.00175,45
GSW,21.0,32.4975,0.7009884888281248,0.37109432087690314,0.07325,0.147,11.893349236799107,11.95259472361006,0.182,0.02475,0.47525,0.379,0.06775,45
HOU,29.0,44.80775,0.05742494336636905,0.07620431189032738,0.00125,-0.034,7.311337680056993,7.3470819503541644,0.9965,0.0,0.0,0.0,0.01625,45
LAC,24.0,33.31,0.0023009810405643745,0.0023009810405643745,0.06725,0.138,6.268006227954145,6.267935692239861,0.20875,0.007,0.35125,0.4485,0.1255,45
LAL,32.0,48.489,0.0,0.0,0.00025,-0.00375,0.0,0.0,1.0,0.0,0.0,0.0,0.00075,45
MEM,18.0,26.434,0.25398090787142863,-0.09994943851589266,0.0025,0.01075,15.172540976498658,12.307429107315919,0.00125,0.692,0.29975,0.008,0.00025,45
MIN,34.0,51.634,0.0,0.0,0.0,-0.00025,0.0,0.0,1.0,0.0,0.0,0.0,0.0,45
NOP,20.0,29.945,0.41462068452380957,0.06480699404761903,0.022,0.0915,18.961212053571426,15.839210714285715,0.03525,0.14825,0.705,0.12925,0.01125,45
OKC,33.0,51.23625,0.17088947310405647,0.17086596119929456,0.0,0.0,6.268006227954145,6.267935692239861,1.0,0.0,0.0,0.0,0.0,45
PHX,18.0,29.57,0.0,0.0,0.017,0.07575,0.0,0.0,0.027,0.19725,0.67925,0.10825,0.01025,45
POR,26.0,38.9585,0.18130125694226187,0.21166126545083047,0.03325,-0.032,7.94244644728988,8.624282855500354,0.81025,0.0,0.007,0.067,0.349,45
SAC,20.0,27.2835,0.3142843109184524,-0.11342145555743599,0.00175,0.019,14.925247673607439,12.410358248143352,0.00225,0.55475,0.4265,0.01725,0.00075,45
SAS,37.0,57.101,0.0,0.0,0.0,0.0,0.0,0.0,1.0,0.0,0.0,0.0,0.0,45
UTA,21.0,33.87675,0.6467167348860118,0.2226779459946428,0.0815,0.1125,10.67769261209881,9.335034005454764,0.348,0.008,0.26925,0.44725,0.13975,45
ATL,31.0,44.95625,0.0,0.0,0.0635,-0.12625,0.0,0.0,0.8175,0.0,0.007,0.10075,0.23275,46
BOS,30.0,45.63275,0.18850063723348218,0.4313816910316425,0.05,-0.137,7.231496718185416,7.822244771179573,0.893,0.0,0.002,0.0665,0.15325,46
BKN,14.0,22.3895,-0.00032261904761903714,-0.020973511904761905,0.0,0.0,8.54596443452381,8.595018005952381,0.0,0.97025,0.02975,0.0,0.0,46
CHA,22.0,33.07825,0.4632403840122021,0.015850886343948413,0.00225,0.017,12.6559042036561,12.943871153717835,0.00375,0.0065,0.96775,0.0255,0.00025,46
CHI,22.0,33.27375,0.4934523169041664,0.02006165869804279,0.00225,0.0205,12.573124234151933,12.942452362185914,0.00275,0.007,0.96675,0.02575,0.0005,46
CLE,40.0,57.99175,0.0,0.0,0.0,0.0,0.0,0.0,1.0,0.0,0.0,0.0,0.0,46
DET,31.0,48.55875,0.15718823793990847,0.2310269610075672,0.01075,-0.072,6.560850200227442,6.651976369562859,0.98675,0.0,0.0,0.007,0.02775,46
IND,30.0,43.24125,0.2208215009419644,0.5581008713203826,0.09575,-0.07675,7.85516388987872,9.488377639842707,0.58975,0.0,0.02175,0.2685,0.325,46
MIA,35.0,51.179,-0.003028206422304894,0.0092253298931092,0.003,-0.0135,9.37963691837788,9.394617435223793,0.99675,0.0,0.0,0.00075,0.007,46
MIL,19.0,27.598,0.0,0.0,0.0,0.0,0.0,0.0,0.0,0.35525,0.64475,0.0,0.0,46
NYK,26.0,41.3075,0.0,0.0,0.0845,0.0205,0.0,0.0,0.45275,0.0,0.0855,0.56975,0.15125,46
ORL,25.0,38.8265,0.4060697751659227,0.306444111293696,0.06075,0.121,9.360281743741815,11.931675948984848,0.177,0.0,0.3605,0.54975,0.04525,46
PHI,33.0,48.99725,0.13674786333749994,0.20385743424851185,0.00925,-0.058,6.5025445864441975,6.596754127311111,0.98525,0.0,0.00025,0.00425,0.033,46
TOR,36.0,54.025,0.05733991402116406,0.057338367417592635,0.0,-0.00125,6.126185132516232,6.126628862770548,0.99975,0.0,0.0,0.0,0.00025,46
WAS,25.0,37.7255,0.4737520158816964,0.1898476598124998,0.04125,0.127,9.93161103656027,11.495934669138693,0.095,0.0,0.575,0.3815,0.02375,46
DAL,22.0,33.9215,0.4227982453325893,0.23272764006948557,0.05625,0.1215,2.13018919630625,2.9921889410302644,0.10325,0.00325,0.65625,0.2735,0.03675,46
DEN,23.0,36.214,0.0,0.0,0.0965,0.0905,0.0,0.0,0.335,0.00025,0.2615,0.4575,0.1205,46
GSW,27.0,40.8645,0.2015544477200893,0.3571901070978174,0.052,-0.11375,7.725590021111309,8.092287097672234,0.889,0.0,0.0085,0.0865,0.11,46
HOU,25.0,38.344,0.46919483312648813,0.6175400846799105,0.09925,-0.0455,8.700032392754464,9.616143447130344,0.6355,0.0,0.07425,0.302,0.186,46
LAC,27.0,37.597,0.0,0.0,0.11775,0.001,5.1570482473544965,5.1570482473544965,0.47,0.00025,0.11675,0.38475,0.214,46
LAL,39.0,57.08625,0.0,0.0,0.0,0.0,0.0,0.0,1.0,0.0,0.0,0.0,0.0,46
MEM,27.0,38.39175,0.5071632279592263,0.6054045266133685,0.10925,-0.046,8.844314760372916,9.769921331587655,0.56275,0.00025,0.07625,0.29875,0.2445,46
MIN,27.0,42.6575,0.0,0.0,0.015,-0.0785,0.0,0.0,0.97375,0.0,0.00075,0.021,0.05125,46
NOP,19.0,26.4205,0.14044389880952385,-0.0514623511904762,0.00025,0.00175,19.861112797619047,15.91664568452381,0.0,0.61975,0.38,0.00025,0.0,46
OKC,44.0,65.73575,0.000774371693121694,0.000774371693121694,0.0,0.0,5.1570482473544965,5.1570482473544965,1.0,0.0,0.0,0.0,0.0,46
PHX,30.0,44.46875,0.0,0.0,0.00975,-0.0385,0.0,0.0,0.985,0.0,0.0,0.003,0.023,46
POR,23.0,31.62525,0.4358614330860115,0.08694620087640446,0.0145,0.058,13.375883482526934,12.845155425093564,0.013,0.01675,0.901,0.0735,0.00625,46
SAC,9.0,15.75325,0.00792592528482142,-9.685678571442757e-07,0.0,0.0,15.855106350350887,12.094231753770437,0.0,1.0,0.0,0.0,0.0,46
SAS,39.0,60.2,0.0,0.0,0.0,0.0,0.0,0.0,1.0,0.0,0.0,0.0,0.0,46
UTA,20.0,31.939,0.4788825160869045,0.06093557096488093,0.0245,0.0695,13.141649505594344,10.050374515188691,0.03275,0.0205,0.86375,0.09925,0.00775,46
ATL,27.0,41.3685,0.0,0.0,0.0715,-0.019,0.0,0.0,0.45925,0.0,0.0,0.5785,0.22225,47
BOS,35.0,52.66225,0.08880199880109127,0.09880253680555556,0.0015,-0.00625,6.2083530582423405,6.21390677830365,0.9995,0.0,0.0,0.0,0.00225,47
BKN,18.0,27.27575,0.0004947916666666656,0.003508630952380956,0.0,0.00075,7.392623958333332,7.461871130952379,0.0,0.289,0.7105,0.0005,0.0,47
CHA,17.0,27.47375,0.39902853315505926,-0.10257702873176845,0.00025,0.002,14.146822309788687,12.750328132199053,0.00025,0.26575,0.73325,0.001,0.0,47
CHI,16.0,27.38325,0.39663110000178553,-0.10571750298089541,0.00025,0.00075,14.188378531786158,12.741054179714773,0.00025,0.2765,0.72275,0.00075,0.0,47
CLE,32.0,49.37325,0.0,0.0,0.0065,-0.05025,0.0,0.0,0.99,0.0,0.0,0.0025,0.029,47
DET,36.0,54.52075,0.10955025597302147,0.1099940853112655,0.00025,-0.00075,6.021102491181659,6.021102491181659,1.0,0.0,0.0,0.0,0.0,47
IND,40.0,57.284,0.1375733465608467,0.1375733465608467,0.0,0.0,5.502046064814815,5.502046064814815,1.0,0.0,0.0,0.0,0.0,47
MIA,33.0,48.6765,-0.0170195039111056,0.05136392301647926,0.01675,-0.07375,9.35489522985952,9.473662471536427,0.973,0.0,0.0,0.00475,0.05625,47
MIL,17.0,25.468,0.0,0.0,0.0,0.0005,0.0,0.0,0.0,0.589,0.4105,0.0005,0.0,47
NYK,35.0,51.41775,0.0,0.0,0.00275,-0.0175,0.0,0.0,0.997,0.0,0.0,0.0,0.00875,47
ORL,25.0,38.5885,0.23733149613244053,0.1699310680688024,0.03175,0.00325,9.007511387958482,11.516307685443019,0.23975,0.0,0.00375,0.89975,0.05975,47
PHI,28.0,44.3675,0.12011277432008934,0.3998526276871031,0.0515,-0.0815,7.573002934934375,8.692624932123312,0.7925,0.0,0.0,0.12825,0.2995,47
TOR,29.0,42.47725,0.176528486483631,0.425216468480109,0.0845,-0.03225,7.967150323504463,9.908018264735961,0.5485,0.0,0.0,0.3825,0.32225,47
WAS,17.0,27.34825,0.4019269165589283,-0.07600736862619026,0.00025,0.00225,14.207883767431246,11.844787270802975,0.0,0.273,0.726,0.001,0.0,47
DAL,25.0,36.93275,0.15821102252589286,0.3266792614827041,0.08475,0.0535,0.5750894306464287,2.0209904691947833,0.33425,0.0,0.18525,0.49875,0.155,47
DEN,27.0,42.49875,0.0,0.0,0.03375,-0.119,0.0,0.0,0.945,0.0,0.0015,0.03025,0.094,47
GSW,22.0,33.75825,0.486369887505506,0.24411839186569576,0.04575,0.12425,11.065421699320538,12.486801542223484,0.085,0.0005,0.68975,0.27,0.0185,47
HOU,29.0,43.78725,0.06850325354970241,0.12787270036164963,0.01425,-0.074,7.400722127948213,7.533363831601338,0.9765,0.0,0.00025,0.01275,0.04975,47
LAC,17.0,24.37125,0.0,0.0,0.0,0.0,5.156790123456789,5.156790123456789,0.0,0.76675,0.23325,0.0,0.0,47
LAL,25.0,39.85525,0.0,0.0,0.08375,-0.09225,0.0,0.0,0.76125,0.0,0.0305,0.197,0.2325,47
MEM,27.0,35.89425,0.4237091133989584,0.41920792262766987,0.068,0.099,9.917887236238098,11.6552966622158,0.178,0.0,0.30975,0.50875,0.11325,47
MIN,38.0,54.814,0.0,0.0,0.0,0.0,0.0,0.0,1.0,0.0,0.0,0.0,0.0,47
NOP,22.0,32.46875,0.4824715773809524,0.0738453869047619,0.01825,0.08425,16.97129732142857,16.08631116071429,0.0325,0.00475,0.84225,0.138,0.01,47
OKC,48.0,70.2085,0.0,0.0,0.0,0.0,5.156790123456789,5.156790123456789,1.0,0.0,0.0,0.0,0.0,47
PHX,30.0,43.9805,0.0,0.0,0.01475,-0.061,0.0,0.0,0.97375,0.0,0.00025,0.00925,0.05525,47
POR,26.0,39.29125,0.31519998910625,0.58915152782266,0.09525,-0.0645,8.246510850615774,9.372898597502713,0.69225,0.0,0.04075,0.24125,0.26425,47
SAC,19.0,25.92575,0.34500589321473213,-0.14400710559520655,0.0,0.001,14.816549482578568,12.51921477070206,0.0,0.52525,0.474,0.00075,0.0,47
SAS,39.0,58.792,0.0,0.0,0.0,0.0,0.0,0.0,1.0,0.0,0.0,0.0,0.0,47
UTA,21.0,31.73625,0.4534690919025296,0.05293537364166664,0.0195,0.06375,12.120968706891668,10.069173519902378,0.0215,0.0095,0.88575,0.09325,0.0075,47
ATL,26.0,40.265,0.0,0.0,0.09825,0.0885,0.0,0.0,0.32425,0.0,0.23975,0.4715,0.143,48
BOS,35.0,51.773,0.16594151338892754,0.1692105727227073,0.0005,-0.007,5.985020917830881,5.98835479885097,0.99925,0.0,0.0,0.0,0.0015,48
BKN,16.0,24.35225,0.0010079750881834234,-0.005831013007054672,0.0,0.0,6.8272920524691365,6.85059145723104,0.0,0.67175,0.32825,0.0,0.0,48
CHA,26.0,38.441,0.47224224685625005,0.32840151518750826,0.0595,0.13325,9.922293936516965,12.090000106450429,0.138,0.0,0.51825,0.3805,0.05625,48
CHI,15.0,23.46275,0.1321432878968751,-0.09100884987653322,0.0,0.0,15.28544191961473,12.264128504090394,0.0,0.7905,0.2095,0.0,0.0,48
CLE,36.0,51.8495,0.0,0.0,0.00075,-0.00575,0.0,0.0,0.99925,0.0,0.0,0.0,0.00325,48
DET,33.0,48.9885,0.20134616571767527,0.2483856170356812,0.00775,-0.04475,6.5247761331598495,6.598879237779343,0.987,0.0,0.0,0.00325,0.02775,48
IND,32.0,46.8615,0.19766142069161158,0.32707260369903074,0.0255,-0.0975,7.024150251498566,7.27813652174051,0.95175,0.0,0.0005,0.01625,0.09,48
MIA,24.0,39.418,0.2850109362347278,0.30976601444026924,0.091,0.121,9.831155401426688,12.02971271354605,0.28125,0.0,0.35875,0.45325,0.09375,48
MIL,18.0,27.0855,0.0,0.0,0.0,0.0,0.0,0.0,0.0,0.19525,0.80475,0.0,0.0,48
NYK,34.0,52.0225,0.0,0.0,0.0005,-0.0045,0.0,0.0,0.99925,0.0,0.0,0.0,0.002,48
ORL,29.0,43.508,0.2356462777002646,0.4844636464545176,0.08125,-0.06675,7.782179473895955,8.992536589257421,0.729,0.0,0.0305,0.17575,0.274,48
PHI,32.0,49.4745,0.1967157347438327,0.22019892834215607,0.00375,-0.0255,6.4132962389467885,6.440853678163107,0.99475,0.0,0.0,0.00125,0.0105,48
TOR,29.0,42.22075,0.29552825362964075,0.5423573368275105,0.09025,-0.0125,8.21727469459908,9.85550233804063,0.552,0.0,0.0665,0.31625,0.27875,48
WAS,26.0,36.79375,0.45802970476532745,0.16900205492023804,0.0255,0.1075,10.859011964948216,11.717758946502975,0.04425,0.0,0.78575,0.182,0.01925,48
DAL,29.0,42.95,0.049972046975892866,0.23400763811473216,0.07475,-0.1365,0.10215095973526786,0.6802603681229166,0.7885,0.0,0.0015,0.1725,0.2265,48
DEN,31.0,47.52625,0.0,0.0,0.008,-0.05075,0.0,0.0,0.98975,0.0,0.0,0.005,0.019,48
GSW,29.0,42.26325,0.24994690995476193,0.5108481851870535,0.07375,-0.11025,7.974527952479911,9.073446402495549,0.7245,0.0,0.00225,0.24225,0.2415,48
HOU,31.0,47.60475,0.18879473955469575,0.2218620654816303,0.0085,-0.03725,6.8238254417468145,6.881094133059612,0.9915,0.0,0.0,0.00475,0.01925,48
LAC,24.0,33.70975,-0.0002581238977072313,-0.0002581238977072313,0.01275,0.1165,5.16143635361552,5.16143635361552,0.035,0.00075,0.6935,0.302,0.00225,48
LAL,31.0,46.063,0.0,0.0,0.02275,-0.08625,0.0,0.0,0.95625,0.0,0.0,0.02225,0.067,48
MEM,23.0,31.5845,0.30746748127723184,0.06842294203016433,0.004,0.06075,13.113181005044641,12.84711235091414,0.00625,0.00375,0.9035,0.09225,0.0005,48
MIN,29.0,43.6155,0.0,0.0,0.05425,-0.14625,0.0,0.0,0.86475,0.0,0.00075,0.10925,0.17375,48
NOP,12.0,19.72175,0.10583973214285718,0.010574107142857121,0.0,0.0,20.148959375,15.540812202380952,0.0,0.987,0.013,0.0,0.0,48
OKC,38.0,59.29825,0.005420601851851858,0.005420601851851858,0.0,0.0,5.16143635361552,5.16143635361552,1.0,0.0,0.0,0.0,0.0,48
PHX,18.0,31.275,0.0,0.0,0.01,0.05125,0.0,0.0,0.0155,0.0115,0.90575,0.08225,0.00025,48
POR,29.0,40.9635,0.3362792878364584,0.5322385751996797,0.0905,-0.06975,8.494326975311756,10.042133022698213,0.53,0.0,0.00825,0.4515,0.24125,48
SAC,18.0,26.03875,0.1948632076910714,-0.10861692030303544,0.0,0.00125,14.769180996725446,12.663015060530482,0.0,0.33925,0.66025,0.0005,0.0,48
SAS,45.0,66.02725,0.0,0.0,0.0,0.0,0.0,0.0,1.0,0.0,0.0,0.0,0.0,48
UTA,22.0,34.842,0.44535061640997015,0.08395085258988087,0.02425,0.12325,11.533506401786907,9.834874994916667,0.098,0.00025,0.46875,0.5155,0.00875,48
ATL,28.0,42.56675,0.0,0.0,0.0765,0.00525,0.0,0.0,0.63375,0.0,0.03175,0.23325,0.33675,49
BOS,37.0,53.228,0.22986473396844695,0.23251408052454814,0.00075,-0.00375,6.208807762586779,6.211238900426511,0.99975,0.0,0.0,0.0,0.001,49
BKN,17.0,25.7265,0.0008819664902998219,0.0001670855379188727,0.0,0.0,6.981214429012345,6.997964875440917,0.0,0.28875,0.71125,0.0,0.0,49
CHA,26.0,38.0925,0.43703409433452384,0.3375483399548256,0.06,0.125,9.549586613527234,11.94173951518246,0.1525,0.0,0.41675,0.47525,0.06425,49
CHI,21.0,32.8815,0.4428986027263391,0.03410541104912695,0.00575,0.02725,12.43618046488973,12.90190109631614,0.0045,0.001,0.9685,0.02875,0.00175,49
CLE,34.0,50.3325,0.0,0.0,0.0045,-0.02075,0.0,0.0,0.99625,0.0,0.0,0.0,0.009,49
DET,34.0,52.3445,0.2147489293735781,0.21622271098518522,0.00025,-0.004,6.423715358427206,6.429411460350717,0.99925,0.0,0.0,0.0,0.0025,49
IND,28.0,42.4675,0.17679520913511915,0.42105871269292083,0.0755,0.0105,7.8954166286625,9.579341846607603,0.627,0.0,0.02575,0.2345,0.39,49
MIA,38.0,56.4125,0.0,0.0,0.0,0.0,9.382940917107586,9.382940917107586,1.0,0.0,0.0,0.0,0.0,49
MIL,17.0,25.72525,0.0,0.0,0.0,0.0,0.0,0.0,0.0,0.25975,0.74025,0.0,0.0,49
NYK,40.0,56.741,0.0,0.0,0.0,0.0,0.0,0.0,1.0,0.0,0.0,0.0,0.0,49
ORL,22.0,34.28675,0.5073195775041665,0.07811615219423604,0.0085,0.061,11.68842145749598,12.82424825627183,0.01375,0.0,0.909,0.08775,0.002,49
PHI,24.0,40.27425,0.3409498748319942,0.4971254470201431,0.099,0.0815,8.451062660994346,10.825459042883887,0.4485,0.0,0.12925,0.53575,0.147,49
TOR,36.0,51.51875,0.227318116767058,0.2345841132452822,0.00175,-0.00825,6.617723773974647,6.626322605263338,0.998,0.0,0.0,0.00025,0.0035,49
WAS,25.0,37.5595,0.48594168289151785,0.24961176201547614,0.05875,0.14325,9.806855573374257,11.342735056936906,0.12675,0.0,0.518,0.4045,0.04225,49
DAL,21.0,31.54225,0.3286139036794643,0.11640719723952384,0.024,0.0835,2.846032597324107,3.2509318151937934,0.029,0.00125,0.8575,0.12575,0.0125,49
DEN,29.0,44.527,0.0,0.0,0.0145,-0.11025,0.0,0.0,0.923,0.0,0.0,0.0035,0.2225,49
GSW,36.0,51.94425,0.2157445460964782,0.21752130702549605,0.00025,-0.00725,6.514875346602128,6.5190984599920085,0.9995,0.0,0.0,0.0,0.00175,49
HOU,34.0,49.8115,0.17118706337346232,0.18825803252182538,0.00175,-0.02725,6.980739158295828,7.004236286338833,0.99725,0.0,0.0,0.0,0.00975,49
LAC,27.0,37.6345,-0.0008960648148148169,-0.0008960648148148169,0.08025,0.04275,5.64947022707231,5.64947022707231,0.4225,0.0,0.0785,0.38275,0.364,49
LAL,35.0,51.071,0.0,0.0,0.00075,-0.01275,0.0,0.0,0.99875,0.0,0.0,0.0,0.004,49
MEM,17.0,24.7325,0.1426627660857143,-0.11956839807692442,0.0,0.00025,14.89673567966205,12.531000547611235,0.0,0.468,0.53175,0.00025,0.0,49
MIN,31.0,46.3545,0.0,0.0,0.01225,-0.10825,0.0,0.0,0.9725,0.0,0.0,0.00125,0.084,49
NOP,13.0,19.57275,-0.025635714285714272,0.023265773809523837,0.0,0.0,20.123106696428575,15.543316517857143,0.0,0.982,0.018,0.0,0.0,49
OKC,35.0,55.59775,0.1920115961199296,0.1920115961199296,0.0,0.0,5.64947022707231,5.64947022707231,1.0,0.0,0.0,0.0,0.0,49
PHX,23.0,35.59425,0.0,0.0,0.06425,0.1125,0.0,0.0,0.254,0.0,0.25525,0.5445,0.13675,49
POR,22.0,34.749,0.6184629224816963,0.333755152974946,0.06675,0.13675,10.941847186147323,11.867762570268097,0.214,0.00025,0.39075,0.4805,0.08275,49
SAC,10.0,16.41525,0.039640932264732115,-0.0015283441100226783,0.0,0.0,15.80056723806785,12.064593397311285,0.0,0.999,0.001,0.0,0.0,49
SAS,38.0,55.62975,0.0,0.0,0.0,-0.00025,0.0,0.0,1.0,0.0,0.0,0.0,0.0,49
UTA,22.0,34.666,0.6101155846086308,0.15896414793273803,0.06625,0.13475,11.051532271312354,9.672871655789287,0.1895,0.0,0.41675,0.4615,0.082,49
ATL,29.0,43.84975,0.0,0.0,0.09175,-0.0775,0.0,0.0,0.72125,0.0,0.03175,0.19875,0.28375,50
BOS,38.0,54.913,0.12913176807760154,0.12913176807760154,0.0,-0.00025,5.409655048500881,5.409655048500881,1.0,0.0,0.0,0.0,0.0,50
BKN,9.0,13.6845,-0.0008553571428571425,-0.0008553571428571425,0.0,0.0,5.672099933862433,5.672076421957671,0.0,1.0,0.0,0.0,0.0,50
CHA,24.0,37.17625,0.589576951380357,0.2026204687830838,0.036,0.1235,10.911821374019198,12.578463233905204,0.05725,0.0005,0.76875,0.20525,0.01625,50
CHI,19.0,30.2535,0.267697914730357,-0.0994411348614894,0.0,0.00025,14.458697985648659,12.668918370499911,0.0,0.29025,0.70925,0.0005,0.0,50
CLE,30.0,44.57425,0.0,0.0,0.08275,-0.11725,0.0,0.0,0.809,0.0,0.0115,0.1235,0.242,50
DET,30.0,45.5585,0.18239924253463957,0.4225329999394212,0.06175,-0.12575,7.358042321283217,8.034713413736794,0.88,0.0,0.00675,0.07525,0.1755,50
IND,34.0,49.806,0.19392557168571978,0.22816885307569995,0.007,-0.0315,6.422444873029046,6.4611862402625775,0.9945,0.0,0.0,0.00125,0.0145,50
MIA,28.0,40.10825,0.3145850043914463,0.3038495223239499,0.0815,0.10525,9.635028512257287,11.954636123130426,0.2035,0.0,0.30525,0.5045,0.10775,50
MIL,22.0,30.72075,0.0,0.0,0.00025,0.00175,0.0,0.0,0.00025,0.2265,0.77225,0.00125,0.0,50
NYK,31.0,49.55775,0.0,0.0,0.0045,-0.03875,0.0,0.0,0.99625,0.0,0.0,0.00125,0.0115,50
ORL,25.0,38.86825,0.5501035154102678,0.3514339854346173,0.06875,0.1325,9.80088971699003,12.043359271798074,0.1785,0.0,0.505,0.40175,0.045,50
PHI,33.0,51.31325,0.1967035591654542,0.2057596000931328,0.001,-0.00975,6.104592696690312,6.116473050404151,0.9995,0.0,0.0,0.00025,0.00425,50
TOR,33.0,50.0455,0.20415467417376545,0.23518923760650354,0.005,-0.02775,6.373480489151659,6.412955128825122,0.994,0.0,0.0,0.00125,0.015,50
WAS,29.0,39.65825,0.4739477408924108,0.29934197951904756,0.05925,0.1115,9.457138442551935,11.054245490157143,0.166,0.0,0.37225,0.48525,0.0845,50
DAL,26.0,38.352,0.2933561902901786,0.3748235475369771,0.10675,0.06725,0.8185339949160715,1.7666857600085333,0.40475,0.00025,0.18775,0.37625,0.23075,50
DEN,26.0,42.2505,0.0,0.0,0.05025,-0.1175,0.0,0.0,0.88775,0.0,0.01075,0.07275,0.1645,50
GSW,24.0,36.5805,0.6970754923703869,0.47104682347411414,0.09125,0.1465,10.867076574673959,11.707887723713787,0.238,0.002,0.435,0.3755,0.1055,50
HOU,37.0,53.411,0.17025746252204602,0.1702339506172841,0.0,0.0,5.672099933862433,5.672076421957671,1.0,0.0,0.0,0.0,0.0,50
LAC,33.0,45.40725,0.0,0.0,0.02075,-0.06375,5.156790123456789,5.156790123456789,0.97075,0.0,0.0,0.00525,0.058,50
LAL,29.0,43.14975,0.0,0.0,0.045,-0.113,0.0,0.0,0.90175,0.0,0.00625,0.04775,0.14825,50
MEM,20.0,30.27775,0.28949517782113077,-0.08722190054182952,0.003,0.01175,14.438315416930207,12.67205470089603,0.0025,0.26925,0.719,0.011,0.0005,50
MIN,35.0,48.592,0.0,0.0,0.0015,-0.0085,0.0,0.0,0.99875,0.0,0.0,0.0,0.00525,50
NOP,21.0,30.877,0.3247494047619048,-0.026248065476190494,0.003,0.0175,18.500490625,16.37871979166667,0.00275,0.2055,0.7745,0.0185,0.00125,50
OKC,40.0,62.29275,0.0,0.0,0.0,0.0,5.156790123456789,5.156790123456789,1.0,0.0,0.0,0.0,0.0,50
PHX,24.0,36.53125,0.0,0.0,0.07175,0.1335,0.0,0.0,0.18775,0.00175,0.44875,0.3685,0.10525,50
POR,26.0,36.0235,0.6646937997852678,0.4011440535262641,0.06475,0.137,11.462527259235713,12.039363484554258,0.125,0.00125,0.53775,0.33825,0.0775,50
SAC,10.0,17.7045,0.018038227763392835,-4.025742867063764e-05,0.0,0.0,15.524710334916072,12.05003094924861,0.0,1.0,0.0,0.0,0.0,50
SAS,33.0,51.65675,0.0,0.0,0.0,-0.0005,0.0,0.0,1.0,0.0,0.0,0.0,0.0,50
UTA,22.0,36.80575,0.7041225139842261,0.23666180052797617,0.09175,0.12625,10.658757744343303,9.489200345094643,0.28025,0.00275,0.3975,0.38625,0.10325,50
ATL,27.0,40.00225,0.0,0.0,0.07375,0.07925,0.0,0.0,0.32525,0.0,0.18425,0.521,0.16675,51
BOS,44.0,63.329,0.0,0.0,0.0,0.0,5.1570482473544965,5.1570482473544965,1.0,0.0,0.0,0.0,0.0,51
BKN,18.0,28.011,-0.0031403273809523843,0.0073724702380952465,0.0,0.00075,7.785880803571429,8.125142708333334,0.0,0.2175,0.78225,0.00025,0.0,51
CHA,24.0,36.21175,0.4690434064296131,0.18864898177689757,0.031,0.10675,10.750237878833188,12.581382494174749,0.0565,0.00025,0.733,0.23825,0.01675,51
CHI,18.0,26.88675,0.22997648690892844,-0.11972953045069695,0.0,0.0,14.640663069619642,12.635767309643228,0.0,0.39325,0.60675,0.0,0.0,51
CLE,31.0,47.191,0.0,0.0,0.01675,-0.094,0.0,0.0,0.965,0.0,0.0005,0.00825,0.08525,51
DET,34.0,50.35225,0.15098289094440032,0.17823490150977733,0.00475,-0.02375,6.436196865733273,6.469268228113382,0.99475,0.0,0.0,0.00025,0.01375,51
IND,31.0,45.261,0.14214820351854057,0.33493979632531634,0.04375,-0.11675,7.393642140406905,8.05611769236623,0.87975,0.0,0.00025,0.0445,0.22675,51
MIA,36.0,52.2125,-0.00027579230740189595,0.0006644298956679892,0.00025,-0.00475,9.382940917107586,9.384332106027049,1.0,0.0,0.0,0.0,0.001,51
MIL,11.0,17.6645,0.0,0.0,0.0,0.0,0.0,0.0,0.0,0.9995,0.0005,0.0,0.0,51
NYK,31.0,46.80725,0.0,0.0,0.023,-0.111,0.0,0.0,0.95425,0.0,0.001,0.0135,0.10525,51
ORL,28.0,41.57425,0.28209621599285717,0.5070656626791353,0.08875,-0.00225,8.18163283843378,10.04253930182955,0.5495,0.0,0.061,0.349,0.29825,51
PHI,24.0,38.05375,0.4698255177318454,0.3321689797941821,0.06225,0.1275,9.724038298006548,11.99935608400334,0.17,0.0,0.4265,0.473,0.05675,51
TOR,39.0,57.18675,0.07035045194003534,0.07035045194003534,0.0,-0.00025,5.287639748677248,5.287639748677248,1.0,0.0,0.0,0.0,0.0,51
WAS,25.0,37.18225,0.4946777177497025,0.22620151661011884,0.0505,0.1245,10.220223809630061,11.48847609156369,0.105,0.0,0.5935,0.352,0.0295,51
DAL,24.0,35.4325,0.2992590565794643,0.2100912837140519,0.041,0.117,1.368575206629018,2.616505864548376,0.12825,0.00025,0.3165,0.61725,0.03875,51
DEN,33.0,50.1795,0.0,0.0,0.00025,-0.002,0.0,0.0,1.0,0.0,0.0,0.00025,0.0005,51
GSW,27.0,39.105,0.39101005876220246,0.4755282131423823,0.09225,-0.0235,8.799005632669644,10.40494916268396,0.4915,0.0,0.03325,0.52075,0.2065,51
HOU,27.0,41.8615,0.19994794236994048,0.4223026406098412,0.06125,-0.112,7.821414005748511,8.612415203826794,0.82125,0.0,0.00375,0.14975,0.2105,51
LAC,24.0,33.51325,0.0,0.0,0.01625,0.12325,5.156790123456789,5.156790123456789,0.03875,0.00275,0.702,0.28525,0.0055,51
LAL,33.0,49.0375,0.0,0.0,0.00125,-0.00825,0.0,0.0,0.99825,0.0,0.0,0.0,0.00525,51
MEM,18.0,28.1025,0.2755115912995533,-0.07776036538543062,0.00025,0.006,14.270534352458032,12.80258028256473,0.00125,0.1955,0.797,0.0075,0.0,51
MIN,32.0,48.014,0.0,0.0,0.00375,-0.01675,0.0,0.0,0.9965,0.0,0.0,0.0,0.00625,51
NOP,18.0,28.72025,0.30255401785714287,-0.16786279761904763,0.00175,0.01325,19.665257589285712,15.897428571428572,0.00175,0.148,0.84,0.012,0.0,51
OKC,46.0,68.37025,0.0,0.0,0.0,0.0,5.156790123456789,5.156790123456789,1.0,0.0,0.0,0.0,0.0,51
PHX,27.0,41.6585,0.0,0.0,0.07275,-0.125,0.0,0.0,0.7805,0.0,0.00225,0.158,0.25675,51
POR,28.0,41.18225,0.2739851075116072,0.5104082768332071,0.08375,-0.10525,8.027932249415327,9.014719513493386,0.738,0.0,0.006,0.2025,0.26875,51
SAC,11.0,16.689,0.05310297348303566,-4.896499742063476e-05,0.0,0.0,15.72075353570089,12.097898248150992,0.0,1.0,0.0,0.0,0.0,51
SAS,31.0,49.86525,0.0,0.0,0.0,-0.005,0.0,0.0,0.99975,0.0,0.0,0.00025,0.001,51
UTA,20.0,30.3425,0.3448489028023807,0.01705550035892857,0.00375,0.03375,13.447420414929166,10.110113099023213,0.00425,0.043,0.90975,0.0465,0.00025,51
ATL,23.0,34.71175,0.0,0.0,0.02575,0.10075,0.0,0.0,0.0435,0.0095,0.79125,0.17975,0.0125,52
BOS,32.0,49.50775,0.16785858743067125,0.22395846849639545,0.00475,-0.07375,6.567033434811894,6.659644428189673,0.9885,0.0,0.0,0.00025,0.03875,52
BKN,20.0,30.06925,0.0021334821428571466,-0.006203273809523795,0.00125,0.00675,7.512444047619047,7.665637648809522,0.001,0.34975,0.6425,0.0075,0.0,52
CHA,26.0,37.492,0.5679505708111607,0.30403196100711305,0.04425,0.116,10.18829694597991,11.791123333635776,0.16725,0.00025,0.339,0.54775,0.07525,52
CHI,24.0,35.4655,0.6275797834316963,0.17949406037924037,0.02325,0.118,11.617541663812947,12.439382119061069,0.05575,0.0085,0.69475,0.271,0.01725,52
CLE,35.0,52.428,0.0,0.0,0.00075,-0.01475,0.0,0.0,0.999,0.0,0.0,0.0,0.0045,52
DET,32.0,48.835,0.17771332165473433,0.25298929527527003,0.01075,-0.09225,6.7129322637970965,6.863459804423881,0.97975,0.0,0.0,0.00025,0.064,52
IND,14.0,25.734,0.0709625903000001,-0.047594649144665525,0.0,0.0,15.382426874511161,12.071639436105313,0.0,0.924,0.076,0.0,0.0,52
MIA,35.0,51.745,-0.0027579230740189596,0.009029090656316135,0.0025,-0.01975,9.379631409418764,9.397909882375759,0.997,0.0,0.0,0.0,0.01125,52
MIL,22.0,30.05075,0.0,0.0,0.00075,0.00675,0.0,0.0,0.00025,0.35225,0.6425,0.00525,0.0,52
NYK,39.0,59.04075,0.0,0.0,0.0,0.0,0.0,0.0,1.0,0.0,0.0,0.0,0.0,52
ORL,25.0,39.65625,0.43878141675952387,0.424511553595968,0.075,0.06425,8.728022560142115,10.756473096584322,0.47175,0.0,0.10275,0.52375,0.216,52
PHI,30.0,46.49675,0.14572393692026567,0.2763141126045981,0.021,-0.12325,7.2057470015749985,7.760148995735777,0.92275,0.0,0.00075,0.01075,0.22125,52
TOR,34.0,51.28125,0.12992672322789903,0.14621593408920855,0.0015,-0.0285,6.290216437596175,6.3148348488173065,0.9975,0.0,0.0,0.0,0.01025,52
WAS,29.0,40.1765,0.37008223561666675,0.3213849355422619,0.06275,0.04175,8.655311793529167,10.067558516433929,0.376,0.0,0.06625,0.45375,0.329,52
DAL,28.0,39.237,0.2232536148732143,0.41288577288285294,0.1335,-0.0075,0.523260534521875,1.5811473134629168,0.41275,0.00025,0.19225,0.33875,0.17075,52
DEN,34.0,50.03375,0.0,0.0,0.0,-0.00025,0.0,0.0,1.0,0.0,0.0,0.0,0.0,52
GSW,28.0,40.078,0.45368770101547623,0.6826021589008008,0.1225,-0.06025,8.478773909181252,9.607242411005398,0.60825,0.0,0.125,0.2665,0.155,52
HOU,27.0,43.0245,0.14187778783794647,0.3176005199098172,0.04475,-0.106,7.540960777796427,7.861710634523435,0.92625,0.0,0.01175,0.06625,0.06,52
LAC,25.0,33.73225,-0.0002581238977072313,-0.0002581238977072313,0.014,0.05675,5.1624688492063475,5.1624688492063475,0.012,0.0275,0.90725,0.054,0.00675,52
LAL,26.0,41.7245,0.0,0.0,0.08525,-0.1085,0.0,0.0,0.82825,0.0,0.04075,0.14075,0.10775,52
MEM,23.0,30.87325,0.3706976115563986,-0.08049569332063347,0.00075,0.0095,14.214628930749997,12.664097357349027,0.0005,0.22275,0.7705,0.00625,0.0005,52
MIN,26.0,40.4715,0.0,0.0,0.1175,-0.08675,0.0,0.0,0.68625,0.0,0.0895,0.23825,0.12675,52
NOP,23.0,32.081,0.3449700892857144,-0.024254761904761925,0.005,0.0175,18.114404761904762,16.042137202380953,0.00275,0.10525,0.872,0.01925,0.00175,52
OKC,40.0,60.58975,0.009550584215167556,0.009550584215167556,0.0,0.0,5.1624688492063475,5.1624688492063475,1.0,0.0,0.0,0.0,0.0,52
PHX,27.0,41.206,0.0,0.0,0.1005,-0.09825,0.0,0.0,0.7595,0.0,0.05925,0.17025,0.136,52
POR,25.0,38.10625,0.6331279149755953,0.6290741959514017,0.1115,0.07275,9.654657079354019,11.08460785521233,0.335,0.0,0.354,0.3525,0.097,52
SAC,5.0,11.164,0.0,0.00015985451567460585,0.0,0.0,15.863406805357135,12.006436071125398,0.0,1.0,0.0,0.0,0.0,52
SAS,37.0,55.98,0.0,0.0,0.0,0.0,0.0,0.0,1.0,0.0,0.0,0.0,0.0,52
UTA,26.0,39.00775,0.5725278889474703,0.35711343982380955,0.1245,0.00325,9.105762851953422,8.95987133507143,0.4285,0.0,0.222,0.34725,0.13775,52
ATL,25.0,37.83825,0.0,0.0,0.0345,0.122,0.0,0.0,0.11875,0.0,0.42175,0.53175,0.0285,53
BOS,34.0,52.1115,0.12234014915382493,0.13149692860977735,0.0015,-0.01125,6.263998017078512,6.271161559753958,0.99875,0.0,0.0,0.00025,0.00275,53
BKN,19.0,27.08625,0.0017432429453262787,0.00040425485008818376,0.0,0.0,6.595545629409171,6.597348456790124,0.0,0.27125,0.72875,0.0,0.0,53
CHA,31.0,43.86425,0.16457012368244053,0.4604220749745465,0.08,-0.074,7.777975447274851,9.244194720764662,0.66325,0.0,0.008,0.23,0.33,53
CHI,19.0,29.9975,0.3521651618282734,-0.02128823735858555,0.00025,0.00325,13.417578555766514,12.82951829211661,0.0,0.039,0.957,0.00375,0.00025,53
CLE,36.0,51.50025,0.0,0.0,0.00375,-0.016,0.0,0.0,0.99625,0.0,0.0,0.00025,0.00625,53
DET,38.0,56.50625,0.11341552272787159,0.11384454076968707,0.00025,-0.00075,5.494019502004766,5.494448520046582,0.99975,0.0,0.0,0.0,0.00025,53
IND,24.0,37.33175,0.4058945011837798,0.20959686941447395,0.03125,0.12825,9.955763111678127,12.24153168607649,0.09525,0.0,0.544,0.42425,0.019,53
MIA,33.0,49.18525,-0.010744882070442021,0.04171667102792843,0.01025,-0.06325,9.36281909658548,9.447752562796794,0.98125,0.0,0.0,0.004,0.041,53
MIL,11.0,18.3055,0.0,0.0,0.0,0.0,0.0,0.0,0.0,0.998,0.002,0.0,0.0,53
NYK,36.0,54.14825,0.0,0.0,0.00075,-0.0025,0.0,0.0,0.9995,0.0,0.0,0.0,0.0005,53
ORL,29.0,42.151,0.2209155799001489,0.4641279756411111,0.08425,0.0005,8.15261983860521,10.247560428310173,0.4975,0.0,0.03825,0.4795,0.22975,53
PHI,31.0,48.44175,0.17293656844740407,0.26438840484447745,0.014,-0.07625,6.9375590555292606,7.084323450857931,0.97625,0.0,0.0,0.0075,0.0525,53
TOR,29.0,43.34875,0.16578905652306555,0.4494448111945182,0.07375,-0.04075,7.816121453652679,9.473515099476232,0.67025,0.0,0.0155,0.29525,0.28925,53
WAS,20.0,32.393,0.379343115014583,0.015446748025595251,0.00175,0.02125,12.39551481460729,11.900818560900001,0.00325,0.0075,0.969,0.0235,0.0,53
DAL,16.0,26.1075,0.24420459326383928,-0.1368764893366837,0.0,0.00075,4.664094535787946,2.840550583591667,0.0,0.4605,0.538,0.0015,0.0,53
DEN,28.0,44.89725,0.0,0.0,0.01275,-0.0865,0.0,0.0,0.981,0.0,0.0,0.0085,0.04925,53
GSW,27.0,37.95425,0.4017222056864584,0.47016464463472213,0.08075,0.02425,9.210706036264288,10.677107161565221,0.3995,0.0,0.06575,0.56225,0.2005,53
HOU,35.0,50.0205,0.16234041109615852,0.16746105980553347,0.0005,-0.00525,6.595599054473904,6.599896242784768,0.99975,0.0,0.0,0.0,0.00175,53
LAC,19.0,28.211,0.0,0.0,0.00025,0.006,5.156790123456789,5.156790123456789,0.0005,0.14575,0.84875,0.00525,0.0,53
LAL,26.0,40.562,0.0,0.0,0.0655,-0.053,0.0,0.0,0.7405,0.0,0.00725,0.199,0.297,53
MEM,24.0,33.731,0.4316972697203868,0.19657061902626113,0.025,0.118,11.635856001930657,12.41448069137011,0.05875,0.00025,0.6755,0.2965,0.01925,53
MIN,23.0,36.01475,0.0,0.0,0.05825,0.09275,0.0,0.0,0.257,0.0,0.24275,0.60975,0.0755,53
NOP,19.0,29.0355,0.28857232142857153,-0.03956458333333333,0.002,0.0145,19.286656696428572,15.352293601190478,0.0015,0.07775,0.9095,0.01175,0.001,53
OKC,43.0,64.59825,0.0005162477954144627,0.0005162477954144627,0.0,0.0,5.156790123456789,5.156790123456789,1.0,0.0,0.0,0.0,0.0,53
PHX,31.0,48.91925,0.0,0.0,0.0005,-0.007,0.0,0.0,0.999,0.0,0.0,0.0005,0.00175,53
POR,34.0,46.5385,0.11746292753705359,0.1438870615626488,0.00725,-0.03575,7.219665737216727,7.268683388041379,0.987,0.0,0.0,0.001,0.0255,53
SAC,10.0,16.3195,0.04595893893660709,-6.136111696428426e-05,0.0,0.0,15.761516474201782,12.008361636749406,0.0,1.0,0.0,0.0,0.0,53
SAS,43.0,63.31925,0.0,0.0,0.0,0.0,0.0,0.0,1.0,0.0,0.0,0.0,0.0,53
UTA,27.0,39.562,0.3273049225848215,0.22690328717023808,0.08275,-0.02025,8.553023930978124,8.589737692681549,0.5755,0.0,0.02825,0.304,0.3285,53
ATL,27.0,41.462,0.0,0.0,0.07075,0.09025,0.0,0.0,0.19875,0.0,0.29125,0.567,0.0675,54
BOS,36.0,51.625,0.1927384261688327,0.21501610127743528,0.0055,-0.023,6.374060632002216,6.394714946663377,0.99675,0.0,0.0,0.00125,0.00725,54
BKN,11.0,18.63275,0.0005220238095238097,9.494047619047575e-05,0.0,0.0,6.234359606481483,6.23495052910053,0.0,0.77075,0.22925,0.0,0.0,54
CHA,32.0,46.00875,0.21575112891856815,0.532400564933768,0.0965,-0.127,7.653055076872144,8.652897409586034,0.75325,0.0,0.01125,0.19425,0.17925,54
CHI,12.0,20.152,0.11069037397321445,-0.11486787665340129,0.0,0.0,15.118492138004015,12.396546798509014,0.0,0.501,0.499,0.0,0.0,54
CLE,21.0,36.0055,0.0,0.0,0.004,0.03175,0.0,0.0,0.0065,0.0,0.95675,0.042,0.00125,54
DET,32.0,47.9165,0.20125790045319666,0.4483842155075688,0.05275,-0.1265,7.2256516534467155,7.62550287658403,0.9105,0.0,0.0035,0.058,0.0955,54
IND,32.0,47.80125,0.18724700420394624,0.41860121853147597,0.04725,-0.11575,7.25162526789376,7.654816614159328,0.9105,0.0,0.00175,0.0615,0.095,54
MIA,30.0,45.921,-0.02244679740870804,0.3135274671342197,0.08725,-0.12875,9.241950285426721,10.166286248976503,0.76125,0.0,0.013,0.2,0.17775,54
MIL,20.0,27.7055,0.0,0.0,0.0,0.0,0.0,0.0,0.0,0.001,0.999,0.0,0.0,54
NYK,28.0,44.5875,0.0,0.0,0.10475,-0.075,0.0,0.0,0.65125,0.0,0.0405,0.35775,0.1725,54
ORL,30.0,45.77525,0.22448340712368833,0.5847664626813626,0.09525,-0.1245,7.660011867338602,8.790167382944649,0.7675,0.0,0.01575,0.22025,0.17475,54
PHI,33.0,52.4415,0.17705570615597446,0.18813284674079592,0.003,-0.01125,6.222151283516286,6.2367028494687675,0.99725,0.0,0.0,0.00125,0.0045,54
TOR,40.0,54.862,0.1751837656731979,0.17797947642885265,0.00025,-0.00125,5.712085159453455,5.714428471012681,0.99925,0.0,0.0,0.00025,0.00075,54
WAS,30.0,39.57025,0.3049877433988095,0.1903868463232144,0.0325,0.1165,9.87485051690789,11.509068596238693,0.04725,0.0,0.66625,0.2965,0.024,54
DAL,22.0,33.90825,0.2708790342178571,0.15284582928403484,0.0195,0.135,2.0170094110196426,2.8252181819172626,0.0545,0.0,0.58075,0.416,0.00225,54
DEN,39.0,57.82275,0.0,0.0,0.0,0.0,0.0,0.0,1.0,0.0,0.0,0.0,0.0,54
GSW,29.0,40.67475,0.3125317700766369,0.42628158567694874,0.07,-0.01775,8.96172943741994,10.422245331935786,0.43475,0.0,0.00725,0.56125,0.238,54
HOU,36.0,52.2715,0.17749515235750116,0.1818122437130071,0.00025,-0.004,6.234694332812733,6.236114026386243,0.99975,0.0,0.0,0.0,0.00075,54
LAC,20.0,27.86375,-0.0005725859788359795,-0.0005725859788359795,0.0005,0.00675,5.299697552910051,5.299697552910051,0.0,0.0005,0.9935,0.006,0.0,54
LAL,30.0,45.47525,0.0,0.0,0.03,-0.118,0.0,0.0,0.91025,0.0,0.00025,0.03925,0.16825,54
MEM,24.0,33.69325,0.31077625720074387,0.16160353911499428,0.01125,0.12925,12.1186788284439,12.370803558974535,0.0405,0.0,0.625,0.3715,0.0025,54
MIN,36.0,52.5745,0.0,0.0,0.0,-0.00375,0.0,0.0,0.99975,0.0,0.0,0.0,0.0005,54
NOP,10.0,17.84275,0.0856229166666667,-0.08866607142857144,0.0,0.0,19.152081696428578,15.67994806547619,0.0,0.8675,0.1325,0.0,0.0,54
OKC,37.0,57.3415,0.1018194885361553,0.1018194885361553,0.0,0.0,5.299697552910051,5.299697552910051,1.0,0.0,0.0,0.0,0.0,54
PHX,19.0,32.437,0.0,0.0,0.016,0.08475,0.0,0.0,0.0325,0.0,0.79025,0.20875,0.00075,54
POR,28.0,42.1465,0.22836010358392855,0.38896456548222785,0.05625,-0.05425,8.230315882711162,9.37045919567055,0.708,0.0,0.002,0.2815,0.305,54
SAC,12.0,18.1305,0.1254477033589287,-0.07675919755909856,0.0,0.0,15.45008492838437,12.093434587459623,0.0,0.85925,0.14075,0.0,0.0,54
SAS,34.0,53.45825,0.0,0.0,0.00025,-0.00125,0.0,0.0,1.0,0.0,0.0,0.0,0.0,54
UTA,30.0,43.89275,0.1739015000907738,0.18018595506130952,0.042,-0.10175,7.806530151529464,8.013986085799404,0.82,0.0,0.0005,0.11575,0.282,54
ATL,28.0,42.43325,0.0,0.0,0.126,-0.05775,0.0,0.0,0.5975,0.0,0.1175,0.302,0.1395,55
BOS,36.0,53.00275,0.13535090388007068,0.13511340388007068,0.0,0.0,5.798722541887126,5.798485041887125,1.0,0.0,0.0,0.0,0.0,55
BKN,15.0,25.7195,0.005570386904761905,-0.0011410714285714186,0.0,0.0,7.126355715388007,7.282159733245149,0.0,0.657,0.343,0.0,0.0,55
CHA,23.0,35.233,0.39106859393824395,0.06805056942131942,0.01175,0.036,11.691824142453275,12.885541735863962,0.01225,0.0,0.94625,0.04575,0.00425,55
CHI,30.0,42.6985,0.36575706945976094,0.7286470004847806,0.12475,-0.06425,8.135198132810478,9.51505733663813,0.58575,0.0,0.11225,0.2635,0.1605,55
CLE,27.0,42.2785,0.0,0.0,0.11475,-0.06275,0.0,0.0,0.595,0.0,0.13075,0.30025,0.13825,55
DET,29.0,45.015,0.2668108910486001,0.5562190353510207,0.062,-0.1215,7.305795348286045,7.823808768398853,0.8755,0.0,0.021,0.09225,0.083,55
IND,27.0,40.5605,0.42573922965252986,0.6403457969387173,0.11025,0.05375,8.991901293450002,11.130047155709082,0.328,0.0,0.338,0.36275,0.106,55
MIA,27.0,40.9125,0.1694415397301974,0.415144046786109,0.1195,0.0335,9.559684134991832,11.575923575026133,0.36825,0.0,0.285,0.37,0.1165,55
MIL,18.0,27.916,0.0,0.0,0.0,0.0,0.0,0.0,0.0,0.2835,0.7165,0.0,0.0,55
NYK,30.0,44.2165,0.0,0.0,0.096,-0.12525,0.0,0.0,0.78825,0.0,0.03375,0.149,0.1285,55
ORL,32.0,46.59575,0.23325676959667657,0.37608354076342254,0.03575,-0.073,6.871486227379448,7.0894393786053005,0.9525,0.0,0.00425,0.03225,0.04825,55
PHI,37.0,54.79525,0.13789876543209892,0.13789876543209892,0.0,0.0,5.472103692680776,5.472103692680776,1.0,0.0,0.0,0.0,0.0,55
TOR,30.0,45.2245,0.2546524374637125,0.5250273271904373,0.063,-0.11275,7.225960787588012,7.670037947108974,0.897,0.0,0.01425,0.07925,0.07525,55
WAS,22.0,32.52175,0.34619210032797587,-0.0012692480982142706,0.00075,0.004,12.851090471166517,11.983052686373211,0.0,0.00925,0.98775,0.003,0.0,55
DAL,28.0,40.1675,0.11902296364553573,0.23794006511520835,0.071,-0.03075,0.4135329608933036,1.6248207372548809,0.44725,0.0,0.009,0.5645,0.21875,55
DEN,37.0,55.0485,0.0,0.0,0.0,0.0,0.0,0.0,1.0,0.0,0.0,0.0,0.0,55
GSW,23.0,34.83725,0.41804973669895834,0.1664674104161918,0.028,0.11075,11.445115015388842,12.135523656676959,0.1255,0.001,0.3345,0.65225,0.008,55
HOU,30.0,45.431,0.22404674937175376,0.3635065908670513,0.02675,-0.136,7.139279563425358,7.476345776564207,0.93725,0.0,0.00025,0.03,0.122,55
LAC,34.0,44.857,0.0,0.0,0.048,-0.1295,5.156790123456789,5.156790123456789,0.85925,0.0,0.0,0.0395,0.2245,55
LAL,19.0,31.2235,0.0,0.0,0.00825,0.05475,0.0,0.0,0.01775,0.043,0.84925,0.1075,0.00025,55
MEM,23.0,32.69775,0.41529125997053545,0.12156145207753254,0.01325,0.0995,12.63165389268259,12.677188406375441,0.03625,0.00925,0.7555,0.23375,0.001,55
MIN,34.0,48.78975,0.0,0.0,0.00475,-0.03225,0.0,0.0,0.99375,0.0,0.0,0.00125,0.01775,55
NOP,18.0,26.28075,0.2569767857142858,-0.11530238095238093,0.0,0.0015,19.569618898809523,16.000676041666665,0.0,0.56225,0.436,0.00175,0.0,55
OKC,44.0,65.9095,0.0,0.0,0.0,0.0,5.156790123456789,5.156790123456789,1.0,0.0,0.0,0.0,0.0,55
PHX,31.0,45.55575,0.0,0.0,0.03075,-0.11775,0.0,0.0,0.9355,0.0,0.0,0.023,0.125,55
POR,28.0,41.25225,0.32894112464330355,0.5000328672967261,0.07625,-0.05475,8.304553033637946,9.626832652720237,0.647,0.0,0.00475,0.34175,0.2815,55
SAC,14.0,20.79125,0.044676891221428566,-0.009546785338928563,0.0,0.0,15.797115142888833,12.102891716990337,0.0,0.98825,0.01175,0.0,0.0,55
SAS,32.0,51.0795,0.0,0.0,0.0005,-0.01075,0.0,0.0,1.0,0.0,0.0,0.0,0.00125,55
UTA,14.0,26.9555,0.23724083759374998,-0.0051233342666664764,0.0015,0.00525,14.780837980335265,10.112010170554166,0.0005,0.4465,0.54875,0.00475,0.0,55
ATL,25.0,38.105,0.0,0.0,0.0545,0.11775,0.0,0.0,0.11975,0.0,0.53325,0.396,0.03725,56
BOS,30.0,43.91975,0.26459070611741076,0.5664312643456136,0.08425,-0.11875,7.640786892874554,8.593072822029463,0.76475,0.0,0.0135,0.174,0.2065,56
BKN,12.0,19.851,-9.062500000000596e-05,0.0006843750000000019,0.0,0.0,7.351538751102293,7.512118513007054,0.0,0.99775,0.00225,0.0,0.0,56
CHA,29.0,42.19525,0.329779752605506,0.6151182944297406,0.1055,-0.053,8.212575951702382,9.78418221088808,0.55625,0.0,0.056,0.37075,0.2185,56
CHI,17.0,29.253,0.2908061780281248,-0.07809665928835022,0.0,0.00075,14.224705450029909,12.63320961713683,0.0,0.199,0.80075,0.00025,0.0,56
CLE,39.0,57.2425,0.0,0.0,0.0,0.0,0.0,0.0,1.0,0.0,0.0,0.0,0.0,56
DET,42.0,61.57575,0.004904354056437395,0.004904354056437395,0.0,0.0,5.160661981922398,5.160661981922398,1.0,0.0,0.0,0.0,0.0,56
IND,28.0,42.926,0.3006933186223215,0.6004910374298356,0.1035,-0.08525,7.940480839370833,9.24622990766308,0.65875,0.0,0.034,0.27425,0.225,56
MIA,31.0,47.79325,-0.01040955818956128,0.05354081195404016,0.0175,-0.05525,9.365661080789629,9.456521071033896,0.9775,0.0,0.001,0.009,0.0365,56
MIL,21.0,29.13725,0.0,0.0,0.0,0.00075,0.0,0.0,0.0,0.197,0.80275,0.00025,0.0,56
NYK,32.0,49.03125,0.0,0.0,0.00725,-0.029,0.0,0.0,0.994,0.0,0.00025,0.00275,0.01175,56
ORL,26.0,39.2275,0.4534014975104167,0.4006471060255427,0.07675,0.0885,9.561813460938394,11.555078976457931,0.21475,0.0,0.331,0.5115,0.08125,56
PHI,37.0,54.02075,0.1323013007054675,0.1323013007054675,0.0,0.0,5.8336715718694885,5.8336715718694885,1.0,0.0,0.0,0.0,0.0,56
TOR,28.0,43.159,0.30485816389315484,0.5949722208374928,0.098,-0.094,7.848866732245833,9.051770996472053,0.71425,0.0,0.0315,0.26125,0.18325,56
WAS,18.0,27.96625,0.24265067895133915,-0.07636238299226189,0.0,0.0,14.642501385480355,11.666155265386312,0.0,0.37575,0.62425,0.0,0.0,56
DAL,27.0,37.3615,0.24084796358705357,0.20958457935454933,0.04475,0.102,1.1097346230580358,2.434518167518836,0.1075,0.0,0.34575,0.57325,0.04375,56
DEN,27.0,42.12775,0.0,0.0,0.10075,-0.11375,0.0,0.0,0.717,0.0,0.0185,0.263,0.1905,56
GSW,31.0,43.63125,0.24748364564017863,0.4817074999142361,0.06725,-0.1425,7.6165327351901775,8.219116049076536,0.83825,0.0,0.003,0.11675,0.1695,56
HOU,29.0,44.496,0.21096837232062393,0.3819471407257755,0.044,-0.12875,7.369634921742918,7.743282863328015,0.92175,0.0,0.00325,0.065,0.098,56
LAC,23.0,32.586,0.001914010141093476,0.001914010141093476,0.0035,0.03675,5.573504001322751,5.573504001322751,0.0075,0.0145,0.936,0.0485,0.0005,56
LAL,33.0,49.357,0.0,0.0,0.002,-0.01125,0.0,0.0,0.99775,0.0,0.0,0.0015,0.00325,56
MEM,25.0,34.93825,0.43464832157247013,0.15370634850685225,0.01775,0.0965,11.834991324559674,12.504300532604585,0.03025,0.00075,0.78075,0.204,0.0085,56
MIN,28.0,41.693,0.0,0.0,0.0945,-0.10475,0.0,0.0,0.644,0.0,0.024,0.3315,0.207,56
NOP,21.0,29.0125,0.30572619047619054,-0.12698660714285712,0.0,0.00125,18.54013690476191,16.054895535714287,0.0,0.21575,0.7835,0.00075,0.0,56
OKC,34.0,55.25,0.1496392746913582,0.1496392746913582,0.0,0.0,5.573504001322751,5.573504001322751,1.0,0.0,0.0,0.0,0.0,56
PHX,26.0,42.89975,0.0,0.0,0.07275,-0.13075,0.0,0.0,0.83325,0.0,0.00675,0.17825,0.15375,56
POR,23.0,34.10725,0.4226836502178569,0.10083755888145543,0.0115,0.0735,12.250146430189135,12.62265737729906,0.01625,0.004,0.86225,0.1275,0.00325,56
SAC,13.0,20.341,0.05280754164866069,-0.004336749201303846,0.0,0.0,15.644307297903568,11.966598390893198,0.0,0.9955,0.0045,0.0,0.0,56
SAS,35.0,52.48025,0.0,0.0,0.0,-0.00075,0.0,0.0,1.0,0.0,0.0,0.0,0.00025,56
UTA,30.0,44.315,0.21646114502523703,0.27026562045901675,0.0515,-0.12025,7.444188316874999,7.582007390339286,0.8865,0.0,0.00125,0.09,0.12175,56
ATL,24.0,39.27575,0.0,0.0,0.0615,0.1145,0.0,0.0,0.14075,0.0,0.59125,0.31825,0.039,57
BOS,37.0,52.457,0.18524369733104618,0.18656536527950848,0.00025,-0.001,6.0308069083098825,6.03114018060021,0.99975,0.0,0.0,0.0,0.00075,57
BKN,13.0,21.589,-0.009620089285714296,-0.025564583333333335,0.0,0.0,8.600383333333333,9.162762053571427,0.0,0.84625,0.15375,0.0,0.0,57
CHA,29.0,43.2755,0.34497511047157753,0.7036251484327112,0.12,-0.08325,8.247125848798959,9.642311765162455,0.5955,0.0,0.07575,0.31125,0.18925,57
CHI,17.0,25.03025,0.15761496951919635,-0.07960890376480709,0.0,0.0,14.699986192428572,12.761387744077899,0.0,0.1935,0.8065,0.0,0.0,57
CLE,26.0,40.799,0.0,0.0,0.0925,0.08125,0.0,0.0,0.2735,0.0,0.31225,0.46575,0.094,57
DET,36.0,51.61125,0.19231777401343153,0.19836203298282634,0.00175,-0.00525,6.212853103638206,6.214678530431758,0.99875,0.0,0.0,0.00025,0.0015,57
IND,31.0,48.418,0.20862642050757824,0.2635640894359512,0.013,-0.0445,6.90215425950442,6.976017382944883,0.98725,0.0,0.001,0.009,0.021,57
MIA,28.0,43.132,0.09169470388684975,0.41389948157981915,0.11825,-0.05625,9.412561609689089,10.793527190874826,0.58275,0.0,0.07625,0.3415,0.176,57
MIL,19.0,26.9495,0.0,0.0,0.0,0.0,0.0,0.0,0.0,0.04975,0.95025,0.0,0.0,57
NYK,30.0,44.679,0.0,0.0,0.098,-0.1325,0.0,0.0,0.75725,0.0,0.02175,0.17875,0.172,57
ORL,31.0,46.3555,0.21768383736877206,0.438208697759903,0.05375,-0.10975,7.357866158325721,7.736728662122214,0.90875,0.0,0.00675,0.066,0.0845,57
PHI,27.0,44.74725,0.25141993612413477,0.5825159533818203,0.088,-0.13675,7.710357772783542,8.520415530740287,0.81425,0.0,0.0255,0.16025,0.13425,57
TOR,32.0,46.79275,0.21584066735292662,0.3788082954966412,0.04225,-0.10625,7.266167718720524,7.564967938977015,0.92375,0.0,0.0035,0.047,0.08025,57
WAS,26.0,36.873,0.3614642432458334,0.09492085858333338,0.01325,0.0645,11.434352107019793,11.839574159874402,0.01775,0.0,0.886,0.102,0.0075,57
DAL,22.0,30.48,0.1803722383299108,0.005761147038826533,0.0,0.006,3.1690194601593746,3.412487998706965,0.0,0.001,0.994,0.005,0.0,57
DEN,40.0,56.8935,0.0,0.0,0.0,-0.00075,0.0,0.0,1.0,0.0,0.0,0.0,0.00025,57
GSW,28.0,42.0895,0.3193589401282738,0.3835722153374149,0.06275,-0.004,8.599342098226042,10.369254158244297,0.49525,0.0,0.0105,0.519,0.25525,57
HOU,27.0,41.8195,0.3580021144188989,0.37694266011777205,0.07,0.00175,8.717582265566667,10.542175978941279,0.463,0.0,0.0115,0.56775,0.23775,57
LAC,20.0,29.825,-1.5090388007054312e-05,-1.5090388007054312e-05,0.0,0.00225,5.2410444444444435,5.2410444444444435,0.0,0.00475,0.9935,0.00175,0.0,57
LAL,31.0,47.9805,0.0,0.0,0.02375,-0.13575,0.0,0.0,0.9115,0.0,0.0,0.015,0.19625,57
MEM,13.0,20.878,0.06996944010491087,-0.05806346217912402,0.0,0.0,15.333543100455355,12.13781719188052,0.0,0.90475,0.09525,0.0,0.0,57
MIN,33.0,49.411,0.0,0.0,0.01775,-0.103,0.0,0.0,0.966,0.0,0.0,0.00525,0.0925,57
NOP,23.0,34.039,0.12352693452380956,0.0540543154761905,0.005,0.042,16.64319270833333,16.69191279761905,0.0095,0.0,0.91825,0.0805,0.00075,57
OKC,38.0,57.28575,0.06117733686067025,0.06117733686067025,0.0,-0.0005,5.2410444444444435,5.2410444444444435,1.0,0.0,0.0,0.0,0.0,57
PHX,33.0,50.02,0.0,0.0,0.01225,-0.08575,0.0,0.0,0.974,0.0,0.0,0.001,0.07025,57
POR,35.0,50.34375,0.22556317062000664,0.31479181034738757,0.018,-0.08025,6.477314989926114,6.620842404043078,0.97475,0.0,0.0,0.001,0.06075,57
SAC,7.0,12.76875,0.004147796774999996,1.0189683531749871e-05,0.0,0.0,15.860321796611602,12.054280120039286,0.0,1.0,0.0,0.0,0.0,57
SAS,37.0,54.591,0.0,0.0,0.001,-0.00775,0.0,0.0,0.99975,0.0,0.0,0.0,0.002,57
UTA,27.0,39.59,0.41140636805446434,0.11624476811369044,0.0405,0.03825,9.843687114718156,9.469694133902978,0.20625,0.0,0.0665,0.80375,0.08425,57
ATL,25.0,37.4845,0.0,0.0,0.02675,0.09675,0.0,0.0,0.038,0.0,0.808,0.17825,0.009,58
BOS,34.0,49.1125,0.16858083152603612,0.2544591207092206,0.017,-0.0625,6.539044713332596,6.670099391406851,0.97825,0.0,0.00025,0.011,0.03875,58
BKN,19.0,28.613,0.0012446428571428587,0.0012446428571428587,0.0,0.0,6.619193187830688,6.620649586640212,0.0,0.09875,0.90125,0.0,0.0,58
CHA,27.0,39.6785,0.4001729886113096,0.33729145431751123,0.05725,0.1165,9.496082964530952,12.087075663333017,0.12625,0.0,0.50025,0.41475,0.0435,58
CHI,17.0,26.25875,0.21504215308392852,-0.1271001939928059,0.0,0.0,14.75397524785089,12.608922767831917,0.0,0.38325,0.61675,0.0,0.0,58
CLE,30.0,47.5065,0.0,0.0,0.03425,-0.12425,0.0,0.0,0.94775,0.0,0.00175,0.03075,0.08,58
DET,30.0,46.284,0.22409924372559528,0.5220634462851176,0.05175,-0.1325,7.181402975974554,7.862868587351397,0.8775,0.0,0.0075,0.09175,0.14625,58
IND,36.0,53.4155,0.04438354152876987,0.045910456488591295,0.001,-0.0035,6.161756020964204,6.163535909125663,0.99975,0.0,0.0,0.0,0.00075,58
MIA,27.0,42.2845,0.07035252071001447,0.36736011546361264,0.10925,0.01675,9.180843571606554,11.46001581391706,0.404,0.0,0.138,0.52225,0.14825,58
MIL,17.0,25.68525,0.0,0.0,0.0,0.0,0.0,0.0,0.0,0.48175,0.51825,0.0,0.0,58
NYK,30.0,45.43025,0.0,0.0,0.072,-0.1155,0.0,0.0,0.8005,0.0,0.0125,0.1455,0.192,58
ORL,32.0,46.93775,0.2398081020347608,0.47400062871588183,0.05525,-0.11525,7.033746441504823,7.508564554606923,0.89925,0.0,0.00325,0.05875,0.11875,58
PHI,34.0,51.91125,0.05180991186073632,0.06265198385498234,0.00175,-0.0095,6.239998583976947,6.250249150057551,0.999,0.0,0.0,0.00125,0.00225,58
TOR,30.0,45.59325,0.2546153010136905,0.625245705638037,0.079,-0.1395,7.345628700876636,8.254141142563704,0.8245,0.0,0.01025,0.13675,0.1785,58
WAS,28.0,39.59775,0.3872256097511905,0.2523810717476189,0.04575,0.1295,9.547725237330507,11.358089525391668,0.10525,0.0,0.51825,0.409,0.042,58
DAL,23.0,36.7085,0.34304052319285716,0.40082785200088017,0.12375,0.06175,1.0693286903928572,1.9229838483841326,0.4005,0.0,0.2645,0.3615,0.1495,58
DEN,42.0,59.928,0.0,0.0,0.0,0.0,0.0,0.0,1.0,0.0,0.0,0.0,0.0,58
GSW,24.0,36.13775,0.6794287547101191,0.5686470014746101,0.109,0.096,10.607130665201787,11.277990251932845,0.29875,0.0,0.3485,0.366,0.1375,58
HOU,35.0,48.47825,0.16987768559618602,0.17311739367505508,-0.00025,-0.0015,6.61937924782533,6.620749692820272,0.99975,0.0,0.0,0.0,0.00075,58
LAC,19.0,27.35025,-0.000774371693121694,-0.000774371693121694,0.0,0.001,5.175116920194003,5.175116920194003,0.0,0.208,0.7915,0.0005,0.0,58
LAL,29.0,43.98975,0.0,0.0,0.01225,-0.0515,0.0,0.0,0.98275,0.0,0.00025,0.00825,0.02625,58
MEM,25.0,35.36075,0.6513126030110118,0.4926804131133814,0.09,0.122,11.28233722903869,11.787444687593856,0.18225,0.00025,0.48225,0.33475,0.0995,58
MIN,23.0,37.20825,0.0,0.0,0.119,0.0415,0.0,0.0,0.49875,0.0,0.20725,0.33325,0.161,58
NOP,16.0,23.514,-0.0648440476190476,-0.052246577380952376,0.0,0.0,20.312010267857143,15.556735863095236,0.0,0.8295,0.1705,0.0,0.0,58
OKC,39.0,60.2295,0.0214242835097002,0.0214242835097002,0.0,0.0,5.175116920194003,5.175116920194003,1.0,0.0,0.0,0.0,0.0,58
PHX,28.0,40.799,0.0,0.0,0.065,-0.11625,0.0,0.0,0.8465,0.0,0.0165,0.08175,0.15275,58
POR,26.0,38.41725,0.5570406436720239,0.6040860984631858,0.11525,-0.0365,8.943179088191519,9.56707315732956,0.61475,0.0,0.103,0.2465,0.205,58
SAC,12.0,18.42425,0.023862085056696417,-0.0016196207746825358,0.0,0.0,15.828953514958924,12.068811379580765,0.0,0.998,0.002,0.0,0.0,58
SAS,41.0,62.822,0.0,0.0,0.0,0.0,0.0,0.0,1.0,0.0,0.0,0.0,0.0,58
UTA,22.0,34.83925,0.5826342125834819,0.20739018768333328,0.071,0.11275,11.505207639976787,9.665034961161906,0.176,0.0005,0.5775,0.2675,0.06775,58
ATL,16.0,29.659,0.0,0.0,0.004,0.02475,0.0,0.0,0.005,0.184,0.7885,0.0275,0.0,59
BOS,38.0,53.43825,0.18447535517937072,0.1849092470539243,0.00025,-0.00125,5.788607068142333,5.789040960016887,0.99975,0.0,0.0,0.0,0.00025,59
BKN,20.0,31.65325,0.0026684799382716068,0.004947051366843038,0.008,0.0685,6.554381586199296,6.5855068838183435,0.01125,0.04675,0.836,0.116,0.001,59
CHA,34.0,47.5185,0.1836046568215719,0.26371059980430994,0.018,-0.0725,7.0735814774236605,7.22070629207753,0.9645,0.0,0.0,0.0025,0.0695,59
CHI,22.0,32.29225,0.5813279572775295,0.08835703894550591,0.00825,0.082,11.816076777851636,12.737765098310371,0.014,0.02375,0.82625,0.149,0.001,59
CLE,22.0,37.87225,0.0,0.0,0.05875,0.05375,0.0,0.0,0.34075,0.0,0.07575,0.777,0.08175,59
DET,32.0,48.744,0.19096744810291005,0.22379926998282076,0.00575,-0.0405,6.8006818342737105,6.857804497809573,0.992,0.0,0.0,0.00125,0.02325,59
IND,33.0,50.8225,0.19748796478855274,0.20262657566578485,0.00075,-0.012,6.349004777819059,6.357483958164,0.9995,0.0,0.0,0.0,0.0035,59
MIA,22.0,35.79375,0.30033005289851183,0.1634293238790935,0.03375,0.1145,10.05275535572034,12.21205376940763,0.13725,0.0005,0.26675,0.6945,0.02275,59
MIL,20.0,28.35375,0.0,0.0,0.00025,0.0055,0.0,0.0,0.0005,0.342,0.652,0.006,0.0,59
NYK,28.0,41.91625,0.0,0.0,0.06025,-0.06425,0.0,0.0,0.67925,0.0,0.0025,0.15,0.4395,59
ORL,29.0,45.68,0.12716439973544422,0.24557470642686285,0.02275,-0.122,7.362484906333901,7.691383235101013,0.938,0.0,0.0,0.00925,0.14925,59
PHI,33.0,51.36475,0.1875643388063933,0.19301325462841715,0.00075,-0.0065,6.2341488940213585,6.238390566224781,0.99925,0.0,0.0,0.0,0.002,59
TOR,29.0,44.821,0.12803507270160383,0.25270526727546294,0.0265,-0.1225,7.463422461672381,7.9382952229658335,0.915,0.0,0.00025,0.022,0.20625,59
WAS,21.0,30.52425,0.5930440398772318,0.00256047422738099,0.00275,0.03825,12.965855268010714,11.872925838905354,0.004,0.0915,0.8635,0.045,0.0,59
DAL,23.0,32.9425,0.3894628559669643,0.14023492592265308,0.0125,0.13525,1.6281424489549108,2.7823777549563484,0.056,0.0135,0.40775,0.578,0.0005,59
DEN,35.0,52.64125,0.0,0.0,0.0005,-0.004,0.0,0.0,0.9995,0.0,0.0,0.0,0.00175,59
GSW,30.0,42.78725,0.17248716035327386,0.4824352787443453,0.08325,-0.07075,7.932433134966964,9.774812214645436,0.612,0.0,0.0,0.39875,0.25525,59
HOU,34.0,49.90025,0.20585731887867065,0.24658728152633927,0.00775,-0.033,6.556464270965367,6.604745789525039,0.99075,0.0,0.0,0.0035,0.016,59
LAC,23.0,31.84575,0.0005162477954144627,0.0005162477954144627,0.011,0.119,5.216194334215166,5.216194334215166,0.025,0.0285,0.62075,0.35075,0.0,59
LAL,29.0,44.786,0.0,0.0,0.0515,-0.12075,0.0,0.0,0.8185,0.0,0.0,0.14,0.23375,59
MEM,19.0,27.1165,0.37776944246607136,-0.10977040595581218,0.00175,0.01525,14.798459133567857,12.43023007660285,0.00075,0.56575,0.41675,0.0175,0.0,59
MIN,28.0,42.94925,0.0,0.0,0.06425,-0.07375,0.0,0.0,0.64825,0.0,0.00025,0.36625,0.26525,59
NOP,20.0,28.073,0.34684627976190474,-0.13216592261904758,0.00175,0.021,18.597215476190478,15.969212202380954,0.002,0.3955,0.578,0.0265,0.0,59
OKC,39.0,57.73125,0.044641776895943605,0.044641776895943605,0.0,0.0,5.216194334215166,5.216194334215166,1.0,0.0,0.0,0.0,0.0,59
PHX,30.0,45.521,0.0,0.0,0.04775,-0.1445,0.0,0.0,0.85425,0.0,0.0,0.09025,0.2075,59
POR,36.0,49.97675,0.20697238860396275,0.24858906598357583,0.00675,-0.033,6.533517737892362,6.58510903653001,0.9915,0.0,0.0,0.00175,0.02,59
SAC,19.0,27.95575,0.4427165708258926,-0.08853010406428723,0.001,0.024,14.4207157266433,12.550086904490962,0.00125,0.41475,0.559,0.02625,0.0,59
SAS,41.0,61.02825,0.0,0.0,0.0,0.0,0.0,0.0,1.0,0.0,0.0,0.0,0.0,59
UTA,15.0,24.2915,0.16024727469196431,-0.003561111379761814,0.0005,0.00125,15.5690025620308,10.087751083764287,0.00025,0.8935,0.106,0.0005,0.0,59
ATL,28.0,41.66875,0.0,0.0,0.09725,0.00625,0.0,0.0,0.4365,0.0,0.1055,0.44225,0.19725,60
BOS,36.0,54.59325,0.12008064373897719,0.12074714206367956,0.0,-0.00025,5.890467791005292,5.891134289329994,1.0,0.0,0.0,0.0,0.00025,60
BKN,17.0,24.9675,-0.00028690476190475775,-0.0038171130952381004,0.0,0.0,7.541433482142857,7.846586904761904,0.0,0.10925,0.89075,0.0,0.0,60
CHA,28.0,42.3225,0.30713611559330367,0.61112022274321,0.11375,-0.0395,8.160691376623364,9.874658918778772,0.57675,0.0,0.06,0.37775,0.20125,60
CHI,22.0,34.02225,0.4512708347303569,0.03810165903564193,0.0025,0.02975,12.225594226123363,12.884140447358414,0.00425,0.0,0.96175,0.037,0.001,60
CLE,24.0,39.77175,0.0,0.0,0.07475,0.09375,0.0,0.0,0.303,0.0,0.26325,0.558,0.07725,60
DET,35.0,51.664,0.09957151182878639,0.11167321428171298,0.00175,-0.00775,6.242514494952972,6.2475297552373465,0.9985,0.0,0.0,0.0,0.0025,60
IND,31.0,46.86275,0.19562627722428352,0.35031178615906244,0.032,-0.1055,7.077086688913006,7.30772981076397,0.95075,0.0,0.00125,0.02475,0.069,60
MIA,20.0,34.226,0.4625124518902555,0.039239706543579736,0.00725,0.035,12.10829090104438,12.989474984152412,0.0075,0.0,0.95475,0.04375,0.001,60
MIL,14.0,20.19775,0.0,0.0,0.0,0.0,0.0,0.0,0.0,0.93625,0.06375,0.0,0.0,60
NYK,35.0,53.06975,0.0,0.0,0.0,-0.002,0.0,0.0,1.0,0.0,0.0,0.0,0.0,60
ORL,32.0,44.229,0.21836077102991078,0.5213685076397746,0.0935,-0.12575,7.708828241383928,8.755148629930575,0.72025,0.0,0.0125,0.14475,0.284,60
PHI,30.0,46.83225,0.20251902283639772,0.36652799123774404,0.03375,-0.10175,7.069577470078186,7.320987229421758,0.9565,0.0,0.001,0.0295,0.06825,60
TOR,30.0,46.80375,0.19259579752086092,0.3454420550009488,0.02625,-0.103,7.087824207453841,7.3482924795007305,0.95025,0.0,0.001,0.02975,0.0725,60
WAS,25.0,37.79,0.4572441178419643,0.2055275118678572,0.0505,0.1195,10.108422314042114,11.520307787687498,0.09575,0.0,0.639,0.3125,0.02575,60
DAL,32.0,47.04275,0.004246031937946429,0.04276115051130952,0.0125,-0.0785,0.00717191443794643,0.09094341229940477,0.97475,0.0,0.0,0.002,0.0735,60
DEN,39.0,56.0685,0.0,0.0,0.0,0.0,0.0,0.0,1.0,0.0,0.0,0.0,0.0,60
GSW,30.0,43.43075,0.16618257250625001,0.3277639867167801,0.0415,-0.1235,7.680066033033779,8.439787500382042,0.84175,0.0,0.00025,0.0535,0.32825,60
HOU,30.0,43.94925,0.14383362754002973,0.2738599941713294,0.02775,-0.125,7.570138426099702,8.194685598442808,0.87425,0.0,0.0,0.03125,0.28225,60
LAC,25.0,33.35125,-0.000774371693121694,-0.000774371693121694,0.014,0.122,5.1942180886243365,5.1942180886243365,0.0245,0.0,0.73525,0.26125,0.00225,60
LAL,17.0,28.02975,0.0,0.0,0.0005,0.00675,0.0,0.0,0.00075,0.014,0.98075,0.00525,0.0,60
MEM,22.0,33.5845,0.49444258625476173,0.1421680494346214,0.02475,0.11425,12.272449270258928,12.556392884573874,0.056,0.0,0.694,0.30225,0.0025,60
MIN,33.0,48.30125,0.0,0.0,0.008,-0.0475,0.0,0.0,0.98875,0.0,0.0,0.00075,0.02875,60
NOP,11.0,19.43925,0.0497075892857143,-0.003126190476190498,0.0,0.0,20.86787767857143,14.74570267857143,0.0,0.95575,0.04425,0.0,0.0,60
OKC,41.0,60.1015,0.03510485008818346,0.03510485008818346,0.0,0.0,5.1942180886243365,5.1942180886243365,1.0,0.0,0.0,0.0,0.0,60
PHX,22.0,34.93375,0.0,0.0,0.0265,0.132,0.0,0.0,0.12025,0.0,0.44275,0.54475,0.00725,60
POR,32.0,44.86925,0.17858659285306439,0.3290775466155502,0.04175,-0.1405,7.42544825315625,7.921497227891865,0.908,0.0,0.0,0.0135,0.228,60
SAC,12.0,18.153,0.08373802481919647,-0.012571031120762445,0.0,0.0,15.64922985349955,12.068832183163256,0.0,0.98475,0.01525,0.0,0.0,60
SAS,42.0,62.413,0.0,0.0,0.0,0.0,0.0,0.0,1.0,0.0,0.0,0.0,0.0,60
UTA,25.0,37.311,0.4690569459693453,0.12055490072380948,0.04275,0.0775,10.058208896370687,9.563409645378572,0.211,0.0,0.133,0.7855,0.04725,60
ATL,22.0,35.02025,0.0,0.0,0.01925,0.079,0.0,0.0,0.0335,0.0,0.79975,0.1975,0.002,61
BOS,31.0,46.625,0.11936967717857144,0.3116442489383532,0.031,-0.13375,7.33191685383229,7.980126746935585,0.90175,0.0,0.0005,0.025,0.23675,61
BKN,11.0,18.13025,0.001004613095238099,-0.007545089285714282,0.0,0.0,7.662137202380951,7.877710714285713,0.0,0.9945,0.0055,0.0,0.0,61
CHA,27.0,39.6505,0.23862879944270843,0.2165144524816113,0.05175,0.04425,8.77168299033735,11.590338922433508,0.2235,0.0,0.0775,0.82775,0.0545,61
CHI,16.0,26.5775,0.2840590370526784,-0.08522535342011316,0.0,0.0,14.291734612216516,12.802291454846923,0.00025,0.19175,0.808,0.00025,0.0,61
CLE,32.0,46.489,0.0,0.0,0.0415,-0.12325,0.0,0.0,0.8475,0.0,0.00025,0.03025,0.31125,61
DET,37.0,54.948,0.1416403794298116,0.1440929863555557,0.00025,-0.003,5.966442099006532,5.968888451467395,0.99975,0.0,0.0,0.0,0.001,61
IND,25.0,38.87225,0.24016892160625009,0.20043863984792504,0.03625,0.061,8.991257250300745,11.738138705439793,0.187,0.0,0.12175,0.8165,0.0355,61
MIA,37.0,55.0115,0.0,0.00034303673043209893,0.0,-0.0015,9.382940917107586,9.383974787798316,1.0,0.0,0.0,0.0,0.00075,61
MIL,16.0,24.3385,0.0,0.0,0.0,0.0,0.0,0.0,0.0,0.56125,0.43875,0.0,0.0,61
NYK,37.0,53.047,0.0,0.0,0.002,-0.01025,0.0,0.0,0.9975,0.0,0.0,0.0,0.00525,61
ORL,39.0,54.229,0.12331416935345024,0.12625154252428358,0.0005,-0.0035,6.064394096602128,6.069286801523854,0.9995,0.0,0.0,0.0,0.002,61
PHI,36.0,55.553,0.14476579585537933,0.1454354214125222,0.0,-0.001,5.866786541005291,5.866786541005291,1.0,0.0,0.0,0.0,0.0,61
TOR,29.0,44.84725,0.11383950002425598,0.35212984823370325,0.05125,-0.08825,7.554905062598958,8.727934077687241,0.80975,0.0,0.002,0.10125,0.351,61
WAS,18.0,29.148,0.3663234830223211,-0.013484829258333313,0.0,0.00225,13.30683144805491,11.979513174644643,0.0,0.02825,0.97025,0.0015,0.0,61
DAL,13.0,22.98325,0.1307181667897321,-0.13316863602047618,0.0,0.0,5.0769781601647335,2.6190434042689965,0.0,0.766,0.234,0.0,0.0,61
DEN,31.0,46.0145,0.0,0.0,0.00525,-0.04875,0.0,0.0,0.98975,0.0,0.0,0.00025,0.03175,61
GSW,19.0,29.5435,0.4019822161629461,0.03452732378136904,0.00875,0.0395,13.08987433716949,12.875267382581882,0.00975,0.01875,0.916,0.0645,0.0005,61
HOU,26.0,41.49475,0.11488926848139877,0.23115512458675594,0.03,-0.11375,7.669289031458779,8.22695100357103,0.90125,0.0,0.0015,0.04525,0.2415,61
LAC,22.0,34.4815,0.0,0.0,0.052,0.11525,5.156790123456789,5.156790123456789,0.23125,0.0,0.29325,0.64325,0.03575,61
LAL,32.0,47.88925,0.0,0.0,0.00225,-0.016,0.0,0.0,0.99675,0.0,0.0,0.00025,0.00925,61
MEM,24.0,31.02475,0.4143255182108629,0.1099386760828471,0.00825,0.082,12.413356122975298,12.782664346436164,0.0145,0.002,0.8475,0.14725,0.003,61
MIN,33.0,49.5955,0.0,0.0,0.0,-0.004,0.0,0.0,1.0,0.0,0.0,0.0,0.00075,61
NOP,25.0,33.941,0.3592388392857143,0.14852916666666666,0.02675,0.1325,16.370679017857146,15.499105952380953,0.0915,0.0,0.37975,0.577,0.031,61
OKC,45.0,67.589,0.0,0.0,0.0,0.0,5.156790123456789,5.156790123456789,1.0,0.0,0.0,0.0,0.0,61
PHX,28.0,43.55925,0.0,0.0,0.02075,-0.11925,0.0,0.0,0.95275,0.0,0.0,0.00525,0.13425,61
POR,29.0,40.2715,0.18791534363035717,0.2911267856874107,0.0495,-0.0635,8.11634448076875,9.06693617172135,0.711,0.0,0.004,0.081,0.492,61
SAC,17.0,24.9555,0.22063766218749997,-0.11957088847470204,0.0,0.001,14.803638028450445,12.58330123619773,0.0,0.43725,0.56175,0.001,0.0,61
SAS,41.0,61.04775,0.0,0.0,0.0,0.0,0.0,0.0,1.0,0.0,0.0,0.0,0.0,61
UTA,22.0,33.122,0.5240196602683036,0.09315542385833323,0.039,0.13575,11.210642302275298,9.862600509763094,0.1015,0.00025,0.538,0.435,0.02025,61
ATL,32.0,46.53875,0.0,0.0,0.0615,-0.11875,0.0,0.0,0.85725,0.0,0.0105,0.08375,0.14775,62
BOS,40.0,57.91675,0.08628481040564384,0.08628481040564384,0.0,0.0,5.309341347001762,5.309341347001762,1.0,0.0,0.0,0.0,0.0,62
BKN,11.0,19.532,-0.004551785714285713,4.28571428571376e-05,0.0,0.0,7.22537425595238,7.270985416666665,0.0,0.94225,0.05775,0.0,0.0,62
CHA,28.0,41.802,0.3669350826986608,0.5624656825699871,0.10275,0.0765,8.786471929218452,11.136717732735043,0.3305,0.0,0.28925,0.4175,0.1275,62
CHI,17.0,28.1845,0.22680541509151766,-0.011204888843200086,0.0,0.0,13.81503373432589,12.928156948623965,0.0,0.0175,0.9825,0.0,0.0,62
CLE,35.0,50.35675,0.0,0.0,0.00775,-0.031,0.0,0.0,0.989,0.0,0.00025,0.00275,0.016,62
DET,35.0,52.81675,0.10828654693990857,0.11423883598321215,0.001,-0.00575,6.094114033230198,6.098670231949592,0.9995,0.0,0.0,0.00075,0.00075,62
IND,31.0,44.457,0.2782271919716657,0.6377717406992278,0.10475,-0.06725,7.859991195508482,9.34162076948948,0.62,0.0,0.052,0.23825,0.27375,62
MIA,27.0,42.57175,0.0902554305810462,0.4070427424522875,0.11825,0.04075,9.315755012182697,11.348286098517892,0.46025,0.0,0.1705,0.4325,0.15125,62
MIL,15.0,21.6055,0.0,0.0,0.0,0.0,0.0,0.0,0.0,0.82125,0.17875,0.0,0.0,62
NYK,39.0,56.12125,0.0,0.0,0.0,0.0,0.0,0.0,0.99975,0.0,0.0,0.0,0.00025,62
ORL,29.0,42.985,0.32925909965223227,0.6222521455688873,0.103,0.01625,8.33124703543646,10.335307469596762,0.4615,0.0,0.14225,0.39125,0.1855,62
PHI,35.0,53.45375,0.11354929453262795,0.11618331817905653,0.0,-0.002,6.024135584456268,6.026570351937071,0.99975,0.0,0.0,0.0,0.001,62
TOR,27.0,41.433,0.3503544870002977,0.4781927409088518,0.07775,0.0885,8.950189879936014,11.380375461168521,0.2825,0.0,0.33525,0.43325,0.09625,62
WAS,18.0,28.0645,0.22240942706116054,-0.0073938611339285564,0.0,0.0,13.856195756766516,11.967754234119642,0.0,0.01825,0.98175,0.0,0.0,62
DAL,26.0,41.189,0.09716757038928571,0.3029339458960715,0.07975,-0.08625,0.22131338121250002,0.9261484538223215,0.73875,0.0,0.022,0.259,0.211,62
DEN,29.0,44.77325,0.0,0.0,0.02675,-0.10175,0.0,0.0,0.9605,0.0,0.00025,0.02825,0.0645,62
GSW,32.0,45.0095,0.16687583161145836,0.26250143726284725,0.03175,-0.0905,7.346605304348064,7.535636213089483,0.9575,0.0,0.0005,0.0205,0.07875,62
HOU,30.0,45.64975,0.1597013834183036,0.2500474936264881,0.01775,-0.07225,7.230639292718897,7.357607302741517,0.97325,0.0,0.00025,0.01425,0.051,62
LAC,18.0,24.4985,0.0,0.0,0.0,0.0,5.156790123456789,5.156790123456789,0.0,0.21025,0.78975,0.0,0.0,62
LAL,26.0,41.00275,0.0,0.0,0.086,-0.08375,0.0,0.0,0.6945,0.0,0.02975,0.2695,0.2475,62
MEM,25.0,34.90775,0.3514177343931548,0.18755866449774777,0.03,0.118,11.73125597644539,12.553961746117839,0.04675,0.0,0.72825,0.24825,0.01575,62
MIN,36.0,53.68975,0.0,0.0,0.0,0.0,0.0,0.0,1.0,0.0,0.0,0.0,0.0,62
NOP,21.0,29.45425,0.28784032738095244,-0.0846284226190476,0.0005,0.004,18.874174404761906,15.996377083333334,0.0,0.002,0.99525,0.00275,0.0,62
OKC,45.0,66.75225,0.0,0.0,0.0,0.0,5.156790123456789,5.156790123456789,1.0,0.0,0.0,0.0,0.0,62
PHX,28.0,39.73,0.0,0.0,0.09325,-0.014,0.0,0.0,0.409,0.0,0.067,0.4685,0.23675,62
POR,21.0,33.53175,0.30279714457916657,0.12044826237751967,0.022,0.07775,12.143543959862352,12.755949591992529,0.03575,0.0,0.86425,0.12825,0.0035,62
SAC,10.0,17.64975,0.06740633004598215,-0.010503519661539083,0.0,0.0,15.716718803397765,12.073450886421433,0.0,0.9885,0.0115,0.0,0.0,62
SAS,28.0,46.96575,0.0,0.0,0.0035,-0.03725,0.0,0.0,0.9935,0.0,0.0,0.00375,0.01025,62
UTA,26.0,37.35675,0.48150761047678586,0.19005776401845229,0.07075,0.103,10.482835570446728,9.534257751075595,0.1905,0.0,0.2905,0.557,0.081,62
ATL,32.0,47.39375,0.0,0.0,0.07975,-0.1245,0.0,0.0,0.84725,0.0,0.02375,0.1135,0.13625,63
BOS,34.0,48.91325,0.2403022312225474,0.44067077516325026,0.03225,-0.10325,6.886111544662847,7.222521881199702,0.93075,0.0,0.00725,0.04475,0.07225,63
BKN,15.0,24.39775,0.00017160493827160584,0.00019511684303351063,0.0,0.0,6.411695326278661,6.412826873897708,0.0,0.13725,0.86275,0.0,0.0,63
CHA,30.0,43.218,0.39904922205401794,0.5644426185559284,0.096,0.09425,8.89096288654643,11.297526995722745,0.289,0.0,0.3395,0.405,0.10925,63
CHI,14.0,22.3165,0.22726914676428572,-0.12427198666559511,0.0,0.0,14.835326898070534,12.549030097603541,0.0,0.425,0.575,0.0,0.0,63
CLE,34.0,51.64725,0.0,0.0,0.0045,-0.031,0.0,0.0,0.994,0.0,0.0,0.00325,0.01275,63
DET,27.0,40.546,0.3867944770315477,0.23088152158016442,0.03725,0.0965,10.09342172997381,12.482377805317338,0.074,0.0,0.76925,0.17975,0.023,63
IND,31.0,46.095,0.30500759450104176,0.6930188516801884,0.10775,-0.09825,7.709408891106101,9.001936297787404,0.6955,0.0,0.052,0.2255,0.1885,63
MIA,28.0,42.2485,0.2274883749315036,0.3232682714708792,0.073,0.122,9.68624786032703,12.205976331451268,0.1855,0.0,0.49775,0.35175,0.06975,63
MIL,18.0,26.15575,0.0,0.0,0.0,0.0,0.0,0.0,0.0,0.03325,0.96675,0.0,0.0,63
NYK,36.0,53.12075,0.0,0.0,0.00075,-0.0105,0.0,0.0,0.99725,0.0,0.0,0.001,0.0045,63
ORL,31.0,44.12425,0.38364563487500014,0.684122284719861,0.12825,0.0235,8.488291575789436,10.619013553759098,0.3995,0.0,0.21825,0.3725,0.171,63
PHI,38.0,58.54875,0.049165773809523854,0.049165773809523854,0.0,0.0,5.214351752645501,5.214351752645501,1.0,0.0,0.0,0.0,0.0,63
TOR,34.0,50.95525,0.16287017744869375,0.21844463150541144,0.00975,-0.041,6.4270076717845805,6.506039074166028,0.98825,0.0,0.0,0.0075,0.02225,63
WAS,32.0,45.41475,0.329248595802618,0.5985170328846118,0.115,-0.0465,7.958863655892559,9.233537606659523,0.599,0.0,0.09225,0.2955,0.1905,63
DAL,28.0,40.785,0.14240665647410714,0.27013828213146257,0.08275,-0.07225,0.48813489404285715,1.2341645463584396,0.55625,0.0,0.011,0.3875,0.26975,63
DEN,27.0,43.14575,0.0,0.0,0.05375,-0.145,0.0,0.0,0.87575,0.0,0.001,0.0985,0.17225,63
GSW,33.0,45.18275,0.16859427941050484,0.2595559901423004,0.0355,-0.1095,7.465937473265474,7.637558553463936,0.937,0.0,0.0,0.019,0.0985,63
HOU,34.0,50.922,0.14202691378210977,0.143113358270205,0.00075,-0.0025,6.411784070467053,6.412457076274493,0.99975,0.0,0.0,0.0,0.0005,63
LAC,13.0,20.4025,-0.001548743386243388,-0.001548743386243388,0.0,0.0,5.213319257054673,5.213319257054673,0.0,0.7735,0.2265,0.0,0.0,63
LAL,21.0,34.804,0.0,0.0,0.03975,0.12925,0.0,0.0,0.117,0.0,0.49,0.49125,0.009,63
MEM,19.0,26.0265,0.20343254836607133,-0.018134944545119033,0.0,0.001,13.724830110724998,12.892358523540619,0.0,0.02925,0.96975,0.001,0.0,63
MIN,32.0,48.8545,0.0,0.0,0.00275,-0.01175,0.0,0.0,0.99825,0.0,0.0,0.001,0.0045,63
NOP,11.0,18.32025,0.11745520833333338,-0.033532440476190487,0.0,0.0,19.26269315476191,15.830594047619048,0.0,0.9365,0.0635,0.0,0.0,63
OKC,37.0,58.5765,0.04631132054673726,0.04631132054673726,0.0,0.0,5.213319257054673,5.213319257054673,1.0,0.0,0.0,0.0,0.0,63
PHX,27.0,40.58975,0.0,0.0,0.09075,-0.06475,0.0,0.0,0.548,0.0,0.01075,0.42025,0.2455,63
POR,31.0,43.41525,0.2546147559017857,0.3620639782696145,0.05675,-0.14225,7.869537681055803,8.256667687377215,0.845,0.0,0.0005,0.09075,0.18875,63
SAC,14.0,21.061,0.1957106679955358,-0.12602138169416935,0.0,0.0,15.13862128478348,12.339956864399555,0.0,0.66525,0.33475,0.0,0.0,63
SAS,38.0,57.997,0.0,0.0,0.0,0.0,0.0,0.0,1.0,0.0,0.0,0.0,0.0,63
UTA,21.0,34.82175,0.2540039555389882,0.09251744698630955,0.03475,0.1155,11.621215117272323,9.839020305946429,0.123,0.0,0.48775,0.49075,0.01125,63
ATL,38.0,55.1875,0.0,0.0,0.00025,-0.00025,0.0,0.0,1.0,0.0,0.0,0.0,0.0,64
BOS,45.0,63.08025,0.0477529210758378,0.0477529210758378,0.0,0.0,5.220804850088182,5.220804850088182,1.0,0.0,0.0,0.0,0.0,64
BKN,18.0,30.05875,-0.00014687500000000052,-0.0009924107142857154,0.00175,0.029,7.246382738095237,7.282763839285713,0.00625,0.0225,0.9285,0.04825,0.0005,64
CHA,21.0,33.579,0.523303135085119,0.18071001815198956,0.02825,0.13175,10.614992520905359,12.377162394169169,0.0745,0.0005,0.62825,0.3605,0.00725,64
CHI,19.0,31.05525,0.543205772098958,0.05864372152686643,0.00625,0.0515,12.161461232559224,12.725060005927103,0.01375,0.00975,0.902,0.0865,0.001,64
CLE,30.0,44.95025,0.0,0.0,0.03075,-0.129,0.0,0.0,0.90275,0.0,0.0,0.01425,0.2425,64
DET,32.0,49.2705,0.16140010262589286,0.1991337989892857,0.00525,-0.0425,6.958541766846874,7.008470621922321,0.995,0.0,0.0,0.0,0.021,64
IND,26.0,40.689,0.15658877107991076,0.35358359652190335,0.065,-0.0175,7.888632243445387,9.472942302461634,0.67475,0.0,0.0065,0.24825,0.383,64
MIA,21.0,34.6065,0.4001894057492339,0.16239232592875652,0.0365,0.122,10.240133287288856,12.330554278613977,0.1185,0.0,0.44225,0.5315,0.015,64
MIL,16.0,23.858,0.0,0.0,0.0,0.0,0.0,0.0,0.0,0.73125,0.26875,0.0,0.0,64
NYK,33.0,50.32925,0.0,0.0,0.00175,-0.02375,0.0,0.0,0.997,0.0,0.0,0.00025,0.0085,64
ORL,26.0,38.15,0.2577324699596727,0.3227255759799291,0.064,0.0355,8.671288569476339,11.098876521418788,0.28825,0.0,0.0625,0.6965,0.1515,64
PHI,42.0,59.76825,0.12972105379188728,0.12972105379188728,0.0,0.0,5.582472145061729,5.582472145061729,1.0,0.0,0.0,0.0,0.0,64
TOR,31.0,45.589,0.06809025725029763,0.21552836272723214,0.02625,-0.12275,7.401094713883928,7.815642507881149,0.929,0.0,0.0,0.01125,0.16975,64
WAS,18.0,27.601,0.37831964102767823,-0.03278340923988087,0.0,0.00425,13.998491804641072,11.843715881325597,0.00025,0.1105,0.88675,0.00275,0.0,64
DAL,18.0,27.248,0.3578783754245536,-0.057021923191377555,0.00225,0.019,3.976885267982143,3.1313256978030237,0.00275,0.13725,0.83925,0.0235,0.0,64
DEN,41.0,59.09225,0.0,0.0,0.0,0.0,0.0,0.0,1.0,0.0,0.0,0.0,0.0,64
GSW,28.0,41.6145,0.07690587454970238,0.1592020126711805,0.0205,-0.05375,7.632352228779165,8.397119854525146,0.85925,0.0,0.0005,0.0225,0.35825,64
HOU,32.0,47.24325,0.08998701971488098,0.13238821773363094,0.006,-0.044,7.246799585655505,7.310770006622618,0.9925,0.0,0.0,0.0,0.02825,64
LAC,23.0,33.394,-0.0005162477954144627,-0.0005162477954144627,0.03475,0.12375,5.176149415784832,5.176149415784832,0.1225,0.00025,0.31625,0.65,0.02375,64
LAL,31.0,47.5535,0.0,0.0,0.00425,-0.0385,0.0,0.0,0.99225,0.0,0.0,0.0005,0.02125,64
MEM,21.0,28.4125,0.432012728527827,0.016562792670710022,0.0035,0.03775,13.630317812390327,12.73235282216353,0.00725,0.05375,0.89225,0.05375,0.00025,64
MIN,37.0,53.13275,0.0,0.0,0.0,-0.00025,0.0,0.0,1.0,0.0,0.0,0.0,0.0,64
NOP,12.0,20.3835,0.03655848214285716,-0.04158586309523808,0.0,0.0,20.795133035714287,14.85148630952381,0.0,0.97025,0.02975,0.0,0.0,64
OKC,42.0,63.871,0.018584920634920656,0.018584920634920656,0.0,0.0,5.176149415784832,5.176149415784832,1.0,0.0,0.0,0.0,0.0,64
PHX,20.0,32.40725,0.0,0.0,0.03875,0.13,0.0,0.0,0.1185,0.00225,0.4745,0.5015,0.015,64
POR,22.0,33.584,0.523746968228869,0.221273961463584,0.04425,0.11725,10.37837601007024,11.870260647799277,0.171,0.0005,0.2805,0.67425,0.02675,64
SAC,15.0,21.2035,0.10253863715312507,-0.03681424007725333,0.0,0.0,15.554882762772765,12.022097137723089,0.0,0.96125,0.03875,0.0,0.0,64
SAS,35.0,53.17825,0.0,0.0,0.0,0.0,0.0,0.0,1.0,0.0,0.0,0.0,0.0,64
UTA,27.0,39.90925,0.1446837228294643,0.10030528119166666,0.0315,-0.0235,7.952732225607291,8.283499923047025,0.734,0.0,0.00275,0.074,0.5265,64
ATL,21.0,34.5065,0.0,0.0,0.00375,0.01625,0.0,0.0,0.00425,0.0,0.98225,0.017,0.00075,65
BOS,33.0,46.47175,0.25681204348401676,0.5019169701708719,0.0615,-0.12225,7.069049657435329,7.7113377106529235,0.8605,0.0,0.00475,0.09775,0.13875,65
BKN,11.0,18.5385,0.004271428571428569,0.002240178571428566,0.0,0.0,7.272908482142856,7.333732142857142,0.0,0.9955,0.0045,0.0,0.0,65
CHA,30.0,42.49375,0.3246688569937502,0.609992385408832,0.10375,-0.00975,8.40248269502872,10.576183168224809,0.3915,0.0,0.08575,0.5425,0.1495,65
CHI,23.0,33.29225,0.43842098742485086,0.009654029918912975,0.001,0.008,12.656440836887203,12.943495288136493,0.0005,0.0,0.99425,0.00575,0.0,65
CLE,30.0,46.7265,0.0,0.0,0.05125,-0.13175,0.0,0.0,0.90975,0.0,0.0035,0.079,0.08825,65
DET,27.0,43.15425,0.31880607200937516,0.6904607280002977,0.11725,-0.04475,8.052437007070834,10.020334152443787,0.566,0.0,0.0665,0.44175,0.1585,65
IND,24.0,38.04125,0.41291289425773814,0.16691484450610825,0.034,0.091,10.173671809722917,12.673972872370141,0.05075,0.0,0.807,0.177,0.00975,65
MIA,32.0,48.20375,-0.017945280117895708,0.08828300084588696,0.02675,-0.08525,9.35696211260015,9.519488166292565,0.96525,0.0,0.0005,0.02675,0.04725,65
MIL,22.0,31.25,0.0,0.0,0.0,0.0015,0.0,0.0,0.0,0.00225,0.99675,0.001,0.0,65
NYK,35.0,52.3785,0.0,0.0,0.00075,-0.005,0.0,0.0,0.99875,0.0,0.0,0.00075,0.00125,65
ORL,30.0,47.0235,0.2395643397716931,0.48668718807383304,0.0435,-0.12425,6.861732537333515,7.252542153820519,0.93475,0.0,0.0015,0.06275,0.07225,65
PHI,30.0,46.40275,0.25844909656413695,0.52738178300462,0.06025,-0.13225,7.050431966770089,7.652006663041071,0.882,0.0,0.00325,0.099,0.11325,65
TOR,34.0,50.8745,0.09721071719314375,0.11480626414263354,0.00275,-0.0185,6.231351191764949,6.261000344118307,0.99625,0.0,0.00025,0.0025,0.00825,65
WAS,32.0,43.2775,0.31406183784717273,0.5511388689535714,0.10975,-0.05975,8.186219914247769,9.656830726491668,0.43975,0.0,0.0515,0.4465,0.21225,65
DAL,20.0,32.92225,0.39001176859017855,0.12133903450369476,0.0245,0.09575,2.6667196489482143,3.1585634284407025,0.05,0.0005,0.775,0.211,0.00875,65
DEN,42.0,60.879,0.0,0.0,0.0,0.0,0.0,0.0,1.0,0.0,0.0,0.0,0.0,65
GSW,27.0,39.52875,0.3476419361130953,0.48302530290182816,0.082,-0.05925,8.637936507192261,9.754433693668666,0.6215,0.0,0.02275,0.34575,0.27825,65
HOU,30.0,44.56625,0.14686965788511905,0.20397916341324404,0.01275,-0.081,7.282593304948214,7.428204244240623,0.97075,0.0,0.0,0.01075,0.069,65
LAC,23.0,32.44975,-0.0020649911816578506,-0.0020649911816578506,0.0115,0.08125,5.3029390542328025,5.3029390542328025,0.01925,0.00025,0.84175,0.154,0.002,65
LAL,29.0,43.87325,0.0,0.0,0.02925,-0.1055,0.0,0.0,0.9455,0.0,0.00075,0.028,0.094,65
MEM,14.0,20.50925,0.08090999990133937,-0.019522134143778343,0.0,0.0,15.480997946729905,12.097557263074602,0.0,0.97625,0.02375,0.0,0.0,65
MIN,25.0,38.39475,0.0,0.0,0.086,-0.0035,0.0,0.0,0.48725,0.0,0.058,0.52275,0.1995,65
NOP,27.0,35.49775,0.246269494047619,0.35227872023809526,0.04125,0.1065,15.292568601190478,15.954701190476191,0.093,0.0,0.2995,0.61775,0.05825,65
OKC,37.0,56.582,0.08421428571428581,0.08421428571428581,0.0,0.0,5.3029390542328025,5.3029390542328025,1.0,0.0,0.0,0.0,0.0,65
PHX,27.0,41.81,0.0,0.0,0.05425,-0.13525,0.0,0.0,0.84875,0.0,0.00275,0.09725,0.21475,65
POR,31.0,44.461,0.17082661755431547,0.26475160635848216,0.02575,-0.09525,7.30493575949122,7.4599383772406735,0.964,0.0,0.00025,0.01125,0.0755,65
SAC,14.0,21.55075,0.0774911796950894,-0.03286417699862812,0.0,0.0,15.37115373114687,12.126630848466156,0.0,0.94175,0.05825,0.0,0.0,65
SAS,45.0,67.265,0.0,0.0,0.0,0.0,0.0,0.0,1.0,0.0,0.0,0.0,0.0,65
UTA,15.0,27.075,0.12588204190669633,-0.0017093465214285785,-0.00025,0.0015,14.692918965599109,10.13290240233631,0.0,0.0835,0.915,0.0015,0.0,65
ATL,23.0,37.2455,0.0,0.0,0.04325,0.09675,0.0,0.0,0.18975,0.0,0.26325,0.69325,0.02025,66
BOS,29.0,43.27775,0.15024364768184528,0.5034157531634424,0.0775,-0.124,7.708818274015624,8.854997631467374,0.74775,0.0,0.00175,0.217,0.21325,66
BKN,12.0,19.76525,0.0029011904761904765,0.010968898809523803,0.0,0.0,7.546300892857142,7.828562648809522,0.0,0.99775,0.00225,0.0,0.0,66
CHA,31.0,43.3065,0.16766628912276793,0.5142925528174744,0.092,-0.13675,7.739177381006994,8.866197930818828,0.71125,0.0,0.0035,0.20825,0.23025,66
CHI,18.0,28.67775,0.3280890099407735,-0.04403694041201109,0.0005,0.00125,14.229650342805355,12.740222244827539,0.00025,0.1115,0.887,0.0015,0.0,66
CLE,32.0,49.6505,0.0,0.0,0.00225,-0.01425,0.0,0.0,0.997,0.0,0.0,0.002,0.0055,66
DET,27.0,44.1545,0.12240937509747027,0.4248007653984765,0.059,-0.144,7.51871622382991,8.272045374045598,0.8715,0.0,0.002,0.13425,0.133,66
IND,30.0,45.61325,0.11157680351145836,0.30456998403115076,0.0365,-0.11175,7.35407369970848,7.725342396676169,0.9285,0.0,0.00025,0.0485,0.095,66
MIA,31.0,46.5635,-0.02194357488068231,0.08529759338190218,0.02875,-0.089,9.34758406781738,9.530967080024755,0.95775,0.0,0.0,0.0265,0.06125,66
MIL,22.0,31.83725,0.0,0.0,0.003,0.02475,0.0,0.0,0.00575,0.01125,0.9465,0.04175,0.0,66
NYK,39.0,55.278,0.0,0.0,0.0,0.0,0.0,0.0,1.0,0.0,0.0,0.0,0.0,66
ORL,20.0,32.95125,0.5891225941668151,0.06583466458752125,0.01225,0.05675,12.030696162836607,12.720204463997911,0.014,0.00475,0.90125,0.0935,0.0,66
PHI,34.0,52.416,0.08607040343915343,0.0867580739870701,0.0,-0.00175,6.23644079585538,6.236417283950619,1.0,0.0,0.0,0.0,0.0,66
TOR,22.0,33.70825,0.5562267421711308,0.08492658675966555,0.00825,0.06925,11.576673558934376,12.667642442380265,0.0165,0.00175,0.859,0.1375,0.00125,66
WAS,30.0,42.063,0.20236480246860128,0.44511772020892854,0.093,-0.08575,8.006337287307291,9.376448239297025,0.56,0.0,0.00625,0.396,0.24025,66
DAL,20.0,32.09975,0.4565546641982144,0.1286999250509779,0.03,0.116,2.468210675245089,2.9536149581852897,0.0645,0.01125,0.72975,0.24675,0.00825,66
DEN,32.0,46.6625,0.0,0.0,0.00875,-0.073,0.0,0.0,0.9805,0.0,0.0,0.00025,0.059,66
GSW,22.0,33.382,0.6304686062726189,0.24552379050640596,0.04125,0.13675,11.516989537625298,12.183782546114934,0.10225,0.00325,0.5405,0.4115,0.03025,66
HOU,28.0,43.048,0.0834097489263393,0.1576430549688988,0.02475,-0.07425,7.549640414480208,8.19323958918358,0.88575,0.0,0.00025,0.0195,0.28875,66
LAC,23.0,32.76875,0.0,0.0,0.0325,0.1305,5.165824459876542,5.165824459876542,0.0685,0.005,0.65475,0.32025,0.01225,66
LAL,39.0,56.68975,0.0,0.0,0.0,0.0,0.0,0.0,1.0,0.0,0.0,0.0,0.0,66
MEM,17.0,24.9035,0.09899471724241078,-0.07942085302007519,0.0,0.0005,15.151317453745978,12.141509304159326,0.0,0.817,0.183,0.0,0.0,66
MIN,37.0,55.343,0.0,0.0,0.0,0.0,0.0,0.0,1.0,0.0,0.0,0.0,0.0,66
NOP,21.0,30.0015,0.34004211309523796,-0.08384434523809525,0.0055,0.04275,16.266355505952383,16.343655654761907,0.0115,0.04025,0.8895,0.06775,0.001,66
OKC,41.0,62.26625,0.009034336419753096,0.009034336419753096,0.0,0.0,5.165824459876542,5.165824459876542,1.0,0.0,0.0,0.0,0.0,66
PHX,24.0,37.00075,0.0,0.0,0.0805,0.05225,0.0,0.0,0.36475,0.0,0.0935,0.571,0.21625,66
POR,37.0,52.5125,0.1034844356261023,0.10412464666598326,0.0,-0.00225,6.226052160493827,6.227969650971507,1.0,0.0,0.0,0.0,0.00075,66
SAC,12.0,19.901,0.05733934034017856,-0.0041708637120464916,0.0,0.0,15.652680809937051,11.988907482496005,0.0,0.99625,0.00375,0.0,0.0,66
SAS,40.0,58.545,0.0,0.0,0.0,0.0,0.0,0.0,1.0,0.0,0.0,0.0,0.0,66
UTA,27.0,38.3675,0.2970217988433036,0.1952185295863095,0.07075,0.0155,8.720842840559822,8.814169961972024,0.52225,0.0,0.032,0.363,0.3835,66
ATL,31.0,45.87875,0.0,0.0,0.09025,-0.13475,0.0,0.0,0.8195,0.0,0.009,0.13375,0.15725,67
BOS,37.0,52.586,0.1673196453028275,0.17154050166755963,0.00025,-0.0025,6.059981966490301,6.063988131599526,1.0,0.0,0.0,0.0,0.0015,67
BKN,15.0,24.6005,-0.0002581238977072313,-0.0002581238977072313,0.0,0.0,5.158855114638447,5.158855114638447,0.0,0.493,0.507,0.0,0.0,67
CHA,32.0,44.6195,0.27539537778244055,0.6745210613344346,0.11575,-0.114,7.8630304880004465,9.164391217236597,0.65775,0.0,0.02725,0.25825,0.21075,67
CHI,19.0,29.96475,0.3049845124183032,-0.012253174642519805,0.0,0.0,13.092059609733482,12.99127387204849,0.0,0.01025,0.98975,0.0,0.0,67
CLE,27.0,40.48975,0.0,0.0,0.0735,0.1115,0.0,0.0,0.18425,0.0,0.37075,0.50375,0.0595,67
DET,30.0,47.3195,0.21202552110151016,0.4098785436734248,0.03725,-0.1115,7.140654638463012,7.471124276289629,0.93525,0.0,0.00325,0.0505,0.0695,67
IND,26.0,39.74025,0.2689799936111607,0.3019185135489582,0.047,0.1195,9.46388500081994,12.188219008778939,0.1385,0.0,0.52125,0.40625,0.0335,67
MIA,28.0,43.462,0.011600892862042658,0.38975971260824915,0.106,-0.062,9.242695180072737,10.905838581329881,0.573,0.0,0.06,0.403,0.163,67
MIL,14.0,20.88275,0.0,0.0,0.0,0.0,0.0,0.0,0.0,0.94525,0.05475,0.0,0.0,67
NYK,32.0,51.30975,0.0,0.0,0.0005,-0.0145,0.0,0.0,0.9985,0.0,0.0,0.0015,0.00375,67
ORL,30.0,45.7955,0.22452505100005515,0.5465795726742416,0.075,-0.1335,7.487479215950689,8.260371281257434,0.84075,0.0,0.0105,0.1385,0.1345,67
PHI,31.0,47.07525,0.22073592468490413,0.44071913512104494,0.04125,-0.114,7.19884289680108,7.567765801762607,0.92225,0.0,0.00175,0.057,0.084,67
TOR,33.0,47.443,0.23101555643331131,0.4175071766887676,0.0445,-0.11225,7.109835330351923,7.429968004099026,0.93025,0.0,0.00075,0.043,0.08275,67
WAS,22.0,33.05,0.27406022433794636,0.005344474839285707,0.00025,0.00625,12.019983572937946,12.009378127214285,0.0,0.00025,0.99525,0.0045,0.0,67
DAL,24.0,36.127,0.15651597526294642,0.0714258106425,0.02575,0.03575,0.9692041202629464,2.4220046296904165,0.18425,0.0,0.06175,0.915,0.01675,67
DEN,30.0,45.59575,0.0,0.0,0.01975,-0.10425,0.0,0.0,0.89525,0.0,0.0,0.00875,0.3085,67
GSW,30.0,43.14775,0.17817154546726185,0.21585263836369045,0.03375,-0.0425,7.936100908786013,8.992405402691567,0.775,0.0,0.0,0.0675,0.49825,67
HOU,42.0,61.32275,0.004388106261022932,0.004388106261022932,0.0,0.0,5.158855114638447,5.158855114638447,1.0,0.0,0.0,0.0,0.0,67
LAC,17.0,25.92225,0.00046544312169312276,0.00046544312169312276,0.0005,0.00275,5.533764241622574,5.53393671186067,0.00025,0.26525,0.733,0.00175,0.0,67
LAL,34.0,50.8375,0.0,0.0,0.00425,-0.03575,0.0,0.0,0.99525,0.0,0.0,0.0,0.0185,67
MEM,18.0,25.792,0.259733142658482,-0.10705292523692429,0.00025,0.00225,14.554977094672767,12.745553407958313,0.0,0.283,0.716,0.001,0.0,67
MIN,33.0,48.12775,0.0,0.0,0.01775,-0.10475,0.0,0.0,0.965,0.0,0.0,0.00075,0.10125,67
NOP,21.0,29.585,0.37046889880952383,-0.10225000000000006,0.0025,0.0255,18.721907738095236,15.744758928571429,0.0025,0.01175,0.9525,0.03575,0.0,67
OKC,35.0,54.8775,0.15935901675485026,0.1600286423119931,0.0,-0.002,5.533764241622574,5.534433867179717,1.0,0.0,0.0,0.0,0.00025,67
PHX,25.0,37.0215,0.0,0.0,0.02425,0.02425,0.0,0.0,0.179,0.0,0.03325,0.913,0.03525,67
POR,34.0,50.27275,0.19376088937767308,0.2318157373647266,0.00325,-0.0445,6.4518658005151135,6.504000282430292,0.99575,0.0,0.0,0.0,0.02125,67
SAC,13.0,19.678,0.07904056275982142,-0.02052374279115074,0.0,0.0,15.68675287908973,12.123138320718711,0.0,0.979,0.021,0.0,0.0,67
SAS,38.0,57.46575,0.0,0.0,0.0,-0.00025,0.0,0.0,1.0,0.0,0.0,0.0,0.0,67
UTA,19.0,30.0095,0.3287811735808032,0.022040418817261886,0.00725,0.0425,13.034213109475443,10.110249117891067,0.00775,0.01225,0.93125,0.0565,0.0,67
ATL,27.0,40.2615,0.0,0.0,0.046,0.122,0.0,0.0,0.131,0.0,0.44625,0.47425,0.041,68
BOS,32.0,48.74775,0.2002804228009865,0.3456227401235064,0.0215,-0.096,6.8067273987583885,7.044358927797376,0.96175,0.0,0.0,0.02675,0.0615,68
BKN,13.0,23.12325,0.002118898809523809,-0.0034333333333333355,0.0,0.0,7.417230952380951,7.451501488095237,0.0,0.776,0.224,0.0,0.0,68
CHA,26.0,40.2415,0.3044739584120536,0.30245527627191016,0.0615,0.11425,9.284990190037055,12.024067786904531,0.15575,0.0,0.46725,0.45575,0.038,68
CHI,15.0,23.825,0.2183914606941965,-0.11642939120054399,0.0,0.0,15.19456155834598,12.290503011527042,0.0,0.69275,0.30725,0.0,0.0,68
CLE,28.0,44.12975,0.0,0.0,0.09975,-0.043,0.0,0.0,0.5575,0.0,0.05075,0.4325,0.17975,68
DET,34.0,50.48925,0.1680995318585152,0.24455579093048233,0.01475,-0.04775,6.463384859377878,6.551463060229069,0.987,0.0,0.0,0.00975,0.0225,68
IND,32.0,46.53175,0.23201705445931442,0.5588874819891414,0.084,-0.1345,7.39399082134149,8.287269461721552,0.8035,0.0,0.0045,0.14125,0.1865,68
MIA,30.0,45.74225,-0.02807349257829578,0.3058963440114305,0.08375,-0.12175,9.208529969579432,10.22426671303993,0.75525,0.0,0.01375,0.20275,0.2005,68
MIL,17.0,25.82375,0.0,0.0,0.0,0.0,0.0,0.0,0.0,0.35,0.65,0.0,0.0,68
NYK,33.0,50.14475,0.0,0.0,0.0115,-0.06125,0.0,0.0,0.98675,0.0,0.0,0.00775,0.03,68
ORL,39.0,54.21575,0.14153280299261473,0.14388643115362665,0.001,-0.0025,5.906131177730876,5.908297823322245,0.9995,0.0,0.0,0.0,0.001,68
PHI,36.0,53.4555,0.12758988584375008,0.1330510807839287,0.0005,-0.00375,6.022338318142334,6.028001848605578,0.99975,0.0,0.0,0.0,0.00225,68
TOR,32.0,45.4,0.23798695786235124,0.6373111068388918,0.101,-0.11225,7.6904544772191965,9.057239878352897,0.66225,0.0,0.0175,0.24925,0.237,68
WAS,17.0,27.0155,0.2797393614513391,-0.05166501370476188,0.0,0.0,14.250943348583927,11.836034894936905,0.0,0.18425,0.81575,0.0,0.0,68
DAL,22.0,30.6615,0.26591671858750004,0.030796691570892862,0.00375,0.03,2.796395915675893,3.3102670170236355,0.0045,0.01,0.952,0.03525,0.00125,68
DEN,39.0,56.42825,0.0,0.0,0.0,0.0,0.0,0.0,1.0,0.0,0.0,0.0,0.0,68
GSW,25.0,36.923,0.5102680500166668,0.5096916592148695,0.095,0.0595,9.8589602154689,11.026449810817311,0.333,0.0,0.1625,0.55225,0.14025,68
HOU,27.0,43.82075,0.07283304628541667,0.13496405527083336,0.01475,-0.076,7.426258820706396,7.54344732697514,0.974,0.0,0.00075,0.01775,0.04375,68
LAC,23.0,32.03275,0.0,0.0,0.00925,0.065,5.157564495149911,5.157564495149911,0.01525,0.00225,0.89425,0.0975,0.00325,68
LAL,25.0,41.22475,0.0,0.0,0.059,-0.127,0.0,0.0,0.87175,0.0,0.00675,0.11275,0.15975,68
MEM,24.0,33.05025,0.3419866707805058,0.16556519823841112,0.023,0.09475,12.037222112516371,12.62306530646762,0.029,0.0,0.815,0.16875,0.00925,68
MIN,31.0,49.21275,0.0,0.0,0.0,-0.0015,0.0,0.0,1.0,0.0,0.0,0.00025,0.00075,68
NOP,19.0,27.3545,0.323843005952381,-0.039509523809523786,0.00025,0.00275,18.770383779761904,16.268165476190475,0.00025,0.1605,0.83775,0.00175,0.0,68
OKC,42.0,62.9325,0.001548743386243388,0.001548743386243388,0.0,0.0,5.157564495149911,5.157564495149911,1.0,0.0,0.0,0.0,0.0,68
PHX,24.0,38.567,0.0,0.0,0.098,-0.0325,0.0,0.0,0.5725,0.0,0.06575,0.381,0.221,68
POR,27.0,40.508,0.3016728663510417,0.4599901849074575,0.084,-0.11425,8.091663753171428,8.734264375467905,0.7765,0.0,0.01275,0.175,0.204,68
SAC,16.0,23.009,0.18329818920714294,-0.09375355654302703,0.0,0.0,15.392887750784372,12.176318185903707,0.0,0.82425,0.17575,0.0,0.0,68
SAS,38.0,56.92525,0.0,0.0,0.0,0.0,0.0,0.0,1.0,0.0,0.0,0.0,0.0,68
UTA,27.0,38.2025,0.4682755277581846,0.2888825658428571,0.105,-0.012,9.314358756040775,8.920303689760717,0.42325,0.0,0.07975,0.45775,0.21675,68
ATL,28.0,42.15975,0.0,0.0,0.1095,-0.068,0.0,0.0,0.60475,0.0,0.0815,0.3075,0.186,69
BOS,38.0,55.10525,0.18399812610229288,0.18442712442699524,0.0,-0.0005,6.023090961199295,6.022996913580248,1.0,0.0,0.0,0.0,0.0,69
BKN,14.0,22.761,-0.0011999118165784827,0.0001707727072310361,0.0,0.0,6.702066407627866,6.7648613481040565,0.0,0.685,0.315,0.0,0.0,69
CHA,18.0,27.57925,0.3486453088303567,-0.03176221875634353,0.0,0.0005,13.233940665499551,12.869241973744964,0.0,0.05625,0.94325,0.0005,0.0,69
CHI,15.0,25.38975,0.3660867619816962,-0.10289262002646535,0.0,0.0,14.153079954130353,12.699457896666896,0.0,0.25125,0.74875,0.0,0.0,69
CLE,41.0,59.59925,0.0,0.0,0.0,0.0,0.0,0.0,1.0,0.0,0.0,0.0,0.0,69
DET,27.0,42.47575,0.27163534551919644,0.5945162213845452,0.1045,-0.078,8.106533529466816,9.391975918819458,0.68075,0.0,0.059,0.281,0.17625,69
IND,30.0,41.6715,0.3464868058852679,0.6314914078949122,0.12975,-0.04025,8.533264094327977,10.103482941181213,0.466,0.0,0.0885,0.378,0.2235,69
MIA,23.0,38.82075,0.21291312327862102,0.31902415308922516,0.09,0.12,9.907384618202967,12.184597940537383,0.22475,0.0,0.485,0.373,0.0485,69
MIL,17.0,25.93675,0.0,0.0,0.0,0.0,0.0,0.0,0.0,0.188,0.812,0.0,0.0,69
NYK,37.0,54.95425,0.0,0.0,0.0,0.0,0.0,0.0,1.0,0.0,0.0,0.0,0.0,69
ORL,29.0,44.5405,0.16269983661532741,0.38774621149930555,0.0645,-0.124,7.631602122605207,8.184901850268124,0.88125,0.0,0.012,0.10225,0.11375,69
PHI,29.0,44.39175,0.15588169787767858,0.3904611518575113,0.06075,-0.1315,7.658501948382588,8.217831158724637,0.8605,0.0,0.013,0.104,0.12125,69
TOR,34.0,50.038,0.14044441284206352,0.15002090480555555,0.0015,-0.01,7.07144109389758,7.082241243646638,0.999,0.0,0.0,0.00075,0.0035,69
WAS,29.0,40.11125,0.36881561448839284,0.431344925064881,0.09525,0.05875,9.130545471044792,10.531145617936906,0.283,0.0,0.2615,0.453,0.12725,69
DAL,21.0,31.21075,0.15872654703437503,0.045986125394409015,0.0045,0.047,1.9291640958986604,3.287699295881574,0.00725,0.00125,0.9195,0.07925,0.0,69
DEN,38.0,56.04775,0.0,0.0,0.0,-0.00325,0.0,0.0,0.99975,0.0,0.0,0.0,0.00125,69
GSW,30.0,43.72775,0.1715021275293155,0.28850256317628964,0.052,-0.012,7.893551785154017,9.641072968399008,0.6835,0.0,0.0,0.25875,0.43,69
HOU,36.0,51.90775,0.21032930369438932,0.27452545371323855,0.0095,-0.05375,6.703850895129353,6.798842448630048,0.9885,0.0,0.0,0.00025,0.03925,69
LAC,18.0,26.18425,0.001260681216931218,0.001260681216931218,0.0,0.00175,5.981609997795416,5.982028450176367,0.0,0.1445,0.8545,0.001,0.0,69
LAL,31.0,47.55175,0.0,0.0,0.01375,-0.08525,0.0,0.0,0.90225,0.0,0.0,0.02275,0.30125,69
MEM,18.0,25.60075,0.3761879330272318,-0.09337409524614222,0.0005,0.0015,14.06813109694821,12.732512266252847,0.0,0.211,0.78725,0.00175,0.0,69
MIN,34.0,51.5775,0.0,0.0,0.00525,-0.06125,0.0,0.0,0.98925,0.0,0.0,0.0005,0.03025,69
NOP,16.0,24.0945,0.022064880952380996,-0.30679285714285714,0.0,0.0005,18.59276175595238,16.10387410714286,0.0,0.46275,0.53725,0.0,0.0,69
OKC,35.0,55.32425,0.1923184058435572,0.1945453767493608,-0.00025,-0.00425,5.981609997795416,5.983609492769523,1.0,0.0,0.0,0.0,0.00075,69
PHX,29.0,41.42225,0.0,0.0,0.052,0.0,0.0,0.0,0.292,0.0,0.0015,0.722,0.1895,69
POR,36.0,54.47075,0.18534365813070441,0.1946532507805556,0.00075,-0.014,6.146380080329476,6.1554312108259035,0.999,0.0,0.0,0.0,0.00375,69
SAC,6.0,11.29625,0.0,-0.00010183097638888628,0.0,0.0,15.863313172926778,12.04475471792401,0.0,1.0,0.0,0.0,0.0,69
SAS,39.0,58.02675,0.0,0.0,0.0,-0.001,0.0,0.0,1.0,0.0,0.0,0.0,0.0,69
UTA,24.0,36.02225,0.24424841958080362,0.032685920691666655,0.00925,0.0435,10.434237939415478,9.648406246145237,0.1385,0.0,0.0805,0.91375,0.004,69
ATL,24.0,38.03675,0.0,0.0,0.0525,0.11625,0.0,0.0,0.0995,0.0,0.677,0.2585,0.03225,70
BOS,26.0,41.1405,0.37316892004315483,0.6387019029856079,0.1075,0.00925,8.593973511599705,10.480359122916054,0.46875,0.0,0.14125,0.474,0.12175,70
BKN,15.0,23.6905,-0.0010732142857142895,-0.016076934523809514,0.0,0.0,7.438183928571427,7.687880952380952,0.0,0.70575,0.29425,0.0,0.0,70
CHA,31.0,43.16525,0.3338084756568453,0.619300293008645,0.1085,-0.099,7.984147075307292,9.13364382055109,0.6365,0.0,0.04375,0.25575,0.1925,70
CHI,19.0,27.348,0.28685506018749984,-0.062536357984399,0.0,0.0,14.11650905059464,12.726232584202398,0.0,0.13125,0.86875,0.0,0.0,70
CLE,39.0,58.52575,0.0,0.0,0.0,0.0,0.0,0.0,1.0,0.0,0.0,0.0,0.0,70
DET,33.0,48.82375,0.14689949271796734,0.18383070640918758,0.008,-0.028,6.452388503602812,6.492187526245818,0.99325,0.0,0.0,0.004,0.012,70
IND,33.0,48.72625,0.1541597797271329,0.19174248217653764,0.007,-0.026,6.465589984053997,6.513106615116496,0.99,0.0,0.0,0.00725,0.01225,70
MIA,28.0,42.25,0.07730134734666018,0.3836687213019778,0.123,-0.06425,9.34815521867644,10.811348511665914,0.52875,0.0,0.07525,0.3645,0.17875,70
MIL,14.0,22.7525,0.0,0.0,0.0,0.0,0.0,0.0,0.0,0.82325,0.17675,0.0,0.0,70
NYK,27.0,43.34625,0.0,0.0,0.107,-0.113,0.0,0.0,0.73175,0.0,0.03425,0.23975,0.15225,70
ORL,40.0,58.192,0.09498959435626114,0.09498959435626114,0.0,0.0,5.338767471340387,5.338767471340387,1.0,0.0,0.0,0.0,0.0,70
PHI,28.0,44.306,0.2785264488415179,0.560995935985452,0.0855,-0.13,7.527638831633631,8.26483588466789,0.8275,0.0,0.01625,0.14525,0.13225,70
TOR,29.0,43.48175,0.3186943209229167,0.6324477048294925,0.10475,-0.11475,7.809950833880208,8.863593876131548,0.722,0.0,0.0315,0.23175,0.166,70
WAS,23.0,33.73275,0.27219532553065473,0.017795156468452405,0.00275,0.0165,11.99840364173512,11.886069137195834,0.002,0.00025,0.9805,0.01925,0.0,70
DAL,22.0,33.2765,0.2471215575375,0.09740959943110118,0.01025,0.08825,2.035004203032143,3.1061507564920503,0.026,0.0005,0.8155,0.18275,0.001,70
DEN,37.0,54.6405,0.0,0.0,0.0,-0.00025,0.0,0.0,1.0,0.0,0.0,0.0,0.0,70
GSW,31.0,44.39325,0.22703197146443452,0.41405257552147817,0.05,-0.14025,7.46069149880863,7.9867237400739075,0.863,0.0,0.0005,0.086,0.166,70
HOU,30.0,44.2615,0.24735495367068455,0.45323997023923607,0.0575,-0.141,7.461685259354761,7.99412289012366,0.87025,0.0,0.00025,0.08,0.17175,70
LAC,18.0,26.019,0.0,0.0,0.0,0.00075,5.1570482473544965,5.1570482473544965,0.0,0.278,0.722,0.0,0.0,70
LAL,31.0,46.554,0.0,0.0,0.027,-0.08325,0.0,0.0,0.959,0.0,0.0,0.02025,0.0635,70
MEM,19.0,28.0425,0.28886145297678545,-0.04198986344124283,0.0,0.00375,13.882016953168302,12.763524510305684,0.00025,0.0825,0.914,0.0035,0.0,70
MIN,27.0,40.78125,0.0,0.0,0.08475,-0.055,0.0,0.0,0.506,0.0,0.00925,0.55875,0.163,70
NOP,20.0,28.7745,0.40894211309523815,-0.009615773809523744,0.0,0.0055,19.001587500000003,15.730210267857142,0.00025,0.04575,0.94775,0.0065,0.0,70
OKC,45.0,66.22325,0.0002581238977072313,0.0002581238977072313,0.0,0.0,5.1570482473544965,5.1570482473544965,1.0,0.0,0.0,0.0,0.0,70
PHX,30.0,44.364,0.0,0.0,0.061,-0.1465,0.0,0.0,0.86425,0.0,0.0,0.08175,0.17575,70
POR,23.0,36.612,0.39450720117872035,0.17487194076284004,0.04075,0.08425,10.41174145368646,11.76937123027525,0.189,0.0,0.18225,0.783,0.01725,70
SAC,14.0,21.48025,0.11635584176562506,-0.0446604146013378,0.0,0.0,15.592238513640622,12.044569805196515,0.0,0.93275,0.06725,0.0,0.0,70
SAS,34.0,53.88225,0.0,0.0,0.0,-0.00025,0.0,0.0,1.0,0.0,0.0,0.0,0.0,70
UTA,30.0,43.17725,0.2957887130577382,0.31822472888988096,0.087,-0.136,7.854387313525447,8.066869310844643,0.722,0.0,0.00175,0.1975,0.24175,70
ATL,21.0,32.5235,0.0,0.0,0.00575,0.04825,0.0,0.0,0.006,0.014,0.91,0.076,0.0,71
BOS,40.0,56.8015,0.09609087301587312,0.09609087301587312,0.0,-0.00025,5.350469565696648,5.350469565696648,1.0,0.0,0.0,0.0,0.0,71
BKN,18.0,28.252,0.00045907738095237274,0.01313749999999998,0.0,0.0015,7.787999255952379,8.08277380952381,0.00025,0.31475,0.684,0.00125,0.0,71
CHA,33.0,45.7745,0.22096495591580137,0.5949409985337081,0.089,-0.12425,7.468968948631459,8.857238226128088,0.69425,0.0,0.0,0.2125,0.2955,71
CHI,14.0,23.20225,0.1019520805245536,-0.03562103376717683,0.0,0.0,15.554147692326337,12.09207327417918,0.0,0.94175,0.05825,0.0,0.0,71
CLE,32.0,48.3505,0.0,0.0,0.0315,-0.12975,0.0,0.0,0.93575,0.0,0.0,0.03,0.114,71
DET,32.0,47.882,0.2107103143465994,0.47611191843370254,0.04075,-0.13125,6.907809701387187,7.478685081599637,0.8945,0.0,0.0,0.07025,0.13975,71
IND,21.0,35.67175,0.43299668351160703,0.13822327109565324,0.024,0.11425,10.447720823148961,12.4171100662512,0.0765,0.00075,0.5875,0.41025,0.00075,71
MIA,28.0,46.077,-0.03570946311448411,0.24660763929988827,0.045,-0.131,9.249103312368097,10.045998803177728,0.8615,0.0,0.0,0.155,0.19275,71
MIL,20.0,27.74475,0.0,0.0,0.0,0.001,0.0,0.0,0.0,0.39825,0.60025,0.0015,0.0,71
NYK,33.0,50.18175,0.0,0.0,0.01225,-0.07,0.0,0.0,0.98125,0.0,0.0,0.01175,0.03875,71
ORL,36.0,52.22875,0.09568347639975752,0.11940893293834881,0.00375,-0.018,6.16287123746109,6.186302474006527,0.997,0.0,0.0,0.0005,0.009,71
PHI,43.0,62.65675,0.0018068672839506193,0.0018068672839506193,0.0,0.0,5.158855114638447,5.158855114638447,1.0,0.0,0.0,0.0,0.0,71
TOR,30.0,43.87075,0.17423788062648812,0.5111231232440335,0.07625,-0.0605,7.873203340532589,10.1339816261778,0.5105,0.0,0.00325,0.52025,0.20875,71
WAS,26.0,36.14225,0.3933760756836309,0.11625724436190484,0.01575,0.1205,10.291798027969344,11.480300042452381,0.0425,0.0,0.48725,0.51075,0.00075,71
DAL,21.0,31.86625,0.4175183651241072,0.057795285265552734,0.01225,0.065,2.5490160824160717,3.201827102789006,0.01875,0.02875,0.845,0.118,0.00475,71
DEN,36.0,52.412,0.0,0.0,0.0,0.0,0.0,0.0,1.0,0.0,0.0,0.0,0.0,71
GSW,27.0,37.3955,0.4015982218605655,0.4809553701789484,0.09425,-0.0035,9.304085712110714,10.760378743360818,0.338,0.0,0.07075,0.57875,0.182,71
HOU,25.0,40.7225,0.17428148016815476,0.39002225845747873,0.051,-0.12025,7.84447338371741,8.50974119410301,0.84175,0.0,0.0055,0.13675,0.19425,71
LAC,14.0,22.46375,0.0,0.0,0.0,0.0,5.157564495149911,5.157564495149911,0.0,0.9665,0.0335,0.0,0.0,71
LAL,27.0,43.64275,0.0,0.0,0.02225,-0.08975,0.0,0.0,0.966,0.0,0.00025,0.02075,0.06225,71
MEM,23.0,30.76075,0.487689948477827,0.027018178215090703,0.0045,0.04075,13.203255867667558,12.79582329649594,0.00575,0.046,0.89525,0.05675,0.00075,71
MIN,26.0,41.19425,0.0,0.0,0.05575,-0.12875,0.0,0.0,0.86575,0.0,0.00325,0.1065,0.16875,71
NOP,21.0,29.96675,0.4701674107142858,-0.06039702380952377,0.00225,0.0295,18.17469449404762,16.233379464285715,0.003,0.111,0.85325,0.03475,0.001,71
OKC,41.0,63.105,0.0005162477954144627,0.0005162477954144627,0.0,0.0,5.157564495149911,5.157564495149911,1.0,0.0,0.0,0.0,0.0,71
PHX,31.0,47.14225,0.0,0.0,0.00275,-0.01225,0.0,0.0,0.9965,0.0,0.0,0.00075,0.006,71
POR,26.0,39.178,0.3016026871938989,0.5141347467396825,0.09025,-0.072,8.380342787311609,9.49007889760705,0.65725,0.0,0.02525,0.2975,0.2595,71
SAC,21.0,29.19175,0.41593878340297585,-0.06158231253372444,0.0005,0.018,13.9579373730561,12.734629972964091,0.002,0.17825,0.80375,0.0175,0.00025,71
SAS,30.0,47.109,0.0,0.0,0.0005,-0.01425,0.0,0.0,0.99875,0.0,0.0,0.00075,0.00575,71
UTA,24.0,36.4895,0.47445855941651793,0.23345445462440476,0.084,0.04025,9.66046981157024,9.315964884128572,0.3065,0.0,0.13375,0.63125,0.11475,71
ATL,31.0,49.1505,0.0,0.0,0.001,-0.01,0.0,0.0,0.9985,0.0,0.0,0.001,0.0025,72
BOS,25.0,38.826,0.35716255997514884,0.5111514698836054,0.0855,0.0495,8.716779047940475,10.9350564860655,0.36525,0.0,0.19025,0.4955,0.1515,72
BKN,19.0,27.274,-0.000754287918871251,-0.000754287918871251,0.0,0.0015,6.368028317901236,6.368028317901236,0.0,0.55175,0.4475,0.00075,0.0,72
CHA,25.0,37.2615,0.45487972211860117,0.40149421955946696,0.07,0.117,9.502706108451786,11.746097485347029,0.17275,0.00025,0.4225,0.43525,0.07475,72
CHI,21.0,31.811,0.5169783317242557,0.008970538455232428,0.00175,0.02725,12.831067586852678,12.774070679388212,0.0025,0.03625,0.93675,0.02525,0.00125,72
CLE,29.0,42.434,0.0,0.0,0.07,-0.11425,0.0,0.0,0.78725,0.0,0.0145,0.121,0.23425,72
DET,35.0,52.2015,0.1603046626984127,0.15964974935376983,0.0,-0.00025,6.380708622375138,6.3817803601907634,0.99975,0.0,0.0,0.0,0.0005,72
IND,41.0,58.16425,0.10380992063492074,0.10380992063492074,0.0,0.0,5.372815399029982,5.372815399029982,1.0,0.0,0.0,0.0,0.0,72
MIA,26.0,41.2135,0.017164411069593342,0.3372566866413634,0.09225,-0.06625,9.2388315402876,10.435555529059398,0.69075,0.0,0.03825,0.24025,0.23275,72
MIL,21.0,29.64675,0.0,0.0,0.0,0.00425,0.0,0.0,0.00025,0.1505,0.8465,0.003,0.0,72
NYK,32.0,50.524,0.0,0.0,0.00025,-0.0025,0.0,0.0,1.0,0.0,0.0,0.0,0.00075,72
ORL,40.0,55.50225,0.14861900352733698,0.14861900352733698,0.0,0.0,5.857654122574956,5.857654122574956,1.0,0.0,0.0,0.0,0.0,72
PHI,24.0,41.5005,0.17331114185342267,0.5383333626515193,0.08225,-0.08725,7.738687272020535,8.908490641623768,0.7825,0.0,0.0305,0.20075,0.19375,72
TOR,26.0,37.78475,0.4415130835416668,0.4454469326399701,0.082,0.10725,9.26508798470253,11.531117885240798,0.2005,0.00025,0.3345,0.477,0.108,72
WAS,19.0,29.01225,0.3528684261941962,-0.058702402354166586,0.0,0.001,14.243141874222765,11.774221762091074,0.0,0.23375,0.766,0.00025,0.0,72
DAL,20.0,31.7705,0.47641228809017866,0.10384097779812075,0.0265,0.10725,2.7640914124138396,3.0260288789183214,0.04825,0.044,0.77075,0.16625,0.00925,72
DEN,24.0,39.3045,0.0,0.0,0.06725,-0.08325,0.0,0.0,0.814,0.0,0.022,0.13725,0.23525,72
GSW,19.0,31.231,0.5573218166824402,0.09345916090587296,0.023,0.0835,13.03092417328735,12.591126121544255,0.0395,0.0535,0.80475,0.12875,0.00725,72
HOU,35.0,52.2625,0.1412573963844797,0.1412573963844797,0.0,0.0,6.368028317901236,6.368028317901236,1.0,0.0,0.0,0.0,0.0,72
LAC,14.0,23.81475,-0.0002938381834215169,-0.0002938381834215169,0.0,0.00025,5.45956678791887,5.45956678791887,0.0,0.93525,0.06475,0.0,0.0,72
LAL,36.0,50.6765,0.0,0.0,0.00025,-0.0005,0.0,0.0,0.99975,0.0,0.0,0.0,0.00025,72
MEM,23.0,33.87775,0.6708350477965773,0.3351255963894641,0.0715,0.1285,11.251901176202084,12.002155317868448,0.14575,0.004,0.51225,0.3895,0.054,72
MIN,37.0,52.50475,0.0,0.0,0.0,-0.00025,0.0,0.0,1.0,0.0,0.0,0.0,0.0,72
NOP,25.0,34.44125,0.4133075892857143,0.3671553571428571,0.0555,0.128,15.568188690476191,15.684683482142859,0.13775,0.00225,0.4065,0.47225,0.07475,72
OKC,37.0,57.46775,0.1285430335097003,0.1285430335097003,0.0,0.0,5.45956678791887,5.45956678791887,1.0,0.0,0.0,0.0,0.0,72
PHX,22.0,34.755,0.0,0.0,0.07525,0.12425,0.0,0.0,0.23175,0.0035,0.351,0.4905,0.08375,72
POR,27.0,40.82925,0.14536666640386903,0.29519260870269975,0.0435,-0.1225,7.653007370933629,8.108574029052846,0.898,0.0,0.00525,0.05425,0.183,72
SAC,15.0,22.021,0.06456903784017856,-0.011713951754641414,0.0,0.00025,15.720625629652673,12.002240427600343,0.0,0.98475,0.01525,0.0,0.0,72
SAS,44.0,63.5645,0.0,0.0,0.0,0.0,0.0,0.0,1.0,0.0,0.0,0.0,0.0,72
UTA,28.0,39.17225,0.29878496688407735,0.2158381397845238,0.07275,-0.07975,8.214643099914586,8.28407562712381,0.68525,0.0,0.02025,0.16125,0.3525,72
ATL,28.0,40.769,0.0,0.0,0.08075,-0.04925,0.0,0.0,0.66625,0.0,0.0165,0.20175,0.37475,73
BOS,34.0,51.83875,0.09946513447971778,0.09946513447971778,0.0,-0.001,6.358510251322752,6.358510251322752,1.0,0.0,0.0,0.0,0.0,73
BKN,15.0,22.5745,-0.003391815476190476,-0.006410416666666675,0.0,0.0,7.156390327380952,7.227282589285714,0.0,0.79975,0.20025,0.0,0.0,73
CHA,17.0,29.66225,0.35031182328482113,0.004324279695804987,0.003,0.01175,13.142557365283185,12.86626421138566,0.00125,0.01475,0.97325,0.01125,0.00025,73
CHI,16.0,24.52175,0.23131806907857144,-0.1283855460392118,0.0,0.0,14.90405597401339,12.47802699458689,0.0,0.4815,0.5185,0.0,0.0,73
CLE,36.0,55.657,0.0,0.0,0.0,0.0,0.0,0.0,1.0,0.0,0.0,0.0,0.0,73
DET,25.0,38.33575,0.3767163589831846,0.4648193818805626,0.0925,0.04675,8.939521048134374,10.709317174150488,0.418,0.0,0.099,0.529,0.18775,73
IND,34.0,49.46525,0.1643941066457727,0.1694708769271715,0.00175,-0.00425,6.755653100311519,6.761968621214794,0.99875,0.0,0.0,0.0,0.003,73
MIA,29.0,45.0025,-0.007851859691159603,0.06130994271571465,0.01775,-0.09275,9.363648078203072,9.508307879885246,0.9685,0.0,0.00025,0.0105,0.07225,73
MIL,26.0,36.64375,0.0,0.0,0.063,0.09725,0.0,0.0,0.1785,0.0,0.23325,0.60775,0.09775,73
NYK,42.0,61.23325,0.0,0.0,0.0,0.0,0.0,0.0,1.0,0.0,0.0,0.0,0.0,73
ORL,22.0,32.59825,0.4047845988008928,0.10364866518956052,0.0135,0.0735,11.860190747387055,12.728410282149156,0.01675,0.00075,0.8745,0.118,0.004,73
PHI,33.0,49.3715,0.16278122182258598,0.16724514168568116,0.0005,-0.009,6.7632191786539915,6.769580917887919,0.999,0.0,0.0,0.0,0.00275,73
TOR,25.0,39.9795,0.271463723746131,0.5248261779575609,0.08,-0.01325,8.17796093735387,9.492500680201447,0.7025,0.0,0.029,0.3055,0.23975,73
WAS,23.0,33.859,0.44313796218125,0.1489446054660715,0.031,0.1105,11.2439062463692,11.674905377082737,0.0505,0.00025,0.7585,0.21625,0.01775,73
DAL,14.0,23.88475,0.1873490324544643,-0.1548573870983504,0.0,0.0,4.895011274762501,2.7191364359535806,0.0,0.595,0.405,0.0,0.0,73
DEN,33.0,50.8455,0.0,0.0,0.00175,-0.0075,0.0,0.0,0.99925,0.0,0.0,0.00025,0.0025,73
GSW,27.0,39.7555,0.27980669451845247,0.39316137050602323,0.08325,-0.015,8.560982533810417,10.718583795337372,0.41225,0.0,0.00675,0.664,0.16425,73
HOU,32.0,47.337,0.12721875143988098,0.1962618668607639,0.01175,-0.06475,7.158744140484523,7.295023548364533,0.9755,0.0,0.0,0.00825,0.04825,73
LAC,20.0,29.79125,0.0,0.0,0.0,0.005,5.160145734126983,5.160145734126983,0.0005,0.0155,0.98025,0.00425,0.0,73
LAL,28.0,43.75425,0.0,0.0,0.057,-0.117,0.0,0.0,0.831,0.0,0.0005,0.13,0.2215,73
MEM,19.0,26.41325,0.28686734207455333,-0.07979967110575384,0.0,0.0005,14.339729401374104,12.750622187727588,0.0,0.1675,0.83225,0.00025,0.0,73
MIN,36.0,54.42075,0.0,0.0,0.00025,-0.00075,0.0,0.0,1.0,0.0,0.0,0.0,0.0,73
NOP,21.0,30.6425,0.2472931547619044,0.07792023809523808,0.00075,0.01025,13.413032291666669,15.550882142857143,0.001,0.00375,0.9835,0.01275,0.0,73
OKC,42.0,64.0785,0.0033556106701940073,0.0033556106701940073,0.0,0.0,5.160145734126983,5.160145734126983,1.0,0.0,0.0,0.0,0.0,73
PHX,27.0,40.6435,0.0,0.0,0.0825,-0.0315,0.0,0.0,0.4605,0.0,0.00325,0.531,0.25,73
POR,31.0,45.591,0.0998283345200893,0.2681284941929068,0.03325,-0.126,7.373733811809671,7.7356537060112585,0.93575,0.0,0.0,0.033,0.11325,73
SAC,15.0,21.20025,0.12545343795044647,-0.05075491762662123,0.0,0.0,15.5996069337433,12.096725118854621,0.0,0.92125,0.07875,0.0,0.0,73
SAS,42.0,59.97725,0.0,0.0,0.0,0.0,0.0,0.0,1.0,0.0,0.0,0.0,0.0,73
UTA,28.0,40.15275,0.2640905281157739,0.21258313724226194,0.076,-0.02725,8.547289071346281,9.048713474185716,0.38425,0.0,0.00675,0.61625,0.20025,73
ATL,28.0,42.80375,0.0,0.0,0.05425,-0.11375,0.0,0.0,0.90775,0.0,0.01225,0.051,0.11825,74
BOS,37.0,55.312,0.14826322751322765,0.14826322751322765,0.0,-0.00025,5.694438569223987,5.694438569223987,1.0,0.0,0.0,0.0,0.0,74
BKN,17.0,25.283,0.0020649911816578506,0.0020649911816578506,0.0,0.0,5.928373214285715,5.928373214285715,0.0,0.93375,0.06625,0.0,0.0,74
CHA,24.0,36.43475,0.6669841613473213,0.44522557999007223,0.08775,0.1345,10.183785419971576,11.76381451810144,0.19825,0.00225,0.51025,0.32975,0.07575,74
CHI,29.0,40.6115,0.29081043976309534,0.5441183397417162,0.10425,-0.08325,8.066841840007589,9.191700916673335,0.651,0.0,0.0535,0.17925,0.2955,74
CLE,34.0,50.1195,0.0,0.0,0.001,-0.00225,0.0,0.0,0.99975,0.0,0.0,0.0,0.00075,74
DET,25.0,40.461,0.29554056603511913,0.5515254111026502,0.09725,-0.07325,7.9761429898032725,9.038293154608276,0.7455,0.0,0.0645,0.181,0.21025,74
IND,22.0,34.39625,0.6785287107754464,0.1892025607076006,0.03775,0.09625,11.723179380522918,12.48404479603147,0.0545,0.0125,0.79925,0.1545,0.01725,74
MIA,23.0,35.32175,0.5921654462768958,0.2292474079663123,0.05375,0.1245,11.21176700105808,12.462187744572494,0.1,0.0055,0.67975,0.241,0.0385,74
MIL,25.0,36.75575,0.0,0.0,0.09525,0.11575,0.0,0.0,0.2045,0.00025,0.45275,0.3615,0.09525,74
NYK,35.0,53.83,0.0,0.0,0.0,0.0,0.0,0.0,1.0,0.0,0.0,0.0,0.0,74
ORL,23.0,35.082,0.7148272883034223,0.27314088739105724,0.05175,0.1245,11.18592756225372,12.303629030024833,0.09,0.0055,0.70175,0.23475,0.03275,74
PHI,34.0,50.564,0.09327326082310952,0.09498771841254405,0.00025,-0.0015,6.309089144861911,6.309505969332893,0.99975,0.0,0.0,0.0,0.00025,74
TOR,29.0,43.69325,0.0968618050700893,0.23806300094372163,0.03,-0.1105,7.405882971586754,7.669302918189312,0.94825,0.0,0.0035,0.03025,0.07825,74
WAS,23.0,35.2795,0.7075872579604165,0.23286869217500014,0.061,0.13225,11.050990089922022,11.455450021820836,0.10075,0.0035,0.693,0.237,0.03725,74
DAL,23.0,34.0835,0.47828295434910717,0.1476885572568665,0.0295,0.119,2.0570791820598213,2.5369736511405825,0.08875,0.01925,0.351,0.5985,0.022,74
DEN,35.0,52.14375,0.0,0.0,0.0,-0.00025,0.0,0.0,1.0,0.0,0.0,0.0,0.0,74
GSW,26.0,38.3795,0.4199664383214286,0.44109927397415677,0.07925,-0.01575,8.718481958231399,10.453879412165511,0.4915,0.0,0.0225,0.581,0.1875,74
HOU,37.0,54.07625,0.13030257936507947,0.13030257936507947,0.0,0.0,5.928373214285715,5.928373214285715,1.0,0.0,0.0,0.0,0.0,74
LAC,22.0,31.28175,0.000774371693121694,0.000774371693121694,0.01025,0.09275,5.24513992504409,5.24513992504409,0.01475,0.1375,0.7055,0.15425,0.00175,74
LAL,28.0,40.36425,0.0,0.0,0.0785,-0.0775,0.0,0.0,0.642,0.0,0.00425,0.23775,0.36575,74
MEM,22.0,30.413,0.4266515563995533,-0.019126553284197784,0.00675,0.0545,14.139884978163689,12.514280272674704,0.011,0.238,0.67975,0.081,0.00075,74
MIN,30.0,45.72075,0.0,0.0,0.01075,-0.063,0.0,0.0,0.98575,0.0,0.0,0.004,0.03975,74
NOP,15.0,22.506,0.08482306547619047,0.012657142857142877,0.0,0.0,16.709689880952386,14.660029761904763,0.0,0.99375,0.00625,0.0,0.0,74
OKC,37.0,58.344,0.07145648148148157,0.07145648148148157,0.0,0.0,5.24513992504409,5.24513992504409,1.0,0.0,0.0,0.0,0.0,74
PHX,29.0,42.9045,0.0,0.0,0.04675,-0.13425,0.0,0.0,0.8895,0.0,0.0005,0.05225,0.179,74
POR,21.0,31.04625,0.5074991397540176,0.011074894806228778,0.0095,0.07475,13.825881287713838,12.531339041479027,0.0145,0.15675,0.7165,0.1255,0.001,74
SAC,21.0,28.95325,0.3059652213712796,-0.09201857345418074,0.003,0.0255,14.721913604253718,12.362616038390952,0.0035,0.4915,0.47625,0.03225,0.0,74
SAS,41.0,62.3545,0.0,0.0,0.0,0.0,0.0,0.0,1.0,0.0,0.0,0.0,0.0,74
UTA,25.0,41.48075,0.16999101384136905,0.20960038760119049,0.05075,-0.115,7.656341921731101,7.945869981880953,0.85875,0.0,0.00075,0.1335,0.2025,74
ATL,28.0,42.367,0.0,0.0,0.10275,-0.01475,0.0,0.0,0.507,0.0,0.0525,0.41775,0.23625,75
BOS,37.0,52.91725,0.07290056216931214,0.0748287214907407,0.0,-0.00375,6.281860430135279,6.2848481337015,0.99975,0.0,0.0,0.0,0.00125,75
BKN,15.0,22.324,-0.002839362874779544,-0.002839362874779544,0.0,0.0,5.421954794973544,5.421954794973544,0.0,0.3445,0.6555,0.0,0.0,75
CHA,32.0,46.61625,0.1321956846105655,0.33780125885024803,0.044,-0.1275,7.374717295060119,7.842504360833283,0.9,0.0,0.00025,0.04075,0.157,75
CHI,14.0,21.67225,0.24715462829196425,-0.13101837841408717,0.0,0.0,14.852030422057585,12.408083735200341,0.0,0.462,0.538,0.0,0.0,75
CLE,31.0,46.425,0.0,0.0,0.051,-0.1265,0.0,0.0,0.89075,0.0,0.0005,0.0485,0.166,75
DET,41.0,58.8125,0.1507873346560848,0.1507873346560848,0.0,0.0,5.653312202380952,5.653312202380952,1.0,0.0,0.0,0.0,0.0,75
IND,25.0,41.6485,0.24671430091398816,0.47149164689796624,0.08025,0.02625,8.310722748090328,10.466724073863755,0.49825,0.0,0.08075,0.52275,0.169,75
MIA,35.0,51.7695,-0.0011031692296075838,0.00483057227334656,0.001,-0.01075,9.381286163263177,9.389063438929142,0.9985,0.0,0.0,0.00025,0.00425,75
MIL,14.0,20.4605,0.0,0.0,0.0,0.0,0.0,0.0,0.0,0.673,0.327,0.0,0.0,75
NYK,39.0,57.8145,0.0,0.0,0.0,0.0,0.0,0.0,1.0,0.0,0.0,0.0,0.0,75
ORL,32.0,46.5975,0.147227093158631,0.3918552800727182,0.054,-0.132,7.3725341991696425,7.833198860528968,0.903,0.0,0.00125,0.039,0.155,75
PHI,25.0,39.88775,0.26376581827142864,0.3588257987646542,0.0685,0.07775,9.022524250206398,11.413740538837452,0.22,0.0,0.21225,0.628,0.086,75
TOR,24.0,37.614,0.2511337657840773,0.21124173958209325,0.0365,0.1125,9.696785504823065,12.263362897599189,0.08275,0.0,0.6525,0.303,0.02525,75
WAS,20.0,29.2415,0.22963418625758897,-0.00012015833035714119,0.0,0.00025,12.605598386236158,11.870465599082742,0.0,0.00075,0.99925,0.0,0.0,75
DAL,19.0,31.0555,0.24887676886160714,0.12425757328482143,0.02,0.11575,1.9011402276995537,2.9092785619081853,0.054,0.0,0.672,0.328,0.0,75
DEN,28.0,43.777,0.0,0.0,0.03875,-0.14075,0.0,0.0,0.9225,0.0,0.0,0.05425,0.15325,75
GSW,21.0,30.75075,0.29703728014598196,0.11435055963789681,0.01525,0.09575,12.031954989087946,12.505576817721908,0.0395,0.0,0.755,0.244,0.001,75
HOU,42.0,60.103,0.12293840388007068,0.12293840388007068,0.0,0.0,5.421954794973544,5.421954794973544,1.0,0.0,0.0,0.0,0.0,75
LAC,22.0,31.6965,0.0038718584656084695,0.0038718584656084695,0.01525,0.1315,5.7987637235449725,5.7987637235449725,0.04875,0.0,0.572,0.4275,0.00025,75
LAL,36.0,52.89475,0.0,0.0,0.00025,-0.00025,0.0,0.0,0.99975,0.0,0.0,0.0,0.00025,75
MEM,14.0,19.40275,0.18734303535267866,-0.09207664689027768,0.0,0.0,15.46009159020089,12.094242378864184,0.0,0.83725,0.16275,0.0,0.0,75
MIN,28.0,43.503,0.0,0.0,0.0325,-0.14225,0.0,0.0,0.91775,0.0,0.0,0.06,0.15875,75
NOP,29.0,40.106,0.1029357142857143,0.3514348214285714,0.07875,-0.0635,15.610670238095238,13.71465892857143,0.482,0.0,0.00075,0.44625,0.30875,75
OKC,37.0,58.12725,0.1519899801587303,0.1519899801587303,0.0,0.0,5.7987637235449725,5.7987637235449725,1.0,0.0,0.0,0.0,0.0,75
PHX,26.0,40.17875,0.0,0.0,0.0705,-0.04975,0.0,0.0,0.577,0.0,0.00225,0.4205,0.29425,75
POR,14.0,23.64125,0.24251257487946412,-0.06476254094345231,0.0,0.00125,14.238326464019195,12.664528613253404,0.00025,0.15275,0.84525,0.002,0.0,75
SAC,13.0,21.262,0.24928216115535715,-0.12537207743642276,0.0,0.0,14.967570481815622,12.35128737696185,0.0,0.52975,0.47025,0.0,0.0,75
SAS,49.0,72.0385,0.0,0.0,0.0,0.0,0.0,0.0,1.0,0.0,0.0,0.0,0.0,75
UTA,30.0,45.295,0.09749815790982144,0.1245137739702381,0.02475,-0.10025,7.418830625918154,7.4874398317678565,0.9585,0.0,0.0,0.0175,0.0835,75
ATL,28.0,42.93525,0.0,0.0,0.09625,-0.03875,0.0,0.0,0.4105,0.0,0.02175,0.60875,0.14325,76
BOS,31.0,47.26825,0.20521237222102076,0.446318926485723,0.04775,-0.1305,7.225107148071951,7.702066274248152,0.91125,0.0,0.00075,0.07,0.10475,76
BKN,21.0,31.401,-0.0009073743386243407,-0.0009073743386243407,0.00025,0.0015,5.884852739197531,5.88679842372134,0.0,0.00025,0.99825,0.0015,0.0,76
CHA,20.0,31.281,0.2694011091281248,0.0012297212713803854,0.0,0.00125,13.224787087943747,12.970810966605518,0.00025,0.00025,0.99925,0.0005,0.0,76
CHI,25.0,36.11425,0.3977469261095238,0.053461169471326515,0.00325,0.0405,11.274038438790031,12.901157949194669,0.004,0.0,0.944,0.05475,0.001,76
CLE,34.0,51.18125,0.0,0.0,0.00525,-0.0195,0.0,0.0,0.99525,0.0,0.0,0.0025,0.00725,76
DET,36.0,54.14675,0.18279069664903014,0.1827907957329587,0.0,-0.00125,5.645974387607418,5.647531770924978,0.9995,0.0,0.0,0.0,0.00075,76
IND,34.0,48.495,0.2356354309631283,0.3909713996554894,0.03725,-0.09125,6.9709958352140715,7.236213273712235,0.9385,0.0,0.00025,0.02925,0.07625,76
MIA,27.0,43.17,0.05039033550227636,0.3475140884777675,0.1025,-0.05225,9.248852582435546,11.167598395966655,0.48325,0.0,0.0235,0.56125,0.15525,76
MIL,17.0,22.68375,0.0,0.0,0.0,0.0,0.0,0.0,0.0,0.4325,0.5675,0.0,0.0,76
NYK,31.0,46.76675,0.0,0.0,0.06125,-0.133,0.0,0.0,0.85,0.0,0.0,0.108,0.14425,76
ORL,28.0,43.7795,0.261616984601637,0.5894957683915603,0.10625,-0.08275,8.061456166159584,9.930705730434529,0.56925,0.0,0.0105,0.46125,0.185,76
PHI,33.0,49.384,0.23743150216040013,0.32607744084095563,0.02025,-0.05675,6.733495052993226,6.860117746589605,0.975,0.0,0.00025,0.01075,0.039,76
TOR,32.0,46.9935,0.20942895996068678,0.4867827215432886,0.05875,-0.1395,7.3262466502597885,7.939380106864711,0.86325,0.0,0.001,0.0915,0.14325,76
WAS,11.0,21.10475,0.11863246214642874,-0.06655569691904745,0.0,0.0,15.279736828519638,11.56125171733988,0.0,0.73875,0.26125,0.0,0.0,76
DAL,24.0,34.851,0.2908665010763393,0.13990506398665817,0.0255,0.0975,1.8345033060531248,3.198234060309439,0.0405,0.0,0.78125,0.199,0.01175,76
DEN,35.0,51.153,0.0,0.0,0.001,-0.00525,0.0,0.0,0.999,0.0,0.0,0.0,0.00225,76
GSW,29.0,41.0485,0.3085202735251488,0.4318542839971059,0.0785,-0.001,8.52624526076399,9.828636121039409,0.57675,0.0,0.029,0.33175,0.313,76
HOU,37.0,53.11425,0.1993887993030314,0.20022095293190045,0.00025,-0.00125,5.884994908450656,5.88627079233384,0.9995,0.0,0.0,0.0,0.00075,76
LAC,18.0,27.94475,0.001282197971781306,0.001282197971781306,0.0005,0.002,5.515317350088183,5.515317350088183,0.00025,0.0105,0.98825,0.00125,0.0,76
LAL,31.0,47.11725,0.0,0.0,0.00725,-0.05175,0.0,0.0,0.98425,0.0,0.0,0.0055,0.0345,76
MEM,28.0,37.7865,0.465104968082887,0.3575256115184367,0.06675,0.099,10.152290148618603,11.667384179762557,0.173,0.0,0.26025,0.58975,0.093,76
MIN,36.0,50.70225,0.0,0.0,0.00175,-0.00575,0.0,0.0,0.9985,0.0,0.00025,0.0,0.004,76
NOP,12.0,20.003,-0.02666785714285716,-0.1059303571428571,0.0,0.0,20.30731071428572,15.486098065476192,0.0,0.87,0.13,0.0,0.0,76
OKC,35.0,54.73325,0.16368312389770737,0.16368312389770737,0.0,0.0,5.515317350088183,5.515317350088183,1.0,0.0,0.0,0.0,0.0,76
PHX,25.0,40.4125,0.0,0.0,0.09425,0.02925,0.0,0.0,0.57325,0.0,0.0585,0.4085,0.22725,76
POR,28.0,41.01175,0.31168481656488095,0.47753272887761467,0.07225,-0.00375,8.489679567824703,9.780543652915151,0.61225,0.0,0.03875,0.31325,0.30475,76
SAC,12.0,18.74475,0.10128258591785722,-0.03935094702120743,0.0,0.0,15.625233741652227,12.135331577380406,0.0,0.94775,0.05225,0.0,0.0,76
SAS,41.0,60.41075,0.0,0.0,0.0,0.0,0.0,0.0,1.0,0.0,0.0,0.0,0.0,76
UTA,21.0,34.2615,0.39216145160669635,0.06307731486726187,0.02025,0.08025,12.001109990076042,10.028876479090474,0.04275,0.0,0.83325,0.151,0.00875,76
ATL,22.0,34.449,0.0,0.0,0.0255,0.09275,0.0,0.0,0.04875,0.0005,0.7895,0.184,0.014,77
BOS,32.0,48.211,0.15565781462023806,0.17333675326210313,0.0035,-0.01925,6.583611036361608,6.602733106145684,0.9975,0.0,0.0,0.00075,0.007,77
BKN,23.0,33.82125,0.0035114583333333378,0.03944374999999998,0.0145,0.08575,7.595418601190475,8.12781413690476,0.02025,0.002,0.85025,0.132,0.0105,77
CHA,28.0,41.40875,0.21928799374449412,0.5148340285404465,0.087,-0.0885,7.862144607196726,9.05361574285359,0.71475,0.0,0.02425,0.19875,0.2645,77
CHI,18.0,28.69425,0.3501999967066962,-0.06579452470203517,0.0,0.0025,14.068480564688839,12.777218890070907,0.0,0.1665,0.8315,0.002,0.0,77
CLE,41.0,58.51175,0.0,0.0,0.0,0.0,0.0,0.0,1.0,0.0,0.0,0.0,0.0,77
DET,31.0,47.70875,0.17918062914270833,0.20519508284920632,0.00725,-0.02825,6.675835338979317,6.705559498147222,0.99375,0.0,0.0,0.00075,0.013,77
IND,28.0,42.54075,0.1636550708181548,0.4395692385934623,0.06525,-0.12525,7.604124618132438,8.377223986926317,0.83075,0.0,0.009,0.1005,0.21275,77
MIA,26.0,41.521,0.012369052928516401,0.28619862456276246,0.0845,-0.0895,9.28505265902424,10.294674449925608,0.7455,0.0,0.025,0.189,0.2415,77
MIL,18.0,25.90425,0.0,0.0,0.0,0.0,0.0,0.0,0.0,0.61175,0.38825,0.0,0.0,77
NYK,35.0,53.7465,0.0,0.0,0.0,0.0,0.0,0.0,1.0,0.0,0.0,0.0,0.0,77
ORL,22.0,34.85,0.5601536284726191,0.20058502215534157,0.03325,0.1045,10.853648523537053,12.535278519846068,0.059,0.00075,0.75375,0.21325,0.0185,77
PHI,43.0,61.90025,0.06607971781305122,0.06607971781305122,0.0,0.0,5.28533582451499,5.28533582451499,1.0,0.0,0.0,0.0,0.0,77
TOR,24.0,38.8295,0.3858567142116073,0.5535686043821215,0.102,0.042,8.681994921741817,10.783207274479835,0.44675,0.0,0.1595,0.49525,0.1405,77
WAS,26.0,37.021,0.4437709347389882,0.2972539087499997,0.05675,0.1095,9.704053169926192,11.101425608101787,0.143,0.0,0.3875,0.48375,0.07775,77
DAL,23.0,33.765,0.33967055287142867,0.12161449605110544,0.0185,0.093,1.6015486200276787,2.5397046718452216,0.113,0.0015,0.23875,0.74275,0.011,77
DEN,25.0,41.4385,0.0,0.0,0.041,-0.09075,0.0,0.0,0.85925,0.0,0.00025,0.10425,0.283,77
GSW,26.0,37.00075,0.39874225603184527,0.27341198298211594,0.04925,0.00875,9.398205181223068,11.290535721088128,0.27525,0.0,0.02475,0.809,0.09775,77
HOU,29.0,42.26825,0.16505983660818452,0.3465866620635701,0.04875,-0.11775,7.656257300623809,8.602993714166468,0.82175,0.0,0.0,0.06775,0.367,77
LAC,21.0,30.03025,0.0002581238977072313,0.0002581238977072313,0.0105,0.0725,5.159371362433862,5.159371362433862,0.0125,0.04725,0.8195,0.13325,0.0,77
LAL,30.0,45.85175,0.0,0.0,0.01275,-0.089,0.0,0.0,0.97225,0.0,0.0,0.0035,0.07575,77
MEM,22.0,29.80975,0.4167808171657735,0.045472419659914935,0.007,0.06675,13.571271020582587,12.743114698276178,0.00775,0.066,0.83125,0.10275,0.0,77
MIN,30.0,45.915,0.0,0.0,0.01025,-0.083,0.0,0.0,0.9805,0.0,0.0,0.0035,0.061,77
NOP,18.0,27.813,0.4664943452380953,0.09144300595238097,0.00275,0.02175,19.39628035714286,15.971149107142857,0.0045,0.2675,0.70375,0.02875,0.0,77
OKC,44.0,65.9265,0.0038718584656084695,0.0038718584656084695,0.0,0.0,5.159371362433862,5.159371362433862,1.0,0.0,0.0,0.0,0.0,77
PHX,32.0,45.6565,0.0,0.0,0.01875,-0.0785,0.0,0.0,0.95725,0.0,0.0,0.004,0.091,77
POR,34.0,48.16725,0.15832552704330352,0.18057904292023808,0.003,-0.02625,6.578877917778423,6.610086428416667,0.996,0.0,0.0,0.0,0.0135,77
SAC,14.0,22.0735,0.09368273024553572,-0.02630665176271259,0.0,0.0,15.668788515329906,12.099043604668106,0.0,0.96275,0.037,0.00025,0.0,77
SAS,42.0,61.5765,0.0,0.0,0.0,0.0,0.0,0.0,1.0,0.0,0.0,0.0,0.0,77
UTA,13.0,23.5895,0.13695021584821437,-0.004459368093452338,0.0,0.0,15.42897187243973,10.088462272481546,0.0,0.8735,0.12625,0.00025,0.0,77
ATL,30.0,44.34875,0.0,0.0,0.085,-0.01425,0.0,0.0,0.3505,0.0,0.0205,0.68975,0.15025,78
BOS,36.0,51.49125,0.1964765683052414,0.30020612453574735,0.0185,-0.074,6.385092543355804,6.54945303399896,0.97225,0.0,0.0,0.01125,0.0555,78
BKN,23.0,34.98475,0.004212797619047619,0.004411755952380953,0.00175,0.01875,6.98315689484127,6.981534573412699,0.0015,0.0,0.9765,0.0235,0.0,78
CHA,26.0,37.18575,0.4187802062918155,0.07010533151504393,0.008,0.05775,10.649221307419644,12.66753412052165,0.01175,0.0,0.89675,0.103,0.00025,78
CHI,15.0,23.883,0.1445363766830356,-0.06300873860154756,0.0,0.0,14.467880585945535,12.680666448497544,0.0,0.12975,0.87025,0.0,0.0,78
CLE,37.0,55.17425,0.0,0.0,0.00075,-0.0045,0.0,0.0,0.99925,0.0,0.0,0.00025,0.00175,78
DET,38.0,53.24725,0.18210053861693684,0.223202713998038,0.007,-0.03075,6.039262216591788,6.085141428088366,0.991,0.0,0.0,0.00175,0.01825,78
IND,28.0,42.0335,0.2017368347395834,0.193790211675754,0.037,0.0525,8.988314771458038,11.557042024779465,0.16625,0.0,0.1055,0.82875,0.03825,78
MIA,36.0,53.95025,-0.003028206422304894,0.011633410756272045,0.003,-0.02,9.380182994033566,9.391977859200507,0.9975,0.0,0.0,0.00025,0.0065,78
MIL,14.0,21.423,0.0,0.0,0.0,0.0,0.0,0.0,0.0,0.46875,0.53125,0.0,0.0,78
NYK,32.0,49.125,0.0,0.0,0.0375,-0.1345,0.0,0.0,0.906,0.0,0.0,0.0605,0.16425,78
ORL,33.0,48.92075,0.23770660087722661,0.4943983401477623,0.05525,-0.147,7.026097020714204,7.711514613609838,0.8715,0.0,0.0005,0.07175,0.20125,78
PHI,30.0,47.49225,0.2218416065007055,0.5427846814531361,0.0745,-0.12375,7.351056652661761,8.503118269104917,0.802,0.0,0.00025,0.17325,0.24725,78
TOR,34.0,50.09725,0.22489515441107805,0.41081404300423274,0.03825,-0.11375,6.7105658763461085,7.094221461267785,0.9305,0.0,0.0,0.036,0.1165,78
WAS,19.0,27.71675,0.09682505651651778,-0.0014624889095238096,0.0,0.0,13.78110317924196,11.865501055393455,0.0,0.00175,0.99825,0.0,0.0,78
DAL,22.0,34.2965,0.31395082073080355,0.19352899895104167,0.042,0.121,1.9975037950513392,2.862439341074495,0.081,0.0,0.71775,0.22425,0.034,78
DEN,20.0,34.3045,0.0,0.0,0.0555,0.11325,0.0,0.0,0.10075,0.0,0.7125,0.23275,0.02825,78
GSW,26.0,38.271,0.49945690683571436,0.5218010339188776,0.1015,0.037,9.329720969921578,10.367148046252078,0.46875,0.0,0.14375,0.38775,0.22125,78
HOU,32.0,48.47925,0.17139064872849427,0.1745503119823633,0.00075,-0.00425,6.983299064094394,6.984157249662697,0.9995,0.0,0.0,0.0,0.00125,78
LAC,12.0,19.793,0.0008335978835978841,0.0008335978835978841,0.0,0.0,5.404479794973544,5.404479794973544,0.0,0.76775,0.23225,0.0,0.0,78
LAL,32.0,47.279,0.0,0.0,0.0025,-0.01375,0.0,0.0,0.9965,0.0,0.0,0.00025,0.00725,78
MEM,27.0,37.23375,0.5307645480095239,0.44071728444213726,0.076,0.09025,10.1201900363689,11.055910514744832,0.26925,0.0,0.22875,0.471,0.17275,78
MIN,31.0,45.1825,0.0,0.0,0.01225,-0.04875,0.0,0.0,0.984,0.0,0.0,0.005,0.029,78
NOP,14.0,20.58975,0.12486116071428574,-0.044116071428571435,0.0,0.0,20.063484821428574,15.489739880952381,0.0,0.649,0.351,0.0,0.0,78
OKC,37.0,56.4845,0.12872881393298072,0.12870530202821884,0.0,0.0,5.404479794973544,5.404479794973544,1.0,0.0,0.0,0.0,0.0,78
PHX,25.0,39.08025,0.0,0.0,0.10875,0.00375,0.0,0.0,0.58275,0.0,0.08125,0.3085,0.2495,78
POR,25.0,38.5245,0.47513964821369054,0.5518420463993552,0.0955,0.02625,9.087497704374554,10.100642237984871,0.53775,0.0,0.1155,0.3635,0.217,78
SAC,10.0,16.34475,0.06601387375580359,-0.014349681932242049,0.0,0.0,15.763564565848657,11.96850383746696,0.0,0.983,0.017,0.0,0.0,78
SAS,46.0,68.0845,0.0,0.0,0.0,0.0,0.0,0.0,1.0,0.0,0.0,0.0,0.0,78
UTA,30.0,44.9785,0.07721314270074407,0.07747319478452383,0.0145,-0.06325,7.383121427726785,7.398869301322618,0.97975,0.0,0.0005,0.007,0.03975,78
ATL,29.0,45.5335,0.0,0.0,0.0465,-0.13375,0.0,0.0,0.8835,0.0,0.00075,0.0555,0.202,79
BOS,30.0,47.70625,0.1766739420561012,0.27062047330947414,0.013,-0.0795,6.916843023908928,7.06157153906746,0.97775,0.0,0.00025,0.0055,0.054,79
BKN,20.0,29.2455,0.0039602678571428575,0.005034523809523807,0.0005,0.004,6.954448660714284,6.966135416666667,0.0005,0.00525,0.991,0.00375,0.0,79
CHA,33.0,45.3,0.18431380339315478,0.4250252779579365,0.0685,-0.13175,7.452218267218452,8.238495918530704,0.81075,0.0,0.00125,0.06925,0.264,79
CHI,20.0,29.022,0.2519043262392855,-0.0020296932526006188,0.0,0.00175,13.559371403929017,12.883623121026961,0.00025,0.00575,0.9925,0.00175,0.0,79
CLE,41.0,59.9145,0.0,0.0,0.0,0.0,0.0,0.0,1.0,0.0,0.0,0.0,0.0,79
DET,25.0,41.726,0.24980588728571432,0.5175705962591921,0.0735,-0.03075,8.117089052555952,9.987845479126928,0.60275,0.0,0.0185,0.4575,0.2035,79
IND,34.0,51.22075,0.0892451021535273,0.09224618709395388,0.0015,-0.0065,6.313637686788972,6.318512135032376,0.99875,0.0,0.0,0.00025,0.002,79
MIA,36.0,52.41625,-0.0008218679630897263,0.002353349358767637,0.001,-0.004,9.382389332492782,9.38462824234887,0.9995,0.0,0.0,0.0,0.00125,79
MIL,16.0,23.05025,0.0,0.0,0.0,0.0,0.0,0.0,0.0,0.46475,0.53525,0.0,0.0,79
NYK,38.0,57.02225,0.0,0.0,0.0,0.0,0.0,0.0,1.0,0.0,0.0,0.0,0.0,79
ORL,25.0,35.63625,0.3975196270931549,0.1450045332319712,0.01025,0.107,11.195188865795538,12.51196600416783,0.03025,0.0,0.69875,0.2925,0.0065,79
PHI,26.0,41.89075,0.2673500950407739,0.48497511769912977,0.08225,-0.0405,8.152169700580357,9.986252186594168,0.556,0.0,0.0195,0.4365,0.23625,79
TOR,25.0,37.6315,0.4286338475943453,0.24740732099047316,0.03625,0.10575,10.074542730375299,11.884484494028666,0.1385,0.0,0.28875,0.6555,0.03025,79
WAS,23.0,31.6035,0.2664501415816961,0.01893977594345239,0.00175,0.0195,12.696926185967262,11.920451026563097,0.0015,0.0,0.97775,0.022,0.00025,79
DAL,27.0,38.746,0.18239421615044643,0.36599471358611824,0.10125,0.076,0.6198657596866072,2.0544749847208124,0.282,0.0,0.2575,0.443,0.1555,79
DEN,39.0,55.48975,0.0,0.0,0.0,0.0,0.0,0.0,1.0,0.0,0.0,0.0,0.0,79
GSW,29.0,44.21825,0.1428378997776786,0.29908247938571425,0.039,-0.107,7.447216723059374,7.7208779766917655,0.93675,0.0,0.0045,0.04525,0.07425,79
HOU,32.0,47.41525,0.15762649241220236,0.18357306155376985,0.00275,-0.0225,6.956318135713838,6.984233647567014,0.9945,0.0,0.0,0.00225,0.0105,79
LAC,19.0,28.4335,0.0,0.0,0.0,0.00025,5.1570482473544965,5.1570482473544965,0.0,0.00925,0.99,0.00075,0.0,79
LAL,25.0,40.57075,0.0,0.0,0.0995,-0.0435,0.0,0.0,0.629,0.0,0.0895,0.31775,0.17075,79
MEM,15.0,22.50925,0.12442450012723227,-0.1263286096004079,0.0,0.0,15.083149176897319,12.379922355825206,0.0,0.59025,0.40975,0.0,0.0,79
MIN,29.0,43.43,0.0,0.0,0.059,-0.12175,0.0,0.0,0.89325,0.0,0.00825,0.07375,0.11475,79
NOP,13.0,19.56075,0.014298660714285727,-0.05327202380952382,0.0,0.0,20.571960267857143,15.184461011904762,0.0,0.9365,0.0635,0.0,0.0,79
OKC,44.0,66.27775,0.0002581238977072313,0.0002581238977072313,0.0,0.0,5.1570482473544965,5.1570482473544965,1.0,0.0,0.0,0.0,0.0,79
PHX,26.0,37.7835,0.0,0.0,0.07075,0.104,0.0,0.0,0.17525,0.0,0.41075,0.4045,0.104,79
POR,27.0,40.42575,0.3833861610895834,0.6169112719551729,0.109,-0.0385,8.49643582287247,9.826056862599248,0.57375,0.0,0.0895,0.33075,0.20275,79
SAC,11.0,17.58225,0.06460963840133928,-0.011111902399693854,0.0,0.0,15.734105723668744,12.035561267886987,0.0,0.98825,0.01175,0.0,0.0,79
SAS,38.0,58.83375,0.0,0.0,0.0,0.0,0.0,0.0,1.0,0.0,0.0,0.0,0.0,79
UTA,25.0,39.80425,0.4152582565010418,0.2998386602303571,0.10725,-0.0005,8.75049487695119,8.84991713748036,0.5155,0.0,0.14075,0.382,0.1675,79
ATL,29.0,47.55775,0.0,0.0,0.022,-0.11625,0.0,0.0,0.96275,0.0,0.00075,0.0195,0.09025,80
BOS,37.0,52.17125,0.035979938074663785,0.04468012310725307,0.0015,-0.0105,6.229394013310077,6.23985346181722,0.999,0.0,0.0,0.0,0.00425,80
BKN,23.0,33.20325,0.11579151785714287,0.01762187500000001,0.001,0.01925,10.578345386904763,10.330366071428573,0.0025,0.0,0.98075,0.018,0.001,80
CHA,21.0,31.6345,0.26770833426919627,0.004325404024084458,0.00075,0.004,13.204806226281992,12.938847901973013,0.0005,0.00025,0.99575,0.004,0.0,80
CHI,25.0,39.01825,0.44670306839747026,0.29734445432372275,0.05475,0.1315,9.590940116019198,12.033891309743238,0.16,0.0,0.4105,0.51725,0.042,80
CLE,26.0,38.145,0.0,0.0,0.03225,0.13,0.0,0.0,0.08025,0.0,0.56975,0.39675,0.02125,80
DET,30.0,48.28575,0.18156114140023694,0.29206980422599094,0.016,-0.08675,6.639241847681251,6.8109104676046135,0.97275,0.0,0.0,0.0125,0.05525,80
IND,31.0,47.58675,0.21064702787574402,0.35672407491853175,0.0255,-0.1115,6.803093796358482,7.072441928082957,0.956,0.0,0.00125,0.01925,0.08575,80
MIA,30.0,44.032,-0.007790050003356408,0.26654150289950107,0.0795,-0.08725,9.147862962162948,10.432634535865065,0.66825,0.0,0.01625,0.20325,0.334,80
MIL,15.0,23.9785,0.0,0.0,0.0,0.0,0.0,0.0,0.0,0.3715,0.6285,0.0,0.0,80
NYK,34.0,53.4405,0.0,0.0,-0.00025,-0.00425,0.0,0.0,0.99975,0.0,0.0,0.00025,0.00025,80
ORL,32.0,45.89575,0.2349181064434524,0.515134478021087,0.0615,-0.143,7.248480192145387,8.037435040426784,0.8305,0.0,0.00275,0.069,0.24875,80
PHI,44.0,63.9095,0.0018068672839506193,0.0018068672839506193,0.0,0.0,5.1583388668430326,5.1583388668430326,1.0,0.0,0.0,0.0,0.0,80
TOR,27.0,40.91925,0.33981756367425603,0.4267163392639299,0.07875,0.06225,8.673753312087502,11.213127719945529,0.357,0.0,0.15875,0.60875,0.11325,80
WAS,28.0,36.16125,0.48929524625357146,0.08581830694226192,0.0095,0.07675,11.247148783385864,11.841965500730952,0.01075,0.0,0.86325,0.1315,0.004,80
DAL,31.0,43.128,0.03605759236875,0.14083162430133928,0.048,-0.1135,0.0626297079857143,0.2983595528171131,0.88825,0.0,0.0005,0.05425,0.14375,80
DEN,28.0,41.92725,0.0,0.0,0.063,-0.14025,0.0,0.0,0.8245,0.0,0.00175,0.1065,0.20375,80
GSW,30.0,42.277,0.21432201644880958,0.40516494354477045,0.06475,-0.136,7.763294509599553,8.294242129568776,0.8335,0.0,0.00325,0.099,0.18675,80
HOU,20.0,33.88475,0.44879531447648785,0.1711756380712257,0.03375,0.10475,12.077736041750745,12.478646364706915,0.084,0.0,0.67075,0.30825,0.0095,80
LAC,13.0,20.20425,0.0,0.0,0.0,0.0,5.165566335978834,5.165566335978834,0.0,0.9195,0.0805,0.0,0.0,80
LAL,30.0,44.85625,0.0,0.0,0.02075,-0.0695,0.0,0.0,0.96925,0.0,0.0,0.014,0.057,80
MEM,15.0,23.05725,0.13337492271964296,-0.1263863639763007,0.0,0.0,15.021276137870535,12.452315951742497,0.0,0.55875,0.44125,0.0,0.0,80
MIN,26.0,40.7425,0.0,0.0,0.0745,-0.11675,0.0,0.0,0.7675,0.0,0.0095,0.228,0.19,80
NOP,18.0,25.466,0.05817306547619051,0.00801443452380957,0.0,0.0005,19.397977380952383,16.238771875,0.0,0.15325,0.84625,0.0005,0.0,80
OKC,40.0,61.19525,0.008259964726631402,0.008259964726631402,0.0,0.0,5.165566335978834,5.165566335978834,1.0,0.0,0.0,0.0,0.0,80
PHX,25.0,38.5855,0.0,0.0,0.0985,-0.02075,0.0,0.0,0.4415,0.0,0.05275,0.554,0.1595,80
POR,34.0,48.64375,0.1518966310931547,0.1543387655943452,0.00025,-0.004,6.555064590670388,6.558601972809524,0.99925,0.0,0.0,0.0,0.002,80
SAC,9.0,16.18525,0.034346575009374984,-0.003336595965291945,0.0,0.0,15.815003821576335,12.066711170521412,0.0,0.99675,0.00325,0.0,0.0,80
SAS,46.0,68.03925,0.0,0.0,0.0,0.0,0.0,0.0,1.0,0.0,0.0,0.0,0.0,80
UTA,23.0,35.8685,0.5394492397197916,0.14851266380773803,0.05725,0.08175,10.873121741365923,9.584564609774999,0.19225,0.0,0.262,0.6355,0.04775,80
ATL,27.0,42.09325,0.0,0.0,0.07575,-0.067,0.0,0.0,0.66025,0.0,0.011,0.2695,0.297,81
BOS,32.0,49.4835,0.1741602805087191,0.19657909520653655,0.00225,-0.01825,6.607531820972769,6.626435732020933,0.99775,0.0,0.0,0.00075,0.007,81
BKN,18.0,27.16325,-0.0012970238095238115,0.01272321428571428,0.0,0.001,7.280688095238094,7.422810863095237,0.0,0.46175,0.5375,0.00075,0.0,81
CHA,34.0,48.342,0.18000950936048282,0.22589612770244707,0.0115,-0.042,6.847789932930704,6.923284518278571,0.98475,0.0,0.0,0.004,0.0285,81
CHI,16.0,25.452,0.17680056427500007,-0.10842320628796175,0.0,0.0,15.146946201709374,12.312254424710323,0.0,0.74625,0.2535,0.00025,0.0,81
CLE,34.0,50.63025,0.0,0.0,0.001,-0.00675,0.0,0.0,0.99925,0.0,0.0,0.0,0.00325,81
DET,24.0,40.42825,0.2547757304184525,0.5034723068965928,0.0735,-0.0025,8.351964414951043,10.45789469284882,0.53225,0.0,0.03375,0.55075,0.17775,81
IND,28.0,42.88,0.17988531631562507,0.43092859028159014,0.0725,-0.1035,7.77053068208735,8.895517447971846,0.7495,0.0,0.00225,0.1665,0.2965,81
MIA,24.0,37.2275,0.2663567395573909,0.19192825830899615,0.045,0.09775,9.848643188954872,12.150756404274267,0.13525,0.0,0.236,0.69575,0.0405,81
MIL,10.0,16.7025,0.0,0.0,0.0,0.0,0.0,0.0,0.0,1.0,0.0,0.0,0.0,81
NYK,35.0,51.2365,0.0,0.0,0.00025,-0.006,0.0,0.0,0.99875,0.0,0.0,0.0,0.0025,81
ORL,18.0,30.999,0.47577513042157704,-0.006769843026289648,0.002,0.0165,12.941638553940178,12.915125128630606,0.00325,0.03975,0.94,0.02025,0.0,81
PHI,39.0,57.1425,0.115085196208113,0.115085196208113,0.0,0.0,5.396507914462079,5.396507914462079,1.0,0.0,0.0,0.0,0.0,81
TOR,31.0,45.3415,0.14320641529166667,0.3384450999919147,0.036,-0.11925,7.38479380477857,7.814166731500546,0.9105,0.0,0.00025,0.04125,0.14025,81
WAS,25.0,34.74375,0.4693712458919642,0.1274049266613094,0.01425,0.10825,10.850101760843156,11.724610098017262,0.0285,0.00075,0.73725,0.25025,0.00675,81
DAL,27.0,39.37575,0.07585859909017857,0.2095235868616454,0.05725,-0.009,0.3140111065214286,1.8622234995937839,0.38875,0.0,0.01575,0.6825,0.16575,81
DEN,38.0,55.54475,0.0,0.0,0.0,0.0,0.0,0.0,1.0,0.0,0.0,0.0,0.0,81
GSW,29.0,42.3385,0.1764330920809524,0.40759574700900225,0.06475,-0.081,7.8282714485666665,9.000111251579723,0.76,0.0,0.00075,0.16,0.3475,81
HOU,29.0,45.68775,0.12253642744910716,0.2456031161331349,0.02025,-0.1035,7.287187201080802,7.534006110750395,0.9645,0.0,0.00025,0.016,0.0865,81
LAC,22.0,31.713,0.0,0.0,0.01025,0.07775,5.156790123456789,5.156790123456789,0.021,0.0265,0.8225,0.15,0.0005,81
LAL,32.0,48.078,0.0,0.0,0.00875,-0.05125,0.0,0.0,0.98525,0.0,0.0,0.003,0.03375,81
MEM,21.0,29.8815,0.45897308655595204,-0.01564740281397665,0.0035,0.03175,13.549507363247615,12.838470425786086,0.00375,0.096,0.86175,0.04225,0.0,81
MIN,32.0,48.918,0.0,0.0,0.00175,-0.026,0.0,0.0,0.9975,0.0,0.0,0.00075,0.01125,81
NOP,21.0,29.11675,0.3365803571428572,-0.06800431547619044,0.00075,0.0215,19.54078080357143,15.616016369047617,0.0015,0.16025,0.81725,0.0225,0.0,81
OKC,45.0,66.54425,0.0,0.0,0.0,0.0,5.156790123456789,5.156790123456789,1.0,0.0,0.0,0.0,0.0,81
PHX,21.0,33.58275,0.0,0.0,0.02175,0.12725,0.0,0.0,0.06425,0.0055,0.556,0.43225,0.00325,81
POR,30.0,42.7605,0.15524746602351194,0.3510207196737698,0.05275,-0.09325,7.753546702649255,8.871559736589267,0.78025,0.0,0.00075,0.13125,0.34825,81
SAC,19.0,27.23425,0.2969634520995535,-0.12159030624049573,0.0005,0.0045,14.682761667714283,12.563270369817609,0.0005,0.459,0.5375,0.0035,0.0,81
SAS,35.0,56.131,0.0,0.0,0.0,0.0,0.0,0.0,1.0,0.0,0.0,0.0,0.0,81
UTA,24.0,33.2275,0.5040232247113093,0.0707903294309523,0.01325,0.12425,11.638808888637204,9.944199422617858,0.03275,0.00425,0.636,0.356,0.00325,81
ATL,19.0,32.0745,0.0,0.0,0.00125,0.00875,0.0,0.0,0.00075,0.002,0.98625,0.01175,0.0,82
BOS,36.0,52.08825,0.10482267777874225,0.12043173168524028,0.00375,-0.0155,6.298542128157806,6.325463786849472,0.99525,0.0,0.0,0.001,0.0105,82
BKN,13.0,20.21275,0.012261458333333336,0.00288943452380952,0.0,0.0,8.400493601190476,8.588905952380951,0.0,0.97075,0.02925,0.0,0.0,82
CHA,32.0,45.33825,0.18477168861547622,0.5854442769475694,0.08675,-0.11825,7.67418033815744,9.167531213016964,0.6625,0.0,0.0,0.29725,0.238,82
CHI,17.0,26.9365,0.3021292818013391,-0.07035783648839296,0.0,0.0,14.192032050133033,12.691708779606214,0.0,0.15,0.85,0.0,0.0,82
CLE,39.0,57.702,0.0,0.0,0.0,0.0,0.0,0.0,1.0,0.0,0.0,0.0,0.0,82
DET,29.0,45.107,0.17380515789508932,0.5742746294619474,0.087,-0.10475,7.675019009619642,9.205522982110246,0.70025,0.0,0.001,0.32775,0.1895,82
IND,29.0,45.09625,0.1726117243287203,0.5640987766633929,0.083,-0.1115,7.6463932633270835,9.15738479789846,0.72525,0.0,0.00025,0.29925,0.2185,82
MIA,34.0,47.97675,-0.039416608473611094,0.15365076698648072,0.0495,-0.12025,9.276258530423492,9.710396765163532,0.88825,0.0,0.0,0.05875,0.13725,82
MIL,18.0,29.52875,0.0,0.0,0.0,0.0005,0.0,0.0,0.0,0.0245,0.975,0.0005,0.0,82
NYK,38.0,55.4885,0.0,0.0,0.0,-0.0005,0.0,0.0,1.0,0.0,0.0,0.0,0.0,82
ORL,19.0,33.0205,0.4107066901583333,0.013397167125418094,0.00125,0.01275,11.651961960042263,12.794461017390626,0.00125,0.0005,0.97925,0.02025,0.0,82
PHI,31.0,47.6095,0.207037094272349,0.49620032578975964,0.0545,-0.13875,7.1494423005155365,7.6825494273372135,0.9055,0.0,0.0,0.06575,0.13575,82
TOR,36.0,50.527,0.15875098500577048,0.2214370525921792,0.016,-0.04325,6.529082527142245,6.640329051091403,0.9805,0.0,0.0,0.00825,0.03675,82
WAS,29.0,40.27825,0.15947590098601197,0.12845898859285715,0.028,0.0105,9.08970098398512,10.87390366516488,0.1405,0.0,0.03125,0.9095,0.03375,82
DAL,23.0,34.27925,0.283401714884375,0.24615826216936648,0.0595,0.12375,1.2599130065928572,2.536248227379996,0.1475,0.0,0.4735,0.4245,0.056,82
DEN,30.0,45.96,0.0,0.0,0.00225,-0.01875,0.0,0.0,0.9975,0.0,0.0,0.00125,0.0065,82
GSW,25.0,36.38775,0.4231768541447917,0.4964370305229593,0.08675,0.0485,9.387075676358782,10.841434680315448,0.38975,0.0,0.142,0.546,0.14225,82
HOU,25.0,38.33125,0.3322527238275298,0.5229027165539399,0.09075,-0.0435,8.480162014067115,9.482591491153201,0.65175,0.0,0.04575,0.2805,0.257,82
LAC,25.0,34.99525,-0.00013005952380952301,-0.00013005952380952301,0.06225,0.11,6.6574548831569675,6.6574548831569675,0.185,0.0,0.3325,0.51625,0.0865,82
LAL,17.0,27.19475,0.0,0.0,0.001,0.00875,0.0,0.0,0.00075,0.1275,0.86675,0.00575,0.0,82
MEM,19.0,26.9815,0.2945795300830355,-0.053677341019436026,0.00025,0.003,14.170875866623211,12.697493824815563,0.00025,0.13675,0.8585,0.00475,0.0,82
MIN,35.0,51.4665,0.0,0.0,0.0,0.0,0.0,0.0,1.0,0.0,0.0,0.0,0.0,82
NOP,14.0,23.05,0.16049940476190477,-0.13197544642857148,0.0,0.0,18.479249255952382,15.721680654761906,0.0,0.771,0.229,0.0,0.0,82
OKC,28.0,49.5515,0.1881438381834215,0.1880968143738977,0.0,-0.0005,6.6574548831569675,6.6574548831569675,1.0,0.0,0.0,0.0,0.0,82
PHX,44.0,61.77825,0.0,0.0,0.0,0.0,0.0,0.0,1.0,0.0,0.0,0.0,0.0,82
POR,28.0,41.35475,0.13941092860997023,0.3056812094389243,0.04425,-0.12825,7.637003818292857,8.011042184815441,0.90625,0.0,0.00075,0.04925,0.1645,82
SAC,15.0,22.76675,0.15250616948571435,-0.08354325096729036,0.0,0.0,15.304789029350442,12.127456308879053,0.0,0.817,0.183,0.0,0.0,82
SAS,46.0,67.45375,0.0,0.0,0.0,0.0,0.0,0.0,1.0,0.0,0.0,0.0,0.0,82
UTA,27.0,39.464,0.2335956445526786,0.2246034187232143,0.0635,-0.09675,8.165671643549851,8.206029599403571,0.72125,0.0,0.016,0.17175,0.28725,82
ATL,29.0,44.29575,0.0,0.0,0.1135,-0.0655,0.0,0.0,0.60925,0.0,0.081,0.31375,0.18225,83
BOS,34.0,49.16025,0.2508578186247961,0.35580913987023965,0.022,-0.0635,6.8039557856132875,6.93527645868551,0.97425,0.0,0.0,0.01675,0.033,83
BKN,15.0,21.64075,0.0005377094356261006,0.0024461915784832434,0.0,0.0,6.1282222111992946,6.131567151675485,0.0,0.866,0.134,0.0,0.0,83
CHA,26.0,39.10075,0.3039301792869048,0.22250838159032588,0.03725,0.107,9.920877125448959,12.552918898658554,0.059,0.0,0.7785,0.185,0.01875,83
CHI,15.0,23.76675,0.24918831203750003,-0.126734968503234,0.0,0.0,14.963649132872318,12.437844679422469,0.0,0.5595,0.4405,0.0,0.0,83
CLE,26.0,39.33025,0.0,0.0,0.037,0.10275,0.0,0.0,0.07075,0.0,0.7415,0.21125,0.02325,83
DET,33.0,50.07725,0.24808189001989092,0.3052556225729309,0.01125,-0.04075,6.545198940078312,6.616135761513404,0.986,0.0,0.0005,0.00975,0.017,83
IND,32.0,46.29975,0.21290704555796414,0.53682557571758,0.07275,-0.13525,7.485446964142448,8.244917449575922,0.81425,0.0,0.01425,0.12675,0.14525,83
MIA,31.0,46.85575,-0.031989612969064114,0.24421829416041274,0.0645,-0.12275,9.299269046020191,9.820872410145464,0.873,0.0,0.00975,0.09625,0.1115,83
MIL,18.0,27.40075,0.0,0.0,0.0,0.0,0.0,0.0,0.0,0.0725,0.9275,0.0,0.0,83
NYK,34.0,51.50125,0.0,0.0,0.00375,-0.01125,0.0,0.0,0.99625,0.0,0.0,0.00125,0.007,83
ORL,29.0,43.89075,0.2736982920392858,0.6563468148349745,0.11275,-0.041,8.095082985661668,9.926410402108422,0.5715,0.0,0.09625,0.36775,0.16425,83
PHI,29.0,45.387,0.2299379216105876,0.5801978428037876,0.09825,-0.10925,7.692486026244499,8.83653477123997,0.746,0.0,0.03425,0.2095,0.16075,83
TOR,35.0,50.89225,0.228123183819439,0.27044715183382384,0.00725,-0.02325,6.344453570399196,6.374300338972622,0.9935,0.0,0.00025,0.002,0.01,83
WAS,30.0,42.47125,0.3142835235114585,0.4885729041970237,0.09875,0.043,8.712290310272769,10.469795344159524,0.30625,0.0,0.24375,0.46,0.127,83
DAL,16.0,24.549,0.26421787783035716,-0.1564119117417432,0.00025,0.00225,4.588170756717858,2.948147306753134,0.0,0.4045,0.594,0.0015,0.0,83
DEN,25.0,40.2275,0.0,0.0,0.035,-0.0025,0.0,0.0,0.78525,0.0,0.00125,0.11625,0.40525,83
GSW,23.0,35.68925,0.3304991589681549,0.2492142134685076,0.0475,0.05375,10.381046974897174,11.45312597613862,0.29125,0.0,0.08675,0.777,0.0795,83
HOU,35.0,51.71275,0.22243468915343925,0.22507693695849879,0.0,-0.00225,6.1282222111992946,6.130869946661496,1.0,0.0,0.0,0.0,0.001,83
LAC,21.0,31.774,0.0,0.0,0.01825,0.12375,5.156790123456789,5.156790123456789,0.04775,0.00025,0.65725,0.338,0.003,83
LAL,36.0,53.204,0.0,0.0,0.0,-0.001,0.0,0.0,1.0,0.0,0.0,0.0,0.0,83
MEM,19.0,27.87875,0.2910705820066962,0.0027815474447094968,0.00175,0.0265,13.568011327746426,12.846422043536878,0.003,0.048,0.91975,0.03225,0.0,83
MIN,32.0,49.53575,0.0,0.0,0.00125,-0.0125,0.0,0.0,0.999,0.0,0.0,0.0,0.00525,83
NOP,18.0,25.745,0.22559092261904767,-0.19075967261904764,0.0,0.005,18.052695982142858,16.35249925595238,0.0,0.21675,0.7785,0.00475,0.0,83
OKC,45.0,66.45075,0.0,0.0,0.0,0.0,5.156790123456789,5.156790123456789,1.0,0.0,0.0,0.0,0.0,83
PHX,27.0,41.58375,0.0,0.0,0.034,-0.01625,0.0,0.0,0.766,0.0,0.0005,0.057,0.4795,83
POR,34.0,50.01475,0.23678686031100643,0.24049790207692903,0.00075,-0.00725,6.5510630997702775,6.560004820723998,0.99875,0.0,0.0,0.0,0.004,83
SAC,15.0,21.961,0.1832397485285715,-0.09174718232229867,0.0,0.00025,15.405673756225442,12.19913944666433,0.0,0.8325,0.1675,0.0,0.0,83
SAS,35.0,54.00175,0.0,0.0,0.00025,-0.0005,0.0,0.0,1.0,0.0,0.0,0.0,0.0,83
UTA,23.0,33.6015,0.3000098067261905,0.08633804276309523,0.0295,0.1055,11.531984236265329,9.721917595539285,0.109,0.0,0.2925,0.67325,0.0225,83
ATL,26.0,39.096,0.0,0.0,0.10125,0.12175,0.0,0.0,0.2475,0.0,0.367,0.4185,0.1075,84
BOS,33.0,48.559,0.1800068727552965,0.22304978244368937,0.0085,-0.038,6.884759225727205,6.941971807554833,0.9925,0.0,0.0,0.00225,0.0205,84
BKN,14.0,24.17575,-0.002317581569664905,-0.002317581569664905,0.0,0.0,6.0815748897707245,6.0815748897707245,0.0,0.7545,0.2455,0.0,0.0,84
CHA,29.0,41.95975,0.23940701731056555,0.5382521567480754,0.09825,-0.00525,8.027973271830804,9.761620578847932,0.5795,0.0,0.07575,0.273,0.29,84
CHI,9.0,16.09875,0.017825754942410697,-0.0003910234698412682,0.0,0.0,15.840468959496869,12.080192680226705,0.0,0.99925,0.00075,0.0,0.0,84
CLE,32.0,48.90225,0.0,0.0,0.00325,-0.0275,0.0,0.0,0.99625,0.0,0.0,0.00075,0.01375,84
DET,40.0,58.5645,0.09822993827160505,0.09822993827160505,0.0,0.0,5.344775749559082,5.344775749559082,1.0,0.0,0.0,0.0,0.0,84
IND,24.0,36.90925,0.4776249565864583,0.2538877893005611,0.02975,0.11825,10.232236444044792,12.483776830685855,0.0705,0.0,0.714,0.23825,0.0285,84
MIA,32.0,48.3155,-0.00853303465211089,0.029844742861841928,0.0085,-0.045,9.373574996574153,9.422769577104193,0.991,0.0,0.0,0.0035,0.02225,84
MIL,23.0,32.82275,0.0,0.0,0.00225,0.01475,0.0,0.0,0.00175,0.0005,0.98225,0.01675,0.0005,84
NYK,36.0,54.12475,0.0,0.0,0.0,-0.00025,0.0,0.0,1.0,0.0,0.0,0.0,0.0,84
ORL,33.0,46.99375,0.13769519555232035,0.2381345708148203,0.01975,-0.0775,7.1644524104871135,7.352733030509633,0.96425,0.0,0.00025,0.01075,0.066,84
PHI,26.0,42.38225,0.2144211645831846,0.5583108681698498,0.09775,-0.038,7.823966648161457,9.312604042444974,0.70975,0.0,0.05375,0.2215,0.2525,84
TOR,26.0,39.3775,0.4005913408438989,0.49387465188258206,0.084,0.11775,8.985889095559077,11.417726123074084,0.2725,0.0,0.328,0.4285,0.125,84
WAS,26.0,38.41425,0.4327643690032738,0.33570044425654744,0.071,0.1405,9.443245585018452,11.174183086564286,0.1745,0.0,0.4785,0.38625,0.0735,84
DAL,19.0,30.843,0.3575981297053572,0.1017163257331165,0.0205,0.08225,3.139761549133036,3.263548530787866,0.03325,0.01575,0.8415,0.131,0.0065,84
DEN,34.0,50.82075,0.0,0.0,0.0,-0.00025,0.0,0.0,1.0,0.0,0.0,0.0,0.0,84
GSW,24.0,35.21625,0.5836809039261904,0.4356877769849531,0.07425,0.0945,10.504963903377977,11.221871927375194,0.30525,0.0,0.20375,0.521,0.16,84
HOU,38.0,54.71675,0.08800160934744275,0.08800160934744275,0.0,0.0,6.0815748897707245,6.0815748897707245,1.0,0.0,0.0,0.0,0.0,84
LAC,18.0,27.09625,0.0,0.0,0.0015,0.00625,5.158080742945325,5.158080742945325,0.002,0.196,0.796,0.0075,0.00025,84
LAL,35.0,49.69775,0.0,0.0,0.0,-0.0005,0.0,0.0,0.99975,0.0,0.0,0.0,0.00025,84
MEM,21.0,28.5075,0.26458903552976165,-0.01016976434905323,0.00225,0.02,14.189438653967409,12.877675596981142,0.00175,0.06875,0.91375,0.0165,0.00075,84
MIN,23.0,35.8755,0.0,0.0,0.092,0.083,0.0,0.0,0.409,0.0,0.14575,0.466,0.2195,84
NOP,14.0,21.578,0.0553090773809524,0.02238601190476191,0.0,0.0,18.199088095238096,15.84234449404762,0.0,0.9625,0.0375,0.0,0.0,84
OKC,44.0,64.568,0.0025812389770723133,0.0025812389770723133,0.0,0.0,5.158080742945325,5.158080742945325,1.0,0.0,0.0,0.0,0.0,84
PHX,24.0,38.94,0.0,0.0,0.05225,0.006,0.0,0.0,0.76575,0.0,0.01675,0.15325,0.308,84
POR,32.0,46.27425,0.10013726603244048,0.11222835146785715,0.003,-0.01825,7.222657416210862,7.241902383686904,0.99775,0.0,0.0,0.0,0.0085,84
SAC,24.0,36.2855,0.5756391107276786,0.4862504839441311,0.09525,0.0625,9.781784608405209,10.653246989156434,0.41,0.0,0.10075,0.4605,0.26175,84
SAS,40.0,60.7115,0.0,0.0,0.0,0.0,0.0,0.0,1.0,0.0,0.0,0.0,0.0,84
UTA,21.0,32.173,0.4906664299424105,0.10671754029940472,0.0345,0.11375,12.521461885416368,9.907223145979762,0.0755,0.00275,0.6985,0.24425,0.0345,84
ATL,33.0,45.199,0.0,0.0,0.094,-0.141,0.0,0.0,0.75625,0.0,0.0045,0.15575,0.2045,85
BOS,28.0,44.0545,0.30384879713312396,0.652289576311348,0.11025,-0.11425,7.8283183081497025,9.032155433945336,0.7155,0.0,0.021,0.26925,0.1815,85
BKN,12.0,20.6745,-0.000812973985890653,-0.000812973985890653,0.0,0.0,5.873467779982364,5.875248732363316,0.0,0.89075,0.10925,0.0,0.0,85
CHA,33.0,47.031,0.24217122592768958,0.43594530013919747,0.048,-0.111,7.059673721691154,7.42655504113907,0.913,0.0,0.0005,0.05675,0.09375,85
CHI,21.0,32.22425,0.24504525485952347,0.0063505145136408744,0.0005,0.00575,12.81531881769732,12.777296949125748,0.0005,0.0005,0.993,0.0065,0.0,85
CLE,27.0,43.902,0.0,0.0,0.0975,-0.11625,0.0,0.0,0.70625,0.0,0.01825,0.30975,0.1765,85
DET,29.0,44.365,0.29626308686868946,0.6037595377839174,0.0985,-0.11825,7.78577774496018,8.950134217269555,0.70025,0.0,0.0145,0.255,0.20075,85
IND,25.0,38.03025,0.43018656817708345,0.2083927491779195,0.0335,0.1065,10.672567948377235,12.295667961681556,0.0635,0.0,0.6605,0.30825,0.01575,85
MIA,33.0,51.4645,-0.0008163590039737647,0.0044566684920679,0.00125,-0.008,9.381286163263173,9.388388266069702,0.9985,0.0,0.0,0.0005,0.00325,85
MIL,10.0,18.8235,0.0,0.0,0.0,0.0,0.0,0.0,0.0,0.974,0.026,0.0,0.0,85
NYK,37.0,52.99475,0.0,0.0,0.00025,-0.00175,0.0,0.0,0.99975,0.0,0.0,0.0,0.0005,85
ORL,32.0,47.37025,0.23167337963570878,0.3946687599470679,0.03475,-0.097,6.954415881175777,7.224798937273793,0.943,0.0,0.00075,0.04075,0.0675,85
PHI,33.0,51.27625,0.15072787903592927,0.16328416701688167,0.00325,-0.012,6.162324061614017,6.173018358050773,0.9975,0.0,0.0,0.001,0.0035,85
TOR,25.0,39.88825,0.4315873020252977,0.325966487979358,0.0655,0.0855,9.638742043129168,11.588755019543829,0.206,0.0,0.2875,0.5955,0.0525,85
WAS,20.0,31.02025,0.23628514334732115,0.00011562129940476407,0.00025,0.00125,13.195658632641068,11.861611186069052,0.0,0.002,0.997,0.001,0.0,85
DAL,28.0,42.70025,0.08360783857276786,0.2937809353092263,0.0895,-0.096,0.1914651619799107,0.8971355423410716,0.69575,0.0,0.0295,0.25975,0.2105,85
DEN,28.0,41.63375,0.0,0.0,0.10275,-0.0465,0.0,0.0,0.548,0.0,0.05875,0.404,0.19975,85
GSW,28.0,39.84975,0.45225264385610126,0.4768351840170635,0.08825,0.05375,9.457855190316371,11.008357733172968,0.3125,0.0,0.18275,0.55675,0.11175,85
HOU,38.0,52.924,0.15109701278659626,0.1523824523342153,0.0,-0.00125,5.873467779982364,5.874110499756173,1.0,0.0,0.0,0.0,0.00025,85
LAC,16.0,24.88475,0.0002581238977072313,0.0002581238977072313,0.0,0.0,5.161952601410934,5.161952601410934,0.0,0.18725,0.81275,0.0,0.0,85
LAL,25.0,37.04225,0.0,0.0,0.03625,0.113,0.0,0.0,0.07825,0.0,0.68225,0.27025,0.02325,85
MEM,19.0,27.28225,0.18172228873348195,-0.024490044949801566,0.0,0.0,14.222788121073211,12.754075632063298,0.0,0.0375,0.9625,0.0,0.0,85
MIN,30.0,46.188,0.0,0.0,0.0215,-0.08825,0.0,0.0,0.96425,0.0,0.0005,0.029,0.05575,85
NOP,22.0,30.4615,0.20243258928571428,-0.020536309523809516,0.0,0.00225,18.99412604166667,15.458882142857142,0.0,0.00075,0.997,0.00225,0.0,85
OKC,40.0,60.37,0.004646230158730164,0.004646230158730164,0.0,0.0,5.161952601410934,5.161952601410934,1.0,0.0,0.0,0.0,0.0,85
PHX,29.0,42.1535,0.0,0.0,0.1065,-0.07175,0.0,0.0,0.58525,0.0,0.03975,0.3315,0.23375,85
POR,30.0,43.91875,0.27067064055505957,0.5198036388144487,0.08625,-0.128,7.733148838199255,8.36777595106255,0.8215,0.0,0.00875,0.145,0.15375,85
SAC,14.0,20.7465,0.10070051068348225,-0.04545452476845234,0.0,0.0,15.406889823220979,12.029177140552562,0.0,0.90725,0.09275,0.0,0.0,85
SAS,40.0,62.2325,0.0,0.0,0.0,0.0,0.0,0.0,1.0,0.0,0.0,0.0,0.0,85
UTA,35.0,49.294,0.18912549302201279,0.19792396940564372,0.00575,-0.021,6.507957595771419,6.518739119137788,0.9945,0.0,0.0,0.0015,0.01125,85
ATL,32.0,46.29025,0.0,0.0,0.0465,-0.105,0.0,0.0,0.7955,0.0,0.0,0.089,0.365,86
BOS,36.0,52.3385,0.19731630532104283,0.21407255478721346,0.0025,-0.02325,6.172694471346975,6.19996350582877,0.99725,0.0,0.0,0.00025,0.01075,86
BKN,12.0,24.06925,0.0021789902998236334,0.0022138117283950595,0.00025,0.001,6.927691049382716,6.9345592041446205,0.0,0.88075,0.119,0.00025,0.0,86
CHA,24.0,34.42525,0.45636503358348207,0.14247504096235672,0.0155,0.1205,10.35305772797872,12.36428857294136,0.05125,0.002,0.515,0.48275,0.00025,86
CHI,21.0,31.8325,0.6230253953605652,0.06853589377191176,0.00625,0.07225,12.043244434615774,12.773490178202323,0.0105,0.02325,0.85,0.12675,0.0,86
CLE,40.0,59.34275,0.0,0.0,0.0,0.0,0.0,0.0,1.0,0.0,0.0,0.0,0.0,86
DET,32.0,50.7765,0.20485813846773038,0.2680867874690696,0.00825,-0.0675,6.495884869032683,6.587181031968497,0.9895,0.0,0.0,0.00175,0.035,86
IND,28.0,41.71625,0.0870646800087798,0.23233532773345664,0.0425,-0.00175,8.192206614887203,11.284304342250113,0.30575,0.0,0.004,0.828,0.1005,86
MIA,31.0,47.32875,-0.028334991193887785,0.13870489590370294,0.029,-0.13325,9.272712137492682,9.827637666061811,0.896,0.0,0.0,0.0375,0.25325,86
MIL,16.0,24.26475,0.0,0.0,0.0,0.00025,0.0,0.0,0.0,0.884,0.116,0.0,0.0,86
NYK,31.0,47.609,0.0,0.0,0.0335,-0.13625,0.0,0.0,0.9095,0.0,0.0,0.03925,0.209,86
ORL,37.0,52.23775,0.20205660879585544,0.23344503081470463,0.004,-0.03,6.195097726564882,6.232632406016767,0.99425,0.0,0.0,0.00025,0.01575,86
PHI,36.0,52.89325,0.19501909412174834,0.2082641607786928,0.0025,-0.01775,6.048601265156306,6.076229009987555,0.998,0.0,0.0,0.0005,0.01025,86
TOR,21.0,31.3945,0.6114338022721723,0.043802995883042734,0.0055,0.05525,12.354245216127977,12.814528742221869,0.01075,0.034,0.88125,0.08475,0.0,86
WAS,23.0,33.6205,0.5352854513547618,0.10436103313749996,0.01175,0.113,10.824949765662797,11.689426167611309,0.04175,0.00425,0.6865,0.309,0.00025,86
DAL,17.0,26.6055,0.2767201124571429,-0.14640770852726614,0.00125,0.01125,4.730251555341072,2.790376844263529,0.00125,0.5715,0.41625,0.012,0.00025,86
DEN,27.0,43.7405,0.0,0.0,0.008,-0.13025,0.0,0.0,0.97675,0.0,0.0,0.0015,0.09025,86
GSW,30.0,42.794,0.0430334964686012,0.13622741168844246,0.01375,-0.129,7.4808066485002955,7.882778536002528,0.93725,0.0,0.0,0.00325,0.18775,86
HOU,31.0,48.79825,0.17061644007655422,0.1778484446405423,0.0005,-0.01075,6.927886643700573,6.935801671823787,0.99925,0.0,0.0,0.0,0.0035,86
LAC,26.0,35.151,0.0,0.0,0.0735,0.06575,5.156790123456789,5.156790123456789,0.37225,0.00025,0.11425,0.411,0.3365,86
LAL,18.0,32.967,0.0,0.0,0.08775,0.1385,0.0,0.0,0.281,0.012,0.3915,0.43225,0.09725,86
MEM,22.0,29.24875,0.5503090500113091,0.022713796446030395,0.0085,0.0635,13.697679428435118,12.68846763810028,0.01425,0.144,0.76625,0.08,0.0075,86
MIN,32.0,46.691,0.0,0.0,0.0045,-0.046,0.0,0.0,0.995,0.0,0.0,0.0,0.0215,86
NOP,21.0,29.6185,0.6192596726190477,0.23867425595238098,0.01425,0.0785,19.076747023809524,15.888850446428572,0.0215,0.1185,0.765,0.10625,0.0065,86
OKC,43.0,65.6635,0.0,0.0,0.0,0.0,5.156790123456789,5.156790123456789,1.0,0.0,0.0,0.0,0.0,86
PHX,35.0,50.834,0.0,0.0,0.00025,-0.00375,0.0,0.0,1.0,0.0,0.0,0.0,0.00025,86
POR,23.0,33.34425,0.6620213809348213,0.36962051441635185,0.07025,0.1275,10.666145766238392,11.673982155096553,0.20775,0.0055,0.332,0.4705,0.139,86
SAC,19.0,28.116,0.45659434794181525,-0.05432116612473197,0.00775,0.0375,14.24904170500193,12.610174839279404,0.0045,0.3115,0.644,0.04125,0.00225,86
SAS,34.0,53.339,0.0,0.0,0.0,-0.00025,0.0,0.0,1.0,0.0,0.0,0.0,0.0,86
UTA,22.0,32.949,0.6899354384813987,0.17982675011071422,0.07,0.145,10.942238359984376,9.638249558798808,0.18925,0.0085,0.399,0.442,0.1075,86
ATL,29.0,42.977,0.0,0.0,0.06275,-0.02675,0.0,0.0,0.41775,0.0,0.00425,0.651,0.17725,87
BOS,33.0,47.385,0.19783831081511796,0.4613985390470624,0.059,-0.1455,7.259407291190922,7.999421552909979,0.8595,0.0,0.00025,0.05425,0.24,87
BKN,17.0,25.92075,0.0029238095238095225,0.0029473214285714276,0.00025,0.0005,6.754582423941799,6.760183763227514,0.0,0.50775,0.49225,0.0,0.0,87
CHA,37.0,51.48575,0.14345642854619706,0.20275626991931217,0.00625,-0.04225,6.4167271954756355,6.484054268779653,0.98775,0.0,0.0,0.00275,0.025,87
CHI,25.0,35.63475,0.38629367149985105,0.15077612722173594,0.009,0.1235,10.328538598986757,12.41754009265102,0.031,0.0,0.532,0.46775,0.0,87
CLE,42.0,60.91225,0.0,0.0,0.0,0.0,0.0,0.0,1.0,0.0,0.0,0.0,0.0,87
DET,32.0,48.3895,0.20346774566014658,0.4152678851645612,0.03925,-0.135,7.015456167026015,7.435905454251659,0.93175,0.0,0.0,0.02975,0.13325,87
IND,18.0,29.97175,0.435508732218452,-0.011134021298134858,0.00175,0.01375,13.482977277439284,12.927006756372085,0.001,0.042,0.94125,0.01675,0.0,87
MIA,32.0,48.3225,-0.03791912072337412,0.14501077338850676,0.0385,-0.127,9.317500148955368,9.658686337349453,0.93625,0.0,0.0,0.03225,0.1375,87
MIL,8.0,12.90875,0.0,0.0,0.0,0.0,0.0,0.0,0.0,1.0,0.0,0.0,0.0,87
NYK,33.0,51.21125,0.0,0.0,0.00675,-0.048,0.0,0.0,0.99225,0.0,0.0,0.00175,0.0205,87
ORL,23.0,35.536,0.42002812998749994,0.14148237528431815,0.01575,0.11625,10.376184474934824,12.44241491410035,0.051,0.0,0.55425,0.4445,0.001,87
PHI,36.0,54.60025,0.09763837570265659,0.10096334589997802,0.0005,-0.00325,6.054336474867726,6.056339097074274,1.0,0.0,0.0,0.0,0.00075,87
TOR,28.0,45.25475,0.13544167657366074,0.4628722254243055,0.064,-0.1035,7.550813750342559,9.00547043934613,0.78425,0.0,0.00025,0.225,0.26475,87
WAS,20.0,32.25125,0.5274844038800592,0.03860023668095233,0.00575,0.0445,12.250271005040178,11.930145293593451,0.0075,0.00775,0.918,0.07425,0.0,87
DAL,22.0,32.68925,0.41383951165312505,0.16830013214849493,0.02675,0.1315,2.0469925062540177,3.0580920620208683,0.05625,0.003,0.625,0.3595,0.007,87
DEN,29.0,44.63275,0.0,0.0,0.016,-0.1255,0.0,0.0,0.957,0.0,0.0,0.00675,0.1235,87
GSW,31.0,43.6525,0.09645246307247025,0.235131676007748,0.03025,-0.129,7.587775278034522,8.062545534596378,0.89,0.0,0.0,0.01825,0.2335,87
HOU,34.0,49.39475,0.18513621059766314,0.19458659338962742,0.001,-0.01225,6.755042900112335,6.766362494691204,0.99875,0.0,0.0,0.0,0.00525,87
LAC,21.0,30.96075,-0.002839362874779544,-0.002839362874779544,0.013,0.07575,5.327226212522044,5.327226212522044,0.02075,0.01625,0.843,0.1375,0.00225,87
LAL,34.0,50.689,0.0,0.0,0.0,-0.005,0.0,0.0,0.99975,0.0,0.0,0.0,0.00075,87
MEM,28.0,39.41025,0.219842046668006,0.35661780922314473,0.06675,-0.0245,8.524444975194497,9.813093775793684,0.578,0.0,0.011,0.2995,0.39575,87
MIN,31.0,46.03175,0.0,0.0,0.01075,-0.0845,0.0,0.0,0.9775,0.0,0.00025,0.00225,0.05975,87
NOP,19.0,26.19225,0.18402544642857144,-0.12890089285714285,0.0,0.00225,20.523727232142857,15.380560863095239,0.0,0.4425,0.556,0.0015,0.0,87
OKC,37.0,57.95175,0.0951382275132276,0.0951382275132276,0.0,0.0,5.327226212522044,5.327226212522044,1.0,0.0,0.0,0.0,0.0,87
PHX,20.0,32.10775,0.0,0.0,0.0195,0.125,0.0,0.0,0.04075,0.00725,0.7115,0.2745,0.00475,87
POR,24.0,37.501,0.29969834430520836,0.37020094246945706,0.06625,0.027,9.023550684870239,10.922177290091664,0.45575,0.0,0.05425,0.63875,0.16175,87
SAC,13.0,21.3675,0.03242851004776793,-0.020947711153497677,0.0,0.0,15.44052607260357,12.1223097028746,0.0,0.96775,0.03225,0.0,0.0,87
SAS,41.0,62.565,0.0,0.0,0.0,0.0,0.0,0.0,1.0,0.0,0.0,0.0,0.0,87
UTA,23.0,32.09225,0.5592961684473212,0.07321507749226183,0.01675,0.11825,12.293386284630357,9.985221618564285,0.0255,0.00575,0.72425,0.2615,0.00575,87
ATL,32.0,45.544,0.0,0.0,0.0885,-0.137,0.0,0.0,0.7685,0.0,0.0025,0.17775,0.18325,88
BOS,30.0,45.3445,0.2308119078513393,0.6091288303558533,0.075,-0.1385,7.466711927848661,8.479942920592212,0.7895,0.0,0.00225,0.1885,0.17575,88
BKN,21.0,30.67325,-0.000886904761904763,0.009395982142857145,0.0,0.004,7.70792619047619,8.012543749999999,0.0,0.0055,0.99175,0.00275,0.0,88
CHA,31.0,45.50825,0.24571303877693457,0.620214564809042,0.08175,-0.132,7.415038956409971,8.361671942155,0.798,0.0,0.00275,0.17575,0.16425,88
CHI,18.0,27.213,0.3835643594598211,-0.06964967421554971,0.0,0.0,13.735018779684818,12.80936953442153,0.0,0.133,0.867,0.0,0.0,88
CLE,27.0,44.55625,0.0,0.0,0.08275,-0.12825,0.0,0.0,0.7635,0.0,0.00475,0.28025,0.16225,88
DET,32.0,47.60975,0.22663236094479164,0.42370584232881947,0.0405,-0.11025,6.885714459284673,7.216706607331498,0.93475,0.0,0.0,0.0455,0.08,88
IND,23.0,36.0005,0.25992739134449405,0.10088467908735096,0.01225,0.079,10.251905288531697,12.729363162933133,0.01825,0.0,0.84025,0.15725,0.00175,88
MIA,36.0,53.35875,0.0002813012665178576,0.001342049939556144,0.0,-0.00125,9.382665124800184,9.383283953838017,0.99975,0.0,0.0,0.0,0.00025,88
MIL,14.0,21.20325,0.0,0.0,0.0,0.0,0.0,0.0,0.0,0.93225,0.06775,0.0,0.0,88
NYK,42.0,61.7885,0.0,0.0,0.0,0.0,0.0,0.0,1.0,0.0,0.0,0.0,0.0,88
ORL,27.0,39.508,0.20766807806011905,0.25202010843843514,0.03625,0.07325,9.326998120290478,11.778722962052179,0.11325,0.0,0.194,0.73975,0.0385,88
PHI,28.0,45.63875,0.21587060589077384,0.5675984177549037,0.05575,-0.14625,7.35397183899732,8.20996757264808,0.8545,0.0,0.001,0.1585,0.1355,88
TOR,32.0,48.133,0.20939750774627972,0.3671903068590774,0.03075,-0.091,6.7523016464180055,6.985037251887203,0.95625,0.0,0.0,0.02975,0.05825,88
WAS,22.0,33.964,0.3001860029928572,0.03442620924702384,0.00425,0.034,11.063744012297025,11.925450007594044,0.00375,0.0,0.95525,0.04425,0.00025,88
DAL,18.0,28.00675,0.4101270695973215,0.08861590984991499,0.0135,0.123,3.1246972405696427,2.9791804971992986,0.0355,0.0725,0.605,0.3225,0.0,88
DEN,33.0,49.07325,0.0,0.0,0.002,-0.024,0.0,0.0,0.99725,0.0,0.0,0.0005,0.0075,88
GSW,14.0,24.954,0.35183861650803566,-0.08497063235364208,0.00675,0.0385,14.59615547987723,12.480297378930281,0.01,0.43625,0.51025,0.0535,0.0,88
HOU,30.0,43.3185,0.18863892695967263,0.35205452981507945,0.0485,-0.11975,7.755651893303422,8.439493604785712,0.8265,0.0,0.0,0.0595,0.32275,88
LAC,15.0,23.27525,-0.0010324955908289253,-0.0010324955908289253,0.001,0.01225,5.1875068672839495,5.1875068672839495,0.0005,0.72525,0.26525,0.0095,0.0,88
LAL,37.0,55.74625,0.0,0.0,0.0,0.0,0.0,0.0,1.0,0.0,0.0,0.0,0.0,88
MEM,18.0,26.26075,0.4115396082008926,-0.009059316746686485,0.0055,0.07425,14.109084416691516,12.598463316232428,0.01075,0.22925,0.66425,0.1065,0.0,88
MIN,31.0,44.763,0.0,0.0,0.03225,-0.14075,0.0,0.0,0.92075,0.0,0.0,0.025,0.173,88
NOP,17.0,25.063,0.2794019345238095,-0.14641056547619044,0.0045,0.0435,20.156603125,15.380251190476192,0.00325,0.42375,0.5265,0.04975,0.0,88
OKC,40.0,61.728,0.026844885361552058,0.026844885361552058,0.0,0.0,5.1875068672839495,5.1875068672839495,1.0,0.0,0.0,0.0,0.0,88
PHX,30.0,43.61325,0.0,0.0,0.045,-0.13325,0.0,0.0,0.85025,0.0,0.0,0.0485,0.29025,88
POR,31.0,45.32225,0.16796053268229166,0.26775141530446434,0.0235,-0.1285,7.294545405430059,7.579622129097519,0.95775,0.0,0.0,0.01325,0.1265,88
SAC,19.0,28.72675,0.42318374130178527,0.1317122957440189,0.01175,0.13375,12.829969529737948,12.343036052823901,0.05075,0.04225,0.49925,0.4585,0.0,88
SAS,46.0,66.00075,0.0,0.0,0.0,0.0,0.0,0.0,1.0,0.0,0.0,0.0,0.0,88
UTA,26.0,38.1045,0.20381818783110117,0.11300096594523808,0.04075,-0.01225,9.178878926850448,9.39038018805774,0.33675,0.0,0.00025,0.853,0.08,88
ATL,24.0,37.717,0.0,0.0,0.0625,0.1175,0.0,0.0,0.10975,0.0,0.68225,0.241,0.03675,89
BOS,31.0,47.3175,0.20742393476004187,0.28172113676133154,0.012,-0.0685,6.814307093788708,6.9513562982629775,0.97725,0.0,0.001,0.01325,0.04075,89
BKN,11.0,17.74425,0.0063471726190476386,-0.004727678571428559,0.0,0.0,9.34774910714286,9.420547767857144,0.0,0.9995,0.0005,0.0,0.0,89
CHA,25.0,35.7885,0.5091805494970236,0.12148778009475052,0.01925,0.06075,12.078926560429464,12.762651244384505,0.026,0.0,0.896,0.0855,0.01125,89
CHI,26.0,38.3525,0.6064195055119048,0.34328131925996874,0.05975,0.1305,10.472669710128127,12.159666257804483,0.12,0.0,0.58425,0.31575,0.059,89
CLE,30.0,45.64025,0.0,0.0,0.04125,-0.115,0.0,0.0,0.9225,0.0,0.00625,0.04175,0.11075,89
DET,36.0,52.45175,0.11408394267943128,0.1159323121216932,0.0005,-0.00175,6.034030173242019,6.035067980876842,0.99925,0.0,0.0,0.0,0.00075,89
IND,34.0,50.40825,0.12332464847180886,0.13053457490737436,0.00125,-0.00975,6.275081610493895,6.283863011306841,0.99825,0.0,0.0,0.0005,0.00325,89
MIA,30.0,47.781,-0.0029199986565751697,0.04600436999710459,0.0085,-0.06375,9.374081751796464,9.437694646820932,0.98625,0.0,0.00075,0.00725,0.02425,89
MIL,21.0,29.8045,0.0,0.0,0.0,0.00075,0.0,0.0,0.0,0.00925,0.99025,0.0005,0.0,89
NYK,40.0,58.46175,0.0,0.0,0.0,0.0,0.0,0.0,1.0,0.0,0.0,0.0,0.0,89
ORL,31.0,43.70525,0.2816282995565476,0.5717645311230272,0.08875,-0.10425,7.727009012449106,8.71346209145885,0.746,0.0,0.029,0.1475,0.24,89
PHI,27.0,40.5215,0.5300087980568453,0.5929808144867984,0.11125,0.0715,9.07920712258021,10.918447063240222,0.366,0.0,0.24525,0.398,0.169,89
TOR,24.0,39.58375,0.5948359183450893,0.5261666437641453,0.1045,0.112,9.56078542244122,11.442173610609,0.31625,0.0,0.385,0.38775,0.08875,89
WAS,29.0,41.1655,0.46311675252336315,0.510922016205357,0.1085,0.036,8.737637663372324,9.969995511970836,0.4325,0.0,0.17075,0.36125,0.2155,89
DAL,31.0,46.159,0.012275399544196429,0.0899307662692177,0.02925,-0.102,0.018877062854017856,0.15107050268745753,0.948,0.0,0.00075,0.02325,0.081,89
DEN,33.0,48.0575,0.0,0.0,0.01225,-0.0405,0.0,0.0,0.98825,0.0,0.0,0.00325,0.02375,89
GSW,20.0,31.83,0.267975481651339,0.021492551078001708,0.00325,0.0195,13.761575898450296,12.909214823966591,0.003,0.00275,0.97625,0.0205,0.00025,89
HOU,26.0,39.29625,0.5261761632592262,0.47323039068576245,0.07675,0.04475,9.5341327111689,10.970972518828443,0.36875,0.0,0.13725,0.56375,0.1405,89
LAC,27.0,40.0,0.0002581238977072313,0.0002581238977072313,0.1045,0.009,5.196283079805995,5.196283079805995,0.4335,0.0,0.094,0.49025,0.192,89
LAL,25.0,39.73175,0.0,0.0,0.08775,0.0355,0.0,0.0,0.417,0.0,0.1205,0.51075,0.16175,89
MEM,20.0,29.63875,0.17884817368258904,-0.0028176039324985785,0.00025,0.00575,14.360656501547322,12.922192133043485,0.0,0.01225,0.98325,0.0045,0.0,89
MIN,32.0,46.61775,0.0,0.0,0.02175,-0.08325,0.0,0.0,0.96925,0.0,0.00025,0.00875,0.05875,89
NOP,14.0,20.923,0.16708750000000003,-0.08232306547619046,0.0,0.0,19.762297321428573,15.637112797619046,0.0,0.99225,0.00775,0.0,0.0,89
OKC,39.0,58.12225,0.03278173500881838,0.03278173500881838,0.0,0.0,5.196283079805995,5.196283079805995,1.0,0.0,0.0,0.0,0.0,89
PHX,31.0,45.05625,0.0,0.0,0.0475,-0.1295,0.0,0.0,0.89675,0.0,0.00075,0.03525,0.16275,89
POR,31.0,44.648,0.21256517142725972,0.3815248642341403,0.0495,-0.1305,7.401634914477083,7.865841468793338,0.89825,0.0,0.0025,0.05175,0.1575,89
SAC,14.0,21.5955,0.06038522809687511,-0.012788900068698966,0.0,0.0,15.380798431841066,12.077513681752421,0.0,0.984,0.016,0.0,0.0,89
SAS,35.0,55.85125,0.0,0.0,0.0,0.0,0.0,0.0,1.0,0.0,0.0,0.0,0.0,89
UTA,23.0,36.0295,0.5381185955360117,0.09985217925178573,0.032,0.11575,11.804681233644493,9.901030000606548,0.07725,0.0,0.6695,0.288,0.02175,89
ATL,22.0,34.893,0.0,0.0,0.015,0.07975,0.0,0.0,0.02725,0.00025,0.8555,0.14275,0.0005,90
BOS,30.0,45.30275,0.1126926420050871,0.34977872065757426,0.0495,-0.1265,7.527438596650506,8.46328690038875,0.816,0.0,0.0015,0.0965,0.2865,90
BKN,17.0,27.36925,-0.0013263337742504423,-0.0013263337742504423,0.0,0.0,5.307809126984126,5.307809126984126,0.0,0.138,0.86175,0.00025,0.0,90
CHA,24.0,37.576,0.40774580809866073,0.1925285735075114,0.03925,0.131,9.680024202893899,12.078898645006149,0.1095,0.0,0.48675,0.494,0.01225,90
CHI,20.0,30.77075,0.36673034333883897,-0.003579592612237796,0.00025,0.00375,13.139533442345833,12.704521421009984,0.00025,0.011,0.9835,0.0055,0.0,90
CLE,33.0,48.851,0.0,0.0,0.01675,-0.08725,0.0,0.0,0.9765,0.0,0.00025,0.0045,0.069,90
DET,31.0,46.89875,0.13989204326705248,0.34230570250723097,0.0405,-0.14225,7.299765111162295,7.8246301988515805,0.91125,0.0,0.00075,0.032,0.187,90
IND,37.0,51.63025,0.1862949697897101,0.2092965367740851,0.00525,-0.01975,6.378445514839232,6.404284955587445,0.9965,0.0,0.0,0.00025,0.011,90
MIA,27.0,40.6065,0.1165760197258489,0.20655603877077705,0.0595,0.049,9.100436866317093,11.68822245849439,0.22675,0.0,0.10775,0.74825,0.07825,90
MIL,17.0,25.7465,0.0,0.0,0.0,0.0,0.0,0.0,0.0,0.33025,0.66975,0.0,0.0,90
NYK,36.0,52.37275,0.0,0.0,0.002,-0.013,0.0,0.0,0.99875,0.0,0.0,0.0,0.004,90
ORL,34.0,48.82225,0.19520913870373677,0.30378933417174264,0.0235,-0.091,6.96688559952603,7.153824845630495,0.9665,0.0,0.0,0.008,0.07325,90
PHI,22.0,37.17175,0.40670577215029763,0.17595704074698842,0.03575,0.12275,9.846739442692263,12.163910318536557,0.1015,0.0,0.55225,0.43375,0.0075,90
TOR,33.0,48.35075,0.18440626288363646,0.29620667905015424,0.02025,-0.0915,7.049018849294901,7.289510772608095,0.9595,0.0,0.0005,0.00825,0.0955,90
WAS,33.0,47.27775,0.1503774429291887,0.26099034911668867,0.03175,-0.12075,7.257262072074856,7.646626436710272,0.90975,0.0,0.00025,0.026,0.17525,90
DAL,22.0,33.226,0.3814467577647322,0.20253965461564627,0.05025,0.13675,1.9384731146584822,2.5369937103206213,0.12325,0.0,0.55425,0.36275,0.048,90
DEN,21.0,34.05875,0.0,0.0,0.07025,0.133,0.0,0.0,0.2015,0.00075,0.38175,0.491,0.07725,90
GSW,28.0,40.66075,0.1474050120190476,0.15579771112662272,0.0295,-0.025,7.837159108424702,8.55912055716795,0.80475,0.0,0.00275,0.06,0.36025,90
HOU,40.0,57.59925,0.08871415343915354,0.08871415343915354,0.0,0.0,5.307809126984126,5.307809126984126,1.0,0.0,0.0,0.0,0.0,90
LAC,21.0,31.32325,0.0,0.0,0.03025,0.093,5.158080742945325,5.158080742945325,0.039,0.00575,0.81025,0.1675,0.01175,90
LAL,35.0,52.401,0.0,0.0,0.0,0.0,0.0,0.0,1.0,0.0,0.0,0.0,0.0,90
MEM,16.0,22.4855,0.10757368327321441,-0.0681370301130101,0.0,0.0,15.348344499311159,12.01615908177395,0.0,0.862,0.138,0.0,0.0,90
MIN,38.0,55.766,0.0,0.0,0.0,0.0,0.0,0.0,1.0,0.0,0.0,0.0,0.0,90
NOP,15.0,23.9785,0.1768309523809524,0.03586741071428572,0.0,0.0,19.930908779761907,15.314668452380953,0.0,0.66,0.34,0.0,0.0,90
OKC,42.0,63.3005,0.0005162477954144627,0.0005162477954144627,0.0,0.0,5.158080742945325,5.158080742945325,1.0,0.0,0.0,0.0,0.0,90
PHX,24.0,36.53325,0.0,0.0,0.07925,0.05625,0.0,0.0,0.42425,0.0,0.093,0.42775,0.29125,90
POR,23.0,35.87025,0.4912386886133929,0.4343395989537556,0.07425,0.07325,9.763257208174256,10.745602696679407,0.41075,0.0,0.1515,0.491,0.19725,90
SAC,11.0,18.539,0.04291254372410714,-0.004437925522704077,0.0,0.0,15.795234732672318,11.909981072787328,0.0,0.992,0.008,0.0,0.0,90
SAS,36.0,53.35825,0.0,0.0,0.0,0.0,0.0,0.0,1.0,0.0,0.0,0.0,0.0,90
UTA,32.0,47.25975,0.11361345258722443,0.12390058117502203,0.00375,-0.03025,7.183572632240304,7.1982900209350955,0.9965,0.0,0.0,0.0,0.01425,90
ATL,30.0,45.706,0.0,0.0,0.0595,-0.117,0.0,0.0,0.8725,0.0,0.0185,0.08725,0.13475,91
BOS,31.0,47.45725,0.22807126037307648,0.3795514312134746,0.027,-0.09275,6.687770452379079,6.918932935011548,0.96025,0.0,0.0045,0.0285,0.05325,91
BKN,14.0,23.23175,0.009478124999999999,0.005673065476190464,0.0,0.0,8.612925297619046,8.473232738095238,0.0,0.982,0.018,0.0,0.0,91
CHA,33.0,46.92325,0.24080258382934855,0.4455645285927059,0.047,-0.1135,6.85854640012402,7.240534374575613,0.921,0.0,0.007,0.043,0.099,91
CHI,27.0,40.04525,0.5033462418712799,0.42675500795909854,0.072,0.12575,9.628436433968306,11.863128030653879,0.1625,0.0,0.53775,0.3235,0.06975,91
CLE,31.0,47.682,0.0,0.0,0.02675,-0.0935,0.0,0.0,0.971,0.0,0.00275,0.0205,0.04875,91
DET,32.0,47.954,0.20485766374262013,0.33032662904763005,0.0255,-0.083,6.606707736626693,6.77969669214601,0.964,0.0,0.00175,0.016,0.05325,91
IND,26.0,40.927,0.46861837397172623,0.5704095699269159,0.1045,0.10475,9.086867272675747,11.31024729016385,0.291,0.0,0.3865,0.36275,0.11175,91
MIA,33.0,48.391,-0.013330123065669084,0.06461370592663852,0.019,-0.07,9.357812173621172,9.480817526052157,0.97175,0.0,0.0015,0.01475,0.04225,91
MIL,14.0,21.032,0.0,0.0,0.0,0.0,0.0,0.0,0.0,0.99875,0.00125,0.0,0.0,91
NYK,27.0,40.16775,0.0,0.0,0.08575,0.1235,0.0,0.0,0.19575,0.0,0.51325,0.32125,0.07975,91
ORL,28.0,40.47425,0.5014453278940477,0.48796402833702657,0.093,0.10975,9.365423647560863,11.633361517249345,0.1935,0.0,0.4595,0.353,0.09875,91
PHI,37.0,54.7765,0.09789628771905323,0.09831311219003538,0.00025,-0.001,5.33229307760141,5.33229307760141,1.0,0.0,0.0,0.0,0.0,91
TOR,28.0,42.493,0.4019878940505953,0.6829214459643764,0.11925,0.012,8.34127442425253,10.242281328592263,0.47,0.0,0.18625,0.3285,0.19625,91
WAS,27.0,37.433,0.5201206949918155,0.11595383575892866,0.02075,0.0835,11.164466339363099,11.748108457507143,0.02675,0.00025,0.8805,0.101,0.0125,91
DAL,21.0,33.68425,0.40902859583169654,0.18118520273945155,0.04275,0.12225,2.8039035016674108,2.8338187320324413,0.09025,0.01025,0.62875,0.324,0.0215,91
DEN,34.0,50.84925,0.0,0.0,0.0,-0.00025,0.0,0.0,1.0,0.0,0.0,0.0,0.0,91
GSW,33.0,44.39575,0.18756760264151237,0.22995639691224648,0.02525,-0.062,7.269684332359617,7.366756854407036,0.963,0.0,0.0,0.0095,0.05975,91
HOU,25.0,39.4595,0.510179299693006,0.5656547647078302,0.098,-0.0715,8.748229734196729,9.332039007177544,0.67725,0.00025,0.034,0.27575,0.23175,91
LAC,24.0,33.533,0.000774371693121694,0.000774371693121694,0.0305,0.12975,5.206679464285713,5.206679464285713,0.04875,0.011,0.68125,0.27575,0.01825,91
LAL,29.0,45.02225,0.0,0.0,0.01325,-0.053,0.0,0.0,0.986,0.0,0.00025,0.00625,0.0225,91
MEM,21.0,30.39225,0.28971242648913664,0.007107039950253718,0.00675,0.0425,14.303802877796576,12.659046199261258,0.006,0.12525,0.82825,0.0445,0.00125,91
MIN,24.0,38.833,0.0,0.0,0.10225,-0.04725,0.0,0.0,0.6125,0.0,0.053,0.35275,0.2075,91
NOP,17.0,26.5115,0.12943928571428573,-0.18809851190476187,0.0,0.00175,20.7524,14.671124702380954,0.0,0.8035,0.195,0.0015,0.0,91
OKC,37.0,56.464,0.046827568342151724,0.046827568342151724,0.0,0.0,5.206679464285713,5.206679464285713,1.0,0.0,0.0,0.0,0.0,91
PHX,24.0,40.114,0.0,0.0,0.08325,-0.11575,0.0,0.0,0.77225,0.0,0.01475,0.20625,0.205,91
POR,22.0,33.34725,0.48492423771398785,0.18990749827865355,0.031,0.1115,13.039044009244195,12.406056344087785,0.05225,0.013,0.6975,0.2635,0.017,91
SAC,21.0,31.6235,0.35713245253496995,0.06439520858325962,0.01,0.06425,13.863117485547619,12.63592904869718,0.0135,0.05575,0.83725,0.1005,0.0045,91
SAS,42.0,60.128,0.0,0.0,0.0,0.0,0.0,0.0,1.0,0.0,0.0,0.0,0.0,91
UTA,28.0,40.9485,0.3839790045498512,0.24998469906130952,0.08625,-0.1195,8.17271386553616,7.993376196475596,0.77825,0.0,0.011,0.13975,0.211,91
ATL,33.0,49.9485,0.0,0.0,0.004,-0.033,0.0,0.0,0.9945,0.0,0.0,0.00125,0.014,92
BOS,38.0,54.99025,0.12706264329806008,0.12706264329806008,0.0,-0.00025,5.7654400242504416,5.7654400242504416,1.0,0.0,0.0,0.0,0.0,92
BKN,27.0,39.804,0.0011615189594356254,0.0039591380070546685,0.06825,0.0425,7.054306046075837,7.101412444885361,0.23225,0.0,0.0975,0.6725,0.1415,92
CHA,22.0,32.84775,0.4184688945175593,0.0323791364050666,0.0025,0.0255,12.123082107525446,12.752197649763275,0.00425,0.00025,0.963,0.03625,0.0005,92
CHI,17.0,28.50625,0.3147930703049104,-0.025149577779194996,0.0,0.0,13.943202250768747,12.758283928904227,0.0,0.0455,0.9545,0.0,0.0,92
CLE,33.0,49.45625,0.0,0.0,0.00625,-0.04025,0.0,0.0,0.99325,0.0,0.0,0.0015,0.02125,92
DET,28.0,44.221,0.16680738631875006,0.41288749184012186,0.05675,-0.09875,7.61830357499866,8.63382137756498,0.7985,0.0,0.00225,0.13575,0.28,92
IND,33.0,49.4185,0.18617970367425038,0.2227742017836254,0.0055,-0.03575,6.623610440891876,6.675693940378334,0.99375,0.0,0.0,0.001,0.021,92
MIA,31.0,47.826,-0.013089810377899028,0.05898829034374191,0.014,-0.0945,9.364782696491988,9.46899132892699,0.9815,0.0,0.0,0.0065,0.05375,92
MIL,16.0,22.31525,0.0,0.0,0.0,0.0,0.0,0.0,0.0,0.9185,0.0815,0.0,0.0,92
NYK,45.0,62.3605,0.0,0.0,0.0,0.0,0.0,0.0,1.0,0.0,0.0,0.0,0.0,92
ORL,28.0,41.8795,0.236577483464137,0.45426815674439486,0.07975,-0.01875,8.172213606235566,9.99962096363962,0.55125,0.0,0.0235,0.41675,0.28425,92
PHI,26.0,40.66725,0.2858281096702382,0.43503887646647543,0.0855,0.02575,8.536782122738394,10.662854769061989,0.4175,0.0,0.05675,0.59325,0.17825,92
TOR,20.0,30.67875,0.354997980152827,0.0010507541850410958,0.0005,0.00625,13.088455842587647,12.781402592970368,0.001,0.00875,0.98475,0.0065,0.0,92
WAS,23.0,34.94475,0.4566848364372024,0.08544193651607151,0.0235,0.0795,11.05069860192872,11.732952705358336,0.03225,0.0,0.86325,0.12875,0.0055,92
DAL,22.0,33.13175,0.31614720351160713,0.11850848504270832,0.018,0.10225,1.9655680990151787,2.968315009797343,0.044,0.0005,0.74175,0.2485,0.007,92
DEN,30.0,45.96675,0.0,0.0,0.02375,-0.11775,0.0,0.0,0.96325,0.0,0.0,0.008,0.0925,92
GSW,25.0,35.8895,0.4001130993625,0.19831514107157738,0.03075,0.0795,10.32563289870506,11.725078695831783,0.142,0.0,0.205,0.741,0.03525,92
HOU,33.0,47.247,0.16780088193600637,0.22951451348511354,0.01425,-0.07075,7.067519837950837,7.176351215633575,0.97575,0.0,0.0,0.00175,0.052,92
LAC,13.0,21.55775,-0.0002581238977072313,-0.0002581238977072313,0.0,0.0,5.158596990740739,5.158596990740739,0.0,0.945,0.055,0.0,0.0,92
LAL,35.0,53.20675,0.0,0.0,0.00025,-0.00075,0.0,0.0,1.0,0.0,0.0,0.0,0.00025,92
MEM,21.0,28.72975,0.3071254787879461,-0.0053771377762613145,0.00075,0.0115,13.873726041912946,12.763604079877123,0.00075,0.02825,0.964,0.00775,0.0,92
MIN,30.0,45.3585,0.0,0.0,0.0195,-0.12575,0.0,0.0,0.95025,0.0,0.0,0.01075,0.1295,92
NOP,20.0,27.55625,0.3830129464285715,-0.05171532738095243,0.0005,0.0035,19.660051190476192,15.464916071428572,0.0,0.07175,0.92725,0.001,0.0,92
OKC,38.0,61.54975,0.005678725749559088,0.005678725749559088,0.0,0.0,5.158596990740739,5.158596990740739,1.0,0.0,0.0,0.0,0.0,92
PHX,28.0,41.118,0.0,0.0,0.06925,-0.0455,0.0,0.0,0.62375,0.0,0.00525,0.225,0.428,92
POR,25.0,38.1345,0.3060674780635417,0.30454787490873014,0.04775,0.03075,9.153117399224408,11.123160288727211,0.36525,0.0,0.05625,0.74375,0.1105,92
SAC,13.0,20.22925,0.08612303253928573,-0.017974003359665515,0.0,0.0,15.64874709057455,11.974066706711193,0.0,0.9815,0.0185,0.0,0.0,92
SAS,35.0,54.89475,0.0,0.0,0.00025,-0.00025,0.0,0.0,1.0,0.0,0.0,0.0,0.0,92
UTA,32.0,45.56525,0.14054682681824296,0.18815078637746913,0.028,-0.1215,7.344734027219791,7.4742940444625,0.935,0.0,0.0,0.0125,0.145,92
ATL,31.0,47.274,0.0,0.0,0.03825,-0.1215,0.0,0.0,0.915,0.0,0.00075,0.04275,0.126,93
BOS,40.0,57.7915,0.08551043871252213,0.08551043871252213,0.0,0.0,5.2900177689594345,5.2900177689594345,1.0,0.0,0.0,0.0,0.0,93
BKN,10.0,17.32425,0.00026056547619047457,-0.006416517857142855,0.0,0.0,7.371860565476188,7.569461904761903,0.0,0.9975,0.0025,0.0,0.0,93
CHA,26.0,38.694,0.36339203076830356,0.2647110513164525,0.03975,0.1275,9.770920475178274,12.187449242964234,0.10575,0.0,0.455,0.4965,0.02675,93
CHI,17.0,26.6865,0.22288349847410693,-0.059288765901170465,0.0,0.0,14.41214707877634,12.877262688172744,0.0,0.12875,0.87125,0.0,0.0,93
CLE,34.0,47.36475,0.0,0.0,0.05825,-0.12,0.0,0.0,0.88775,0.0,0.0005,0.04125,0.14725,93
DET,26.0,42.54075,0.26658209464122035,0.5196724271993111,0.09,-0.01575,8.267173550870833,10.533336813279474,0.48775,0.0,0.0535,0.56,0.15,93
IND,37.0,51.979,0.11419080909235563,0.12831522896889333,0.004,-0.0095,6.201451159818398,6.214579675172267,0.9975,0.0,0.0,0.0,0.00575,93
MIA,29.0,44.6195,-0.026994328451405352,0.3027175961352268,0.08925,-0.10275,9.194647702193844,10.38411579905247,0.71875,0.0,0.01075,0.22475,0.2625,93
MIL,15.0,22.01375,0.0,0.0,0.0,0.0,0.0,0.0,0.0,0.8985,0.1015,0.0,0.0,93
NYK,31.0,48.48625,0.0,0.0,0.0185,-0.08425,0.0,0.0,0.97075,0.0,0.0005,0.015,0.061,93
ORL,24.0,36.502,0.4044471027940477,0.12006834614157447,0.01375,0.087,10.771907757416074,12.73759072835444,0.032,0.0,0.8075,0.18575,0.0035,93
PHI,34.0,53.156,0.12135594869507832,0.12512777637915573,0.00075,-0.004,6.058624123057155,6.06262184604406,0.9995,0.0,0.0,0.00025,0.00125,93
TOR,30.0,45.799,0.20486849990848216,0.4811430401110316,0.06225,-0.13575,7.413082068463453,8.276242215437659,0.8325,0.0,0.00225,0.12225,0.2025,93
WAS,26.0,37.65175,0.37252664890758935,0.1569450439023807,0.0225,0.1185,10.259443142652087,11.656043226459525,0.05275,0.0,0.66925,0.3115,0.0135,93
DAL,21.0,31.08025,0.27301244217098225,0.049769427885773806,0.00525,0.047,2.8074054192200895,3.4053817141233935,0.01075,0.00225,0.90125,0.0965,0.0,93
DEN,36.0,53.47975,0.0,0.0,0.0,-0.0005,0.0,0.0,1.0,0.0,0.0,0.0,0.0,93
GSW,33.0,47.22125,0.19053764260142195,0.27839297204735447,0.01525,-0.08525,7.065076501151108,7.241247269998677,0.9715,0.0,0.0,0.0025,0.08175,93
HOU,29.0,45.344,0.16050827243898808,0.27983455709792654,0.02125,-0.128,7.3802130907061,7.789219430996924,0.9515,0.0,0.0,0.01975,0.17025,93
LAC,25.0,36.25375,0.0,0.0,0.0245,0.06175,5.171761309523808,5.171761309523808,0.157,0.0,0.12325,0.85025,0.018,93
LAL,30.0,44.57025,0.0,0.0,0.0405,-0.13825,0.0,0.0,0.89,0.0,0.0,0.0315,0.28,93
MEM,28.0,37.58875,0.3558590173977678,0.15949307433934093,0.02725,0.0315,10.034658417961014,11.661449055457288,0.15675,0.0,0.044,0.88925,0.0455,93
MIN,29.0,45.7105,0.0,0.0,0.02325,-0.12975,0.0,0.0,0.95275,0.0,0.0,0.01075,0.141,93
NOP,20.0,29.58675,0.3044337797619049,0.03602395833333337,0.0015,0.02425,18.784880208333337,16.104022023809524,0.002,0.01225,0.9655,0.02225,0.0,93
OKC,39.0,60.179,0.016519929453262805,0.016519929453262805,0.0,0.0,5.171761309523808,5.171761309523808,1.0,0.0,0.0,0.0,0.0,93
PHX,17.0,27.61825,0.0,0.0,0.0005,0.00575,0.0,0.0,0.0,0.074,0.91975,0.00625,0.0,93
POR,30.0,44.50725,0.1668009156411596,0.32170444986799485,0.03475,-0.138,7.551090025409225,8.14195950671255,0.90225,0.0,0.00025,0.0285,0.2635,93
SAC,15.0,22.2785,0.09775272161696444,-0.06738436693951229,0.0,0.0,15.301297684907587,12.210276365510222,0.0,0.8775,0.1225,0.0,0.0,93
SAS,39.0,56.423,0.0,0.0,0.0,0.0,0.0,0.0,1.0,0.0,0.0,0.0,0.0,93
UTA,19.0,30.27575,0.2922405216790175,0.014485379402380942,0.00175,0.02825,13.22832144009598,10.1161257666875,0.0055,0.00925,0.94825,0.0425,0.0,93
ATL,28.0,42.41175,0.0,0.0,0.096,0.1015,0.0,0.0,0.24525,0.0,0.4215,0.3715,0.08375,94
BOS,43.0,59.1885,0.11910922619047631,0.11910922619047631,0.0,0.0,5.398795072751321,5.398795072751321,1.0,0.0,0.0,0.0,0.0,94
BKN,19.0,28.33225,-0.0011766369047619119,-0.03188095238095237,0.0,0.0,7.733104910714284,7.903023363095237,0.0,0.0835,0.9165,0.0,0.0,94
CHA,34.0,48.89075,0.21750958263296957,0.4001025100951365,0.03825,-0.0905,7.004916053521341,7.299053078822262,0.93725,0.0,0.00425,0.04125,0.0675,94
CHI,20.0,30.2395,0.45559095608258904,-0.012899139592182512,0.0,0.0,12.362908590217412,12.848160691978155,0.0,0.01775,0.98225,0.0,0.0,94
CLE,31.0,46.59275,0.0,0.0,0.0975,-0.11625,0.0,0.0,0.784,0.0,0.02525,0.1615,0.15425,94
DET,29.0,43.8885,0.28200195066934536,0.6638448994398696,0.11575,0.0135,8.387508915132887,10.519959108974229,0.419,0.0,0.1885,0.405,0.146,94
IND,29.0,44.13775,0.2709326619830359,0.6469090776402932,0.11475,0.00175,8.285115969791221,10.351199227430039,0.45975,0.0,0.165,0.392,0.15325,94
MIA,31.0,45.60775,-0.004999100340641425,0.37450149038241615,0.09825,-0.08375,9.221845775541464,10.468865008576591,0.66475,0.0,0.06225,0.24825,0.17175,94
MIL,17.0,23.17725,0.0,0.0,0.0,0.0,0.0,0.0,0.0,0.8485,0.1515,0.0,0.0,94
NYK,39.0,56.4855,0.0,0.0,0.0,-0.00025,0.0,0.0,1.0,0.0,0.0,0.0,0.0,94
ORL,34.0,52.01175,0.1276056373757826,0.15196510844860006,0.00425,-0.0165,6.36884906999432,6.387332019322692,0.99625,0.0,0.0,0.002,0.00525,94
PHI,30.0,48.70725,0.20338725601473218,0.3882905144370039,0.0325,-0.103,7.010667477860863,7.256159286556895,0.962,0.0,0.002,0.0375,0.0455,94
TOR,30.0,44.57875,0.27157164361577396,0.6801853747142275,0.111,-0.02975,8.135546102352828,9.988987412783432,0.53175,0.0,0.13125,0.341,0.17275,94
WAS,19.0,27.78025,0.4625618874249996,-0.042324746865476146,0.0,0.0,13.648352343534821,11.859111114589286,0.0,0.1125,0.8875,0.0,0.0,94
DAL,18.0,28.691,0.45862482514955366,0.07535331007056548,0.01375,0.1115,2.9671278888589288,2.991790720085018,0.033,0.069,0.68825,0.23925,0.002,94
DEN,25.0,39.70675,0.0,0.0,0.0395,-0.12325,0.0,0.0,0.895,0.0,0.0,0.03675,0.22275,94
GSW,19.0,28.831,0.5193869563666664,0.12212409012354859,0.01725,0.11675,12.898235409152083,12.468087570948978,0.0405,0.0585,0.6655,0.2695,0.0035,94
HOU,25.0,39.258,0.168644818797619,0.27753845429682544,0.05,-0.117,7.794247033809076,8.251149177586754,0.868,0.0,0.0005,0.055,0.24475,94
LAC,15.0,23.17075,-0.0007894620811287482,-0.0007894620811287482,0.00025,0.004,5.662593595679012,5.662593595679012,0.00025,0.833,0.163,0.004,0.0,94
LAL,41.0,59.99475,0.0,0.0,0.0,0.0,0.0,0.0,1.0,0.0,0.0,0.0,0.0,94
MEM,21.0,27.99625,0.48395926653348176,0.052085732641567406,0.00625,0.08475,13.50437243650759,12.607284431661759,0.00975,0.09325,0.7585,0.14775,0.0005,94
MIN,35.0,53.5535,0.0,0.0,0.0,0.0,0.0,0.0,1.0,0.0,0.0,0.0,0.0,94
NOP,20.0,29.5055,0.2986888392857144,0.33020639880952374,0.02175,0.14025,18.01669508928571,15.480977232142857,0.04675,0.03325,0.60075,0.356,0.006,94
OKC,38.0,57.58125,0.15237724867724883,0.15237724867724883,0.0,0.0,5.662593595679012,5.662593595679012,1.0,0.0,0.0,0.0,0.0,94
PHX,21.0,35.094,0.0,0.0,0.083,0.00075,0.0,0.0,0.46725,0.0,0.03075,0.568,0.20325,94
POR,33.0,47.98775,0.12717062389770725,0.12783712222240962,0.0,-0.00225,7.095426299192173,7.096625033001698,0.99975,0.0,0.0,0.0,0.00075,94
SAC,15.0,22.966,0.19005766793794648,-0.08143064027485243,0.0,0.00425,15.396183342555354,12.12947189140294,0.00025,0.85075,0.146,0.00325,0.0,94
SAS,37.0,57.176,0.0,0.0,0.0,0.0,0.0,0.0,1.0,0.0,0.0,0.0,0.0,94
UTA,24.0,36.45725,0.27324051601636906,0.20820487963809522,0.07775,-0.03825,8.619303437885415,8.55760435366905,0.6395,0.0,0.009,0.3205,0.3165,94
ATL,28.0,43.14225,0.0,0.0,0.0685,-0.0345,0.0,0.0,0.5365,0.0,0.00125,0.4845,0.255,95
BOS,36.0,53.764,0.1751574980365135,0.18010869845660285,0.00025,-0.0065,6.005537466931217,6.010060283898777,1.0,0.0,0.0,0.0,0.00175,95
BKN,19.0,30.043,0.0006250000000000004,0.0036081845238095187,0.003,0.02675,7.239467096560846,7.418980787037036,0.002,0.00875,0.9565,0.03475,0.0,95
CHA,37.0,52.56175,0.18996456806840284,0.20779303352628972,0.003,-0.0205,6.264663096669803,6.291989606171737,0.99625,0.0,0.0,0.001,0.0105,95
CHI,17.0,25.92375,0.319052919516964,-0.07683749805162264,0.00025,0.0005,14.305166872155354,12.632807193609114,0.0,0.205,0.79375,0.00125,0.0,95
CLE,32.0,47.33825,0.0,0.0,0.05325,-0.138,0.0,0.0,0.87625,0.0,0.0,0.0455,0.2205,95
DET,32.0,47.8935,0.17974427662174824,0.3821118440327104,0.03875,-0.13425,7.2599909719970945,7.68671795006014,0.922,0.0,0.0,0.02775,0.15975,95
IND,23.0,35.66,0.19974531052931543,0.11556213230068732,0.01625,0.09,9.718060130814735,11.888985216906898,0.10725,0.0,0.22525,0.77175,0.002,95
MIA,29.0,43.40575,0.01771736080439826,0.24203242570195757,0.069,-0.03675,9.165758490647283,10.85198978224782,0.5605,0.0,0.00075,0.4365,0.28425,95
MIL,12.0,18.8875,0.0,0.0,0.0,0.0,0.0,0.0,0.0,0.986,0.014,0.0,0.0,95
NYK,36.0,52.969,0.0,0.0,0.00075,-0.01375,0.0,0.0,0.998,0.0,0.0,0.0,0.006,95
ORL,20.0,32.27575,0.4569797541299107,0.09376729204485541,0.01125,0.0805,11.163933114128126,12.622423247219022,0.02175,0.0015,0.84375,0.1545,0.0,95
PHI,32.0,49.67225,0.20321228381157405,0.29341056889753636,0.0115,-0.08125,6.878022888526973,7.000586231535704,0.98225,0.0,0.0,0.005,0.04825,95
TOR,37.0,52.38625,0.19991282941294647,0.2223838362700893,0.00325,-0.02025,6.3055672122961655,6.334307420046164,0.99375,0.0,0.0,0.001,0.012,95
WAS,20.0,30.3175,0.46898463517872,0.019481617231547645,0.00225,0.026,12.240677416394792,11.843746667566073,0.0035,0.0065,0.957,0.0365,0.0,95
DAL,14.0,23.9275,0.22045819963928567,-0.1432221069453657,0.0,0.0045,4.806914419214732,2.6571934334677727,0.0,0.57325,0.42325,0.0035,0.0,95
DEN,28.0,45.117,0.0,0.0,0.0325,-0.11425,0.0,0.0,0.87525,0.0,0.0,0.10475,0.29275,95
GSW,19.0,30.93025,0.5323989161669641,0.1407215176414611,0.022,0.123,11.675024463485418,12.256015863860638,0.069,0.00275,0.5305,0.46675,0.0,95
HOU,32.0,47.857,0.15261222461353616,0.29735433408888334,0.02325,-0.124,7.2473560073976016,7.574835496086738,0.954,0.0,0.0,0.01975,0.1245,95
LAC,18.0,26.784,0.0,0.0,0.0035,0.02775,5.156790123456789,5.156790123456789,0.003,0.123,0.83675,0.04025,0.0,95
LAL,34.0,49.64225,0.0,0.0,0.01325,-0.07275,0.0,0.0,0.981,0.0,0.0,0.0035,0.06,95
MEM,21.0,30.84825,0.4921288528761903,0.13946114457808245,0.0145,0.12225,11.776710294261607,12.286533017286077,0.057,0.005,0.55575,0.43925,0.0,95
MIN,37.0,54.0515,0.0,0.0,0.00025,-0.00225,0.0,0.0,1.0,0.0,0.0,0.0,0.00075,95
NOP,8.0,15.8855,-0.02406785714285714,-0.03688675595238094,0.0,0.0,20.830618750000003,14.644648660714287,0.0,1.0,0.0,0.0,0.0,95
OKC,44.0,64.932,0.0,0.0,0.0,0.0,5.156790123456789,5.156790123456789,1.0,0.0,0.0,0.0,0.0,95
PHX,30.0,41.18775,0.0,0.0,0.04275,-0.016,0.0,0.0,0.21975,0.0,0.0,0.809,0.12225,95
POR,32.0,46.97325,0.13461402738478837,0.3166157061883597,0.02475,-0.14175,7.392283533196489,7.916438571950506,0.92125,0.0,0.0,0.03025,0.204,95
SAC,19.0,27.18925,0.4048287174638389,0.0037988865948554726,0.00175,0.04075,13.778750053525446,12.673270643794035,0.00375,0.08825,0.8615,0.05025,0.0,95
SAS,41.0,61.08325,0.0,0.0,0.0,0.0,0.0,0.0,1.0,0.0,0.0,0.0,0.0,95
UTA,33.0,47.35075,0.1723148651455853,0.23194971054126984,0.03275,-0.12875,7.351578638818193,7.558633816842747,0.916,0.0,0.0,0.03275,0.19575,95
ATL,32.0,47.71575,0.0,0.0,0.02725,-0.109,0.0,0.0,0.95075,0.0,0.0005,0.016,0.106,96
BOS,31.0,46.876,0.1927185416247906,0.35735068240703266,0.039,-0.12275,7.316282430918154,7.724867209670832,0.925,0.0,0.001,0.0275,0.156,96
BKN,13.0,19.9995,-0.003501488095238093,-0.0010565476190476208,0.0,0.0,7.154040988756613,7.319882506613756,0.0,0.847,0.153,0.0,0.0,96
CHA,29.0,42.61575,0.31164356013511907,0.5062419000336025,0.0975,-0.01,8.492761504871279,10.005492543683456,0.5305,0.0,0.0545,0.3495,0.30275,96
CHI,16.0,24.06,0.24791077029107128,-0.0926785545569045,0.0,0.0,14.410731299227232,12.753277865579134,0.0,0.204,0.796,0.0,0.0,96
CLE,38.0,53.89125,0.0,0.0,0.00025,-0.0025,0.0,0.0,0.99975,0.0,0.0,0.0,0.00075,96
DET,25.0,39.56825,0.36303723556473216,0.3751849470680892,0.07,0.10675,9.73232922864137,11.756130557533544,0.208,0.0,0.3485,0.50975,0.08225,96
IND,31.0,46.82325,0.1913511880125,0.34793425230456354,0.044,-0.1355,7.343576076445832,7.7750895363275285,0.90975,0.0,0.00175,0.02775,0.17,96
MIA,36.0,53.744,0.0,0.0020582203825925934,0.0,-0.003,9.382940917107586,9.383970027298881,1.0,0.0,0.0,0.0,0.00075,96
MIL,18.0,25.654,0.0,0.0,0.0,0.0,0.0,0.0,0.0,0.063,0.937,0.0,0.0,96
NYK,40.0,58.388,0.0,0.0,0.0,0.0,0.0,0.0,1.0,0.0,0.0,0.0,0.0,96
ORL,27.0,40.45975,0.34609066144315476,0.42352737299681237,0.07675,0.07975,9.396153631139287,11.386698604760012,0.25425,0.0,0.213,0.57625,0.1175,96
PHI,34.0,52.92025,0.14816877064341935,0.1536368890362765,0.00025,-0.007,6.134698384520999,6.136901002234095,0.9995,0.0,0.0,0.0,0.001,96
TOR,25.0,39.364,0.3644425907752976,0.36144898969355405,0.06925,0.10875,9.771242335200299,11.816115363144508,0.2215,0.0,0.384,0.49,0.063,96
WAS,21.0,31.32025,0.15169206189062476,0.003140646717857147,0.001,0.003,12.342945290858928,11.969380478842853,0.001,0.0,0.99675,0.00325,0.0,96
DAL,19.0,28.275,0.21049139975580367,-0.007912869994090136,0.0,0.0,2.970468152379911,3.414677605673317,0.0,0.00725,0.99275,0.0,0.0,96
DEN,31.0,46.831,0.0,0.0,0.0595,-0.14275,0.0,0.0,0.8795,0.0,0.0,0.095,0.14,96
GSW,32.0,47.34925,0.2098770254010086,0.4285654147306714,0.05025,-0.1265,7.267417575931581,7.761621761500777,0.905,0.0,0.0,0.0755,0.11575,96
HOU,31.0,47.7185,0.2082503418054674,0.41115089740080474,0.0405,-0.124,7.160807003090393,7.521285606846197,0.94125,0.0,0.0,0.0475,0.09175,96
LAC,14.0,22.67925,-0.0012906194885361566,-0.0012906194885361566,0.0,0.0,5.279194543650792,5.279194543650792,0.0,0.42875,0.57125,0.0,0.0,96
LAL,37.0,56.0915,0.0,0.0,0.0,0.0,0.0,0.0,1.0,0.0,0.0,0.0,0.0,96
MEM,15.0,22.192,0.2217417709633929,-0.14237126244091228,0.0,0.0,14.948848508942406,12.473066599173736,0.0,0.52375,0.47625,0.0,0.0,96
MIN,35.0,50.56125,0.0,0.0,0.0095,-0.03475,0.0,0.0,0.9915,0.0,0.0,0.004,0.0155,96
NOP,22.0,31.592,0.12216800595238093,0.03604092261904763,0.00025,0.00375,16.027475148809526,16.67516294642857,0.0,0.0,0.9945,0.0055,0.0,96
OKC,37.0,58.0365,0.09095190696649039,0.09095190696649039,0.0,0.0,5.279194543650792,5.279194543650792,1.0,0.0,0.0,0.0,0.0,96
PHX,30.0,45.278,0.0,0.0,0.09675,-0.14375,0.0,0.0,0.711,0.0,0.0,0.242,0.23225,96
POR,30.0,43.68875,0.2762751193337798,0.5428346825429564,0.103,-0.0815,8.265111581888691,10.132371649139584,0.5045,0.0,0.00075,0.517,0.1925,96
SAC,12.0,19.0505,0.12512426011116076,-0.05335813692297604,0.0,0.0,15.592080830120086,12.120148520832783,0.0,0.92625,0.07375,0.0,0.0,96
SAS,31.0,46.65925,0.0,0.0,0.06275,-0.14325,0.0,0.0,0.8635,0.0,0.0,0.119,0.15425,96
UTA,28.0,40.59725,0.2973849352915178,0.09703068815357142,0.04725,-0.0125,9.352604820286011,9.46370653821012,0.20375,0.0,0.00475,0.8945,0.058,96
ATL,33.0,46.506,0.0,0.0,0.03625,-0.09125,0.0,0.0,0.947,0.0,0.0,0.01525,0.08175,97
BOS,32.0,46.9005,0.15696011299675378,0.2619833761855434,0.01875,-0.07525,7.133553288599167,7.297243521793611,0.966,0.0,0.0005,0.0155,0.05375,97
BKN,15.0,24.91875,0.0036462797619047594,0.02431964285714287,0.0,0.0,8.14704449404762,8.718775892857142,0.0,0.49325,0.50675,0.0,0.0,97
CHA,25.0,35.79975,0.4377139116424108,0.20274147054051428,0.023,0.1175,10.794185689716517,12.420471134159074,0.04675,0.0,0.689,0.28625,0.01725,97
CHI,22.0,33.90125,0.40818036262723206,0.09253006461915664,0.01225,0.06875,11.734723528123213,12.705632085252498,0.01575,0.0005,0.8895,0.10475,0.00375,97
CLE,23.0,37.61925,0.0,0.0,0.05925,0.1205,0.0,0.0,0.19625,0.0,0.336,0.57575,0.043,97
DET,30.0,47.4065,0.16020296429249892,0.23136713282583224,0.011,-0.063,7.023298591415029,7.104733321127629,0.985,0.0,0.0,0.0055,0.029,97
IND,27.0,40.56125,0.31450560378258935,0.47872915870143845,0.08875,0.0015,8.549859551257443,10.487148240441135,0.45,0.0,0.063,0.52475,0.198,97
MIA,31.0,46.74225,-0.012712430941473752,0.08257445364061654,0.0215,-0.08175,9.358731247148437,9.491181985521308,0.96575,0.0,0.0005,0.0105,0.0605,97
MIL,19.0,28.23725,0.0,0.0,0.00025,0.001,0.0,0.0,0.0005,0.061,0.938,0.001,0.0,97
NYK,41.0,58.16275,0.0,0.0,0.0,0.0,0.0,0.0,1.0,0.0,0.0,0.0,0.0,97
ORL,28.0,42.152,0.2363130146427084,0.5017916615612316,0.086,-0.07725,8.005849573643303,9.366400139818376,0.6495,0.0,0.017,0.28025,0.27025,97
PHI,27.0,42.8925,0.19678839628005956,0.46970206617651217,0.07675,-0.1015,7.768357221249702,8.802532963507684,0.77675,0.0,0.012,0.1735,0.24275,97
TOR,43.0,60.57825,0.05420601851851858,0.05420601851851858,0.0,0.0,5.231904177689593,5.231904177689593,1.0,0.0,0.0,0.0,0.0,97
WAS,20.0,30.45575,0.30837424491562465,0.0017943534476190539,0.0005,0.008,13.120475283111606,11.899437289054168,0.00075,0.0115,0.9815,0.007,0.0,97
DAL,11.0,20.81375,0.03683264471294649,-0.04672661031681974,0.0,0.0,5.247737436091518,2.3039378616328317,0.0,0.9425,0.0575,0.0,0.0,97
DEN,39.0,56.46425,0.0,0.0,0.0,0.0,0.0,0.0,1.0,0.0,0.0,0.0,0.0,97
GSW,32.0,45.03375,0.1317931251790179,0.2910094049618552,0.0385,-0.1175,7.415054890554165,7.807197582200097,0.91375,0.0,0.0,0.03575,0.14225,97
HOU,26.0,40.972,0.2510391384571429,0.4568548772503614,0.0735,-0.03825,8.204856366985863,9.659811272709689,0.64775,0.0,0.01025,0.3835,0.22625,97
LAC,17.0,25.4535,0.0018068672839506193,0.0018068672839506193,0.0,0.0005,5.718384369488536,5.718384369488536,0.0,0.3725,0.6275,0.0,0.0,97
LAL,37.0,55.656,0.0,0.0,0.0,0.0,0.0,0.0,1.0,0.0,0.0,0.0,0.0,97
MEM,22.0,33.1755,0.38620276153690464,0.0998311122420988,0.0125,0.07425,11.969336913824256,12.62268062931156,0.031,0.0005,0.82225,0.17075,0.0045,97
MIN,35.0,51.7685,0.0,0.0,0.0,-0.00175,0.0,0.0,1.0,0.0,0.0,0.0,0.0005,97
NOP,19.0,27.005,0.18506383928571432,-0.11945148809523809,0.0,0.001,17.76659375,16.294973363095238,0.00025,0.14275,0.85625,0.001,0.0,97
OKC,37.0,56.56575,0.14862907848324527,0.14862907848324527,0.0,0.0,5.718384369488536,5.718384369488536,1.0,0.0,0.0,0.0,0.0,97
PHX,23.0,36.92,0.0,0.0,0.0415,0.062,0.0,0.0,0.21125,0.0,0.14775,0.76425,0.043,97
POR,28.0,40.71125,0.31050056364419654,0.46033814420757513,0.08375,-0.031,8.429604605879017,9.974515326244962,0.524,0.0,0.01575,0.44,0.24275,97
SAC,13.0,19.99925,0.07916373715401787,-0.018994959130456308,0.0,0.0,15.664549983105799,12.015421386742828,0.0,0.9755,0.0245,0.0,0.0,97
SAS,35.0,54.41525,0.0,0.0,0.0,0.0,0.0,0.0,1.0,0.0,0.0,0.0,0.0,97
UTA,30.0,42.21225,0.21967377675312505,0.2097056899839286,0.07,-0.07275,7.981873700477679,8.310002278568453,0.672,0.0,0.0045,0.20475,0.34075,97
ATL,20.0,32.1035,0.0,0.0,0.007,0.037,0.0,0.0,0.01225,0.01025,0.94125,0.0425,0.00425,98
BOS,28.0,43.481,0.12095371532351193,0.35124704919916383,0.04275,-0.12975,7.43749911552857,7.833036784347319,0.9285,0.0,0.002,0.0605,0.09725,98
BKN,21.0,31.16875,0.031747767857142846,0.0046074404761905045,0.003,0.0215,8.49089880952381,9.126268601190477,0.00475,0.032,0.94125,0.02575,0.00075,98
CHA,20.0,31.927,0.48455576224419616,0.026422885588187374,0.006,0.03025,12.560252394710714,12.71468110732635,0.0105,0.014,0.9455,0.0385,0.00125,98
CHI,30.0,40.4255,0.2892340982781251,0.5594355876730654,0.111,-0.05775,8.239837599493452,9.723785989341893,0.5215,0.0,0.0345,0.32775,0.30375,98
CLE,30.0,46.25775,0.0,0.0,0.00875,-0.05175,0.0,0.0,0.99125,0.0,0.00025,0.004,0.02375,98
DET,28.0,45.92075,0.14894964198020835,0.21003647982604168,0.0105,-0.059,7.090999711368005,7.157469388035564,0.98925,0.0,0.0,0.00775,0.01925,98
IND,42.0,60.3825,0.11202577160493839,0.11202577160493839,0.0,0.0,5.423173985890651,5.423173985890651,1.0,0.0,0.0,0.0,0.0,98
MIA,26.0,39.54375,0.11441442077482374,0.35118096804881943,0.09625,0.0045,9.38480149035018,11.02490444268129,0.481,0.0,0.0815,0.43825,0.20475,98
MIL,19.0,27.14075,0.0,0.0,0.0,0.0005,0.0,0.0,0.0,0.36725,0.63275,0.0,0.0,98
NYK,34.0,51.408,0.0,0.0,0.0,-0.001,0.0,0.0,0.99975,0.0,0.0,0.0,0.00025,98
ORL,26.0,40.5665,0.2615718514876489,0.5492629130549744,0.09625,-0.0685,8.03346569634494,9.382823369477709,0.68175,0.0,0.04225,0.2915,0.214,98
PHI,41.0,60.88825,0.11383263888888902,0.11383263888888902,0.0,0.0,5.361740498236331,5.361740498236331,1.0,0.0,0.0,0.0,0.0,98
TOR,25.0,37.97375,0.41394867619538694,0.4755204197514598,0.09125,0.069,9.119251692680358,11.117523251518064,0.318,0.0,0.2155,0.54325,0.1085,98
WAS,24.0,35.05425,0.547307970235119,0.15950684882738114,0.03425,0.10525,10.785231945318305,11.531636527413099,0.0615,0.00075,0.739,0.22025,0.02225,98
DAL,21.0,33.2115,0.38264602095848216,0.13966493311681547,0.028,0.1185,1.9111857313419642,2.7759074452010424,0.07225,0.00475,0.5915,0.3855,0.0125,98
DEN,24.0,38.66275,0.0,0.0,0.07,0.01375,0.0,0.0,0.5155,0.0,0.02625,0.50575,0.264,98
GSW,23.0,34.22875,0.5710709197602678,0.1912514095045565,0.04375,0.11275,11.00747951186384,11.939986235573706,0.1245,0.002,0.3565,0.6045,0.02725,98
HOU,26.0,38.783,0.31238729362693457,0.34993155679068166,0.0585,0.00525,8.701326660849555,10.340968023430225,0.43925,0.0,0.02925,0.473,0.3135,98
LAC,18.0,25.6535,0.000774371693121694,0.000774371693121694,0.0,0.00275,5.225192956349205,5.225192956349205,0.00025,0.64525,0.353,0.00175,0.0,98
LAL,37.0,53.67625,0.0,0.0,0.0,-0.00075,0.0,0.0,1.0,0.0,0.0,0.0,0.0,98
MEM,19.0,27.5215,0.2914648998446428,-0.09480854443336162,0.0015,0.009,14.545666000608033,12.506485854925016,0.0005,0.318,0.67525,0.00675,0.0,98
MIN,42.0,59.19175,0.0,0.0,0.0,0.0,0.0,0.0,1.0,0.0,0.0,0.0,0.0,98
NOP,16.0,25.75525,0.28331398809523806,-0.17853005952380954,0.0,0.00175,19.625309375,15.409855654761905,0.00025,0.613,0.38525,0.00175,0.0,98
OKC,42.0,62.539,0.052141027336860726,0.052141027336860726,0.0,0.0,5.225192956349205,5.225192956349205,1.0,0.0,0.0,0.0,0.0,98
PHX,29.0,44.3515,0.0,0.0,0.03175,-0.13875,0.0,0.0,0.89925,0.0,0.0,0.01625,0.2375,98
POR,32.0,46.7885,0.18054093980127867,0.25607471220276673,0.0135,-0.08025,6.951408510189942,7.076676203674564,0.97825,0.0,0.0,0.0015,0.05525,98
SAC,14.0,20.592,0.04270531502723215,-0.007708343095776644,0.0,0.0,15.806783339395977,11.952937104597604,0.0,0.99275,0.00725,0.0,0.0,98
SAS,29.0,46.154,0.0,0.0,0.0095,-0.10875,0.0,0.0,0.97675,0.0,0.0,0.00325,0.0705,98
UTA,34.0,48.64875,0.1510166525085703,0.16665165809949292,0.00475,-0.03375,6.590300870707204,6.611416737054674,0.99325,0.0,0.0,0.0,0.0195,98
ATL,30.0,46.657,0.0,0.0,0.02,-0.09625,0.0,0.0,0.96675,0.0,0.0,0.00775,0.0835,99
BOS,38.0,55.191,0.14384760802469151,0.1445141063493939,0.0,-0.0005,5.747243507495591,5.747910005820293,1.0,0.0,0.0,0.0,0.00025,99
BKN,13.0,21.63075,-0.001992559523809523,-0.0024110119047619045,0.0,0.0,6.572616578483245,6.57874410824515,0.0,0.96575,0.03425,0.0,0.0,99
CHA,21.0,31.6225,0.4777835155622021,0.052871827660204006,0.00975,0.05275,12.772109912796129,12.774950092247154,0.011,0.01125,0.9075,0.0805,0.0005,99
CHI,23.0,34.776,0.505449714077232,0.17607699473325225,0.01775,0.126,11.021014806197025,12.365666489192224,0.0495,0.00075,0.585,0.4045,0.00625,99
CLE,30.0,46.791,0.0,0.0,0.015,-0.08575,0.0,0.0,0.975,0.0,0.0,0.00775,0.06725,99
DET,25.0,41.92325,0.17363668918258934,0.4003504709235219,0.063,-0.06275,7.803110037437796,9.192623314942113,0.76,0.0,0.00325,0.20875,0.34225,99
IND,34.0,48.0475,0.17149074161051586,0.24735677316691468,0.01175,-0.0575,6.978818568203704,7.07948034403406,0.98225,0.0,0.0,0.00075,0.04375,99
MIA,26.0,39.31075,0.16686176142045314,0.24654792184403243,0.066,0.024,9.325924029335317,11.530654661770287,0.29475,0.0,0.05125,0.6715,0.1755,99
MIL,10.0,17.34175,0.0,0.0,0.0,0.0,0.0,0.0,0.0,0.9995,0.0005,0.0,0.0,99
NYK,32.0,49.52275,0.0,0.0,0.002,-0.026,0.0,0.0,0.9975,0.0,0.0,0.0005,0.01375,99
ORL,23.0,35.39525,0.5008936912372024,0.19397750715411824,0.03125,0.12425,10.611884869116817,12.169269857737586,0.091,0.0,0.45975,0.5135,0.016,99
PHI,38.0,55.7255,0.14858920855379204,0.14858920855379204,0.0,0.0,5.634971053791888,5.634971053791888,1.0,0.0,0.0,0.0,0.0,99
TOR,27.0,43.73625,0.106371949128125,0.34666615773329795,0.03925,-0.12425,7.5541913351374985,8.382612540373326,0.8705,0.0,0.00175,0.084,0.251,99
WAS,20.0,29.98175,0.3928954767340771,-0.007120130759523787,0.0015,0.01775,13.60428080322589,11.884809241526193,0.00175,0.0585,0.921,0.0205,0.0,99
DAL,31.0,42.3025,0.032965772017410716,0.15480171863280187,0.06,-0.0715,0.10117502287232145,0.7264567651680698,0.7005,0.0,0.00325,0.11475,0.39925,99
DEN,37.0,54.193,0.0,0.0,0.0,-0.0005,0.0,0.0,1.0,0.0,0.0,0.0,0.0,99
GSW,25.0,37.47925,0.44127984048214297,0.4042553286826883,0.0785,0.07975,9.374867350702232,11.304072270715482,0.2905,0.0,0.1685,0.63725,0.09575,99
HOU,35.0,49.962,0.17403061640787035,0.18481185489254295,0.0025,-0.00775,6.573114617248424,6.58756445291762,0.998,0.0,0.0,0.00025,0.006,99
LAC,18.0,26.6145,0.0,0.0,0.0,0.0,5.156790123456789,5.156790123456789,0.00025,0.414,0.5855,0.0005,0.0,99
LAL,29.0,46.2585,0.0,0.0,0.01375,-0.084,0.0,0.0,0.97975,0.0,0.0,0.00575,0.054,99
MEM,24.0,34.17175,0.5301216861166667,0.1761220233916551,0.027,0.10875,11.367059609776787,12.535191510501079,0.04225,0.001,0.75975,0.2185,0.0105,99
MIN,36.0,51.8955,0.0,0.0,0.0,-0.001,0.0,0.0,0.99975,0.0,0.0,0.0,0.0005,99
NOP,24.0,30.2175,0.38024062500000005,0.08449642857142858,0.00075,0.0105,19.07675491071429,15.634542113095238,0.00075,0.02925,0.9605,0.01025,0.0,99
OKC,46.0,66.842,0.0,0.0,0.0,0.0,5.156790123456789,5.156790123456789,1.0,0.0,0.0,0.0,0.0,99
PHX,20.0,31.428,0.0,0.0,0.00825,0.038,0.0,0.0,0.00675,0.019,0.93725,0.04225,0.00025,99
POR,25.0,38.7585,0.36509845685595244,0.4822838690535926,0.09075,0.041,8.745070230709523,10.618577418380271,0.47525,0.0,0.079,0.557,0.156,99
SAC,17.0,26.2185,0.1858856774446428,-0.10213610933197541,0.0,0.0,14.852800101512498,12.449908567285492,0.0,0.501,0.49875,0.00025,0.0,99
SAS,36.0,56.3445,0.0,0.0,0.0,0.0,0.0,0.0,1.0,0.0,0.0,0.0,0.0,99
UTA,27.0,39.661,0.3034639462136905,0.2481550332113095,0.08675,0.0115,8.52084606485268,8.804461749829763,0.50625,0.0,0.04325,0.41325,0.27775,99
ATL,33.0,47.46025,0.0,0.0,0.0835,-0.129,0.0,0.0,0.809,0.0,0.005,0.13775,0.1705,100
BOS,35.0,51.67925,0.21585102747425605,0.26233186476974213,0.0075,-0.03225,6.127623295111261,6.1765317315026795,0.9915,0.0,0.00025,0.004,0.015,100
BKN,23.0,33.4895,0.025129017857142864,-0.03223318452380951,0.00025,0.00225,8.701507886904762,8.971441815476192,0.00025,0.0,0.998,0.002,0.0,100
CHA,29.0,44.13225,0.2486250242301754,0.6216788668108443,0.09675,-0.03175,8.185783798373308,10.37496545378137,0.482,0.0,0.05425,0.562,0.12325,100
CHI,7.0,13.6755,0.05318568410267852,-1.954585317460733e-07,0.0,0.0,15.67884509855089,12.003605553484524,0.0,1.0,0.0,0.0,0.0,100
CLE,32.0,47.1385,0.0,0.0,0.086,-0.1405,0.0,0.0,0.7935,0.0,0.00425,0.16375,0.1715,100
DET,35.0,52.581,0.20839704125418881,0.23156724663404996,0.00375,-0.01925,5.916647571757154,5.93576889045269,0.9965,0.0,0.0,0.0015,0.0065,100
IND,29.0,43.25075,0.24848517162559533,0.4608982214510076,0.07225,0.01725,8.608268889442115,11.01080384345052,0.30025,0.0,0.10375,0.65075,0.10775,100
MIA,32.0,47.16525,-0.05325910185919859,0.2807963695069026,0.086,-0.144,9.233024380659863,10.050147283693398,0.79625,0.0,0.004,0.165,0.17425,100
MIL,17.0,26.64575,0.0,0.0,0.0,0.0,0.0,0.0,0.0,0.04375,0.95625,0.0,0.0,100
NYK,32.0,49.90225,0.0,0.0,0.022,-0.085,0.0,0.0,0.968,0.0,0.00075,0.02175,0.04125,100
ORL,25.0,38.00875,0.3815270220904762,0.09019140604404612,0.0115,0.064,10.473150325091073,12.728507174861374,0.01775,0.0,0.898,0.0975,0.00275,100
PHI,32.0,49.63175,0.23492625420395172,0.3581900015857474,0.02025,-0.089,6.613481420914727,6.807736387349918,0.96975,0.0,0.00025,0.02125,0.05175,100
TOR,33.0,47.957,0.26247566984151793,0.5437506189571853,0.06325,-0.12575,7.106219882641292,7.746685118014669,0.86525,0.0,0.003,0.103,0.135,100
WAS,26.0,37.64,0.3895326456894345,0.05495406844583336,0.00575,0.05225,10.640739926706102,11.850936344002383,0.01,0.0,0.9285,0.06975,0.0005,100
DAL,22.0,34.3995,0.3315720012879465,0.1991582472742262,0.043,0.12075,1.9949319484558032,2.69185945964881,0.11725,0.0,0.501,0.43625,0.03525,100
DEN,29.0,43.88375,0.0,0.0,0.02225,-0.09625,0.0,0.0,0.962,0.0,0.00025,0.01275,0.07975,100
GSW,33.0,47.84225,0.18089862245343363,0.18533299500596337,0.00125,-0.01125,6.957432183120028,6.963164877792151,0.99925,0.0,0.0,0.00025,0.0025,100
HOU,25.0,38.552,0.4784802512281251,0.49032142712782023,0.09575,-0.001,9.070653024782441,10.016240215092077,0.56575,0.0,0.04625,0.39525,0.2655,100
LAC,13.0,21.15975,-0.0002581238977072313,-0.0002581238977072313,0.0,0.0,5.1570482473544965,5.1570482473544965,0.0,0.9465,0.0535,0.0,0.0,100
LAL,36.0,51.52425,0.0,0.0,0.0,-0.0005,0.0,0.0,1.0,0.0,0.0,0.0,0.00025,100
MEM,25.0,34.6875,0.5154349155895832,0.3091875783802294,0.054,0.12275,11.70280897320119,12.003405778127147,0.1075,0.0,0.4395,0.48775,0.04575,100
MIN,25.0,39.03325,0.0,0.0,0.09425,-0.01225,0.0,0.0,0.61325,0.0,0.03525,0.3325,0.274,100
NOP,21.0,29.83325,0.15067976190476196,-0.03712142857142858,0.00225,0.024,18.223968452380955,16.439252827380955,0.0025,0.0015,0.96775,0.02975,0.001,100
OKC,41.0,61.777,0.0005162477954144627,0.0005162477954144627,0.0,0.0,5.1570482473544965,5.1570482473544965,1.0,0.0,0.0,0.0,0.0,100
PHX,17.0,29.24775,0.0,0.0,0.0015,0.01675,0.0,0.0,0.00475,0.00825,0.97275,0.01875,0.00025,100
POR,34.0,48.942,0.20863076306123235,0.20961110978325617,0.00075,-0.003,6.741452941334695,6.743102609010141,0.99925,0.0,0.0,0.0,0.00125,100
SAC,8.0,13.7375,0.049870856288392815,-0.00013444623194444372,0.0,0.0,15.669117048706248,12.003605553484524,0.0,1.0,0.0,0.0,0.0,100
SAS,45.0,65.6255,0.0,0.0,0.0,0.0,0.0,0.0,1.0,0.0,0.0,0.0,0.0,100
UTA,26.0,39.397,0.39007113104732144,0.2160744516642857,0.0795,-0.033,8.724136442008037,8.502443982647025,0.6285,0.0,0.0275,0.28675,0.2945,100
ATL,24.0,37.9885,0.0,0.0,0.09625,0.04525,0.0,0.0,0.425,0.0,0.12125,0.46575,0.216,101
BOS,40.0,56.36925,0.12367849426807774,0.12367849426807774,0.0,0.0,5.699613910934744,5.699613910934744,1.0,0.0,0.0,0.0,0.0,101
BKN,21.0,31.15125,-0.0013098214285714297,0.009517261904761905,0.0035,0.041,7.221834077380953,7.519172470238094,0.00675,0.01625,0.928,0.0525,0.0015,101
CHA,21.0,31.67125,0.47009227797574377,0.07132130269108551,0.01125,0.05575,12.494015065316074,12.788647572789694,0.0155,0.006,0.92275,0.06725,0.00325,101
CHI,20.0,30.55825,0.4393019630608627,0.022753861193133475,0.00425,0.03,13.062800811725445,12.823276490689365,0.005,0.02225,0.9425,0.034,0.001,101
CLE,22.0,36.488,0.0,0.0,0.0795,0.10975,0.0,0.0,0.2645,0.0,0.253,0.545,0.115,101
DET,32.0,49.5265,0.1376679796005566,0.14373355838195542,0.00125,-0.0085,6.468449665626295,6.475011791596385,0.99925,0.0,0.0,0.0,0.00275,101
IND,24.0,38.04425,0.3638213898363096,0.4949207776870748,0.095,0.04675,9.040419600591816,10.61021316602857,0.43775,0.0,0.0995,0.479,0.2335,101
MIA,27.0,42.29575,0.021777283027050315,0.1689065876907243,0.048,-0.11725,9.37668197161663,9.86390635496422,0.8575,0.0,0.004,0.0565,0.23925,101
MIL,18.0,25.0675,0.0,0.0,0.0,0.0005,0.0,0.0,0.0,0.6635,0.33625,0.00025,0.0,101
NYK,36.0,52.13075,0.0,0.0,0.0,-0.0005,0.0,0.0,1.0,0.0,0.0,0.0,0.00025,101
ORL,31.0,46.63225,0.17339712623779763,0.2072026723707837,0.0075,-0.04175,7.0225013670467265,7.069615680919196,0.98825,0.0,0.0,0.0015,0.023,101
PHI,37.0,56.346,0.13125060626102306,0.13125060626102306,0.0,0.0,5.7089391975308645,5.7089391975308645,1.0,0.0,0.0,0.0,0.0,101
TOR,29.0,43.7555,0.12555470277544642,0.24270378758696148,0.0295,-0.1125,7.441505602521725,7.763235608737335,0.9365,0.0,0.001,0.02075,0.13925,101
WAS,23.0,34.12875,0.4976472115747024,0.18615936396607158,0.03825,0.1345,11.183591905288692,11.56674879026488,0.064,0.00075,0.683,0.2775,0.02525,101
DAL,20.0,30.9525,0.3800611820785715,-0.011429684628758503,0.0005,0.00225,2.764866858397768,3.3373768376061363,0.0,0.0155,0.98275,0.00175,0.0,101
DEN,37.0,51.82875,0.0,0.0,0.00225,-0.0035,0.0,0.0,0.99775,0.0,0.0,0.0005,0.003,101
GSW,32.0,45.44025,0.2072789209477679,0.5074948347114087,0.07225,-0.14375,7.3857956706315475,8.087607243001786,0.842,0.0,0.0,0.1295,0.134,101
HOU,29.0,45.8275,0.18998185342678572,0.45689132932723214,0.053,-0.145,7.240132043598809,7.745821787622272,0.91375,0.0,0.0,0.0815,0.10025,101
LAC,15.0,22.60375,0.0005162477954144627,0.0005162477954144627,0.0,0.0,5.162468849206348,5.162468849206348,0.0,0.923,0.077,0.0,0.0,101
LAL,31.0,47.24,0.0,0.0,0.027,-0.09575,0.0,0.0,0.9555,0.0,0.0,0.0325,0.05625,101
MEM,21.0,28.84875,0.3716298714941961,-0.04094075279407591,0.0,0.0,13.852996377562052,12.81756427392715,0.0,0.0795,0.91975,0.00075,0.0,101
MIN,28.0,42.13925,0.0,0.0,0.10825,-0.07625,0.0,0.0,0.48075,0.0,0.00025,0.567,0.1585,101
NOP,19.0,26.93525,0.28789315476190486,0.03251428571428572,0.0,0.0,19.547420089285716,15.631444791666667,0.0,0.276,0.724,0.0,0.0,101
OKC,41.0,62.28175,0.00774371693121694,0.00774371693121694,0.0,0.0,5.162468849206348,5.162468849206348,1.0,0.0,0.0,0.0,0.0,101
PHX,30.0,43.88775,0.0,0.0,0.1015,-0.132,0.0,0.0,0.68275,0.0,0.0005,0.2775,0.21075,101
POR,29.0,43.58075,0.22662074018244055,0.6407219007536707,0.10225,-0.12875,7.728475397956994,9.101073422053274,0.725,0.0,0.0,0.30425,0.17775,101
SAC,11.0,18.3605,0.030142818608482128,-0.0021781967216836723,0.0,0.0,15.821523536272764,12.024563800963195,0.0,0.99725,0.00275,0.0,0.0,101
SAS,43.0,66.04825,0.0,0.0,0.0,0.0,0.0,0.0,1.0,0.0,0.0,0.0,0.0,101
UTA,29.0,41.87125,0.26189790734806556,0.2798921029291667,0.08875,-0.07325,8.413226229884971,8.936728239225596,0.4025,0.0,0.00175,0.60475,0.1595,101
ATL,26.0,39.0035,0.0,0.0,0.05025,0.12025,0.0,0.0,0.141,0.0,0.4215,0.49425,0.05525,102
BOS,42.0,60.24225,0.020685626102292794,0.020685626102292794,0.0,0.0,5.174084424603174,5.174084424603174,1.0,0.0,0.0,0.0,0.0,102
BKN,15.0,24.18125,0.000911904761904762,0.00015312499999999617,0.0,0.0,7.286788723544973,7.382891253306878,0.0,0.66225,0.33775,0.0,0.0,102
CHA,29.0,41.5425,0.28822719213630965,0.44358450403368327,0.0845,0.026,8.523135409994346,10.937974187039872,0.3315,0.0,0.10675,0.5755,0.171,102
CHI,11.0,17.593,0.05579290924910711,-0.0009770817612868407,0.0,0.0,15.6350395841,12.068958619485977,0.0,0.998,0.002,0.0,0.0,102
CLE,28.0,43.611,0.0,0.0,0.0895,-0.073,0.0,0.0,0.6845,0.0,0.02525,0.27325,0.2775,102
DET,35.0,53.0155,0.14444254726069233,0.1472903676725971,0.001,-0.00475,6.050663009500358,6.054188515820746,0.99975,0.0,0.0,0.00025,0.001,102
IND,31.0,46.9775,0.17431926767458114,0.3789542395636288,0.0355,-0.12925,7.195749724803245,7.592068578504347,0.93425,0.0,0.0005,0.03425,0.11875,102
MIA,33.0,50.65525,-0.0027469051557870365,0.016897716503530277,0.003,-0.024,9.379912710685282,9.396549424277534,0.997,0.0,0.0,0.00125,0.0075,102
MIL,10.0,16.9085,0.0,0.0,0.0,0.0,0.0,0.0,0.0,0.99925,0.00075,0.0,0.0,102
NYK,31.0,47.45175,0.0,0.0,0.0225,-0.12025,0.0,0.0,0.954,0.0,0.0005,0.0235,0.09225,102
ORL,26.0,38.8605,0.4173346295944941,0.28880946434377386,0.05125,0.1175,9.626802458379466,12.100398098879474,0.12875,0.0,0.442,0.49675,0.0335,102
PHI,32.0,49.1455,0.19601602550752312,0.2592426311805489,0.012,-0.0495,6.72413756922177,6.833686626643993,0.98375,0.0,0.0,0.00625,0.0375,102
TOR,31.0,45.60625,0.16463214779458227,0.4203482895913878,0.05625,-0.12575,7.443473158303482,8.231209066306617,0.8455,0.0,0.0035,0.09475,0.20575,102
WAS,19.0,27.69225,0.20303213331383907,-0.03767679222440472,0.0,0.0,14.279317694854463,11.924927132327383,0.0,0.097,0.903,0.0,0.0,102
DAL,24.0,36.02425,0.33217031174285716,0.28833034634838006,0.075,0.1475,1.3470348101508929,2.6219290488928024,0.1785,0.0,0.4715,0.37375,0.1055,102
DEN,35.0,51.41075,0.0,0.0,0.00025,-0.00225,0.0,0.0,0.9995,0.0,0.0,0.0,0.00075,102
GSW,30.0,44.29125,0.08792134042366072,0.17207133336215277,0.01625,-0.1205,7.464718662512796,7.844309490031904,0.93125,0.0,0.00175,0.0115,0.1695,102
HOU,31.0,45.84875,0.10296511447026566,0.18328653005801368,0.0105,-0.09525,7.28984908758277,7.4664658691775125,0.97,0.0,0.00025,0.00425,0.077,102
LAC,26.0,36.61475,0.0,0.0,0.08,0.13425,5.159113238536154,5.159113238536154,0.21575,0.0,0.37575,0.418,0.1345,102
LAL,26.0,37.89425,0.0,0.0,0.086,0.0915,0.0,0.0,0.378,0.0,0.216,0.37325,0.253,102
MEM,18.0,28.1075,0.21330658566964264,-0.040049505801976935,0.00025,0.00225,14.162140695141069,12.880415967251011,0.00075,0.075,0.923,0.002,0.0,102
MIN,35.0,53.785,0.0,0.0,0.0,0.0,0.0,0.0,1.0,0.0,0.0,0.0,0.0,102
NOP,23.0,34.1355,0.3598924107142858,0.18067276785714279,0.032,0.112,17.828788392857145,15.307716964285715,0.0585,0.0,0.76675,0.1935,0.027,102
OKC,41.0,62.0745,0.002839362874779544,0.002839362874779544,0.0,0.0,5.159113238536154,5.159113238536154,1.0,0.0,0.0,0.0,0.0,102
PHX,21.0,34.24375,0.0,0.0,0.04225,0.1255,0.0,0.0,0.07925,0.00025,0.7485,0.2145,0.02075,102
POR,32.0,45.50625,0.10275263531868939,0.1806748087732529,0.0165,-0.1075,7.340749345417619,7.56311928834619,0.959,0.0,0.0,0.004,0.103,102
SAC,19.0,26.8215,0.19664303265848196,-0.07202055981888589,0.0,0.00025,14.50249090180134,12.800259704733698,0.00025,0.16825,0.8315,0.00025,0.0,102
SAS,36.0,54.46875,0.0,0.0,0.0,-0.00025,0.0,0.0,1.0,0.0,0.0,0.0,0.00025,102
UTA,24.0,36.28675,0.5823415412641371,0.20556082221369035,0.0825,0.1365,10.575346061701191,9.59664036766488,0.22925,0.0,0.4215,0.405,0.10875,102
ATL,29.0,45.01325,0.0,0.0,0.05725,-0.13875,0.0,0.0,0.88375,0.0,0.005,0.073,0.16675,103
BOS,41.0,58.11525,0.04749479717813057,0.04749479717813057,0.0,0.0,5.223127965167547,5.223127965167547,1.0,0.0,0.0,0.0,0.0,103
BKN,12.0,19.29125,-0.0016012786596119927,-0.0023560405643738964,0.0,0.0,6.774034215167549,6.790293143738977,0.0,0.99825,0.00175,0.0,0.0,103
CHA,16.0,27.46475,0.28149843526830354,-0.11700074526308378,0.0,0.0,14.608677416089284,12.598565343622461,0.0,0.38,0.62,0.0,0.0,103
CHI,18.0,27.46425,0.2905128092406249,-0.1276078618791722,0.0,0.00025,14.617997916680357,12.561749094748123,0.0,0.42175,0.578,0.00025,0.0,103
CLE,30.0,46.51475,0.0,0.0,0.035,-0.10375,0.0,0.0,0.95825,0.0,0.00025,0.023,0.084,103
DET,33.0,48.06175,0.1956147047665895,0.27330130189759144,0.01775,-0.065,6.8219115832840345,6.921174306689043,0.9785,0.0,0.0,0.00375,0.03925,103
IND,28.0,43.58975,0.20115550011875005,0.5443765503471089,0.082,-0.115,7.695301652790625,8.797014632105576,0.77325,0.0,0.00975,0.15975,0.2695,103
MIA,31.0,48.11975,-0.009177967661138667,0.03941345071358791,0.01075,-0.0555,9.369436570416033,9.434032847191704,0.98575,0.0,0.0005,0.0035,0.0295,103
MIL,18.0,27.43875,0.0,0.0,0.0,0.00025,0.0,0.0,0.00025,0.4065,0.59275,0.00075,0.0,103
NYK,35.0,51.843,0.0,0.0,0.00125,-0.004,0.0,0.0,0.99925,0.0,0.0,0.0,0.00125,103
ORL,25.0,37.86525,0.48991191620937513,0.29051374984071,0.0525,0.1245,10.076164422762204,12.102957395051911,0.127,0.0,0.483,0.44625,0.038,103
PHI,28.0,44.40025,0.17344870530059525,0.4341888482661635,0.06275,-0.12675,7.537419836126488,8.32360585514993,0.8465,0.0,0.00575,0.09875,0.2105,103
TOR,25.0,38.7005,0.43461110518898816,0.3314349544991213,0.06025,0.08575,9.57163246238765,11.775712350125078,0.20975,0.0,0.31775,0.56625,0.063,103
WAS,28.0,39.7405,0.40406193520520844,0.34036029701309517,0.079,0.0585,9.151925808892859,10.71233966706369,0.23775,0.0,0.179,0.62475,0.09825,103
DAL,21.0,30.18225,0.32992080097321436,-0.04058267353338862,0.0005,0.009,3.4266120304870538,3.303871870237934,0.0,0.079,0.9085,0.01225,0.00025,103
DEN,39.0,56.31125,0.0,0.0,0.0,0.0,0.0,0.0,1.0,0.0,0.0,0.0,0.0,103
GSW,34.0,47.4105,0.18627235428474426,0.23055339948159093,0.00925,-0.04825,6.944587768116386,7.011858656651625,0.98625,0.0,0.00025,0.00175,0.0295,103
HOU,32.0,48.24125,0.18623289602701162,0.2168611107750771,0.00475,-0.03225,6.773537920980941,6.8100143490188385,0.9945,0.0,0.0,0.001,0.015,103
LAC,24.0,32.96975,-0.0002938381834215169,-0.0002938381834215169,0.0075,0.05575,5.225501884920633,5.225501884920633,0.00775,0.00525,0.93025,0.063,0.001,103
LAL,26.0,41.07375,0.0,0.0,0.07875,-0.01025,0.0,0.0,0.6625,0.0,0.041,0.2605,0.2865,103
MEM,27.0,37.34625,0.5026766376552084,0.3587983548281845,0.05725,0.13125,10.225727908436012,11.762292528026773,0.174,0.0,0.363,0.49425,0.0825,103
MIN,36.0,52.466,0.0,0.0,0.00025,-0.00175,0.0,0.0,0.9995,0.0,0.0,0.0,0.00075,103
NOP,21.0,29.4385,0.41950699404761904,0.0076952380952380675,0.00025,0.0055,18.507499404761905,16.25991875,0.001,0.1375,0.8585,0.004,0.0,103
OKC,37.0,57.62675,0.056858686067019465,0.056858686067019465,0.0,0.0,5.225501884920633,5.225501884920633,1.0,0.0,0.0,0.0,0.0,103
PHX,29.0,41.47,0.0,0.0,0.07325,-0.01825,0.0,0.0,0.59475,0.0,0.02625,0.2195,0.39175,103
POR,25.0,38.68275,0.4888985863276787,0.4964835783616709,0.09325,0.08175,9.341446847019794,11.047026783312583,0.3825,0.0,0.1825,0.5315,0.12975,103
SAC,18.0,26.51325,0.24268147704776788,-0.12468351994624703,0.0,0.0,14.899750623769194,12.431242679488417,0.0,0.5715,0.4285,0.0,0.0,103
SAS,31.0,49.89775,0.0,0.0,0.0005,-0.01125,0.0,0.0,0.999,0.0,0.0,0.00025,0.003,103
UTA,23.0,36.747,0.542065307416518,0.16913383750892858,0.07725,0.1315,10.449929521117857,9.674031090318453,0.19825,0.00025,0.46775,0.412,0.06,103
ATL,21.0,34.1595,0.0,0.0,0.011,0.0445,0.0,0.0,0.01475,0.0,0.93075,0.0575,0.0065,104
BOS,30.0,44.13525,0.14450884331026786,0.3616237660462401,0.056,-0.119,7.494226663131992,7.8975878040994605,0.9115,0.0,0.00925,0.05625,0.1015,104
BKN,17.0,27.1245,0.0016146384479717821,0.0016146384479717821,0.0,0.0005,5.941779574514992,5.942625110229278,0.0,0.1385,0.8615,0.0,0.0,104
CHA,27.0,39.1665,0.3714025878799108,0.6316504563477819,0.11125,0.0735,8.981476111940626,11.194588868507891,0.297,0.0,0.33325,0.3775,0.1205,104
CHI,16.0,25.92125,0.21233101280848204,-0.09663429968177142,0.0,0.0,14.661064982018749,12.683627821957014,0.0,0.287,0.713,0.0,0.0,104
CLE,25.0,40.01325,0.0,0.0,0.13575,0.039,0.0,0.0,0.45975,0.0,0.214,0.35725,0.1405,104
DET,26.0,41.5805,0.2840413173882441,0.6589251856222631,0.12325,-0.06975,8.032965701479316,9.3071788829157,0.67875,0.0,0.083,0.239,0.16275,104
IND,35.0,52.24225,0.09844395943562609,0.09848655899306656,0.0,-0.00075,6.255923412698414,6.254286805555557,1.0,0.0,0.0,0.0,0.0,104
MIA,24.0,39.92,0.12214978885630523,0.43033338608859806,0.118,0.033,9.460591940090744,11.322822969906639,0.48525,0.0,0.22375,0.35925,0.13425,104
MIL,24.0,34.34525,0.0,0.0,0.011,0.03775,0.0,0.0,0.01325,0.0,0.93625,0.0535,0.00575,104
NYK,39.0,58.4185,0.0,0.0,0.0,0.0,0.0,0.0,1.0,0.0,0.0,0.0,0.0,104
ORL,30.0,43.642,0.15251409524136908,0.41550756640544495,0.06975,-0.1245,7.5979961044452375,8.157144308366016,0.8615,0.0,0.01825,0.08725,0.12325,104
PHI,31.0,48.18775,0.15564716618618826,0.18427874708950462,0.0035,-0.0175,6.9269788565850305,6.947379884753234,0.996,0.0,0.0005,0.0015,0.00775,104
TOR,32.0,45.92925,0.118239529096875,0.21637395086195438,0.02225,-0.06625,7.27719710240476,7.402792675255385,0.9725,0.0,0.00125,0.01475,0.038,104
WAS,29.0,39.64225,0.3631681196742561,0.5158037938208332,0.11375,0.0455,8.845164061730209,10.346218256460716,0.30975,0.0,0.24975,0.39625,0.15925,104
DAL,14.0,24.25625,0.1595422586875,-0.14630560425164116,0.00075,0.0025,4.947980391000893,2.7314014311258847,0.00075,0.6115,0.38725,0.00125,0.0,104
DEN,37.0,52.7905,0.0,0.0,0.00175,-0.0135,0.0,0.0,0.99825,0.0,0.0,0.0,0.00825,104
GSW,21.0,31.993,0.4781682884747022,0.14688610231561364,0.0295,0.12375,12.07629061179137,12.317262988719262,0.10775,0.00225,0.48425,0.51325,0.00025,104
HOU,36.0,55.25425,0.11785611772486783,0.12121999037218928,0.0,-0.0025,5.941779574514992,5.942446072839695,1.0,0.0,0.0,0.0,0.00025,104
LAC,14.0,20.46975,0.0002581238977072313,0.0002581238977072313,0.0,0.0,5.157306371252203,5.157306371252203,0.0,0.97125,0.02875,0.0,0.0,104
LAL,29.0,45.612,0.0,0.0,0.01575,-0.0865,0.0,0.0,0.908,0.0,0.0,0.0,0.32025,104
MEM,20.0,29.89075,0.391829185270089,0.09550478919224772,0.01375,0.09325,13.280158307844045,12.689256021279471,0.027,0.02,0.7895,0.1905,0.0,104
MIN,32.0,48.58,0.0,0.0,0.01125,-0.10275,0.0,0.0,0.976,0.0,0.0,0.0,0.097,104
NOP,24.0,33.16325,0.26775520833333316,0.021248363095238077,0.0115,0.11425,13.600922321428573,15.990236458333335,0.082,0.0005,0.289,0.70975,0.00075,104
OKC,43.0,64.7025,0.0010324955908289253,0.0010324955908289253,0.0,0.0,5.157306371252203,5.157306371252203,1.0,0.0,0.0,0.0,0.0,104
PHX,30.0,44.042,0.0,0.0,0.02,-0.04975,0.0,0.0,0.79025,0.0,0.0,0.002,0.569,104
POR,39.0,53.511,0.08963544360389113,0.09916654567174828,0.0005,-0.008,6.143574098565615,6.151998308775883,0.99975,0.0,0.0,0.0,0.00325,104
SAC,14.0,20.5795,0.0906413071415179,-0.025572504256675135,0.0,0.0,15.604226836215622,12.087326751731776,0.0,0.96775,0.03225,0.0,0.0,104
SAS,40.0,58.33525,0.0,0.0,0.0,0.0,0.0,0.0,1.0,0.0,0.0,0.0,0.0,104
UTA,21.0,32.392,0.5152385081816963,0.06902065681071426,0.03325,0.13025,11.895553155019941,9.831209981020239,0.11025,0.00125,0.4145,0.58325,0.001,104
ATL,28.0,43.61225,0.0,0.0,0.10425,-0.07925,0.0,0.0,0.58775,0.0,0.02725,0.41275,0.19375,105
BOS,37.0,54.4135,0.1496807539682541,0.15102000508253982,0.0,-0.002,5.825423544973545,5.825423544973545,1.0,0.0,0.0,0.0,0.0,105
BKN,17.0,25.542,-0.00030490520282187085,-0.00030490520282187085,0.0,0.0,5.717595403439153,5.717595403439153,0.0,0.61025,0.38975,0.0,0.0,105
CHA,25.0,37.3445,0.33338014034479163,0.14291138835540948,0.019,0.094,10.170536220754316,12.705566349213015,0.02875,0.0,0.7905,0.19725,0.00625,105
CHI,12.0,20.4735,0.05257348040535714,-0.011879569056746007,0.0,0.0,15.762197871881689,12.113656662238851,0.0,0.988,0.012,0.0,0.0,105
CLE,25.0,40.769,0.0,0.0,0.06825,0.0635,0.0,0.0,0.278,0.0,0.1585,0.6705,0.076,105
DET,29.0,45.67775,0.21048129190818457,0.556124427556756,0.07525,-0.14425,7.454872684934226,8.369755496415008,0.816,0.0,0.0055,0.14975,0.17425,105
IND,29.0,43.8825,0.23925696803333343,0.6328004538308828,0.10675,-0.092,7.932818931951786,9.666986776144116,0.5795,0.0,0.0205,0.36675,0.2275,105
MIA,31.0,49.38225,-0.01426158083708664,0.04878586065119342,0.01425,-0.052,9.367294865774372,9.434702644257614,0.98475,0.0,0.0,0.0085,0.021,105
MIL,24.0,33.0775,0.0,0.0,0.0,0.008,0.0,0.0,0.0005,0.00375,0.9895,0.0065,0.0,105
NYK,36.0,51.942,0.0,0.0,0.0005,-0.0105,0.0,0.0,0.99775,0.0,0.0,0.0005,0.00575,105
ORL,34.0,48.76175,0.20076469508098543,0.3137843840180886,0.02625,-0.07725,6.738697825158713,6.905462522299487,0.96475,0.0,0.0,0.0155,0.0505,105
PHI,31.0,47.58075,0.2145540377268133,0.3954615800668529,0.04175,-0.111,6.998938219553725,7.34523553387941,0.93125,0.0,0.001,0.03975,0.092,105
TOR,31.0,46.119,0.2145196958339286,0.5139057714631745,0.06625,-0.13775,7.361250943180417,8.158492926004385,0.831,0.0,0.0035,0.13225,0.153,105
WAS,22.0,30.42175,0.36303118820803537,-0.01143875451785711,0.00025,0.0005,13.29011571887366,11.99515683596131,0.0,0.02725,0.97275,0.0,0.0,105
DAL,28.0,41.473,0.05935470240267857,0.23306386144827382,0.07175,-0.1245,0.14025540162812503,0.6688597950968751,0.7825,0.0,0.003,0.14725,0.25475,105
DEN,25.0,40.8115,0.0,0.0,0.07525,-0.10825,0.0,0.0,0.80475,0.0,0.00425,0.178,0.2375,105
GSW,22.0,32.3085,0.431893806181845,0.132082065667259,0.016,0.0965,12.40670638911771,12.747173700761497,0.02275,0.00725,0.80175,0.18675,0.00275,105
HOU,38.0,54.935,0.14631884920634936,0.14631884920634936,0.0,0.0,5.717595403439153,5.717595403439153,1.0,0.0,0.0,0.0,0.0,105
LAC,26.0,38.1525,-0.0005519620811287483,-0.0005519620811287483,0.083,-0.0075,5.473141721781305,5.473141721781305,0.40875,0.0,0.04025,0.62425,0.16025,105
LAL,24.0,35.50375,0.0,0.0,0.047,0.09475,0.0,0.0,0.15075,0.00025,0.207,0.71225,0.044,105
MEM,19.0,27.55025,0.30411389501071406,-0.09135769595026476,0.00025,0.00625,14.404243051579014,12.77476197445396,0.0005,0.2415,0.7535,0.005,0.0,105
MIN,38.0,54.41125,0.0,0.0,0.0,0.0,0.0,0.0,1.0,0.0,0.0,0.0,0.0,105
NOP,18.0,27.793,0.3137590773809522,-0.1063449404761905,0.0005,0.01075,16.73987961309524,16.667537946428574,0.00075,0.211,0.78075,0.00825,0.0,105
OKC,36.0,56.2935,0.13493198853615535,0.13493198853615535,0.0,0.0,5.473141721781305,5.473141721781305,1.0,0.0,0.0,0.0,0.0,105
PHX,29.0,43.224,0.0,0.0,0.03775,-0.13025,0.0,0.0,0.914,0.0,0.0,0.0385,0.14775,105
POR,29.0,43.05425,0.13981076990565477,0.2608933628300198,0.03975,-0.12475,7.5981147941126475,7.984162067750554,0.90975,0.0,0.0005,0.04975,0.1525,105
SAC,16.0,23.586,0.13691797905357153,-0.0782755357287895,0.0,0.0,15.36358617228214,12.229608862646492,0.0,0.858,0.142,0.0,0.0,105
SAS,42.0,61.954,0.0,0.0,0.0,0.0,0.0,0.0,1.0,0.0,0.0,0.0,0.0,105
UTA,19.0,29.9495,0.3697963669247021,0.021233048277976202,0.00275,0.03925,13.472654424992706,10.109229670840474,0.0055,0.05275,0.89625,0.05,0.0005,105
ATL,32.0,48.36925,0.0,0.0,0.00875,-0.04025,0.0,0.0,0.99125,0.0,0.00025,0.003,0.0185,106
BOS,32.0,46.23275,0.12869345049889772,0.2644867949233308,0.03125,-0.09575,7.358812986608453,7.634481758507726,0.943,0.0,0.003,0.035,0.07525,106
BKN,15.0,24.5225,-0.0017563381834215183,0.0004664296737213416,0.0,0.0,6.849905792548501,6.879277369929454,0.0,0.338,0.662,0.0,0.0,106
CHA,27.0,40.83725,0.39932944979419654,0.5749704284018876,0.0995,0.03875,8.78591973773378,10.72875252857239,0.4245,0.0,0.20375,0.415,0.1515,106
CHI,14.0,23.4005,0.2228117538339286,-0.12254598169268972,0.0,0.0,14.892545114806692,12.488818062480789,0.0,0.53175,0.46825,0.0,0.0,106
CLE,27.0,40.88025,0.0,0.0,0.10175,0.049,0.0,0.0,0.412,0.0,0.198,0.4195,0.15875,106
DET,37.0,54.29375,0.16038548280423293,0.16038548280423293,0.0,-0.0005,5.801538447971781,5.801538447971781,1.0,0.0,0.0,0.0,0.0,106
IND,25.0,38.4815,0.4581166792339286,0.38131673226037976,0.0635,0.12525,9.993857025567264,12.13662227657211,0.1345,0.0,0.58,0.3165,0.05275,106
MIA,24.0,36.51825,0.34408493225707687,0.1282803474487884,0.0285,0.07825,11.100500295661279,12.841596420209893,0.03975,0.0,0.8385,0.13425,0.0145,106
MIL,17.0,25.50175,0.0,0.0,0.0,0.0,0.0,0.0,0.0,0.1895,0.8105,0.0,0.0,106
NYK,29.0,43.83075,0.0,0.0,0.0835,-0.115,0.0,0.0,0.78575,0.0,0.03,0.157,0.1795,106
ORL,30.0,44.624,0.17649787443669537,0.46621027321734293,0.06975,-0.12975,7.602482950780268,8.237426182867043,0.85575,0.0,0.013,0.1,0.1465,106
PHI,33.0,51.96025,0.16490124559082894,0.16730620377981706,0.0,-0.00125,6.26597280643739,6.2666173734862,1.0,0.0,0.0,0.0,0.00025,106
TOR,36.0,52.181,0.17566765504428467,0.18138027176615967,0.00075,-0.0035,6.232331539041804,6.2360829993407645,0.99975,0.0,0.0,0.0,0.0015,106
WAS,30.0,41.367,0.3611383199962798,0.4973847727607142,0.108,0.01525,8.651682786755655,9.994041769938693,0.41375,0.0,0.1335,0.41975,0.201,106
DAL,22.0,32.618,0.16332014925133928,0.08281765624771259,0.008,0.07325,2.2195507492906246,3.279518915774103,0.015,0.0,0.8565,0.143,0.0005,106
DEN,35.0,51.31,0.0,0.0,0.00075,-0.01075,0.0,0.0,0.99875,0.0,0.0,0.0,0.00475,106
GSW,29.0,42.65,0.21439869946741077,0.35769120855358133,0.0555,-0.02775,7.972468440068453,9.294808633821788,0.708,0.0,0.00175,0.235,0.3335,106
HOU,33.0,49.168,0.17668164323600086,0.21564647143877863,0.0045,-0.04525,6.850425901649096,6.906401173805396,0.991,0.0,0.0,0.00125,0.02275,106
LAC,18.0,27.22925,0.0,0.0,0.00025,0.00275,5.159113238536154,5.159113238536154,0.0,0.0615,0.9365,0.002,0.0,106
LAL,36.0,53.42175,0.0,0.0,0.0,-0.0015,0.0,0.0,0.99975,0.0,0.0,0.0,0.0005,106
MEM,14.0,21.5425,0.1574023634705358,-0.07920710825024083,0.0,0.0,15.316348362286158,12.242518139509007,0.0,0.8135,0.1865,0.0,0.0,106
MIN,32.0,50.42825,0.0,0.0,0.0005,-0.019,0.0,0.0,0.99825,0.0,0.0,0.00025,0.00625,106
NOP,26.0,36.33825,0.22295669642857144,0.12467931547619047,0.022,0.0675,15.573455357142858,15.657804613095239,0.11425,0.0,0.14025,0.82675,0.0215,106
OKC,41.0,61.3505,0.0038718584656084695,0.0038718584656084695,0.0,0.0,5.159113238536154,5.159113238536154,1.0,0.0,0.0,0.0,0.0,106
PHX,29.0,42.445,0.0,0.0,0.0555,-0.02875,0.0,0.0,0.61825,0.0,0.0015,0.27,0.38175,106
POR,27.0,41.00825,0.3019937826720238,0.3821658671677749,0.06275,-0.0025,8.461057421737054,10.28195822587878,0.5565,0.0,0.00375,0.52,0.2285,106
SAC,12.0,18.91675,0.08057655200089286,-0.020229165712310062,0.0,0.0,15.722423641941514,12.104058448543011,0.0,0.9725,0.0275,0.0,0.0,106
SAS,41.0,61.95725,0.0,0.0,0.0,0.0,0.0,0.0,1.0,0.0,0.0,0.0,0.0,106
UTA,17.0,26.6155,0.25923883022366057,-0.0023223861250000074,0.00025,0.00125,13.922197279156247,10.132293246851784,0.00025,0.09325,0.905,0.00175,0.0,106
ATL,38.0,54.4815,0.0,0.0,0.0,-0.00025,0.0,0.0,1.0,0.0,0.0,0.0,0.0,107
BOS,36.0,53.3515,0.12660099206349218,0.12660099206349218,0.0,-0.00025,5.895012345679014,5.895012345679014,1.0,0.0,0.0,0.0,0.0,107
BKN,9.0,15.2225,-0.0036849702380952263,0.005289583333333345,0.0,0.0,9.649213839285716,9.641182589285716,0.0,0.99875,0.00125,0.0,0.0,107
CHA,31.0,44.833,0.16241524285877978,0.3529333249240291,0.04575,-0.12675,7.385682109564285,7.886837072853839,0.89625,0.0,0.00075,0.047,0.17625,107
CHI,24.0,34.3755,0.5859370297848211,0.12169715274724349,0.0155,0.07925,12.375125153861756,12.597609378286863,0.0195,0.0,0.8585,0.13225,0.006,107
CLE,28.0,41.82675,0.0,0.0,0.0835,-0.0605,0.0,0.0,0.66375,0.0,0.02875,0.2415,0.29525,107
DET,31.0,47.05625,0.18810997115401232,0.272299629195353,0.01325,-0.07425,6.945804063943992,7.088197847959667,0.97475,0.0,0.0,0.008,0.05425,107
IND,30.0,43.81475,0.16967815583125,0.3599690029591907,0.05175,-0.12425,7.567904594770386,8.33783450568419,0.82475,0.0,0.00375,0.081,0.2625,107
MIA,25.0,38.89375,0.33153985933947316,0.2865832991028878,0.08125,0.0755,9.814631463151825,11.667126727409839,0.29,0.0,0.18275,0.6,0.11025,107
MIL,25.0,34.879,0.0,0.0,0.00925,0.094,0.0,0.0,0.025,0.0,0.8245,0.164,0.00775,107
NYK,34.0,50.3515,0.0,0.0,0.00175,-0.012,0.0,0.0,0.99825,0.0,0.0,0.0,0.004,107
ORL,22.0,33.287,0.4791196340257437,0.06714859839448271,0.00675,0.0515,13.001272118673066,12.69781030525003,0.01125,0.0,0.928,0.06975,0.00175,107
PHI,23.0,38.2585,0.5756863362894347,0.3799074088523243,0.0745,0.10575,9.652724990590773,11.429146495534953,0.27775,0.0,0.2735,0.561,0.07575,107
TOR,34.0,50.66175,0.13280041518537808,0.13662176769356263,0.00075,-0.009,6.275665314497742,6.280749333989705,0.9985,0.0,0.0,0.0,0.0025,107
WAS,22.0,33.893,0.54120446272247,0.07376176728750011,0.01375,0.06275,12.678161659271876,11.765321457480361,0.02025,0.0,0.8995,0.0955,0.00375,107
DAL,22.0,36.28275,0.4164783457665179,0.22003490638941325,0.059,0.13775,1.510598785773661,2.67912824386012,0.135,0.0,0.552,0.39025,0.02975,107
DEN,31.0,45.8195,0.0,0.0,0.02175,-0.107,0.0,0.0,0.95,0.0,0.00025,0.0095,0.09725,107
GSW,30.0,44.5555,0.14826416961690367,0.33528509422746905,0.037,-0.1375,7.40860591445119,7.866019802224404,0.905,0.0,0.0015,0.0365,0.1745,107
HOU,24.0,37.8285,0.5821273334837797,0.3829327489494969,0.07325,0.11675,9.873386166402234,11.514212470498373,0.26075,0.0,0.2865,0.56725,0.07125,107
LAC,14.0,23.68925,0.0002581238977072313,0.0002581238977072313,0.0,0.0,5.159371362433862,5.159371362433862,0.0,0.404,0.596,0.0,0.0,107
LAL,30.0,44.80525,0.0,0.0,0.03125,-0.1285,0.0,0.0,0.9075,0.0,0.00175,0.0315,0.16375,107
MEM,24.0,35.00175,0.6295038761296129,0.17847454121988096,0.027,0.1155,11.942511820341517,12.431136430899079,0.046,0.0,0.7455,0.2325,0.01375,107
MIN,33.0,50.247,0.0,0.0,0.00075,-0.009,0.0,0.0,0.9995,0.0,0.0,0.0,0.0025,107
NOP,15.0,22.735,0.12265595238095242,-0.18641651785714283,0.0,0.0,17.360507291666664,15.625349553571429,0.0,0.636,0.364,0.0,0.0,107
OKC,40.0,61.54175,0.002839362874779544,0.002839362874779544,0.0,0.0,5.159371362433862,5.159371362433862,1.0,0.0,0.0,0.0,0.0,107
PHX,25.0,37.15475,0.0,0.0,0.05175,0.12275,0.0,0.0,0.1495,0.0,0.3845,0.51925,0.0565,107
POR,29.0,41.524,0.27272413293601194,0.44172846577359687,0.07675,-0.05175,8.096477450345684,9.277705396075858,0.6685,0.0,0.02775,0.21,0.33875,107
SAC,12.0,19.0255,0.05607037470758937,-0.02020074090589568,0.0,0.0,15.473879859304908,11.985184710019189,0.0,0.96125,0.03875,0.0,0.0,107
SAS,46.0,67.528,0.0,0.0,0.0,0.0,0.0,0.0,1.0,0.0,0.0,0.0,0.0,107
UTA,33.0,47.07525,0.18611959861386132,0.2203453927589506,0.01975,-0.07325,6.938434432851202,6.991056086941975,0.97825,0.0,0.00025,0.00325,0.052,107
ATL,40.0,56.69075,0.0,0.0,0.0,0.0,0.0,0.0,1.0,0.0,0.0,0.0,0.0,108
BOS,31.0,45.7,0.2629778668248512,0.5315003956356859,0.0685,-0.116,7.1616737894997025,7.68347968994487,0.88525,0.0,0.0155,0.0875,0.0925,108
BKN,20.0,28.46375,0.06041116071428554,-0.030358630952380936,0.0,0.0,11.159430208333335,10.095402529761905,0.0,0.1285,0.8715,0.0,0.0,108
CHA,27.0,39.33775,0.41239812335967263,0.39120679809156045,0.06625,0.10975,9.73393475444018,12.056852844060327,0.10975,0.0,0.6605,0.23475,0.0495,108
CHI,23.0,34.9875,0.32247188330372023,0.021213260480392578,0.00275,0.015,11.751177433843006,12.743631768066408,0.003,0.00025,0.97925,0.0175,0.00275,108
CLE,29.0,43.6695,0.0,0.0,0.11825,-0.07775,0.0,0.0,0.64975,0.0,0.09175,0.234,0.15475,108
DET,28.0,43.30775,0.3461023426089287,0.7183405426504322,0.12675,-0.0555,7.977474172438839,9.393395479153082,0.61625,0.0,0.11925,0.25675,0.15075,108
IND,24.0,39.726,0.4411153407686013,0.41681983593373734,0.07925,0.12375,9.51600195105997,11.898989726948328,0.17625,0.0,0.60225,0.2715,0.05,108
MIA,30.0,45.02375,-0.01674073584252087,0.28646822950583406,0.088,-0.121,9.29561896331992,9.94992128519993,0.8275,0.0,0.03175,0.114,0.134,108
MIL,17.0,25.55375,0.0,0.0,0.0,0.0,0.0,0.0,0.0,0.57775,0.42225,0.0,0.0,108
NYK,28.0,43.04875,0.0,0.0,0.128,-0.04075,0.0,0.0,0.598,0.0,0.1335,0.2755,0.14725,108
ORL,37.0,56.05475,0.1297567680776016,0.1297567680776016,0.0,0.0,5.746832605820106,5.746832605820106,1.0,0.0,0.0,0.0,0.0,108
PHI,30.0,44.94225,0.29849272505767754,0.6321458450352709,0.09875,-0.11675,7.42225664172402,8.189953378166095,0.79925,0.0,0.036,0.138,0.118,108
TOR,35.0,50.17375,0.08264636673440805,0.10520535815980486,0.005,-0.014,6.294888825846375,6.309870517102625,0.99625,0.0,0.0,0.0015,0.005,108
WAS,27.0,41.29775,0.3839291988366072,0.508839023084524,0.1055,0.0575,8.785720130759673,10.37503845192917,0.33875,0.0,0.33,0.369,0.0955,108
DAL,19.0,31.38475,0.35050888944330366,0.14664734763069726,0.0345,0.127,2.6986275097781247,2.742332668548576,0.08625,0.01175,0.58425,0.38475,0.0115,108
DEN,24.0,36.6905,0.0,0.0,0.07675,0.00775,0.0,0.0,0.48075,0.0,0.029,0.52125,0.23075,108
GSW,43.0,61.26225,0.01368056657848326,0.01368056657848326,0.0,0.0,5.180795645943561,5.180795645943561,1.0,0.0,0.0,0.0,0.0,108
HOU,20.0,32.07925,0.44808655581101164,0.21455322228355306,0.039,0.1315,12.294770576493153,12.081497752095961,0.117,0.008,0.45675,0.51225,0.01425,108
LAC,15.0,22.53075,-0.0002581238977072313,-0.0002581238977072313,0.0,0.0005,5.159113238536154,5.159113238536154,0.0,0.93225,0.06775,0.0,0.0,108
LAL,32.0,48.89425,0.0,0.0,0.001,-0.007,0.0,0.0,0.99925,0.0,0.0,0.0,0.00275,108
MEM,18.0,28.33125,0.324209999179464,-0.005032345937840118,0.00525,0.049,14.068604171936903,12.55648010763773,0.01275,0.149,0.7775,0.071,0.00125,108
MIN,25.0,37.139,0.0,0.0,0.08125,-0.00725,0.0,0.0,0.52,0.0,0.01775,0.4435,0.275,108
NOP,13.0,21.45775,-0.05971101190476192,-0.0032543154761904827,0.0,0.0,20.398388244047624,14.856139434523811,0.0,0.968,0.032,0.0,0.0,108
OKC,42.0,63.3125,0.002323115079365082,0.002323115079365082,0.0,0.0,5.159113238536154,5.159113238536154,1.0,0.0,0.0,0.0,0.0,108
PHX,30.0,43.57225,0.0,0.0,0.026,-0.107,0.0,0.0,0.948,0.0,0.0,0.00725,0.12525,108
POR,31.0,42.794,0.17993506921919644,0.2543385857916666,0.04175,-0.1265,7.532833522107588,7.83569587178837,0.90825,0.0,0.00025,0.01375,0.18375,108
SAC,19.0,27.583,0.2834194321209819,-0.04610287552960599,0.003,0.03225,14.366798063164135,12.544593623957372,0.004,0.2245,0.74125,0.03325,0.00075,108
SAS,33.0,51.875,0.0,0.0,0.0,-0.00075,0.0,0.0,1.0,0.0,0.0,0.0,0.0,108
UTA,30.0,43.11575,0.17466354602261905,0.1666299170654762,0.03375,-0.12475,7.486663052791666,7.52904384058988,0.92375,0.0,0.0,0.013,0.15475,108
ATL,36.0,52.09,0.0,0.0,0.00275,-0.01275,0.0,0.0,0.9985,0.0,0.0,0.0005,0.003,109
BOS,32.0,47.47375,0.2533889672608741,0.463903770318255,0.0425,-0.11775,7.047055314835533,7.434532650205254,0.914,0.0,0.00675,0.049,0.10125,109
BKN,11.0,19.356,0.00841830357142857,0.002084821428571434,0.0,0.0,7.219931894841269,7.364340972222222,0.0,0.95175,0.04825,0.0,0.0,109
CHA,27.0,41.09325,0.5116497660319942,0.4333781150766311,0.07875,0.12025,9.66897285832396,11.82101792155688,0.21525,0.0,0.4505,0.38975,0.075,109
CHI,16.0,24.215,0.20632261044910705,-0.10516104756412104,0.0,0.0,14.699357017698214,12.71018920694254,0.0,0.31825,0.68175,0.0,0.0,109
CLE,29.0,43.84675,0.0,0.0,0.10875,-0.027,0.0,0.0,0.541,0.0,0.1065,0.32775,0.213,109
DET,35.0,53.815,0.16650858032525367,0.16823948734162272,0.00025,-0.002,5.6277357459520605,5.628987009860543,0.99975,0.0,0.0,0.00025,0.00025,109
IND,32.0,46.67575,0.2827891673757221,0.5316802214345909,0.06825,-0.12675,7.295785612205555,7.9149822534257535,0.844,0.0,0.0125,0.0805,0.163,109
MIA,26.0,42.16175,0.26815742026341505,0.40966630861512765,0.112,0.09575,9.692045138786481,11.77218461022214,0.34025,0.0,0.27925,0.4475,0.11675,109
MIL,10.0,18.691,0.0,0.0,0.0,0.0,0.0,0.0,0.0,0.9685,0.0315,0.0,0.0,109
NYK,37.0,55.4005,0.0,0.0,0.0,-0.00025,0.0,0.0,1.0,0.0,0.0,0.0,0.0,109
ORL,27.0,41.39425,0.5189626088732143,0.5006282250394868,0.093,0.10525,9.500268703415477,11.627070078466684,0.24675,0.0,0.4035,0.39925,0.086,109
PHI,31.0,47.2105,0.2665683991170304,0.49099364467794304,0.05025,-0.1205,7.107180539829106,7.557986105503065,0.90475,0.0,0.0065,0.0555,0.1195,109
TOR,33.0,47.9055,0.2576822365549603,0.42460938802375847,0.03975,-0.1065,6.914810010938167,7.23016953068402,0.932,0.0,0.00475,0.0345,0.09075,109
WAS,28.0,39.36025,0.48470678861815497,0.19796170228333312,0.03725,0.10325,10.71508273611875,11.624906978927381,0.06375,0.0,0.72975,0.2155,0.0315,109
DAL,26.0,37.591,0.24217076771875,0.17955695762230017,0.0315,0.1235,1.6334636584102677,2.9674963238347583,0.07675,0.0,0.553,0.4205,0.01625,109
DEN,33.0,46.915,0.0,0.0,0.03525,-0.10875,0.0,0.0,0.921,0.0,0.0005,0.02675,0.1235,109
GSW,31.0,46.6175,0.24315318189528767,0.3819597793168055,0.032,-0.1145,7.190891851409628,7.562478599899885,0.93525,0.0,0.001,0.043,0.11975,109
HOU,32.0,46.5565,0.2526346381030148,0.41288474844542544,0.04275,-0.1265,7.2295315477500495,7.594346731240556,0.9205,0.0,0.00125,0.0385,0.13175,109
LAC,19.0,27.6085,0.00024273589065255873,0.00024273589065255873,0.0,0.00075,5.573972552910052,5.574145023148148,0.0,0.02375,0.976,0.00025,0.0,109
LAL,30.0,46.6025,0.0,0.0,0.0335,-0.1165,0.0,0.0,0.93125,0.0,0.00075,0.03625,0.1265,109
MEM,27.0,38.781,0.49396382035416686,0.29466976173305964,0.05225,0.10375,10.74904556523512,11.976196435603303,0.14025,0.0,0.3155,0.61775,0.03975,109
MIN,31.0,45.1805,0.0,0.0,0.06275,-0.135,0.0,0.0,0.822,0.0,0.00325,0.10075,0.228,109
NOP,16.0,22.96675,0.0653977678571429,-0.20402782738095238,0.0,0.0,20.33186741071429,15.25549330357143,0.0,0.58675,0.41325,0.0,0.0,109
OKC,34.0,54.0655,0.15068791887125235,0.15135754442839522,0.0,-0.00125,5.573972552910052,5.574640631863623,1.0,0.0,0.0,0.0,0.00025,109
PHX,26.0,40.5195,0.0,0.0,0.07025,0.0475,0.0,0.0,0.32775,0.0,0.12525,0.68425,0.0865,109
POR,33.0,46.78175,0.24518742479915123,0.4161436430913436,0.03925,-0.12175,7.175414889288415,7.509214726314218,0.92525,0.0,0.0005,0.03125,0.12775,109
SAC,17.0,25.632,0.21630689230580344,-0.06397482508972205,0.0,0.0,14.314758443610266,12.873748416263032,0.0,0.135,0.865,0.0,0.0,109
SAS,37.0,55.013,0.0,0.0,0.00025,-0.00025,0.0,0.0,1.0,0.0,0.0,0.0,0.0,109
UTA,18.0,28.47975,0.16857807737678568,-4.294846011903175e-05,0.00025,0.0015,13.563473694708925,10.138508329348806,0.0,0.016,0.98325,0.00075,0.0,109
ATL,30.0,44.9095,0.0,0.0,0.04725,-0.11975,0.0,0.0,0.90875,0.0,0.00425,0.05375,0.11475,110
BOS,31.0,47.15925,0.21630091796680442,0.27845624592379853,0.01025,-0.0505,6.716331544159932,6.7940934079651125,0.9875,0.0,0.00025,0.0055,0.02875,110
BKN,24.0,33.22375,0.007286755952380945,0.0006764880952381063,0.00325,0.0325,7.479101223544973,7.840055390211639,0.00375,0.00225,0.96275,0.03225,0.002,110
CHA,28.0,41.7055,0.36762354840395733,0.6237087103754411,0.1105,-0.06475,8.2218809738014,9.49367587034556,0.64125,0.0,0.0535,0.29425,0.217,110
CHI,15.0,24.26275,0.1301418854236608,-0.0897521652865362,0.0,0.0,15.244171674313838,12.203040497103633,0.0,0.8025,0.1975,0.0,0.0,110
CLE,24.0,39.0195,0.0,0.0,0.09175,0.09275,0.0,0.0,0.32625,0.0,0.27875,0.50525,0.08775,110
DET,33.0,52.19725,0.17439324294532646,0.17505974127002882,0.0,-0.0015,5.675754607583774,5.675754607583774,1.0,0.0,0.0,0.0,0.0,110
IND,29.0,42.22,0.35838646983044536,0.6153246712512077,0.10775,-0.09425,8.085847454801549,9.22523452737796,0.65325,0.0,0.03575,0.23625,0.25275,110
MIA,26.0,40.14275,0.26485258033702613,0.38133098998742154,0.103,0.02875,9.73613743477413,11.34601158548778,0.4145,0.0,0.15525,0.458,0.16125,110
MIL,21.0,29.4225,0.0,0.0,0.0,0.001,0.0,0.0,0.0,0.09625,0.90325,0.0005,0.0,110
NYK,31.0,49.03975,0.0,0.0,0.001,-0.01175,0.0,0.0,0.99875,0.0,0.0,0.0005,0.00375,110
ORL,15.0,27.16225,0.2406972505058035,-0.11307122805780884,0.0,0.0,14.604396690088837,12.602750352070423,0.0,0.34175,0.65825,0.0,0.0,110
PHI,30.0,45.69225,0.22371276757971784,0.3623351684335868,0.03175,-0.099,7.082281133922304,7.299172617369194,0.9565,0.0,0.00075,0.02425,0.06975,110
TOR,35.0,50.39225,0.17853915692808647,0.1822514273545746,0.00075,-0.0055,6.074336771866679,6.078777535380965,0.9995,0.0,0.0,0.00025,0.0015,110
WAS,28.0,37.836,0.5319828213772323,0.2978967950720238,0.0615,0.12925,10.446756066063692,11.255626999890477,0.11,0.0,0.507,0.38925,0.06075,110
DAL,26.0,38.14225,0.23377500486607145,0.2376543296115902,0.05425,0.11575,0.974015367375,2.600800322815655,0.12525,0.0,0.44375,0.45475,0.0635,110
DEN,29.0,43.786,0.0,0.0,0.06925,-0.12675,0.0,0.0,0.8255,0.0,0.011,0.13625,0.20175,110
GSW,29.0,43.82075,0.25174717499526567,0.5569231438984757,0.06825,-0.12875,7.557611642044196,8.39746436073484,0.83575,0.0,0.01,0.14625,0.17725,110
HOU,28.0,44.00975,0.23455111420237545,0.5041073670190989,0.063,-0.13675,7.512881071661044,8.241822801126741,0.863,0.0,0.0095,0.113,0.173,110
LAC,22.0,31.3075,0.0,0.0,0.0005,0.006,5.156790123456789,5.156790123456789,0.00075,0.018,0.976,0.006,0.0,110
LAL,29.0,44.58525,0.0,0.0,0.05825,-0.133,0.0,0.0,0.87575,0.0,0.006,0.09275,0.154,110
MEM,17.0,26.50825,0.22230950256116072,-0.1254506889883162,0.0,0.0,14.778553078237945,12.50761079475734,0.0,0.45225,0.54775,0.0,0.0,110
MIN,34.0,49.156,0.0,0.0,0.00325,-0.019,0.0,0.0,0.997,0.0,0.0,0.001,0.0075,110
NOP,17.0,27.55175,0.2784010416666666,-0.183600744047619,0.0,0.0005,18.34908913690476,16.514063839285715,0.0,0.287,0.713,0.0,0.0,110
OKC,48.0,70.3095,0.0,0.0,0.0,0.0,5.156790123456789,5.156790123456789,1.0,0.0,0.0,0.0,0.0,110
PHX,27.0,38.4655,0.0,0.0,0.06475,0.11675,0.0,0.0,0.12625,0.0,0.388,0.50375,0.06025,110
POR,34.0,48.689,0.17997307532679122,0.22116411498948962,0.0065,-0.03125,6.404236648379603,6.4469688138019245,0.99425,0.0,0.0,0.00275,0.01425,110
SAC,11.0,15.9235,0.002153545898214283,-0.00013583821547619258,0.0,0.0,15.861440524319638,12.031581664531746,0.0,1.0,0.0,0.0,0.0,110
SAS,42.0,63.01975,0.0,0.0,0.0,0.0,0.0,0.0,1.0,0.0,0.0,0.0,0.0,110
UTA,27.0,40.34,0.43939029466250007,0.2672842075029762,0.08675,0.02075,8.988432761409525,9.170553252908336,0.3565,0.0,0.13775,0.5435,0.1485,110
ATL,30.0,41.5865,0.0,0.0,0.10025,-0.0645,0.0,0.0,0.581,0.0,0.04375,0.256,0.3025,111
BOS,31.0,46.2775,0.19761842630565474,0.2949342302086521,0.01425,-0.078,6.7074281268357145,6.848998570137947,0.9795,0.0,0.00025,0.0105,0.04675,111
BKN,18.0,28.3405,0.0821589285714285,-0.006103571428571389,0.00025,0.0015,11.695606547619047,10.312220089285715,0.00075,0.27225,0.7255,0.00225,0.0,111
CHA,23.0,35.33025,0.5818515212202381,0.1657908938617631,0.031,0.10075,11.3472195058814,12.46156642362195,0.056,0.00075,0.783,0.195,0.01,111
CHI,19.0,27.06875,0.22740380126249998,-0.11434756967545351,0.00025,0.0005,14.918431136776784,12.3881092623503,0.0,0.47025,0.52975,0.0,0.0,111
CLE,43.0,61.40425,0.0,0.0,0.0,0.0,0.0,0.0,1.0,0.0,0.0,0.0,0.0,111
DET,37.0,54.81525,0.07001747134038809,0.07001747134038809,0.0,0.0,6.060862246472665,6.060862246472665,1.0,0.0,0.0,0.0,0.0,111
IND,26.0,39.7225,0.4308632161744049,0.5574057750644275,0.10375,0.03625,8.700936762535566,10.647273176672407,0.41125,0.0,0.13425,0.50975,0.1545,111
MIA,28.0,44.273,-0.019632955972844982,0.16689452690448695,0.0535,-0.11575,9.326671584517516,9.70986065196764,0.90575,0.0,0.00525,0.0635,0.1165,111
MIL,16.0,24.911,0.0,0.0,0.0,0.0,0.0,0.0,0.0,0.81675,0.18325,0.0,0.0,111
NYK,34.0,50.449,0.0,0.0,0.00075,-0.0055,0.0,0.0,0.9995,0.0,0.0,0.00025,0.001,111
ORL,24.0,37.784,0.5868528214709823,0.43778475046553295,0.0885,0.12175,9.744129823254465,11.63950779027829,0.22825,0.0,0.38725,0.47575,0.06225,111
PHI,31.0,46.5085,0.18609393591517853,0.26200240049042656,0.01675,-0.06425,6.670969406536906,6.792964280018007,0.9755,0.0,0.0,0.0105,0.0415,111
TOR,29.0,42.6285,0.26589599872544645,0.5594284812134069,0.08225,-0.11875,7.63010007972619,8.63366121202714,0.76525,0.0,0.01525,0.16825,0.232,111
WAS,25.0,36.42725,0.5939766889558036,0.2104639540517859,0.04825,0.11675,10.679947877559972,11.391192692144646,0.09725,0.0,0.6325,0.30825,0.033,111
DAL,24.0,36.8075,0.3176871344366072,0.2882043360867985,0.066,0.11125,1.08111177466875,2.2068762571451535,0.219,0.0005,0.30625,0.5145,0.087,111
DEN,29.0,44.17525,0.0,0.0,0.0335,-0.10075,0.0,0.0,0.95425,0.0,0.00075,0.02025,0.07875,111
GSW,31.0,45.0235,0.20301517994479165,0.2785895658685515,0.01725,-0.0725,6.953903943154167,7.090561458182937,0.97325,0.0,0.00025,0.01025,0.05425,111
HOU,19.0,32.423,0.44159436505119026,0.06906538446904056,0.01475,0.06025,12.939901251900446,12.629039121693731,0.023,0.0145,0.8805,0.099,0.00375,111
LAC,24.0,33.1475,0.0,0.0,0.016,0.08675,5.156790123456789,5.156790123456789,0.023,0.0045,0.8515,0.13375,0.0065,111
LAL,29.0,42.84825,0.0,0.0,0.055,-0.125,0.0,0.0,0.8715,0.0,0.00525,0.0615,0.1655,111
MEM,23.0,34.7265,0.5904684674288688,0.2560095347344105,0.03225,0.136,11.610254358730359,12.236729446118561,0.0895,0.00075,0.6565,0.29375,0.02575,111
MIN,26.0,40.119,0.0,0.0,0.0895,-0.07175,0.0,0.0,0.68375,0.0,0.0335,0.24975,0.2665,111
NOP,18.0,26.25225,0.19780327380952384,-0.04434821428571426,0.00025,0.0005,20.383396428571427,15.09936086309524,0.0,0.6235,0.3765,0.0,0.0,111
OKC,46.0,67.76475,0.0,0.0,0.0,0.0,5.156790123456789,5.156790123456789,1.0,0.0,0.0,0.0,0.0,111
PHX,28.0,42.627,0.0,0.0,0.05675,-0.13425,0.0,0.0,0.8755,0.0,0.0025,0.07,0.1655,111
POR,24.0,37.21875,0.5996734044066965,0.4585564723043368,0.084,0.094,9.845770951082441,11.227971359057902,0.30725,0.0,0.2425,0.54,0.09975,111
SAC,17.0,25.029,0.17334741596607153,-0.0904224604991213,0.0,0.0,15.386321281470085,12.1167710870142,0.0,0.79625,0.20375,0.0,0.0,111
SAS,38.0,59.01,0.0,0.0,0.0,0.0,0.0,0.0,1.0,0.0,0.0,0.0,0.0,111
UTA,30.0,45.301,0.20200320569330357,0.22590666521666664,0.01625,-0.0675,6.895399824317858,6.942423481357143,0.98,0.0,0.00025,0.00725,0.04675,111
ATL,29.0,42.06575,0.0,0.0,0.09775,0.028,0.0,0.0,0.4175,0.0,0.0875,0.46525,0.23325,112
BOS,32.0,47.875,0.15398683593935186,0.2628186973366733,0.019,-0.09325,7.201833393260378,7.388385378051647,0.97,0.0,0.00025,0.01125,0.06875,112
BKN,13.0,21.4435,0.00476369047619048,0.008821577380952383,0.0,0.0,7.834570982142856,8.41934107142857,0.0,0.73,0.27,0.0,0.0,112
CHA,27.0,37.873,0.3575292719782739,0.2470321727507795,0.03425,0.12075,10.284243648450447,12.412450298541652,0.0625,0.0,0.649,0.313,0.02175,112
CHI,19.0,29.83275,0.22976478834687467,-0.0010349142705215408,0.0,0.0005,12.882161235269642,12.937658766955293,0.0,0.00325,0.9965,0.00025,0.0,112
CLE,27.0,42.95425,0.0,0.0,0.08275,-0.01625,0.0,0.0,0.642,0.0,0.03775,0.3335,0.258,112
DET,35.0,51.02075,0.22154091601462195,0.24828321217652669,0.00525,-0.0225,6.537625822137682,6.560060747949885,0.9955,0.0,0.0,0.00075,0.0095,112
IND,34.0,52.22775,0.21665471657286162,0.22103623058298066,0.001,-0.00875,6.233729610029459,6.238794286082287,0.99975,0.0,0.0,0.0,0.002,112
MIA,24.0,39.3615,0.23063992775168654,0.2571955035932564,0.063,0.11825,9.885701703408584,12.165362332184031,0.20475,0.0,0.3625,0.5255,0.0565,112
MIL,14.0,21.723,0.0,0.0,0.0,0.0,0.0,0.0,0.0,0.6905,0.3095,0.0,0.0,112
NYK,38.0,55.14025,0.0,0.0,0.00025,-0.00075,0.0,0.0,0.99975,0.0,0.0,0.0,0.0005,112
ORL,24.0,36.276,0.3252408847000002,0.1255865201986409,0.02025,0.08075,10.954385124579913,12.727287241018566,0.02975,0.0,0.8455,0.14325,0.00775,112
PHI,35.0,55.18175,0.1799490850970019,0.1799490850970019,0.0,-0.0005,5.557488569223985,5.557488569223985,1.0,0.0,0.0,0.0,0.0,112
TOR,35.0,50.673,0.21569576869144072,0.24627187989590496,0.0055,-0.02575,6.625474947945718,6.662725220802711,0.994,0.0,0.0,0.0005,0.01575,112
WAS,31.0,44.06925,0.21787521980416674,0.3940957035845238,0.08175,-0.06775,7.963217750922321,8.952199139782739,0.6845,0.0,0.01775,0.20675,0.32625,112
DAL,32.0,45.4735,0.028105980714285717,0.18959325818824405,0.06325,-0.112,0.07498670895223217,0.6627965865013393,0.76475,0.0,0.0,0.14425,0.284,112
DEN,34.0,51.827,0.0,0.0,0.0005,-0.0125,0.0,0.0,0.9995,0.0,0.0,0.0005,0.004,112
GSW,29.0,43.0085,0.2345184979284227,0.4547484448801587,0.076,-0.0535,8.263930868399257,10.206561007071974,0.53225,0.0,0.0,0.524,0.2055,112
HOU,30.0,44.4805,0.20029820525922626,0.46287090191567454,0.0815,-0.0955,7.876643521923363,9.158769594972966,0.70675,0.0,0.0,0.25625,0.25575,112
LAC,16.0,22.55975,-0.0005670524691358025,-0.0005670524691358025,0.0,0.0,5.213412742504408,5.213412742504408,0.0,0.543,0.457,0.0,0.0,112
LAL,31.0,47.04825,0.0,0.0,0.04075,-0.12875,0.0,0.0,0.90175,0.0,0.0,0.05875,0.14825,112
MEM,18.0,27.3505,0.2569945058343748,-0.006425458614377814,0.0005,0.01025,13.637887410225446,12.904154337908452,0.00075,0.0255,0.9625,0.012,0.0,112
MIN,34.0,51.2135,0.0,0.0,0.003,-0.0195,0.0,0.0,0.99725,0.0,0.0,0.0005,0.00825,112
NOP,17.0,25.9385,0.13125714285714293,-0.12297380952380954,0.0,0.00225,19.20964985119048,15.969115327380955,0.0,0.0775,0.92025,0.00225,0.0,112
OKC,38.0,58.27625,0.04870176366843039,0.04870176366843039,0.0,0.0,5.213412742504408,5.213412742504408,1.0,0.0,0.0,0.0,0.0,112
PHX,21.0,35.174,0.0,0.0,0.00725,0.03275,0.0,0.0,0.14975,0.0,0.048,0.9505,0.00125,112
POR,35.0,48.4595,0.18779473501989638,0.3271902267968804,0.03475,-0.096,7.132514898714627,7.3817440997876425,0.94525,0.0,0.0,0.01725,0.0905,112
SAC,13.0,19.4555,0.1205317731147322,-0.04797060916686785,0.0,0.0,15.613130568535263,12.13286330019752,0.0,0.92625,0.07375,0.0,0.0,112
SAS,36.0,53.1885,0.0,0.0,0.001,-0.00925,0.0,0.0,0.999,0.0,0.0,0.0,0.0025,112
UTA,19.0,28.82875,0.2536661870620533,0.01216463347738096,0.00375,0.02375,13.1711564714308,10.122197272880356,0.003,0.004,0.96225,0.03375,0.0,112
ATL,26.0,40.08575,0.0,0.0,0.10475,0.0515,0.0,0.0,0.47525,0.0,0.114,0.38825,0.261,113
BOS,25.0,40.15525,0.4160411991409227,0.54413286705999,0.1015,0.04975,8.534900395414583,10.280478235761755,0.54925,0.0,0.1145,0.3805,0.218,113
BKN,19.0,31.0005,0.0022925595238095244,0.00025089285714285524,0.0025,0.0125,6.799952711640213,6.813421015211641,0.00225,0.0,0.988,0.0115,0.0005,113
CHA,25.0,35.03525,0.5272090726683034,0.16596372447732563,0.01725,0.09725,11.771396799629763,12.731897860382826,0.03325,0.0,0.831,0.1465,0.01325,113
CHI,26.0,36.89125,0.5772766526044643,0.33909026848405177,0.04875,0.14375,10.644094664470686,12.241275594975276,0.085,0.0,0.56575,0.3445,0.06125,113
CLE,32.0,48.91275,0.0,0.0,0.00275,-0.0215,0.0,0.0,0.99725,0.0,0.0,0.0,0.0085,113
DET,33.0,51.83875,0.08601888227513226,0.08802463171412034,0.0,-0.00175,6.274350749559084,6.275686873440929,1.0,0.0,0.0,0.0,0.0005,113
IND,25.0,37.541,0.6024637049281251,0.3892892312235812,0.07125,0.137,10.151393753974258,11.92610757982526,0.1635,0.0,0.451,0.403,0.08825,113
MIA,40.0,57.693,0.0,0.0,0.0,0.0,9.382940917107586,9.382940917107586,1.0,0.0,0.0,0.0,0.0,113
MIL,13.0,19.68225,0.0,0.0,0.0,0.0,0.0,0.0,0.0,0.72375,0.27625,0.0,0.0,113
NYK,37.0,55.5385,0.0,0.0,0.0,0.0,0.0,0.0,1.0,0.0,0.0,0.0,0.0,113
ORL,26.0,41.6155,0.28095830557291673,0.48823955161473204,0.09075,-0.01825,7.99319474059732,9.376509150779949,0.7055,0.0,0.039,0.227,0.29275,113
PHI,31.0,49.33475,0.17296865061600525,0.18560981115261238,0.00225,-0.01425,6.618537311173099,6.631006253829895,0.9975,0.0,0.0,0.00075,0.0045,113
TOR,32.0,47.076,0.1519494544107418,0.21747192754928346,0.01275,-0.05575,7.070209343687946,7.187163020235178,0.97775,0.0,0.00025,0.0065,0.04275,113
WAS,26.0,34.3475,0.463286895296726,0.09120208494999986,0.01225,0.0675,12.181906013969048,11.89236344953274,0.0135,0.0,0.8965,0.0915,0.00875,113
DAL,27.0,41.94925,0.062250069964732146,0.25730345852625,0.077,-0.117,0.13333146821294645,0.7912671842695537,0.7395,0.0,0.00625,0.231,0.1805,113
DEN,24.0,39.42975,0.0,0.0,0.08525,-0.01475,0.0,0.0,0.474,0.0,0.05125,0.57725,0.137,113
GSW,39.0,52.58275,0.07705536816578484,0.07705536816578484,0.0,0.0,6.219910108024693,6.219910108024693,1.0,0.0,0.0,0.0,0.0,113
HOU,33.0,48.397,0.16821152916532736,0.18419918751428568,0.002,-0.012,6.800858694269676,6.818897447969379,0.9965,0.0,0.0,0.0005,0.00775,113
LAC,13.0,18.753,-0.0005162477954144627,-0.0005162477954144627,0.0,0.0,5.162210725308641,5.162210725308641,0.0,0.8565,0.1435,0.0,0.0,113
LAL,29.0,45.405,0.0,0.0,0.026,-0.077,0.0,0.0,0.96675,0.0,0.0,0.019,0.05125,113
MEM,24.0,33.7655,0.44926464757038664,0.10077430434293647,0.012,0.0655,12.445433713551488,12.846159069756613,0.01625,0.0,0.89225,0.09925,0.005,113
MIN,27.0,41.74275,0.0,0.0,0.09325,-0.12275,0.0,0.0,0.75775,0.0,0.007,0.231,0.187,113
NOP,12.0,19.96875,0.04124241071428574,-0.029648660714285725,0.0,0.0,20.771110267857146,15.45270863095238,0.0,0.657,0.343,0.0,0.0,113
OKC,43.0,63.218,0.008259964726631402,0.008259964726631402,0.0,0.0,5.162210725308641,5.162210725308641,1.0,0.0,0.0,0.0,0.0,113
PHX,28.0,41.18225,0.0,0.0,0.0995,-0.10475,0.0,0.0,0.6045,0.0,0.01025,0.3095,0.252,113
POR,27.0,39.74675,0.39388586860357144,0.522675987517653,0.08725,-0.042,8.780120774729912,10.400291078782741,0.44375,0.0,0.0405,0.52525,0.1795,113
SAC,12.0,19.246,0.12650846664330373,-0.09641765296619019,0.0,0.0,15.375341122595087,12.318074197503513,0.0,0.76275,0.23725,0.0,0.0,113
SAS,46.0,67.8475,0.0,0.0,0.0,0.0,0.0,0.0,1.0,0.0,0.0,0.0,0.0,113
UTA,20.0,30.01775,0.19843031784255935,0.004776184565476184,0.0015,0.0075,13.837120946255654,10.136101313403568,0.001,0.0,0.9925,0.00725,0.0,113
ATL,31.0,47.231,0.0,0.0,0.0315,-0.12825,0.0,0.0,0.9345,0.0,0.0,0.02875,0.127,114
BOS,31.0,47.78675,0.21351922412644397,0.3629287537402832,0.02575,-0.1145,6.8714761354963025,7.12338982626773,0.9685,0.0,0.0,0.016,0.0795,114
BKN,16.0,26.39,-0.002123214285714286,-0.002123214285714286,0.0,0.00025,6.68312445436508,6.683445882936509,0.0,0.46175,0.53825,0.0,0.0,114
CHA,16.0,25.69575,0.23644751098794642,-0.12270964462547303,0.0,0.0,14.912336764911158,12.46148356461969,0.0,0.5825,0.4175,0.0,0.0,114
CHI,20.0,28.67025,0.3668231722446426,-0.06887425293261745,0.0,0.003,13.90737503757589,12.853538542290648,0.0,0.14025,0.85825,0.0015,0.0,114
CLE,29.0,47.49625,0.0,0.0,0.02,-0.12525,0.0,0.0,0.96775,0.0,0.0,0.017,0.08525,114
DET,36.0,54.019,0.13675671540864762,0.14054231898379643,0.00025,-0.0015,5.802880566578484,5.804216690460329,1.0,0.0,0.0,0.0,0.0005,114
IND,30.0,45.04,0.16071041954044313,0.498386075385463,0.06525,-0.13475,7.465318126071252,8.571577485081223,0.79325,0.0,0.0,0.1385,0.26975,114
MIA,38.0,54.74725,0.0,0.0,0.0,-0.0005,9.382940917107586,9.382940917107586,1.0,0.0,0.0,0.0,0.0,114
MIL,27.0,37.7565,0.0,0.0,0.02625,0.104,0.0,0.0,0.095,0.0,0.29875,0.68025,0.013,114
NYK,32.0,45.9395,0.0,0.0,0.05725,-0.13975,0.0,0.0,0.8305,0.0,0.0005,0.0845,0.23625,114
ORL,34.0,48.88,0.19953848249031633,0.31087833220346117,0.01975,-0.074,6.6518847221307595,6.803925006984977,0.971,0.0,0.0,0.00775,0.0545,114
PHI,20.0,35.9185,0.44425457600892854,0.1400414697620081,0.0285,0.10875,10.349361532311162,12.582478736427007,0.07725,0.0,0.67625,0.32175,0.001,114
TOR,29.0,41.514,0.2175934353622025,0.41192742326601467,0.0845,-0.018,8.288171330518752,10.97004777039481,0.36175,0.0,0.03125,0.69875,0.13325,114
WAS,21.0,30.07425,0.3897984495065473,-0.01760861602619043,0.001,0.0065,13.28521339763854,11.966613259067858,0.0005,0.0505,0.94425,0.00525,0.0,114
DAL,17.0,26.91725,0.3238647940410714,-0.15285484886041237,0.0,0.003,4.418588243317858,3.0832984313239633,0.00025,0.36575,0.63225,0.00175,0.00025,114
DEN,26.0,40.229,0.0,0.0,0.071,-0.124,0.0,0.0,0.81025,0.0,0.01,0.1365,0.196,114
GSW,36.0,50.6335,0.13942420634920635,0.13937718253968254,0.0,-0.00075,6.337773688271605,6.3377501763668445,1.0,0.0,0.0,0.0,0.0,114
HOU,32.0,48.56525,0.19013125104324843,0.19142384336065912,0.0005,-0.00125,6.683177879429811,6.684927517274604,0.99975,0.0,0.0,0.0,0.00075,114
LAC,24.0,32.8665,0.0,0.0,0.0275,0.11675,5.156790123456789,5.156790123456789,0.0375,0.004,0.7685,0.19725,0.01975,114
LAL,32.0,47.58325,0.0,0.0,0.0005,-0.0025,0.0,0.0,0.99925,0.0,0.0,0.0,0.00125,114
MEM,26.0,35.2415,0.528172813144494,0.4422759309418039,0.07225,0.106,10.484635068301788,11.724305692671482,0.15925,0.00025,0.3435,0.49525,0.093,114
MIN,23.0,38.061,0.0,0.0,0.09725,-0.026,0.0,0.0,0.63575,0.00025,0.07275,0.3465,0.19025,114
NOP,19.0,26.7445,0.3317833333333332,-0.2504958333333333,0.0,0.0015,15.25800982142857,15.642555208333334,0.0,0.39375,0.6055,0.00075,0.0,114
OKC,46.0,68.44025,0.0,0.0,0.0,0.0,5.156790123456789,5.156790123456789,1.0,0.0,0.0,0.0,0.0,114
PHX,25.0,39.1065,0.0,0.0,0.09275,-0.09025,0.0,0.0,0.69425,0.0,0.02775,0.24125,0.25225,114
POR,25.0,38.13875,0.40882803388586314,0.6062379800944585,0.1,-0.037,8.649833559969196,9.816565669773857,0.585,0.0,0.05725,0.34875,0.22025,114
SAC,12.0,19.07425,0.02104364830803571,-0.003251005794940465,0.0,0.0,15.840196614598208,12.092668061373711,0.0,0.997,0.003,0.0,0.0,114
SAS,46.0,68.09075,0.0,0.0,0.0,0.0,0.0,0.0,1.0,0.0,0.0,0.0,0.0,114
UTA,21.0,33.14875,0.502190235382738,0.12200426456309515,0.0345,0.10925,11.684901766281994,9.916483923366664,0.07875,0.004,0.7145,0.232,0.02625,114
ATL,26.0,40.81175,0.0,0.0,0.09075,0.04325,0.0,0.0,0.3685,0.0,0.17075,0.5225,0.134,115
BOS,37.0,55.45375,0.13493804012345692,0.13493804012345692,0.0,0.0,5.65940200617284,5.65940200617284,1.0,0.0,0.0,0.0,0.0,115
BKN,20.0,30.558,-0.00022291666666666754,-0.013918601190476197,0.0,0.00175,7.240060179673721,7.399440536816577,0.0,0.007,0.9915,0.0015,0.0,115
CHA,24.0,36.62425,0.4188744238269346,0.16373114390282034,0.02675,0.0895,10.513045226422621,12.521607157061277,0.03725,0.0,0.82925,0.15125,0.0085,115
CHI,23.0,31.24625,0.3348953630718746,0.00023579009022817665,0.0,0.00075,12.926242686684374,12.780596903131766,0.00025,0.00075,0.99825,0.001,0.0,115
CLE,34.0,51.36375,0.0,0.0,0.001,-0.0055,0.0,0.0,0.99925,0.0,0.0,0.0005,0.00225,115
DET,36.0,54.90975,0.1310295745149913,0.1310295745149913,0.0,0.0,5.787254861111111,5.787254861111111,1.0,0.0,0.0,0.0,0.0,115
IND,30.0,44.04725,0.22741799307961316,0.5400189838633432,0.09775,-0.11975,7.709594403802381,8.750679881048312,0.739,0.0,0.01375,0.18775,0.2215,115
MIA,31.0,44.9385,-0.028403715490994224,0.22386586496327926,0.068,-0.13,9.265655515209168,9.913660230929574,0.821,0.0,0.00925,0.11,0.17325,115
MIL,13.0,20.61625,0.0,0.0,0.0,0.0,0.0,0.0,0.0,0.96375,0.03625,0.0,0.0,115
NYK,32.0,47.264,0.0,0.0,0.02975,-0.0825,0.0,0.0,0.95475,0.0,0.00025,0.026,0.061,115
ORL,27.0,42.266,0.25637058054181555,0.6115332831405329,0.09875,-0.03825,8.126047058168304,9.860505917876255,0.581,0.0,0.07,0.391,0.179,115
PHI,31.0,48.18675,0.1882990443572255,0.2595592772365622,0.0115,-0.052,6.798470477158134,6.886811529028444,0.9855,0.0,0.00025,0.00825,0.0275,115
TOR,28.0,41.89275,0.27541221647708347,0.5369629631234695,0.0985,-0.0185,8.318333021113691,10.177584204085658,0.485,0.0,0.087,0.44275,0.18125,115
WAS,27.0,36.758,0.3889348675431547,0.12923089346845254,0.019,0.099,10.452767126334525,11.654564874169049,0.0285,0.0,0.822,0.1575,0.01175,115
DAL,27.0,37.49175,0.16584535259196428,0.13270148691602895,0.05275,0.00925,0.7345712273955357,1.9417397170990016,0.21725,0.0,0.0175,0.8005,0.12325,115
DEN,25.0,40.818,0.0,0.0,0.0485,-0.03775,0.0,0.0,0.76775,0.0,0.0005,0.172,0.4305,115
GSW,21.0,31.97925,0.40946688967559497,0.153002337506902,0.02025,0.12525,12.399794681978571,12.299386384393022,0.0635,0.00175,0.5915,0.40475,0.00125,115
HOU,30.0,45.79075,0.15146868963276564,0.26059066655399576,0.01975,-0.12075,7.251076538277441,7.52844356542501,0.95925,0.0,0.0,0.00225,0.132,115
LAC,17.0,25.856,0.0002581238977072313,0.0002581238977072313,0.00025,0.00625,5.1653082120811264,5.1653082120811264,0.0,0.26225,0.73125,0.0065,0.0,115
LAL,35.0,51.4435,0.0,0.0,0.001,-0.00725,0.0,0.0,0.99925,0.0,0.0,0.00025,0.0015,115
MEM,17.0,23.38725,0.15086897350133938,-0.0982783986039186,0.0,0.00025,15.232998147146427,12.150538225957291,0.00025,0.75825,0.2415,0.00025,0.0,115
MIN,31.0,46.97325,0.0,0.0,0.00875,-0.07725,0.0,0.0,0.98275,0.0,0.0,0.00075,0.06025,115
NOP,15.0,22.0675,0.06116696428571431,-0.05895997023809521,0.0,0.00025,21.16269330357143,14.463680505952382,0.0,0.8925,0.1075,0.0,0.0,115
OKC,40.0,61.20275,0.004904354056437395,0.004904354056437395,0.0,0.0,5.1653082120811264,5.1653082120811264,1.0,0.0,0.0,0.0,0.0,115
PHX,20.0,32.76475,0.0,0.0,0.02325,0.1145,0.0,0.0,0.0905,0.00075,0.4155,0.57575,0.00425,115
POR,30.0,44.68275,0.1441125896282738,0.30046151393010906,0.0305,-0.14425,7.409796364275147,7.897745670808084,0.927,0.0,0.0,0.01625,0.2175,115
SAC,18.0,27.3615,0.2481628375433034,-0.031038768447909554,0.00225,0.017,14.263664257833035,12.663470655503836,0.002,0.113,0.86625,0.0205,0.00025,115
SAS,42.0,62.773,0.0,0.0,0.0,0.0,0.0,0.0,1.0,0.0,0.0,0.0,0.0,115
UTA,33.0,48.471,0.17599201013400567,0.19798116557894616,0.00575,-0.0475,6.725865748677066,6.756272094829299,0.9905,0.0,0.0,0.00025,0.02925,115
ATL,32.0,47.33475,0.0,0.0,0.036,-0.134,0.0,0.0,0.8985,0.0,0.00025,0.02325,0.19725,116
BOS,32.0,49.25525,0.18445366167766752,0.26218159030757815,0.01025,-0.09475,6.7962005194926585,6.921495430129266,0.978,0.0,0.0,0.00325,0.0515,116
BKN,16.0,25.3195,-0.0018454695767195783,-0.0018454695767195783,0.0,0.0,5.829453295855379,5.829406272045855,0.0,0.6965,0.3035,0.0,0.0,116
CHA,25.0,36.61275,0.2944892784135416,0.1677802635701247,0.01925,0.12075,9.830513369455954,12.398455130721638,0.046,0.0,0.68975,0.3,0.00725,116
CHI,20.0,29.0775,0.446985246978571,-0.04565473553285144,0.0,0.00125,13.758620619258034,12.707080434045759,0.0,0.09425,0.90475,0.001,0.0,116
CLE,38.0,55.91025,0.0,0.0,0.0,-0.0015,0.0,0.0,1.0,0.0,0.0,0.0,0.00025,116
DET,35.0,50.67325,0.16144323651274248,0.20848013126720674,0.00875,-0.04425,6.512294782133609,6.579447489526913,0.98875,0.0,0.0,0.00025,0.02975,116
IND,33.0,48.1155,0.17734736364891976,0.34018539508490325,0.03,-0.12925,7.067279463685482,7.442956674697954,0.9275,0.0,0.00025,0.0155,0.147,116
MIA,23.0,38.7395,0.14371312999604835,0.18189484425776561,0.0525,0.10775,9.4544623204032,12.065020942063155,0.203,0.0,0.277,0.66575,0.0345,116
MIL,21.0,29.33575,0.0,0.0,0.0,0.001,0.0,0.0,0.0,0.0735,0.92625,0.00025,0.0,116
NYK,26.0,41.05375,0.0,0.0,0.0775,0.03775,0.0,0.0,0.37,0.0,0.07375,0.70625,0.11675,116
ORL,31.0,43.7905,0.13898228562410722,0.34702434959800166,0.06175,-0.03875,7.862647720249999,9.464303309620862,0.5855,0.0,0.008,0.2375,0.41125,116
PHI,36.0,54.572,0.13464142047638347,0.13717733343694896,0.00075,-0.0025,5.957762460799659,5.959238829515432,0.9995,0.0,0.0,0.0,0.00075,116
TOR,36.0,53.8055,0.13127882371571878,0.1374445254270283,0.001,-0.00925,6.0782243288069076,6.085449574763008,0.99875,0.0,0.0,0.0,0.00325,116
WAS,23.0,33.56025,0.4745645820104165,0.03145081317142863,0.00425,0.03425,11.309724789096132,11.819694966396431,0.0045,0.00125,0.951,0.047,0.0005,116
DAL,21.0,31.50075,0.44358426766383935,0.16303777264179423,0.03125,0.13125,2.3471916259522323,2.7449629077191546,0.069,0.01725,0.57025,0.379,0.023,116
DEN,30.0,44.377,0.0,0.0,0.02,-0.12375,0.0,0.0,0.946,0.0,0.0,0.00025,0.156,116
GSW,21.0,33.3375,0.5833231766145833,0.32032922403380815,0.06575,0.107,10.764998781594198,11.567520310518008,0.25675,0.0015,0.28225,0.57625,0.0835,116
HOU,37.0,55.321,0.15193346560846574,0.15195697751322765,0.0,0.0,5.829453295855379,5.829406272045855,1.0,0.0,0.0,0.0,0.0,116
LAC,21.0,28.89575,0.0,0.0,0.00825,0.064,5.156790123456789,5.156790123456789,0.0085,0.112,0.801,0.084,0.00225,116
LAL,29.0,45.23275,0.0,0.0,0.0095,-0.0995,0.0,0.0,0.9745,0.0,0.0,0.0,0.08425,116
MEM,16.0,22.9185,0.07314173410357154,-0.038201763359282846,0.0,0.0,15.398051146113838,11.997706874688902,0.0,0.946,0.054,0.0,0.0,116
MIN,30.0,44.5075,0.0,0.0,0.01725,-0.11725,0.0,0.0,0.9585,0.0,0.0,0.0,0.12525,116
NOP,23.0,32.82,0.4591666666666666,0.22940892857142856,0.04025,0.1295,15.451869345238096,15.578442410714288,0.11075,0.0035,0.3695,0.5405,0.06275,116
OKC,44.0,66.0385,0.0,0.0,0.0,0.0,5.156790123456789,5.156790123456789,1.0,0.0,0.0,0.0,0.0,116
PHX,22.0,36.83125,0.0,0.0,0.06475,0.0195,0.0,0.0,0.65775,0.0,0.03175,0.2395,0.4165,116
POR,19.0,29.9475,0.5416168037383925,0.11380577658391443,0.023,0.104,13.19787465631369,12.498861682273395,0.03125,0.05425,0.75675,0.1805,0.00575,116
SAC,11.0,16.806,0.010702987526339275,-0.00023424391210317231,0.0,0.0,15.852742431208922,11.952664714599303,0.0,1.0,0.0,0.0,0.0,116
SAS,39.0,57.5605,0.0,0.0,0.0,0.0,0.0,0.0,1.0,0.0,0.0,0.0,0.0,116
UTA,30.0,46.7495,0.10346628937345127,0.12527635708342152,0.0055,-0.061,7.20920063260378,7.246552626202887,0.987,0.0,0.0,0.0,0.04075,116
ATL,20.0,31.841,0.0,0.0,0.00275,0.01825,0.0,0.0,0.002,0.005,0.9715,0.02325,0.00025,117
BOS,30.0,45.24525,0.1645929196854167,0.36779590337740925,0.05075,-0.1335,7.39950374678756,7.892661500686689,0.90025,0.0,0.001,0.063,0.1375,117
BKN,12.0,20.479,0.0016700892857142856,0.0028769345238095208,0.0,0.0,6.690456983024691,6.701495673500882,0.0,0.9775,0.0225,0.0,0.0,117
CHA,24.0,34.792,0.37807654311190475,0.10726991013331773,0.014,0.075,11.55752092555253,12.709882625618175,0.02075,0.0,0.85475,0.13925,0.00425,117
CHI,18.0,28.0245,0.30673881325803554,-0.07483368161924886,0.00025,0.00075,14.105097637259373,12.768677711815869,0.00025,0.148,0.8515,0.0005,0.0,117
CLE,38.0,53.04475,0.0,0.0,0.0,-0.0005,0.0,0.0,1.0,0.0,0.0,0.0,0.0,117
DET,36.0,53.90075,0.15048968498536722,0.15156314257896839,0.00025,-0.0005,5.847732057119407,5.848170320459734,0.99975,0.0,0.0,0.0,0.00025,117
IND,26.0,40.606,0.3461145468933036,0.4788744020889668,0.0925,-0.01275,8.602029407126636,10.629793312929166,0.4395,0.0,0.0395,0.60225,0.16325,117
MIA,27.0,42.24025,0.04569801805551157,0.3125246139483422,0.0955,-0.08,9.277798385557325,10.569528593706709,0.6555,0.0,0.01375,0.31075,0.2495,117
MIL,16.0,25.45025,0.0,0.0,0.0,0.00025,0.0,0.0,0.0,0.51525,0.48475,0.0,0.0,117
NYK,39.0,55.89975,0.0,0.0,0.0,0.0,0.0,0.0,1.0,0.0,0.0,0.0,0.0,117
ORL,30.0,44.48825,0.17206181339553575,0.4507323252039682,0.067,-0.13375,7.535760559389137,8.25105063086722,0.84725,0.0,0.00175,0.09825,0.19575,117
PHI,30.0,45.48225,0.16703314867702274,0.3455207072959853,0.0485,-0.1175,7.366269512878036,7.808109097145892,0.903,0.0,0.00025,0.0485,0.13925,117
TOR,33.0,49.23325,0.18060985635221555,0.2031829307761243,0.00475,-0.02275,6.600542589915272,6.635782730356145,0.9965,0.0,0.0,0.002,0.0115,117
WAS,27.0,39.1585,0.38941859928898814,0.2784413221113095,0.0695,0.04,9.319061554674555,10.716408406900596,0.23525,0.0,0.113,0.71225,0.0985,117
DAL,19.0,29.29025,0.31506634216473217,-0.042454211429744905,0.0,0.0015,3.460777463172322,3.2843242673459443,0.0,0.062,0.93425,0.00375,0.0,117
DEN,34.0,50.56425,0.0,0.0,0.0,-0.003,0.0,0.0,0.9995,0.0,0.0,0.0,0.001,117
GSW,29.0,42.038,0.2863180149459822,0.5514507567984481,0.1045,-0.10425,8.014162164475595,9.048193595180436,0.70775,0.0,0.02575,0.214,0.23425,117
HOU,33.0,48.8425,0.19064065997763446,0.20824836633348764,0.00325,-0.0165,6.690194709259513,6.71243295584493,0.996,0.0,0.0,0.0015,0.008,117
LAC,31.0,42.414,0.0,0.0,0.096,-0.11475,5.156790123456789,5.156790123456789,0.68675,0.0,0.01225,0.1795,0.2825,117
LAL,23.0,39.43525,0.0,0.0,0.10375,0.032,0.0,0.0,0.47275,0.0,0.1415,0.509,0.1195,117
MEM,17.0,25.54075,0.23305190526651784,-0.12851537461929421,0.0,0.0,14.89901382402232,12.459422133426234,0.0,0.5055,0.4945,0.0,0.0,117
MIN,26.0,41.7955,0.0,0.0,0.082,-0.07775,0.0,0.0,0.734,0.0,0.03525,0.2325,0.18775,117
NOP,20.0,29.91675,0.19568407738095242,0.013627232142857139,0.00025,0.00325,18.151918452380954,15.963088392857141,0.00025,0.034,0.9625,0.003,0.0005,117
OKC,45.0,65.8405,0.0,0.0,0.0,0.0,5.156790123456789,5.156790123456789,1.0,0.0,0.0,0.0,0.0,117
PHX,25.0,36.76275,0.0,0.0,0.04675,0.11225,0.0,0.0,0.0965,0.0,0.57,0.35225,0.042,117
POR,34.0,49.19975,0.1784556686536706,0.18549976539305552,0.00125,-0.00925,6.596804195305825,6.60828826612165,0.998,0.0,0.0,0.00075,0.0045,117
SAC,15.0,24.043,0.17546581844732154,-0.10782743708927153,0.0,0.0,15.215401421134818,12.245385721973285,0.0,0.75275,0.24725,0.0,0.0,117
SAS,37.0,55.59475,0.0,0.0,0.0,0.0,0.0,0.0,1.0,0.0,0.0,0.0,0.0,117
UTA,26.0,38.83625,0.4531371060337798,0.2636572748684524,0.0965,0.06375,9.373975956767561,9.285473530220832,0.3085,0.0,0.2225,0.50375,0.12,117
ATL,31.0,46.684,0.0,0.0,0.024,-0.091,0.0,0.0,0.965,0.0,0.0005,0.01975,0.05425,118
BOS,36.0,51.93875,0.057668110670193985,0.06163480864132494,0.0,-0.0025,6.236169742063494,6.2374984579197434,1.0,0.0,0.0,0.0,0.0005,118
BKN,16.0,28.15125,0.0008135416666666651,-0.0008724702380952385,0.0,0.0,6.9948919642857135,7.042450892857143,0.0,0.319,0.681,0.0,0.0,118
CHA,22.0,31.89475,0.4628737614056545,0.004144878971571726,0.00125,0.0155,12.426973131820533,12.877461242107282,0.001,0.02525,0.95725,0.0175,0.0,118
CHI,14.0,23.4765,0.08656653464330365,-0.044482618429314016,0.0,0.0,15.409334348833926,12.10919380237495,0.0,0.93225,0.06775,0.0,0.0,118
CLE,24.0,40.21225,0.0,0.0,0.09025,0.0325,0.0,0.0,0.44525,0.0,0.124,0.53725,0.13575,118
DET,31.0,47.791,0.18266446525401783,0.24062524664017854,0.0125,-0.051,6.7927299600110125,6.867357900534475,0.9855,0.0,0.0,0.00375,0.02775,118
IND,25.0,37.397,0.3350062156785715,0.28281060451136203,0.04125,0.11925,9.700463571680507,12.144503160069885,0.1,0.0,0.5335,0.38875,0.045,118
MIA,24.0,38.51275,0.19197477956231815,0.26311179891006203,0.06825,0.10675,9.600835312987783,12.057483180495494,0.21225,0.0,0.315,0.547,0.07575,118
MIL,22.0,29.85275,0.0,0.0,0.00025,0.00275,0.0,0.0,0.00025,0.0975,0.8995,0.003,0.0,118
NYK,39.0,56.46,0.0,0.0,0.0,0.0,0.0,0.0,1.0,0.0,0.0,0.0,0.0,118
ORL,29.0,43.35775,0.20400215775148814,0.5000641990146613,0.081,-0.12125,7.667087382325148,8.688359175988323,0.771,0.0,0.01175,0.14875,0.24725,118
PHI,39.0,57.854,0.14945373677248694,0.14945373677248694,0.0,0.0,5.676171119929453,5.676171119929453,1.0,0.0,0.0,0.0,0.0,118
TOR,30.0,45.007,0.16979751568392856,0.36621973926789964,0.04375,-0.12125,7.342502996452231,7.8212128379446275,0.9015,0.0,0.00275,0.0535,0.13975,118
WAS,29.0,42.09475,0.23148653605119057,0.45959622560714286,0.09775,-0.07825,7.999343346743899,9.165513873634524,0.61825,0.0,0.033,0.28075,0.274,118
DAL,28.0,38.70875,0.10121959158482143,0.20580763830372023,0.0725,-0.01675,0.4047205689928572,1.712348748468644,0.36475,0.00025,0.00625,0.62725,0.2245,118
DEN,32.0,47.908,0.0,0.0,0.004,-0.03825,0.0,0.0,0.99575,0.0,0.0,0.0005,0.016,118
GSW,17.0,27.99575,0.3907444118861605,-0.08029325747516286,0.006,0.0295,14.318479555221428,12.566366000350682,0.00675,0.34875,0.60925,0.042,0.0,118
HOU,31.0,46.69025,0.1694105213483631,0.23295532702643845,0.0075,-0.06525,6.99645867951116,7.098393286834275,0.99,0.0,0.0,0.0035,0.0385,118
LAC,21.0,30.54475,-0.001842581569664905,-0.001842581569664905,0.01475,0.094,5.331798126102292,5.331798126102292,0.024,0.06975,0.73975,0.19,0.00025,118
LAL,27.0,40.4095,0.0,0.0,0.07025,-0.05925,0.0,0.0,0.6545,0.0,0.0015,0.29375,0.35325,118
MEM,20.0,30.48775,0.5185776694446426,0.0711245550688507,0.0175,0.09875,13.03163183992232,12.62205451991509,0.03025,0.074,0.731,0.19475,0.00025,118
MIN,41.0,60.3745,0.0,0.0,0.0,0.0,0.0,0.0,1.0,0.0,0.0,0.0,0.0,118
NOP,20.0,30.00675,0.3875160714285714,-0.03237440476190473,0.00925,0.077,16.898994642857144,16.494845982142856,0.01275,0.1075,0.75425,0.138,0.00025,118
OKC,41.0,60.01775,0.10767337962962975,0.10767337962962975,0.0,0.0,5.331798126102292,5.331798126102292,1.0,0.0,0.0,0.0,0.0,118
PHX,30.0,44.043,0.0,0.0,0.03525,-0.131,0.0,0.0,0.90725,0.0,0.0,0.02775,0.191,118
POR,28.0,43.48125,0.11927700931964284,0.28945205725615075,0.0265,-0.13475,7.4850879242242545,7.971849042801636,0.92125,0.0,0.0,0.04375,0.17375,118
SAC,13.0,18.5625,0.0186915551986607,-0.0009457538774943344,0.0,0.0,15.836075858605351,12.050322021541273,0.0,1.0,0.0,0.0,0.0,118
SAS,40.0,57.947,0.0,0.0,0.0,0.0,0.0,0.0,1.0,0.0,0.0,0.0,0.0,118
UTA,20.0,32.138,0.5519201404669641,0.0737219633744048,0.02925,0.135,12.000472478214734,9.902322992985715,0.09275,0.02575,0.532,0.43875,0.00225,118
ATL,25.0,38.07425,0.0,0.0,0.053,0.13625,0.0,0.0,0.12675,0.0,0.53925,0.36775,0.0505,119
BOS,35.0,50.072,0.14112407224306106,0.16414966808353723,0.0055,-0.0245,6.3572461945748735,6.3816171114209554,0.99575,0.0,0.0,0.00025,0.0105,119
BKN,12.0,19.73075,-0.0020233630952380937,-0.0055366071428571365,0.0,0.0,7.474694047619047,7.651223214285713,0.0,0.98025,0.01975,0.0,0.0,119
CHA,36.0,50.31925,0.13159330901350308,0.15380298912674709,0.0045,-0.0205,6.336136529912975,6.35902979975092,0.9955,0.0,0.0,0.00025,0.01,119
CHI,19.0,29.405,0.22148819993080338,-0.016519314587946435,0.0,0.0005,13.727307169136157,12.773825384474094,0.0,0.02975,0.97025,0.0,0.0,119
CLE,35.0,50.38575,0.0,0.0,0.0025,-0.015,0.0,0.0,0.99675,0.0,0.0,0.00025,0.007,119
DET,38.0,55.94375,0.11432734788359801,0.11432734788359801,0.0,-0.00025,5.363641148589064,5.363641148589064,1.0,0.0,0.0,0.0,0.0,119
IND,24.0,36.554,0.4730283831168155,0.17380738167232146,0.028,0.1005,11.003097672563841,12.464154521456585,0.05375,0.0,0.77825,0.19475,0.01575,119
MIA,27.0,40.9595,0.16824983541155764,0.3315943548838901,0.09225,0.053,9.411292404469004,11.257208831962307,0.413,0.0,0.12975,0.4445,0.23375,119
MIL,18.0,25.74525,0.0,0.0,0.0,0.0,0.0,0.0,0.0,0.34525,0.65475,0.0,0.0,119
NYK,33.0,48.45925,0.0,0.0,0.0085,-0.057,0.0,0.0,0.98375,0.0,0.0,0.00275,0.04,119
ORL,27.0,41.244,0.3744063711802085,0.5245859421028983,0.09225,0.04425,8.498766203702234,10.36369458355613,0.4735,0.0,0.11825,0.397,0.25875,119
PHI,30.0,47.48275,0.19116862893656855,0.27682239457338825,0.0145,-0.08125,6.850706382619797,7.004562352524028,0.97625,0.0,0.00025,0.00725,0.0585,119
TOR,27.0,43.90775,0.19998812874538693,0.42997901405531463,0.06025,-0.08175,7.602960972295535,8.560817814772754,0.82475,0.0,0.017,0.1345,0.231,119
WAS,27.0,38.71525,0.5048825982636905,0.2870353874339287,0.06325,0.12375,9.786028566046578,11.063109889624407,0.16025,0.0,0.41725,0.45075,0.08425,119
DAL,31.0,43.54225,0.04151676280625001,0.17188397748250428,0.07225,-0.1435,0.07629316959151787,0.4261628809390519,0.823,0.0,0.0015,0.082,0.22075,119
DEN,24.0,38.33875,0.0,0.0,0.06875,0.03275,0.0,0.0,0.33375,0.0,0.099,0.7125,0.085,119
GSW,21.0,33.20175,0.3329131919022319,0.09075041508431832,0.0135,0.07275,12.450230067453274,12.6491108350423,0.022,0.00075,0.8795,0.1165,0.002,119
HOU,28.0,44.0335,0.16784146105193454,0.32077315885879387,0.04525,-0.139,7.489409017816517,7.857133885130746,0.9145,0.0,0.0015,0.05625,0.12225,119
LAC,21.0,32.568,-0.0010324955908289253,-0.0010324955908289253,0.011,0.0475,5.244623677248676,5.244623677248676,0.015,0.00125,0.91575,0.08075,0.00075,119
LAL,27.0,43.3795,0.0,0.0,0.0495,-0.14325,0.0,0.0,0.87525,0.0,0.00075,0.0995,0.1595,119
MEM,16.0,24.01,0.1693548301129465,-0.10747376788137757,0.0,0.0,15.118631888970533,12.25245527471121,0.0,0.651,0.349,0.0,0.0,119
MIN,36.0,52.2205,0.0,0.0,0.0,-0.00075,0.0,0.0,1.0,0.0,0.0,0.0,0.0,119
NOP,17.0,24.62775,0.09948020833333338,-0.1543252976190476,0.0,0.00025,19.65197797619048,15.366928869047621,0.0,0.539,0.461,0.0,0.0,119
OKC,36.0,57.07,0.05821520061728401,0.05821520061728401,0.0,0.0,5.244623677248676,5.244623677248676,1.0,0.0,0.0,0.0,0.0,119
PHX,32.0,44.75375,0.0,0.0,0.04175,-0.12525,0.0,0.0,0.91075,0.0,0.0,0.02675,0.1435,119
POR,26.0,38.15875,0.4705008127660715,0.34318281156591557,0.06325,0.0385,9.794817536306848,11.250925902903877,0.2565,0.0,0.0985,0.73725,0.08125,119
SAC,17.0,25.168,0.2087236222825893,-0.11758403964800171,0.0,0.0,14.872385283204908,12.418893288925512,0.0,0.45275,0.54725,0.0,0.0,119
SAS,46.0,68.50475,0.0,0.0,0.0,0.0,0.0,0.0,1.0,0.0,0.0,0.0,0.0,119
UTA,29.0,43.42425,0.2120766516715774,0.22166041807678574,0.0635,-0.1375,7.651909027071577,7.786690641379762,0.84925,0.0,0.0015,0.0885,0.185,119
ATL,21.0,35.85525,0.0,0.0,0.05425,0.13075,0.0,0.0,0.177,0.0,0.34725,0.605,0.0275,120
BOS,29.0,43.5035,0.07771240426949405,0.29489503803271255,0.04,-0.119,7.535094655664135,8.257947627597591,0.8755,0.0,0.0005,0.0485,0.25125,120
BKN,20.0,29.92925,-0.0022588403880070525,-0.002689495149911818,0.0005,0.0225,6.755587086640211,6.7731540509259265,0.00175,0.0095,0.96675,0.02325,0.0,120
CHA,24.0,34.27025,0.554497500052232,0.1926079607970775,0.01875,0.13675,10.622888985245984,12.547748867304051,0.04825,0.0,0.66725,0.31775,0.00975,120
CHI,19.0,29.8305,0.47967427998705314,0.00957584447109978,0.002,0.01475,13.446536285298212,12.958741170214337,0.00125,0.0125,0.97,0.0175,0.0,120
CLE,38.0,56.089,0.0,0.0,0.0,0.0,0.0,0.0,1.0,0.0,0.0,0.0,0.0,120
DET,36.0,54.49075,0.07101121031746033,0.07101121031746033,0.0,0.0,6.2015691027336874,6.2015691027336874,1.0,0.0,0.0,0.0,0.0,120
IND,34.0,49.98725,0.1711065661412753,0.17939869326969796,0.0015,-0.0085,6.841163199138872,6.85245243200658,0.998,0.0,0.0,0.0,0.005,120
MIA,27.0,43.08475,-0.021992351864941542,0.1827196644448183,0.04975,-0.11475,9.276164123717678,9.918691955872536,0.86325,0.0,0.00175,0.0635,0.26,120
MIL,16.0,22.4455,0.0,0.0,0.0,0.0,0.0,0.0,0.0,0.9615,0.0385,0.0,0.0,120
NYK,41.0,60.5845,0.0,0.0,0.0,0.0,0.0,0.0,1.0,0.0,0.0,0.0,0.0,120
ORL,33.0,49.281,0.1580812626515763,0.1765318379986001,0.00225,-0.01825,6.971263312433928,6.9906321238529765,0.99825,0.0,0.0,0.0,0.008,120
PHI,25.0,41.9815,0.11854317699642859,0.37951999916163687,0.0565,-0.086,7.688888383547171,8.805921508285556,0.809,0.0,0.0035,0.11925,0.331,120
TOR,26.0,37.7965,0.27716005035431557,0.32849713879576237,0.057,0.058,8.927552942299405,11.452303327844795,0.22075,0.0,0.122,0.705,0.10725,120
WAS,23.0,32.18925,0.6171241459970236,0.06636421477321419,0.006,0.06525,12.05176194112842,11.910733386817263,0.007,0.00025,0.89875,0.10025,0.00025,120
DAL,20.0,29.55175,0.4489059451968751,0.060002996992610545,0.00975,0.0605,3.4439778091352684,3.3944604262829126,0.012,0.01375,0.89075,0.0945,0.001,120
DEN,29.0,46.23775,0.0,0.0,0.008,-0.131,0.0,0.0,0.96875,0.0,0.0,0.0,0.116,120
GSW,32.0,45.50525,0.05686119907172619,0.18719493464176587,0.0175,-0.132,7.403757048408183,7.91902714625982,0.93625,0.0,0.0,0.0,0.21875,120
HOU,34.0,50.39,0.17165667601136458,0.1853922953652337,0.00225,-0.0235,6.756263506540659,6.780027647831878,0.997,0.0,0.0,0.0,0.01,120
LAC,26.0,34.0385,0.0,0.0,0.031,0.11375,5.156790123456789,5.156790123456789,0.106,0.0,0.2655,0.702,0.02575,120
LAL,35.0,52.3645,0.0,0.0,0.0005,-0.00825,0.0,0.0,0.99975,0.0,0.0,0.0,0.003,120
MEM,22.0,31.622,0.6119301270151782,0.1507811748045846,0.024,0.116,12.277196289382143,12.605886956938633,0.04925,0.00175,0.694,0.2995,0.0025,120
MIN,35.0,52.3665,0.0,0.0,0.0,-0.00575,0.0,0.0,1.0,0.0,0.0,0.0,0.00025,120
NOP,12.0,18.7275,-0.01211071428571428,0.0023589285714285734,0.0,0.0,20.746013839285716,14.926493154761905,0.0,0.99875,0.00125,0.0,0.0,120
OKC,47.0,68.93675,0.0,0.0,0.0,0.0,5.156790123456789,5.156790123456789,1.0,0.0,0.0,0.0,0.0,120
PHX,21.0,33.777,0.0,0.0,0.039,0.12025,0.0,0.0,0.174,0.00025,0.30675,0.66175,0.01975,120
POR,28.0,40.1635,0.13136690893660713,0.1309630053300992,0.0195,-0.01,7.9813999809053575,9.3005523941025,0.73125,0.0,0.001,0.0705,0.60125,120
SAC,6.0,13.435,0.014713677036607128,-2.7804780753974966e-06,0.0,0.0,15.84169866588303,12.098324157395536,0.0,1.0,0.0,0.0,0.0,120
SAS,40.0,60.934,0.0,0.0,0.0,0.0,0.0,0.0,1.0,0.0,0.0,0.0,0.0,120
UTA,21.0,30.63125,0.5643830069773805,0.051341299904166596,0.013,0.093,12.929816281609522,10.045651662608925,0.02575,0.00175,0.8245,0.17175,0.00175,120
ATL,25.0,37.00275,0.0,0.0,0.00925,0.0535,0.0,0.0,0.01475,0.0,0.902,0.09275,0.00375,121
BOS,32.0,47.65625,0.21646668943910385,0.4645653590024598,0.05175,-0.13075,7.115890345610627,7.664102157101938,0.88675,0.0,0.00025,0.06725,0.14325,121
BKN,18.0,30.36325,0.0032830357142857127,0.0003113095238095289,0.0,0.00025,7.391808184523809,7.507032291666666,0.0,0.042,0.95775,0.00025,0.0,121
CHA,33.0,47.68775,0.22211126185910496,0.4833476836585097,0.05925,-0.1315,7.109152064379497,7.660132133048396,0.886,0.0,0.0005,0.073,0.13525,121
CHI,16.0,27.54,0.44814466382276746,-0.09189034079996292,0.0,0.00025,13.923558898395536,12.762453112322145,0.0,0.23525,0.7645,0.00025,0.0,121
CLE,27.0,42.9535,0.0,0.0,0.09,-0.00475,0.0,0.0,0.40975,0.0,0.04775,0.62975,0.138,121
DET,38.0,55.027,0.1284556902763725,0.12889942053068792,0.00025,-0.0015,5.912622403480435,5.913506736756625,0.9995,0.0,0.0,0.0,0.0005,121
IND,28.0,42.93775,0.20905364681130964,0.45332446509506086,0.078,-0.01675,8.395162857114137,10.729293702889906,0.37325,0.0,0.0385,0.6205,0.16075,121
MIA,40.0,57.34125,0.0,0.0,0.0,0.0,9.382940917107586,9.382940917107586,1.0,0.0,0.0,0.0,0.0,121
MIL,19.0,27.2905,0.0,0.0,0.0,0.0,0.0,0.0,0.0,0.2605,0.7395,0.0,0.0,121
NYK,28.0,44.41475,0.0,0.0,0.1025,-0.0655,0.0,0.0,0.605,0.0,0.012,0.41275,0.20075,121
ORL,32.0,47.13875,0.23718871447368833,0.5388354826556326,0.071,-0.14825,7.248871516270745,7.988719508022352,0.8415,0.0,0.0015,0.097,0.1845,121
PHI,34.0,50.83325,0.1499616457762235,0.21142992052671958,0.01425,-0.047,6.424873858461349,6.504576902072014,0.98475,0.0,0.0,0.0045,0.02825,121
TOR,38.0,52.985,0.09917183742830693,0.11128755817761246,0.00275,-0.01025,6.160568987578347,6.172342704812126,0.99825,0.0,0.0,0.0,0.005,121
WAS,22.0,32.203,0.3999836468410714,-0.00012869713630951862,0.0,0.00275,11.586514468369346,11.990606501563688,0.0005,0.00525,0.99275,0.002,0.0,121
DAL,30.0,44.884,0.008270912374107145,0.05492967730818453,0.0155,-0.10975,0.01338342212857143,0.11230215013125001,0.97075,0.0,0.0,0.00075,0.0925,121
DEN,29.0,43.8115,0.0,0.0,0.01825,-0.1325,0.0,0.0,0.956,0.0,0.0,0.0015,0.13975,121
GSW,25.0,36.97625,0.20330866160997024,0.26568190059297614,0.04775,-0.008,8.73600541772024,9.72776814002512,0.61475,0.0,0.002,0.2525,0.46175,121
HOU,30.0,44.38125,0.07307484079672619,0.15880314714290678,0.01425,-0.11875,7.3970562767642845,7.618906270414433,0.965,0.0,0.0,0.0005,0.11075,121
LAC,15.0,22.64375,0.0,0.0,0.0,0.00525,5.1570482473544965,5.1570482473544965,0.0,0.90825,0.08775,0.004,0.0,121
LAL,34.0,51.772,0.0,0.0,0.0,-0.0005,0.0,0.0,1.0,0.0,0.0,0.0,0.0,121
MEM,16.0,26.186,0.4192167977504463,-0.06549642800564458,0.0095,0.05225,14.48871753872589,12.484762366201204,0.012,0.438,0.481,0.081,0.0,121
MIN,32.0,46.56225,0.0,0.0,0.00725,-0.04725,0.0,0.0,0.98975,0.0,0.0,0.00025,0.0295,121
NOP,20.0,28.0495,0.5137010416666667,-9.732142857146186e-05,0.01025,0.10175,17.826989880952382,16.231484077380955,0.01775,0.163,0.62,0.2145,0.0015,121
OKC,45.0,65.96175,0.0002581238977072313,0.0002581238977072313,0.0,0.0,5.1570482473544965,5.1570482473544965,1.0,0.0,0.0,0.0,0.0,121
PHX,17.0,28.33625,0.0,0.0,0.0185,0.115,0.0,0.0,0.0445,0.1455,0.57175,0.2785,0.003,121
POR,23.0,34.50325,0.32339076756160723,0.2746300919145379,0.04675,0.02025,9.710918465598066,11.146807521235345,0.3555,0.00025,0.02425,0.734,0.15425,121
SAC,17.0,24.63175,0.2787140894205357,-0.09426742968032427,0.00125,0.02025,15.120528003535265,12.312987243103152,0.0015,0.7155,0.26475,0.01975,0.0,121
SAS,39.0,58.72825,0.0,0.0,0.0,0.0,0.0,0.0,1.0,0.0,0.0,0.0,0.0,121
UTA,18.0,29.1975,0.5603368495674104,0.0686829899297619,0.025,0.122,12.817373778749554,9.899169888627378,0.0725,0.0865,0.4915,0.41275,0.007,121
ATL,34.0,50.162,0.0,0.0,0.019,-0.0595,0.0,0.0,0.9735,0.0,0.0015,0.017,0.03175,122
BOS,33.0,47.8105,0.2783232751440752,0.5597611087222525,0.0605,-0.11125,7.137951292886045,7.685046388328367,0.87525,0.0,0.02,0.08025,0.1015,122
BKN,6.0,11.46125,-0.007750744047619048,0.005410863095238105,0.0,0.0,8.127315178571429,8.306301041666666,0.0,0.99975,0.00025,0.0,0.0,122
CHA,22.0,32.19875,0.14197526071249975,0.0004820735789002204,0.0,0.0,12.45274283592634,12.984865730346794,0.0,0.0,1.0,0.0,0.0,122
CHI,31.0,46.1945,0.33606493355633826,0.7592244373984767,0.11725,-0.092,7.704925628752976,8.914317286781733,0.7035,0.0,0.06625,0.2025,0.167,122
CLE,29.0,44.58625,0.0,0.0,0.128,-0.01075,0.0,0.0,0.4845,0.0,0.18475,0.3285,0.16325,122
DET,26.0,43.38775,0.40923615391517865,0.6291571870510968,0.113,0.08225,8.81129119062396,11.17406450124866,0.341,0.0,0.345,0.368,0.098,122
IND,30.0,45.42925,0.36374356863735124,0.7397358967679293,0.12225,-0.05375,7.963593969350744,9.525168808828665,0.6125,0.0,0.10525,0.2775,0.1665,122
MIA,29.0,46.28325,0.003905191409160136,0.37761339791795057,0.10275,-0.10725,9.292752931061493,10.31462092655214,0.75,0.0,0.0605,0.19175,0.14425,122
MIL,12.0,17.511,0.0,0.0,0.0,0.0,0.0,0.0,0.0,0.908,0.092,0.0,0.0,122
NYK,35.0,51.67975,0.0,0.0,0.00825,-0.02075,0.0,0.0,0.99275,0.0,0.0,0.00325,0.00925,122
ORL,28.0,41.648,0.394339660978869,0.3900652036766566,0.0675,0.1155,9.658764299743305,12.19255680257023,0.12475,0.0,0.64175,0.248,0.049,122
PHI,39.0,55.34175,0.14273148148148163,0.14408525584606496,0.0,-0.00075,5.739981316137566,5.740641953040243,1.0,0.0,0.0,0.0,0.00025,122
TOR,38.0,55.50825,0.13451746276314497,0.13495220436299615,0.00025,-0.00025,5.705561618165785,5.706900869280071,1.0,0.0,0.0,0.0,0.0005,122
WAS,30.0,42.0695,0.3623951254712798,0.34339931809940455,0.06425,0.107,9.501485377598511,11.23466246565179,0.14225,0.0,0.575,0.28325,0.06875,122
DAL,27.0,39.05925,0.11496810107366072,0.14991021700002977,0.0425,-0.01125,0.7873269448361608,2.023615817360238,0.32,0.0,0.00175,0.79125,0.1225,122
DEN,31.0,48.5625,0.0,0.0,0.0065,-0.0475,0.0,0.0,0.99175,0.0,0.0,0.001,0.0215,122
GSW,19.0,28.7945,0.20310651923437478,0.05391445178926159,0.00375,0.04475,13.25724333574598,12.906587763441852,0.006,0.0,0.93525,0.06475,0.0,122
HOU,28.0,42.66575,0.273428440113244,0.3788904397475198,0.055,-0.08225,8.177298044686754,8.97346948254142,0.78575,0.0,0.0,0.14775,0.35775,122
LAC,18.0,25.50025,0.0,0.0,0.00025,0.007,5.157564495149911,5.157564495149911,0.0005,0.006,0.98875,0.00525,0.0,122
LAL,33.0,49.213,0.0,0.0,0.005,-0.03875,0.0,0.0,0.992,0.0,0.0,0.0005,0.02025,122
MEM,23.0,33.8525,0.15491253504791658,0.07040872023641578,0.00725,0.05,11.679020894752083,11.887603097936825,0.11275,0.0,0.106,0.88775,0.0045,122
MIN,31.0,45.30125,0.0,0.0,0.0385,-0.13375,0.0,0.0,0.915,0.0,0.0,0.026,0.199,122
NOP,12.0,20.89875,0.15617723214285714,-0.12255044642857141,0.0,0.0,20.346491517857146,15.405965922619048,0.0,0.28825,0.71175,0.0,0.0,122
OKC,43.0,63.38875,0.0018068672839506193,0.0018068672839506193,0.0,0.0,5.157564495149911,5.157564495149911,1.0,0.0,0.0,0.0,0.0,122
PHX,32.0,47.68,0.0,0.0,0.01975,-0.0785,0.0,0.0,0.97525,0.0,0.0,0.0055,0.052,122
POR,31.0,44.979,0.202359939388244,0.304039157559375,0.03675,-0.13425,7.594521449843749,8.034918311046775,0.897,0.0,0.0,0.0325,0.2225,122
SAC,13.0,18.54225,0.08039142380000018,-0.08855047952471634,0.0,0.0,15.241076095392854,12.276637082594116,0.0,0.79725,0.20275,0.0,0.0,122
SAS,41.0,62.877,0.0,0.0,0.0,0.0,0.0,0.0,1.0,0.0,0.0,0.0,0.0,122
UTA,16.0,27.4135,0.2025067602468748,0.01385097458333332,0.00375,0.02625,13.586306839833926,10.119377383144641,0.004,0.00075,0.9615,0.03775,0.0,122
ATL,28.0,41.931,0.0,0.0,0.116,0.00425,0.0,0.0,0.50375,0.0,0.1415,0.33925,0.1895,123
BOS,34.0,51.39825,0.17514951743686627,0.17989820133329482,0.00025,-0.0055,6.0270839089712585,6.03184478643852,0.99975,0.0,0.0,0.00025,0.0015,123
BKN,13.0,20.93725,-0.00259672619047618,-0.009034375,0.0,0.0,8.352648660714287,8.634818452380953,0.0,0.98475,0.01525,0.0,0.0,123
CHA,27.0,39.965,0.4274040674049108,0.5272028646248651,0.086,0.114,9.201910786495686,11.42283855604491,0.24425,0.0,0.406,0.35675,0.11225,123
CHI,25.0,36.39675,0.449953589214881,0.1455390454098624,0.024,0.06975,11.081701278073215,12.649907597110104,0.027,0.0,0.88475,0.09125,0.01375,123
CLE,36.0,54.135,0.0,0.0,0.0,-0.001,0.0,0.0,1.0,0.0,0.0,0.0,0.0,123
DET,27.0,41.403,0.40605220138184533,0.6481011815024091,0.139,0.03425,8.525329689017262,10.42100469493303,0.44875,0.0,0.20175,0.34575,0.17725,123
IND,28.0,41.30975,0.3723420406136299,0.5812663446969843,0.11025,0.03925,8.588914660022917,10.526712567754121,0.4165,0.0,0.20375,0.3675,0.1775,123
MIA,32.0,48.20525,-0.006575161312709433,0.03684987365548941,0.00925,-0.04025,9.368455618315329,9.432833709149051,0.9855,0.0,0.00025,0.006,0.0255,123
MIL,20.0,30.19475,0.0,0.0,0.0,0.00025,0.0,0.0,0.0,0.04675,0.95275,0.0005,0.0,123
NYK,34.0,50.2555,0.0,0.0,0.004,-0.0135,0.0,0.0,0.9965,0.0,0.0,0.00175,0.004,123
ORL,34.0,49.03125,0.21047513100554455,0.24330972954165567,0.00825,-0.0245,6.519907430594665,6.569757160367433,0.98925,0.0,0.001,0.00475,0.0145,123
PHI,26.0,41.6955,0.3638848265139882,0.6589001177975863,0.12125,0.0085,8.377743099524556,10.171307579022915,0.51525,0.0,0.164,0.33575,0.17725,123
TOR,27.0,44.3795,0.21178450303729063,0.5219632863434271,0.064,-0.11075,7.491359796919852,8.214573125489764,0.86875,0.0,0.02625,0.12375,0.1055,123
WAS,22.0,34.35675,0.4011734507534225,0.027636777958333362,0.0045,0.021,12.050937854899702,11.885099032028574,0.00475,0.00075,0.9705,0.02675,0.0015,123
DAL,22.0,32.1615,0.34854506368571436,0.13743117418507655,0.01625,0.12525,2.7700056240263393,2.890360121907152,0.03675,0.00825,0.60425,0.38325,0.00225,123
DEN,37.0,54.00525,0.0,0.0,0.0,0.0,0.0,0.0,1.0,0.0,0.0,0.0,0.0,123
GSW,33.0,46.45125,0.19407060075848767,0.2610607965351245,0.01125,-0.052,7.0412551606278875,7.1219579921604765,0.9895,0.0,0.0,0.00275,0.03325,123
HOU,26.0,40.12675,0.31603714977083336,0.4853372337732639,0.0705,-0.0565,8.40472289809122,9.574899216435814,0.6665,0.0,0.00475,0.35575,0.251,123
LAC,22.0,32.15125,0.0,0.0,0.01375,0.118,5.156790123456789,5.156790123456789,0.0455,0.007,0.60275,0.38775,0.00175,123
LAL,29.0,44.2195,0.0,0.0,0.035,-0.10775,0.0,0.0,0.933,0.0,0.0,0.03125,0.1245,123
MEM,14.0,21.58775,0.08228221059553574,-0.022484796947739465,0.0,0.00025,15.600652445827674,12.01821684842589,0.0,0.976,0.024,0.0,0.0,123
MIN,20.0,31.009,0.0,0.0,0.012,0.09475,0.0,0.0,0.02775,0.029,0.7585,0.21,0.0005,123
NOP,18.0,25.85225,0.14296056547619052,-0.20361279761904763,0.00025,0.005,18.8682,15.933090773809527,0.00025,0.59625,0.40025,0.0035,0.0,123
OKC,48.0,70.12325,0.0,0.0,0.0,0.0,5.156790123456789,5.156790123456789,1.0,0.0,0.0,0.0,0.0,123
PHX,33.0,48.80175,0.0,0.0,0.0005,-0.01,0.0,0.0,0.99925,0.0,0.0,0.00025,0.00525,123
POR,27.0,40.18925,0.31946971090357146,0.45736196935048895,0.0755,-0.058,8.437210060790328,9.601724313592083,0.64475,0.0,0.003,0.3575,0.26225,123
SAC,18.0,27.04775,0.19911477893437496,-0.089339376617283,0.00025,0.01375,14.74142021412723,12.535124692405473,0.00075,0.35125,0.63375,0.015,0.0,123
SAS,32.0,49.74975,0.0,0.0,0.00025,-0.007,0.0,0.0,0.99975,0.0,0.0,0.0,0.0015,123
UTA,28.0,40.92925,0.3120852492026786,0.24437963557261905,0.08225,-0.0905,8.286693032386754,8.378348129544644,0.65625,0.0,0.001,0.253,0.31775,123
ATL,32.0,46.4595,0.0,0.0,0.11375,-0.0985,0.0,0.0,0.61375,0.0,0.023,0.336,0.19075,124
BOS,33.0,49.3485,0.23440110684726082,0.45432012751805867,0.0455,-0.11075,6.909993947091281,7.296130920951358,0.9255,0.0,0.00025,0.06475,0.07675,124
BKN,10.0,18.09875,-0.0005104166666666674,-0.0009610119047619061,0.0,0.0,6.850182501102292,6.853258393959435,0.0,0.95225,0.04775,0.0,0.0,124
CHA,32.0,46.724,0.27610818101428586,0.6532266667795847,0.1035,-0.11425,7.671160076280952,9.035430252700822,0.69375,0.0,0.0205,0.287,0.1775,124
CHI,18.0,27.78275,0.32118349001741037,-0.004979210366198965,0.0,0.0,13.091133883436159,12.863682559167719,0.0,0.006,0.994,0.0,0.0,124
CLE,39.0,55.0125,0.0,0.0,0.001,-0.00275,0.0,0.0,0.99975,0.0,0.0,0.0,0.00075,124
DET,42.0,60.7345,0.07614654982363325,0.07614654982363325,0.0,0.0,5.270622762345677,5.270622762345677,1.0,0.0,0.0,0.0,0.0,124
IND,30.0,46.06525,0.2743580165217263,0.6846161727682539,0.101,-0.092,7.827902981886458,9.483588176083305,0.6465,0.0,0.02225,0.3845,0.16125,124
MIA,25.0,39.7375,0.08627794939631277,0.10183455900169625,0.0195,0.07375,9.71696753240758,12.817573924273514,0.03575,0.0,0.8705,0.115,0.00875,124
MIL,16.0,23.29775,0.0,0.0,0.0,0.0,0.0,0.0,0.0,0.18875,0.81125,0.0,0.0,124
NYK,40.0,58.431,0.0,0.0,0.0,-0.00025,0.0,0.0,1.0,0.0,0.0,0.0,0.0,124
ORL,34.0,46.536,0.286355527117262,0.6129372133638392,0.09625,-0.1055,7.829924543291221,9.30996462935662,0.5855,0.0,0.0185,0.32475,0.21975,124
PHI,36.0,55.3155,0.0760801611758433,0.07951941724250998,0.00025,-0.00425,6.093634636484487,6.094714012681659,0.99975,0.0,0.0,0.0,0.0005,124
TOR,31.0,45.32375,0.2803694799142859,0.6433262865979591,0.10875,-0.06075,8.1309932687314,10.09306295774283,0.49975,0.0,0.045,0.488,0.164,124
WAS,10.0,18.544,0.10521830059553582,-0.027656559670833324,0.0,0.0,15.512001491982137,11.389158710667859,0.0,0.93925,0.06075,0.0,0.0,124
DAL,18.0,30.3485,0.26744577184732143,0.12860088065065903,0.01175,0.1155,1.980519612646875,2.9958487345907954,0.0465,0.0,0.699,0.29925,0.0015,124
DEN,25.0,39.4875,0.0,0.0,0.07675,-0.038,0.0,0.0,0.622,0.0,0.002,0.37725,0.29525,124
GSW,31.0,44.12425,0.11958822228422619,0.22214585383839286,0.0345,-0.1165,7.579579406904165,7.850921935179958,0.91625,0.0,0.0,0.02625,0.14625,124
HOU,33.0,49.1475,0.16926947521699184,0.17513159044690252,0.00125,-0.011,6.850985260324167,6.85800150953771,0.9985,0.0,0.0,0.0,0.00425,124
LAC,21.0,28.8085,0.0,0.0,0.00325,0.07375,5.162210725308642,5.162210725308642,0.0065,0.00075,0.88825,0.111,0.0,124
LAL,31.0,45.59625,0.0,0.0,0.0215,-0.08375,0.0,0.0,0.96725,0.0,0.0,0.007,0.071,124
MEM,19.0,25.756,0.3053802429705354,-0.00046106838297192845,0.00075,0.0125,13.853012332631694,12.839971716115139,0.0005,0.02175,0.96975,0.0085,0.0,124
MIN,33.0,49.41225,0.0,0.0,0.0005,-0.00775,0.0,0.0,0.9995,0.0,0.0,0.0005,0.0005,124
NOP,12.0,19.48075,-0.01699241071428571,-0.0048520833333333254,0.0,0.0,20.04356949404762,15.520923660714287,0.0,0.8755,0.1245,0.0,0.0,124
OKC,41.0,63.51525,0.009034336419753096,0.009034336419753096,0.0,0.0,5.162210725308642,5.162210725308642,1.0,0.0,0.0,0.0,0.0,124
PHX,18.0,31.705,0.0,0.0,0.021,0.12575,0.0,0.0,0.09575,0.0,0.436,0.5625,0.00075,124
POR,29.0,42.731,0.16407659770252975,0.3193547358763393,0.048,-0.1365,7.763683838631547,8.26513847825714,0.86225,0.0,0.0,0.061,0.24225,124
SAC,18.0,26.53725,0.317154055898214,0.009667445394990079,0.0005,0.0175,13.560186592155354,12.83177823668417,0.0015,0.01575,0.9645,0.01975,0.0,124
SAS,37.0,57.09475,0.0,0.0,0.0,0.0,0.0,0.0,1.0,0.0,0.0,0.0,0.0,124
UTA,26.0,38.844,0.23273923120223217,0.21659590670119047,0.0695,-0.03025,8.919181298956548,8.896274743577381,0.4835,0.0,0.00225,0.527,0.23825,124
ATL,39.0,56.962,0.0,0.0,0.0,0.0,0.0,0.0,1.0,0.0,0.0,0.0,0.0,125
BOS,26.0,42.52625,0.26709487686458344,0.6285151623271683,0.1035,-0.007,8.109679281520238,10.106002292307737,0.57425,0.0,0.1025,0.4115,0.149,125
BKN,10.0,17.80575,0.008200892857142868,-0.03794583333333333,0.0,0.0,9.892812648809526,9.455071279761905,0.0,0.95975,0.04025,0.0,0.0,125
CHA,31.0,44.56025,0.19244364493288696,0.5227772186363762,0.09325,-0.109,7.723582087382738,8.816871779837927,0.72375,0.0,0.02325,0.17875,0.2195,125
CHI,14.0,22.02525,0.17346415341696433,-0.13120224725243756,0.0,0.0,14.941128510143749,12.482651498258317,0.0,0.46425,0.53575,0.0,0.0,125
CLE,34.0,51.5235,0.0,0.0,0.0015,-0.007,0.0,0.0,0.999,0.0,0.0,0.00025,0.0015,125
DET,34.0,48.13725,0.16895933508288694,0.2895396543099135,0.02675,-0.07375,7.0869340853688705,7.249722022615144,0.96625,0.0,0.0005,0.015,0.04975,125
IND,25.0,40.2485,0.3666215815608632,0.40744594109831206,0.08875,0.107,9.059125967984524,11.600276222215665,0.23075,0.0,0.352,0.4825,0.0765,125
MIA,21.0,34.111,0.3518535248659721,0.01804505561364725,0.00225,0.01525,11.960904028089125,12.974098077476123,0.002,0.0,0.98525,0.01375,0.0005,125
MIL,25.0,35.05125,0.0,0.0,0.002,0.02975,0.0,0.0,0.00425,0.0,0.96475,0.03425,0.00075,125
NYK,30.0,46.66575,0.0,0.0,0.042,-0.11425,0.0,0.0,0.9305,0.0,0.004,0.04825,0.09225,125
ORL,30.0,43.14725,0.24588191803169657,0.6112472818683163,0.10925,-0.0535,8.087973020297769,9.79903125098841,0.54425,0.0,0.06775,0.3375,0.22775,125
PHI,35.0,52.45675,0.10470982142857141,0.10776463075902776,0.0,-0.0025,6.309168076361223,6.313290341540488,0.999,0.0,0.0,0.00025,0.0015,125
TOR,31.0,46.1075,0.14873642074836316,0.42194310245915534,0.05825,-0.13075,7.417323682637351,7.977523252742814,0.88,0.0,0.0055,0.0825,0.124,125
WAS,27.0,39.57475,0.3731278087415179,0.3129310095077381,0.06575,0.1255,9.38769490195015,11.205622340690475,0.146,0.0,0.4945,0.3955,0.057,125
DAL,21.0,32.769,0.26781679736964287,0.1635146127438776,0.02775,0.11925,2.287837664037946,2.969297024944439,0.0715,0.0,0.69875,0.27,0.02025,125
DEN,37.0,52.066,0.0,0.0,0.0005,-0.00175,0.0,0.0,0.99975,0.0,0.0,0.0,0.0005,125
GSW,34.0,49.9535,0.16349925148416555,0.16670445116735005,0.0005,-0.008,6.711800864320542,6.715390875087654,0.99875,0.0,0.0,0.0,0.002,125
HOU,23.0,36.02425,0.5356528056998512,0.4053606998223922,0.0885,0.073,10.195132615427381,11.178985960963052,0.344,0.0,0.13725,0.623,0.13675,125
LAC,19.0,27.22125,0.0,0.0,0.00025,0.00675,5.163501344797177,5.163501344797177,0.0005,0.0125,0.9835,0.004,0.0,125
LAL,30.0,48.62975,0.0,0.0,0.00075,-0.02325,0.0,0.0,0.999,0.0,0.0,0.0,0.00675,125
MEM,14.0,21.80375,0.16434780549017863,-0.11910462463859119,0.0,0.0,14.990356018993749,12.438884390817838,0.0,0.51475,0.485,0.00025,0.0,125
MIN,41.0,58.3305,0.0,0.0,0.0,0.0,0.0,0.0,1.0,0.0,0.0,0.0,0.0,125
NOP,16.0,23.93475,0.2180474702380953,-0.15872172619047614,0.0,0.00025,16.277539732142856,16.490726339285718,0.0,0.17375,0.82625,0.0,0.0,125
OKC,41.0,63.158,0.012389947089947104,0.012389947089947104,0.0,0.0,5.163501344797177,5.163501344797177,1.0,0.0,0.0,0.0,0.0,125
PHX,24.0,36.452,0.0,0.0,0.079,0.06075,0.0,0.0,0.33975,0.0,0.10525,0.584,0.1885,125
POR,29.0,41.9935,0.13498971704776783,0.16792727602709753,0.0265,-0.034,7.757204549883779,8.512643211239087,0.82975,0.0,0.00025,0.039,0.37025,125
SAC,13.0,19.377,0.1302576634562501,-0.07074520191636899,0.0,0.0,15.442565072318747,12.127596989287614,0.0,0.875,0.125,0.0,0.0,125
SAS,40.0,60.15825,0.0,0.0,0.0,0.0,0.0,0.0,1.0,0.0,0.0,0.0,0.0,125
UTA,26.0,37.2255,0.4867225412247025,0.20900195645773811,0.08375,0.0375,9.645071888938691,9.005575216951787,0.417,0.0,0.06275,0.47975,0.275,125
ATL,17.0,28.9785,0.0,0.0,0.0,0.0,0.0,0.0,0.0,0.084,0.916,0.0,0.0,126
BOS,39.0,55.8375,0.05719091710758383,0.05785741543228621,0.0,-0.00025,6.0925187940917125,6.0925187940917125,1.0,0.0,0.0,0.0,0.0,126
BKN,17.0,26.07525,0.02477961309523805,-0.05364910714285709,0.0,0.0,10.394877529761906,10.048048511904762,0.0,0.42825,0.57175,0.0,0.0,126
CHA,31.0,43.9805,0.24389646594494063,0.6037916379827208,0.0975,-0.07875,8.043182365111756,9.860125695365914,0.54475,0.0,0.03175,0.4125,0.195,126
CHI,28.0,37.90575,0.22305896707380948,0.14471007481532305,0.01475,0.084,9.853681278434673,12.78477006942238,0.0185,0.0,0.85475,0.13025,0.0115,126
CLE,28.0,44.64175,0.0,0.0,0.0825,-0.09775,0.0,0.0,0.71175,0.0,0.02225,0.2965,0.17825,126
DET,37.0,55.30775,0.04990768298059968,0.04990768298059968,0.0,-0.00075,6.139799713403882,6.139799713403882,1.0,0.0,0.0,0.0,0.0,126
IND,31.0,48.34275,0.20346567059479168,0.331985300715119,0.0245,-0.0865,6.930519820617559,7.150519376434325,0.9625,0.0,0.00125,0.02875,0.049,126
MIA,28.0,43.17025,0.022488922392454952,0.35857211143301837,0.1025,-0.03425,9.208624154251694,11.171373679881967,0.476,0.0,0.05675,0.51575,0.14825,126
MIL,5.0,10.3125,0.0,0.0,0.0,0.0,0.0,0.0,0.0,1.0,0.0,0.0,0.0,126
NYK,34.0,50.36675,0.0,0.0,0.0085,-0.03075,0.0,0.0,0.99125,0.0,0.0,0.0055,0.0145,126
ORL,30.0,44.143,0.2461346365913692,0.6076622992353868,0.1035,-0.0815,7.986935641463691,9.722057890936835,0.56775,0.0,0.0245,0.384,0.20675,126
PHI,40.0,60.138,0.09216532186948864,0.09216532186948864,0.0,0.0,5.310647056878306,5.310647056878306,1.0,0.0,0.0,0.0,0.0,126
TOR,31.0,45.237,0.21562424949107153,0.5888654048018848,0.08625,-0.1305,7.651526936245983,8.855073282498738,0.7275,0.0,0.00875,0.22675,0.19675,126
WAS,19.0,29.169,0.3759847628205353,-0.023928268530357073,0.0,0.0,13.5661789066933,11.968010525768454,0.0,0.07275,0.92725,0.0,0.0,126
DAL,16.0,26.60775,0.30352431642767863,-0.14358834137679843,0.001,0.00475,4.420219261101786,3.1385772149186906,0.001,0.3355,0.66075,0.00375,0.0,126
DEN,31.0,48.32125,0.0,0.0,-0.00025,-0.00475,0.0,0.0,0.99925,0.0,0.0,0.0,0.001,126
GSW,29.0,39.51975,0.2463623185787202,0.36046054279363376,0.0675,-0.0675,8.216493286477679,9.053631185699803,0.71175,0.0,0.0075,0.13775,0.38425,126
HOU,21.0,33.8005,0.5321513952669644,0.33104682805809366,0.06375,0.1395,11.009201036999107,12.109049610347268,0.187,0.0015,0.47425,0.44425,0.03875,126
LAC,25.0,33.65725,0.0,0.0,0.04675,0.1365,5.156790123456789,5.156790123456789,0.11825,0.0,0.4905,0.439,0.04175,126
LAL,32.0,50.59,0.0,0.0,0.0,-0.00075,0.0,0.0,1.0,0.0,0.0,0.0,0.00025,126
MEM,27.0,37.22275,0.4273192046019346,0.48979993195328225,0.0985,0.023,9.18543835238884,10.32427649578653,0.4625,0.0,0.064,0.4365,0.24875,126
MIN,33.0,48.50025,0.0,0.0,0.00025,-0.00325,0.0,0.0,0.99975,0.0,0.0,0.0,0.0005,126
NOP,21.0,29.618,0.32999866071428585,0.0016016369047619286,0.00575,0.039,19.020404910714287,15.812824255952382,0.0075,0.038,0.917,0.0435,0.0005,126
OKC,45.0,67.2115,0.0002581238977072313,0.0002581238977072313,0.0,0.0,5.156790123456789,5.156790123456789,1.0,0.0,0.0,0.0,0.0,126
PHX,27.0,43.503,0.0,0.0,0.014,-0.08175,0.0,0.0,0.9805,0.0,0.0,0.00575,0.052,126
POR,26.0,37.23625,0.4284043069788691,0.5144216759163845,0.0975,0.02675,9.052311120952531,10.287093122706816,0.51975,0.0,0.0645,0.43775,0.23175,126
SAC,9.0,16.8965,0.006052998405803573,-0.00022969958855158844,0.0,0.0,15.493328244023214,12.10304984229139,0.0,0.9995,0.0005,0.0,0.0,126
SAS,44.0,63.918,0.0,0.0,0.0,0.0,0.0,0.0,1.0,0.0,0.0,0.0,0.0,126
UTA,19.0,29.791,0.41940795310074375,0.024333912418452393,0.01125,0.04125,13.24097791927604,10.106888998145234,0.01275,0.0405,0.906,0.05175,0.0005,126
ATL,30.0,44.14,0.0,0.0,0.07525,-0.1135,0.0,0.0,0.75775,0.0,0.01475,0.1375,0.29375,127
BOS,36.0,53.7285,0.16133166887125233,0.1619923057739309,0.0,-0.00025,5.8222284060846565,5.823549679890014,1.0,0.0,0.0,0.0,0.0005,127
BKN,17.0,26.72675,0.001649851190476189,-0.008119494047619033,0.0,0.0,7.518741666666665,7.854545684523807,0.0,0.264,0.736,0.0,0.0,127
CHA,24.0,35.64725,0.518480320793006,0.14624941906738245,0.0195,0.0905,11.10003769602768,12.653816521793553,0.0315,0.0,0.826,0.15975,0.0075,127
CHI,22.0,35.8315,0.5420952721214286,0.1344871530465987,0.026,0.0895,10.957900916249553,12.664704653105735,0.04425,0.0,0.82425,0.16525,0.00625,127
CLE,27.0,38.41975,0.0,0.0,0.04925,0.135,0.0,0.0,0.11425,0.0,0.4305,0.47925,0.058,127
DET,26.0,42.9575,0.18829010789508935,0.5033565313306546,0.08375,-0.06225,7.778712424116667,9.189223436481093,0.7365,0.0,0.029,0.232,0.2485,127
IND,32.0,46.69175,0.1593506966495756,0.3385049709909659,0.03475,-0.12275,7.212508614697894,7.514667249675566,0.945,0.0,0.00075,0.02,0.103,127
MIA,27.0,40.5605,0.15347647001953277,0.33014134664411104,0.088,0.062,9.25565787644173,11.556442842728055,0.33325,0.0,0.1475,0.544,0.167,127
MIL,14.0,22.63425,0.0,0.0,0.0,0.0,0.0,0.0,0.0,0.904,0.096,0.0,0.0,127
NYK,31.0,48.88725,0.0,0.0,0.00675,-0.0475,0.0,0.0,0.988,0.0,0.0,0.00375,0.026,127
ORL,23.0,36.70625,0.5370252203834821,0.20027303778869057,0.038,0.11825,10.4351006500942,12.5086203774027,0.079,0.0,0.72725,0.24875,0.01275,127
PHI,32.0,49.3225,0.20559684238364195,0.25048131023329473,0.005,-0.03475,6.671627247170729,6.718588797197415,0.993,0.0,0.0,0.003,0.0155,127
TOR,32.0,47.70775,0.169106983869472,0.2662467306269621,0.012,-0.0815,7.017073928721814,7.183777860547509,0.9775,0.0,0.0,0.00675,0.06125,127
WAS,41.0,56.825,0.07903202160493837,0.07903202160493837,0.0,0.0,5.301328979276895,5.301328979276895,1.0,0.0,0.0,0.0,0.0,127
DAL,23.0,35.11725,0.3628128038674107,0.1956583248617985,0.05825,0.10375,1.43120997360625,2.3610897414467478,0.214,0.0,0.22775,0.67075,0.07375,127
DEN,32.0,47.66825,0.0,0.0,0.003,-0.052,0.0,0.0,0.993,0.0,0.0,0.0005,0.02725,127
GSW,35.0,50.81125,0.17435671645189596,0.1793375636510031,0.00075,-0.0075,6.38440455960925,6.394636404018177,0.99775,0.0,0.0,0.0,0.00475,127
HOU,27.0,43.11325,0.0859370675111607,0.14146918711214568,0.01275,-0.073,7.539212499759671,8.161497036069445,0.91775,0.0,0.0,0.017,0.2745,127
LAC,26.0,35.2825,0.0002581238977072313,0.0002581238977072313,0.0395,0.09625,5.172019433421516,5.172019433421516,0.149,0.0,0.2,0.7025,0.07525,127
LAL,33.0,50.85,0.0,0.0,0.0,-0.0085,0.0,0.0,1.0,0.0,0.0,0.0,0.0025,127
MEM,17.0,23.69525,0.12150939512410726,-0.07756355863524653,0.0,0.0,15.322455077560265,12.18375956507751,0.0,0.834,0.166,0.0,0.0,127
MIN,33.0,48.819,0.0,0.0,0.0015,-0.02225,0.0,0.0,0.995,0.0,0.0,0.0,0.01475,127
NOP,21.0,30.12725,0.24951026785714295,-0.0030305059523809633,0.007,0.0485,19.04855238095238,15.576673065476191,0.01,0.02075,0.9095,0.06825,0.00075,127
OKC,38.0,59.404,0.01755242504409173,0.01755242504409173,0.0,0.0,5.172019433421516,5.172019433421516,1.0,0.0,0.0,0.0,0.0,127
PHX,18.0,30.56075,0.0,0.0,0.01125,0.05925,0.0,0.0,0.02375,0.0155,0.876,0.1065,0.001,127
POR,27.0,39.5765,0.2752553159636905,0.26917145684355154,0.048,0.00075,8.438432511187054,9.595896862967013,0.6715,0.0,0.00875,0.18475,0.51875,127
SAC,15.0,21.53125,0.09580565617232148,-0.028855014919869585,0.0,0.0,15.62638875879553,12.07468372006134,0.0,0.96075,0.03925,0.0,0.0,127
SAS,38.0,54.57525,0.0,0.0,0.0,-0.0005,0.0,0.0,1.0,0.0,0.0,0.0,0.0,127
UTA,23.0,32.08175,0.4439383265022319,0.07412444176845248,0.016,0.1185,12.893946238406098,9.99803624730238,0.02825,0.001,0.74075,0.24975,0.00675,127
ATL,22.0,34.9295,0.0,0.0,0.00775,0.06,0.0,0.0,0.0145,0.0,0.901,0.09525,0.00325,128
BOS,35.0,51.1625,0.18074801215244707,0.1960449690887566,0.003,-0.02175,6.606943187795993,6.627627057954476,0.99775,0.0,0.0,0.0,0.0085,128
BKN,11.0,19.869,0.007262351190476194,-0.0007044642857142831,0.0,0.0,7.826340327380951,8.036225892857141,0.0,0.87875,0.12125,0.0,0.0,128
CHA,14.0,22.8835,0.21904419653616072,-0.13604486415455472,0.0,0.0,14.860991330441069,12.548814547411082,0.0,0.466,0.534,0.0,0.0,128
CHI,27.0,36.29675,0.45062917565937505,0.15852511310796188,0.017,0.101,10.644663702025596,12.666793999226375,0.01975,0.0,0.7825,0.20275,0.01175,128
CLE,32.0,49.9935,0.0,0.0,0.00425,-0.04275,0.0,0.0,0.99525,0.0,0.0,0.001,0.01625,128
DET,31.0,47.92525,0.12087880439487984,0.2319237234578759,0.018,-0.10825,7.215933134597916,7.428793758758729,0.96675,0.0,0.0,0.00975,0.0765,128
IND,26.0,41.75425,0.24789165524538703,0.4796566978189852,0.0875,0.0115,8.106059306286905,10.284794814426863,0.57,0.0,0.0475,0.433,0.27975,128
MIA,28.0,45.81425,-0.024138224306542094,0.1362164277406519,0.03475,-0.133,9.297218895382423,9.78083568079741,0.9085,0.0,0.002,0.044,0.1995,128
MIL,29.0,40.1245,0.0,0.0,0.06875,0.06975,0.0,0.0,0.2185,0.0,0.1515,0.6165,0.152,128
NYK,37.0,54.475,0.0,0.0,0.0,-0.001,0.0,0.0,1.0,0.0,0.0,0.0,0.00025,128
ORL,27.0,40.492,0.28074985736815483,0.3934745232202025,0.07025,0.04875,8.633523298734376,11.077993206348047,0.3415,0.0,0.11525,0.59,0.17775,128
PHI,34.0,51.7515,0.16554605010601298,0.1735405879284832,0.00075,-0.01125,6.478767214127178,6.489443965084767,0.99925,0.0,0.0,0.0,0.00425,128
TOR,33.0,48.38,0.15042603471112212,0.25406409543041775,0.01875,-0.0875,7.147134381142652,7.3381101320813436,0.96825,0.0,0.00025,0.00775,0.07025,128
WAS,15.0,23.1495,0.2230684858785714,-0.08860876974999987,0.0,0.0,14.791142368885266,11.757484320126785,0.0,0.39725,0.60275,0.0,0.0,128
DAL,25.0,36.86825,0.23649325100669644,0.27460050338271685,0.07175,0.07325,0.8496882294464286,2.1632181616529804,0.27225,0.0,0.161,0.625,0.1195,128
DEN,40.0,57.9095,0.0,0.0,0.0,0.0,0.0,0.0,1.0,0.0,0.0,0.0,0.0,128
GSW,29.0,41.53225,0.1901664046171131,0.32537209009387896,0.053,-0.112,7.820278294346279,8.449269213664826,0.831,0.0,0.00325,0.08375,0.25875,128
HOU,28.0,41.3535,0.2024075170575893,0.3572130224984325,0.056,-0.1095,7.845209641687351,8.527147843188937,0.83175,0.0,0.0055,0.09625,0.262,128
LAC,30.0,41.3045,-0.0030051917989418033,-0.0030051917989418033,0.05925,-0.1085,5.852601995149912,5.852601995149912,0.7785,0.0,0.00525,0.109,0.31025,128
LAL,20.0,32.883,0.0,0.0,0.0385,0.1035,0.0,0.0,0.06275,0.0,0.74075,0.244,0.00925,128
MEM,16.0,24.68625,0.2084255997665177,-0.08575506668904742,0.0,0.00025,14.372838819594639,12.803426376329204,0.0,0.1785,0.8215,0.0,0.0,128
MIN,40.0,57.095,0.0,0.0,0.0,0.0,0.0,0.0,1.0,0.0,0.0,0.0,0.0,128
NOP,17.0,24.6915,0.216445238095238,-0.1802845238095238,0.0,0.00025,14.779305208333335,15.313904761904764,0.0,0.16225,0.83775,0.0,0.0,128
OKC,36.0,55.58475,0.15700049603174618,0.15700049603174618,0.0,0.0,5.852601995149912,5.852601995149912,1.0,0.0,0.0,0.0,0.0,128
PHX,36.0,52.3375,0.0,0.0,0.0,-0.00025,0.0,0.0,1.0,0.0,0.0,0.0,0.0,128
POR,21.0,34.259,0.5088726638532738,0.2476873684625707,0.0525,0.14,11.342724194700747,12.30376259480118,0.13225,0.0,0.55075,0.41175,0.01875,128
SAC,13.0,19.57275,0.13414128179062507,-0.060902378442825866,0.0,0.0,15.556000220811603,12.150865484974638,0.0,0.91725,0.08275,0.0,0.0,128
SAS,44.0,66.55925,0.0,0.0,0.0,0.0,0.0,0.0,1.0,0.0,0.0,0.0,0.0,128
UTA,24.0,34.362,0.4782516379595237,0.11110598307559515,0.03675,0.13825,11.416865718986013,9.841978097548214,0.0915,0.0,0.5335,0.43025,0.0215,128
ATL,25.0,38.34,0.0,0.0,0.0495,0.12175,0.0,0.0,0.0995,0.00025,0.635,0.303,0.033,129
BOS,32.0,46.75175,0.2054076163833333,0.3793209975447165,0.03625,-0.1015,6.764540876156697,7.072326998296382,0.94,0.0,0.002,0.0315,0.08725,129
BKN,20.0,31.24425,-0.003843601190476192,-0.00018824404761904768,0.0005,0.00275,7.191557589285712,7.193866964285713,0.0005,0.1225,0.875,0.0025,0.0,129
CHA,26.0,38.29975,0.39734947463273806,0.28308627225763605,0.04275,0.1225,9.705156688582738,12.252852605823183,0.08975,0.0,0.642,0.29775,0.03225,129
CHI,21.0,30.20825,0.4326046404142854,-0.0990172180014654,0.0,0.00025,14.090896523031248,12.662060216685749,0.0,0.22275,0.777,0.00025,0.0,129
CLE,28.0,44.24025,0.0,0.0,0.0845,-0.115,0.0,0.0,0.78625,0.0,0.024,0.16075,0.202,129
DET,30.0,45.30775,0.2555835015013393,0.5258137685690972,0.0685,-0.1185,7.163919261455804,7.868901583191776,0.84125,0.0,0.011,0.101,0.15775,129
IND,32.0,45.61425,0.2367100133720238,0.4877443836885869,0.05975,-0.1345,7.083205016024107,7.689994629830824,0.8615,0.0,0.00675,0.06775,0.168,129
MIA,26.0,40.4735,0.14063266727005633,0.35211761205912856,0.09525,0.09625,9.357624381669535,11.774659332116183,0.29675,0.0,0.28175,0.492,0.0995,129
MIL,18.0,26.372,0.0,0.0,0.0,0.0,0.0,0.0,0.0,0.838,0.162,0.0,0.0,129
NYK,42.0,61.03625,0.0,0.0,0.0,0.0,0.0,0.0,1.0,0.0,0.0,0.0,0.0,129
ORL,37.0,53.94725,0.034101303151151924,0.034518127622134076,0.00025,-0.0005,6.144260350529102,6.144260350529102,1.0,0.0,0.0,0.0,0.0,129
PHI,35.0,53.60075,0.023216525814291244,0.024298312785273384,0.00025,-0.00125,6.164278940076556,6.165111954429234,0.9995,0.0,0.0,0.0,0.0005,129
TOR,29.0,45.34825,0.2266508885529762,0.5104774239440575,0.05025,-0.131,7.102634710195089,7.747587008111694,0.878,0.0,0.009,0.083,0.148,129
WAS,27.0,39.765,0.3719305776495537,0.32992153239523814,0.079,0.1125,9.063675555621579,10.976793848948216,0.207,0.0,0.391,0.4605,0.07175,129
DAL,22.0,35.43425,0.38658287336696434,0.3638998306484779,0.11,0.04425,1.145055435108482,1.7644297606317179,0.4215,0.00175,0.21275,0.392,0.1665,129
DEN,26.0,40.50325,0.0,0.0,0.037,-0.11225,0.0,0.0,0.9365,0.0,0.00525,0.043,0.08075,129
GSW,18.0,28.34175,0.31871555768973214,-0.09713505042163544,0.00325,0.0215,14.812780233550889,12.363160473824756,0.003,0.5405,0.4395,0.01875,0.0005,129
HOU,30.0,43.90125,0.11508384423660716,0.1262304317936012,0.00675,-0.02275,7.1922819428927065,7.206049532415178,0.99625,0.0,0.0,0.0,0.0095,129
LAC,23.0,33.183,0.0005162477954144627,0.0005162477954144627,0.05775,0.1275,5.19576683201058,5.19576683201058,0.14025,0.0295,0.5165,0.33,0.06775,129
LAL,22.0,32.97225,0.0,0.0,0.062,0.1175,0.0,0.0,0.13,0.039,0.54275,0.299,0.068,129
MEM,24.0,32.9215,0.6713198849361605,0.3483835815633985,0.06025,0.13075,12.360398449931399,12.07455894734897,0.101,0.02975,0.57075,0.3,0.05725,129
MIN,33.0,49.5505,0.0,0.0,0.0,0.0,0.0,0.0,1.0,0.0,0.0,0.0,0.0,129
NOP,20.0,30.10375,0.4520154761904762,-0.10917738095238093,0.011,0.05825,19.471833333333336,15.426112202380953,0.013,0.24025,0.676,0.07625,0.0055,129
OKC,41.0,60.64325,0.02710300925925929,0.02710300925925929,0.0,0.0,5.19576683201058,5.19576683201058,1.0,0.0,0.0,0.0,0.0,129
PHX,24.0,37.76125,0.0,0.0,0.098,-0.091,0.0,0.0,0.72975,0.00075,0.04475,0.19175,0.22425,129
POR,27.0,39.91725,0.2060674785879464,0.31440109725512333,0.04925,-0.122,7.72018998678854,7.952967683460705,0.90775,0.0,0.00675,0.05225,0.12575,129
SAC,18.0,24.96625,0.12689590880044646,-0.04087554783791381,0.0,0.001,15.613436000522764,12.054431708591975,0.0,0.93275,0.06625,0.001,0.0,129
SAS,42.0,62.63475,0.0,0.0,0.0,0.0,0.0,0.0,1.0,0.0,0.0,0.0,0.0,129
UTA,22.0,36.6165,0.5563852203029762,0.30318846542083333,0.09025,-0.0225,9.147246277282441,8.597645594454166,0.621,0.00225,0.10225,0.296,0.19425,129
ATL,31.0,46.60925,0.0,0.0,0.0235,-0.127,0.0,0.0,0.94075,0.0,0.0,0.01475,0.12575,130
BOS,38.0,56.91425,0.11796770282186961,0.11796770282186961,0.0,0.0,5.364434281305114,5.364434281305114,1.0,0.0,0.0,0.0,0.0,130
BKN,13.0,20.84825,-0.0052793375220458565,-0.00594377204585538,0.0,0.0,6.328925198412699,6.3340088293650805,0.0,0.97125,0.02875,0.0,0.0,130
CHA,30.0,42.765,0.17385543125372033,0.4071403868865178,0.06875,-0.056,7.928445330879018,9.398424076186963,0.6445,0.0,0.0055,0.19975,0.4165,130
CHI,22.0,29.8435,0.4017991345705353,-0.007996504324186473,0.0,0.004,13.207589517071874,12.971318382469963,0.00025,0.0215,0.97225,0.00625,0.0,130
CLE,35.0,53.427,0.0,0.0,0.0,-0.00175,0.0,0.0,1.0,0.0,0.0,0.0,0.00025,130
DET,25.0,39.5715,0.25933811542663693,0.3194747179707241,0.06425,0.04025,8.709871663854912,11.142546260659731,0.37125,0.0,0.075,0.68525,0.12125,130
IND,36.0,53.494,0.17526963183421526,0.17660888294850097,0.0,-0.00125,6.018183774250441,6.018183774250441,1.0,0.0,0.0,0.0,0.0,130
MIA,29.0,44.4605,-0.013904547180197274,0.16971199014455993,0.0425,-0.114,9.262830549255883,9.974319939073354,0.84325,0.0,0.001,0.06725,0.29425,130
MIL,14.0,23.57975,0.0,0.0,0.0,0.0,0.0,0.0,0.0,0.79475,0.20525,0.0,0.0,130
NYK,36.0,50.86825,0.0,0.0,0.0025,-0.017,0.0,0.0,0.99675,0.0,0.0,0.0005,0.008,130
ORL,25.0,36.52925,0.36221875690416666,0.2209463725259905,0.03775,0.12075,9.897774913741072,12.1778760818016,0.1055,0.0,0.39875,0.56975,0.01825,130
PHI,35.0,50.936,0.19758272273164681,0.2120903688968254,0.0035,-0.016,6.536071370356317,6.551043957110782,0.9975,0.0,0.0,0.0,0.0065,130
TOR,24.0,35.88275,0.4012428597239584,0.20402881303839132,0.03475,0.1295,10.139194841069346,12.378102617623833,0.0995,0.0,0.53275,0.44975,0.00925,130
WAS,21.0,29.537,0.4047308889014877,-0.011371073091071389,0.0005,0.0045,13.334861951534823,11.986536559445835,0.00075,0.033,0.96025,0.00675,0.0,130
DAL,23.0,34.73,0.22645080239732143,0.14221425596152212,0.021,0.1015,1.151644301299107,2.6755591636532525,0.0885,0.0,0.28,0.70175,0.01175,130
DEN,32.0,47.45925,0.0,0.0,0.02175,-0.0935,0.0,0.0,0.964,0.0,0.0,0.00175,0.08825,130
GSW,25.0,40.49025,0.210076008283631,0.42895057594761193,0.06525,-0.016,8.23651446493631,9.919483178255438,0.6335,0.0,0.003,0.39625,0.2915,130
HOU,35.0,51.962,0.1792334129395117,0.18503260104739863,0.00025,-0.00575,6.329032048542164,6.335276513507937,0.9995,0.0,0.0,0.0,0.0025,130
LAC,23.0,31.917,0.00042449294532627847,0.00042449294532627847,0.0075,0.09575,5.637064506172839,5.637064506172839,0.0135,0.002,0.801,0.1965,0.00025,130
LAL,33.0,49.82975,0.0,0.0,0.0055,-0.0335,0.0,0.0,0.99125,0.0,0.0,0.0,0.02225,130
MEM,18.0,26.364,0.27586724496562487,-0.09911684634312332,0.0005,0.00375,14.60480064970848,12.718038462409597,0.0005,0.30825,0.6885,0.00325,0.0,130
MIN,32.0,47.71675,0.0,0.0,0.01775,-0.0865,0.0,0.0,0.96425,0.0,0.0,0.003,0.079,130
NOP,18.0,28.9355,0.3946108630952381,-0.10507648809523815,0.00175,0.01825,18.986518601190475,16.1556375,0.00275,0.06675,0.91025,0.02275,0.00025,130
OKC,35.0,55.28875,0.18275640432098783,0.18275640432098783,0.0,-0.0005,5.637064506172839,5.637064506172839,1.0,0.0,0.0,0.0,0.0,130
PHX,24.0,39.54325,0.0,0.0,0.07075,0.003,0.0,0.0,0.471,0.0,0.0115,0.577,0.225,130
POR,30.0,45.0015,0.09918128609851191,0.2606891640981647,0.03525,-0.1235,7.523153358949255,8.210376569328968,0.86675,0.0,0.0,0.0265,0.27925,130
SAC,15.0,23.674,0.15886590281830365,-0.0955318106273495,0.0,0.0,15.25850227578482,12.294590792509753,0.0,0.78525,0.2145,0.00025,0.0,130
SAS,42.0,61.52325,0.0,0.0,0.0,0.0,0.0,0.0,1.0,0.0,0.0,0.0,0.0,130
UTA,21.0,30.2985,0.42807637159211276,0.024184363630952364,0.00275,0.047,12.966176435457143,10.102130516627378,0.0045,0.01725,0.91175,0.071,0.0,130
ATL,34.0,50.7485,0.0,0.0,0.003,-0.0155,0.0,0.0,0.99675,0.0,0.0,0.00025,0.0075,131
BOS,40.0,56.88075,0.09948773148148159,0.09948773148148159,0.0,0.0,5.397694036596119,5.397694036596119,1.0,0.0,0.0,0.0,0.0,131
BKN,20.0,28.887,-0.00576502976190476,0.011496130952380952,0.0,0.00125,7.232848363095238,7.3732138392857145,0.0,0.134,0.86575,0.00025,0.0,131
CHA,25.0,35.21275,0.44174533943214284,0.12857694621748159,0.0155,0.08925,11.359318953380804,12.592079050441095,0.0235,0.0,0.83675,0.15375,0.006,131
CHI,19.0,30.564,0.3602217025412199,-0.013487780615823418,0.0005,0.00825,13.388707530254312,12.767509759236306,0.00075,0.0395,0.9535,0.007,0.0,131
CLE,29.0,43.12875,0.0,0.0,0.0705,-0.08575,0.0,0.0,0.6865,0.0,0.01375,0.179,0.3595,131
DET,36.0,54.25825,0.12022665343915356,0.12089081208230833,0.0,-0.00075,5.91246646825397,5.91246646825397,1.0,0.0,0.0,0.0,0.0,131
IND,30.0,46.8975,0.2060881137500551,0.30770282756444,0.01925,-0.101,6.920641514314677,7.120811347825391,0.964,0.0,0.0,0.011,0.0775,131
MIA,29.0,44.8785,-0.007995189270838815,0.15035739573411858,0.0395,-0.1355,9.305230500911879,9.806055640559372,0.87575,0.0,0.003,0.05925,0.20225,131
MIL,14.0,20.19625,0.0,0.0,0.0,0.0,0.0,0.0,0.0,0.99575,0.00425,0.0,0.0,131
NYK,24.0,38.4875,0.0,0.0,0.0525,0.10925,0.0,0.0,0.2135,0.0,0.318,0.57525,0.058,131
ORL,31.0,46.2435,0.21625285834080138,0.3515944528139589,0.0275,-0.13125,7.0841842792779754,7.411872093738181,0.93675,0.0,0.001,0.023,0.1195,131
PHI,24.0,39.17,0.3865901737318453,0.3450940142307894,0.059,0.09375,9.289296310676786,11.470441751338464,0.2635,0.0,0.23025,0.62,0.07925,131
TOR,34.0,47.62175,0.18905312588320655,0.2682931888622386,0.02325,-0.07225,6.773035162235868,6.936854313973914,0.96375,0.0,0.0,0.0065,0.06925,131
WAS,25.0,36.8785,0.41505408184568454,0.16476299990654775,0.029,0.1185,10.46248041709762,11.462077891761906,0.07525,0.0,0.6045,0.36475,0.02125,131
DAL,23.0,31.88075,0.33238584833928575,0.03709048655601615,0.0025,0.04325,2.721121729883035,3.1702531220665606,0.00475,0.0105,0.91425,0.075,0.00025,131
DEN,35.0,50.94725,0.0,0.0,0.00075,-0.00325,0.0,0.0,0.9995,0.0,0.0,0.00025,0.001,131
GSW,29.0,42.29025,0.25727783976264884,0.48520011063241214,0.09125,-0.122,7.992625856389434,9.102039778581661,0.68925,0.0,0.00125,0.2645,0.24075,131
HOU,28.0,45.23925,0.17735494251086312,0.3301213029256944,0.028,-0.1195,7.239484947709374,7.5199137743236095,0.955,0.0,0.0,0.03575,0.0855,131
LAC,20.0,30.175,-0.0002581238977072313,-0.0002581238977072313,0.0015,0.015,5.159371362433862,5.159371362433862,0.0025,0.05675,0.92125,0.022,0.0,131
LAL,30.0,45.4785,0.0,0.0,0.03575,-0.1145,0.0,0.0,0.927,0.0,0.0,0.0375,0.098,131
MEM,19.0,25.258,0.17499639118973226,-0.11016967714830216,0.0,0.00025,15.168231466698213,12.173814273962167,0.0,0.75425,0.2455,0.00025,0.0,131
MIN,28.0,40.94225,0.0,0.0,0.091,-0.06075,0.0,0.0,0.50875,0.0,0.00375,0.5115,0.20175,131
NOP,20.0,27.94875,0.19573705357142865,-0.06890386904761905,0.00025,0.0035,19.990167857142858,15.213461160714287,0.00025,0.2415,0.757,0.0015,0.0,131
OKC,39.0,61.43,0.00387185846560847,0.00387185846560847,0.0,0.0,5.159371362433862,5.159371362433862,1.0,0.0,0.0,0.0,0.0,131
PHX,30.0,44.30725,0.0,0.0,0.07175,-0.15175,0.0,0.0,0.86375,0.0,0.0,0.08025,0.17775,131
POR,24.0,36.9275,0.43142684614062504,0.17953448480191325,0.04225,0.0445,10.082465241585865,11.592530662984448,0.2035,0.0,0.0945,0.8525,0.0285,131
SAC,15.0,24.98225,0.16553560588973226,-0.0990899893102891,0.0,0.00025,15.202257767537052,12.162084185608334,0.0,0.76775,0.23175,0.0005,0.0,131
SAS,37.0,58.08575,0.0,0.0,0.0,0.0,0.0,0.0,1.0,0.0,0.0,0.0,0.0,131
UTA,29.0,44.05375,0.23803835274687504,0.2784104450857143,0.06825,-0.14275,7.543673571086012,7.7506942150410705,0.84575,0.0,0.0,0.1185,0.1665,131
ATL,32.0,45.159,0.0,0.0,0.11125,-0.108,0.0,0.0,0.68475,0.0,0.04225,0.22425,0.18975,132
BOS,32.0,49.26125,0.17145096171431876,0.2552977410681481,0.0155,-0.057,6.48222520348221,6.583028424206416,0.98075,0.0,0.0005,0.012,0.025,132
BKN,20.0,28.75775,0.00385669642857143,-0.008240476190476196,0.0,0.0,7.430923214285713,7.508795982142856,0.0,0.065,0.935,0.0,0.0,132
CHA,32.0,45.10675,0.3044347906705909,0.7080283656242556,0.106,-0.10875,7.647363829994763,8.924119353162046,0.7035,0.0,0.0455,0.23025,0.17775,132
CHI,22.0,33.173,0.3184171264910711,0.0017122781301672303,0.00025,0.00225,12.884155757213392,12.971507293458345,0.0,0.00175,0.9975,0.00075,0.0,132
CLE,34.0,54.15225,0.0,0.0,0.00025,-0.0005,0.0,0.0,0.99975,0.0,0.0,0.0,0.0005,132
DET,27.0,42.95975,0.35507596947961323,0.6718181836050594,0.11875,0.0255,8.309377462579613,10.481583979866391,0.4895,0.0,0.1585,0.4465,0.1125,132
IND,32.0,44.35275,0.3449493259924108,0.7083929825094472,0.1235,-0.06775,7.963221721976787,9.561057114299315,0.5515,0.0,0.065,0.319,0.20375,132
MIA,34.0,51.657,-0.0016437359261794527,0.009910210659453998,0.002,-0.01525,9.381837747877979,9.389405340452857,0.999,0.0,0.0,0.00075,0.00325,132
MIL,17.0,26.0425,0.0,0.0,0.0,0.0,0.0,0.0,0.0,0.31975,0.68025,0.0,0.0,132
NYK,32.0,47.80175,0.0,0.0,0.03825,-0.112,0.0,0.0,0.937,0.0,0.004,0.0455,0.07825,132
ORL,28.0,39.8205,0.3713583031261905,0.28878340943076647,0.04225,0.1105,9.803203518733634,12.392734018067774,0.08325,0.0,0.684,0.24925,0.03525,132
PHI,33.0,50.2625,0.13406188874390432,0.1785079744122079,0.00675,-0.0315,6.321929398044445,6.373301970168999,0.99275,0.0,0.0,0.00575,0.013,132
TOR,29.0,43.7355,0.33251076322529777,0.7050958186817247,0.113,-0.03425,8.095953985390775,9.954831092545414,0.54775,0.0,0.11225,0.36975,0.154,132
WAS,26.0,37.8845,0.42331052102678574,0.10808980234226183,0.018,0.06575,10.74230715353289,11.85479293847262,0.0305,0.0,0.88875,0.09625,0.007,132
DAL,28.0,40.61125,0.12555844405714284,0.2636772154742772,0.084,-0.0975,0.3166105572629465,0.9425356864383462,0.67675,0.0,0.01275,0.2425,0.2725,132
DEN,30.0,45.77975,0.0,0.0,0.009,-0.0505,0.0,0.0,0.989,0.0,0.0,0.00425,0.023,132
GSW,29.0,42.82275,0.19143024612717147,0.3258831197987092,0.04275,-0.14075,7.650420323288243,7.997854277657598,0.903,0.0,0.00125,0.04975,0.16325,132
HOU,29.0,43.916,0.16341725471979168,0.24634148688002408,0.03125,-0.1095,7.445444432815028,7.6537103972741205,0.94925,0.0,0.00075,0.028,0.08975,132
LAC,16.0,24.55875,0.000774371693121694,0.000774371693121694,0.0,0.0,5.174342548500881,5.174342548500881,0.0,0.64125,0.35875,0.0,0.0,132
LAL,37.0,54.96875,0.0,0.0,0.0,-0.00025,0.0,0.0,1.0,0.0,0.0,0.0,0.0,132
MEM,24.0,34.41125,0.4696840575799106,0.23491123427857405,0.03625,0.13625,12.07814209506369,12.328886530976455,0.087,0.00025,0.5375,0.4325,0.0175,132
MIN,29.0,41.72875,0.0,0.0,0.06425,-0.12675,0.0,0.0,0.7945,0.0,0.00425,0.11825,0.24975,132
NOP,13.0,19.96175,0.029429464285714302,0.003954464285714277,0.0,0.0,20.250971875,15.524073809523811,0.0,0.98575,0.01425,0.0,0.0,132
OKC,38.0,59.2415,0.01755242504409173,0.01755242504409173,0.0,0.0,5.174342548500881,5.174342548500881,1.0,0.0,0.0,0.0,0.0,132
PHX,19.0,32.89075,0.0,0.0,0.0245,0.10025,0.0,0.0,0.0485,0.002,0.773,0.2165,0.0045,132
POR,26.0,38.58075,0.476381012425,0.5008561891494883,0.07875,-0.0045,9.434578742788544,10.54239526980619,0.46975,0.0,0.05875,0.548,0.16225,132
SAC,13.0,20.07925,0.07414465281919644,-0.01484091389892003,0.0,0.0,15.635920562289284,12.099997502670526,0.0,0.984,0.016,0.0,0.0,132
SAS,37.0,56.32925,0.0,0.0,0.0,0.0,0.0,0.0,1.0,0.0,0.0,0.0,0.0,132
UTA,22.0,33.99275,0.4613411429944939,0.09567899129404753,0.0325,0.1255,12.25478093500238,9.889026809088689,0.08225,0.00025,0.60925,0.36025,0.0175,132
ATL,22.0,34.0155,0.0,0.0,0.01125,0.0635,0.0,0.0,0.02,0.0045,0.88,0.10925,0.004,133
BOS,38.0,53.073,0.169214671516755,0.16988429707389788,0.0,-0.00025,5.683185052910052,5.683854678467196,1.0,0.0,0.0,0.0,0.00025,133
BKN,25.0,38.21325,-0.0008539296737213382,0.003964820326278661,0.05825,0.11325,6.449172244268079,6.466809446649031,0.20425,0.0,0.2725,0.57025,0.09225,133
CHA,31.0,45.69025,0.18470565537424494,0.3444259924454382,0.0295,-0.10925,7.225052097290249,7.543054126564397,0.93825,0.0,0.0015,0.03075,0.102,133
CHI,19.0,28.1345,0.3745913543419641,-0.1288960561848268,0.0,0.0005,14.554615538221872,12.59316368044237,0.0,0.4255,0.574,0.0005,0.0,133
CLE,26.0,41.67225,0.0,0.0,0.084,-0.0565,0.0,0.0,0.6935,0.0,0.02425,0.28625,0.26275,133
DET,30.0,43.336,0.17389222832452053,0.42201497068457433,0.05875,-0.117,7.688352905505715,8.666628554504936,0.78475,0.0,0.006,0.1315,0.27475,133
IND,32.0,47.41975,0.20937438396506833,0.27946128796844133,0.01275,-0.059,6.860815387857534,6.967857819081691,0.98325,0.0,0.0,0.007,0.0375,133
MIA,23.0,34.9665,0.46173727970492723,0.1340482262668375,0.02325,0.1075,10.916757197341267,12.84269148184248,0.0325,0.00175,0.79525,0.191,0.00775,133
MIL,22.0,33.42825,0.0,0.0,0.00875,0.05475,0.0,0.0,0.01375,0.012,0.91,0.07325,0.003,133
NYK,30.0,46.7795,0.0,0.0,0.01325,-0.0815,0.0,0.0,0.97825,0.0,0.0,0.01125,0.0465,133
ORL,27.0,39.64775,0.2917745975431549,0.44765961108280317,0.08025,0.0425,8.748658665614137,10.961823124168514,0.3505,0.0,0.1215,0.56025,0.168,133
PHI,43.0,63.21525,0.0002581238977072313,0.0002581238977072313,0.0,0.0,5.156790123456789,5.156790123456789,1.0,0.0,0.0,0.0,0.0,133
TOR,36.0,51.75675,0.18024742167816918,0.18294661426800055,0.0005,-0.0025,5.975565018738977,5.978685401486894,1.0,0.0,0.0,0.0,0.00125,133
WAS,24.0,32.2495,0.5246238908624997,0.011856664379761907,0.001,0.024,12.477110389436904,11.954210309984523,0.001,0.02425,0.947,0.02875,0.0,133
DAL,19.0,29.479,0.4495113619848215,-0.017384266508171743,0.00825,0.0925,3.771126383787054,2.9972923489130276,0.02025,0.21725,0.56925,0.2135,0.0,133
DEN,31.0,46.1275,0.0,0.0,0.02575,-0.12375,0.0,0.0,0.9375,0.0,0.0,0.007,0.1715,133
GSW,29.0,42.9335,0.14009969121488097,0.26887251907777776,0.037,-0.078,7.702974813298959,8.822159743577181,0.79475,0.0,0.0,0.08575,0.41475,133
HOU,31.0,49.317,0.2007813191339561,0.23173195062448193,0.00425,-0.0305,6.45083538108281,6.488386153282166,0.99575,0.0,0.0,0.00025,0.01525,133
LAC,20.0,29.21075,0.0,0.0,0.008,0.09,5.160403858024691,5.160403858024691,0.01525,0.25825,0.55575,0.186,0.0,133
LAL,32.0,50.05175,0.0,0.0,0.0025,-0.025,0.0,0.0,0.9965,0.0,0.0,0.0,0.01025,133
MEM,17.0,25.42625,0.2076092193977679,-0.0734381626528442,0.002,0.01525,15.375889658379014,12.217212880592513,0.0015,0.832,0.15425,0.01375,0.0,133
MIN,30.0,46.82125,0.0,0.0,0.022,-0.11175,0.0,0.0,0.963,0.0,0.0,0.00475,0.1055,133
NOP,16.0,24.80225,0.14616160714285714,-0.006371279761904778,0.0005,0.006,17.524357886904763,15.970004017857143,0.00025,0.88,0.11325,0.00675,0.0,133
OKC,40.0,60.279,0.002839362874779544,0.002839362874779544,0.0,0.0,5.160403858024691,5.160403858024691,1.0,0.0,0.0,0.0,0.0,133
PHX,24.0,37.806,0.0,0.0,0.03325,0.00425,0.0,0.0,0.30625,0.0,0.00675,0.88975,0.0605,133
POR,33.0,46.31875,0.19471896231914132,0.3395832631186453,0.0305,-0.12525,7.131072540194417,7.513985609302552,0.9265,0.0,0.0,0.00475,0.167,133
SAC,20.0,29.24725,0.4664792713214283,0.01363991560905767,0.00525,0.0965,14.025064652132587,12.530463888021444,0.01075,0.2425,0.57125,0.18625,0.0,133
SAS,31.0,47.9295,0.0,0.0,0.007,-0.08275,0.0,0.0,0.98275,0.0,0.0,0.0015,0.05475,133
UTA,19.0,30.65225,0.541308010148958,0.06489890571607143,0.01625,0.125,13.135657198975444,9.92026554789881,0.049,0.102,0.4975,0.4,0.0005,133
ATL,21.0,32.6385,0.0,0.0,0.0225,0.10375,0.0,0.0,0.03875,0.0005,0.71275,0.284,0.00175,134
BOS,35.0,51.26625,0.16429167155803573,0.16911591317946426,0.0005,-0.00625,6.673139522087136,6.677318792288625,0.9995,0.0,0.0,0.0,0.00175,134
BKN,12.0,23.43275,-6.130952380952447e-05,0.0022578869047619136,0.0,0.0,7.388148065476189,7.4396331845238075,0.0,0.52275,0.47725,0.0,0.0,134
CHA,15.0,25.01725,0.17939210615446421,-0.09518077607712581,0.00025,0.00075,14.659150600208926,12.680444289629484,0.0,0.25975,0.73925,0.001,0.0,134
CHI,21.0,33.1545,0.5425348572876487,0.17196813610528625,0.02475,0.1315,11.69425982556637,12.456149293506408,0.0645,0.00025,0.6355,0.358,0.004,134
CLE,28.0,45.0205,0.0,0.0,0.0205,-0.1275,0.0,0.0,0.95325,0.0,0.0,0.0195,0.13825,134
DET,38.0,53.944,0.11847714947089949,0.11914130811405425,0.0,-0.00025,6.237813139329808,6.238465800224451,1.0,0.0,0.0,0.0,0.00025,134
IND,28.0,42.94275,0.08899006164077382,0.2733077358790887,0.03825,-0.0995,7.615383804320981,8.60713625405126,0.82675,0.0,0.00025,0.0915,0.316,134
MIA,21.0,33.123,0.5061825301101519,0.13316833432832528,0.0195,0.12125,11.792070761451802,12.609241012174273,0.05775,0.00025,0.62,0.375,0.00225,134
MIL,13.0,20.562,0.0,0.0,0.0,0.0,0.0,0.0,0.0,0.9045,0.0955,0.0,0.0,134
NYK,39.0,56.425,0.0,0.0,0.0,-0.00025,0.0,0.0,1.0,0.0,0.0,0.0,0.0,134
ORL,37.0,52.95375,0.13230289902998235,0.13230289902998235,0.0,-0.00075,6.371807605820106,6.371807605820106,1.0,0.0,0.0,0.0,0.0,134
PHI,40.0,58.77675,0.14168702601410949,0.14168702601410949,0.0,0.0,5.450844323192239,5.450844323192239,1.0,0.0,0.0,0.0,0.0,134
TOR,29.0,42.17775,0.12308824797604169,0.31599523057766443,0.05425,-0.07425,7.745335261806398,9.042386975794331,0.73925,0.0,0.00125,0.1445,0.39175,134
WAS,27.0,38.7135,0.3143469929687501,0.2825113382482143,0.05575,0.01525,8.780688592778572,10.49749219916012,0.32025,0.0,0.03025,0.7265,0.144,134
DAL,25.0,36.30975,0.22898024345803572,0.2843517523821174,0.05975,0.12075,0.8352519493642858,2.4615518478721814,0.19875,0.0,0.41675,0.42175,0.091,134
DEN,25.0,39.9185,0.0,0.0,0.078,-0.00275,0.0,0.0,0.71775,0.0,0.049,0.24475,0.239,134
GSW,36.0,50.3545,0.14969582231040565,0.14969582231040565,0.0,-0.0005,6.858552987213404,6.858552987213404,1.0,0.0,0.0,0.0,0.0,134
HOU,28.0,44.96625,0.03316119607113096,0.08785682546946569,0.00925,-0.07475,7.390640146423658,7.5005222356199885,0.9855,0.0,0.001,0.00875,0.03525,134
LAC,22.0,31.81525,-0.0005162477954144627,-0.0005162477954144627,0.00975,0.0385,5.167373203262785,5.167373203262785,0.014,0.00075,0.945,0.04975,0.003,134
LAL,32.0,48.9585,0.0,0.0,0.0005,-0.0075,0.0,0.0,0.99975,0.0,0.0,0.0,0.00175,134
MEM,31.0,39.54275,0.3020226643406251,0.4665178288487245,0.0965,0.00525,8.457161563642709,9.995738053392495,0.46675,0.0,0.05675,0.2985,0.38375,134
MIN,40.0,58.22975,0.0,0.0,0.0,0.0,0.0,0.0,1.0,0.0,0.0,0.0,0.0,134
NOP,16.0,24.0715,0.21493303571428568,0.03255416666666672,0.0,0.0,20.461203125,15.451466220238096,0.0,0.39175,0.60825,0.0,0.0,134
OKC,42.0,63.13375,0.011873699294532641,0.011873699294532641,0.0,0.0,5.167373203262785,5.167373203262785,1.0,0.0,0.0,0.0,0.0,134
PHX,24.0,37.2935,0.0,0.0,0.092,0.09725,0.0,0.0,0.336,0.0,0.26275,0.47325,0.1225,134
POR,20.0,31.93075,0.4416290312136903,0.07398244127308107,0.01325,0.05,12.465116664080059,12.819421071258123,0.01725,0.00025,0.93625,0.0585,0.00375,134
SAC,14.0,20.19475,0.11606598968348221,-0.05511416796020974,0.0,0.0,15.571221990156246,12.109050452514579,0.0,0.91925,0.08075,0.0,0.0,134
SAS,36.0,56.29925,0.0,0.0,0.0,0.0,0.0,0.0,1.0,0.0,0.0,0.0,0.0,134
UTA,25.0,36.833,0.47147926880074414,0.2152154699601191,0.08525,0.11525,9.55046853804762,9.454899697104764,0.26425,0.0,0.3315,0.44475,0.12,134
ATL,27.0,41.303,0.0,0.0,0.1085,0.03525,0.0,0.0,0.42075,0.0,0.19175,0.41425,0.166,135
BOS,32.0,48.83175,0.1852912158284226,0.2251923102799107,0.0085,-0.03775,6.809045460373958,6.859368265379316,0.993,0.0,0.0,0.00325,0.01625,135
BKN,12.0,18.785,7.955246913580338e-05,7.955246913580338e-05,0.0,0.0,6.197669874338626,6.197669874338626,0.0,0.977,0.023,0.0,0.0,135
CHA,26.0,39.298,0.31696908510193456,0.43475179471376246,0.07825,0.13025,9.155260496601189,11.903334843512035,0.17975,0.0,0.49975,0.3555,0.07025,135
CHI,17.0,25.105,0.264983898852232,-0.0927506228110372,0.0,0.0,14.417528708029462,12.742297653854926,0.0,0.236,0.764,0.0,0.0,135
CLE,29.0,44.19025,0.0,0.0,0.10625,-0.125,0.0,0.0,0.7705,0.0,0.0285,0.14325,0.20525,135
DET,29.0,45.11425,0.16264621981086316,0.46633247193831345,0.0655,-0.129,7.483432132174106,8.124708677124323,0.867,0.0,0.01325,0.08925,0.13425,135
IND,25.0,40.67725,0.31554776227842274,0.5511143428194585,0.09675,0.08725,8.622404101649852,11.127129051744337,0.34625,0.0,0.2565,0.4535,0.12725,135
MIA,43.0,62.39725,0.0,0.0,0.0,0.0,9.382940917107586,9.382940917107586,1.0,0.0,0.0,0.0,0.0,135
MIL,14.0,20.97075,0.0,0.0,0.0,0.0,0.0,0.0,0.0,0.8805,0.1195,0.0,0.0,135
NYK,46.0,64.671,0.0,0.0,0.0,0.0,0.0,0.0,1.0,0.0,0.0,0.0,0.0,135
ORL,31.0,46.3075,0.15153335473958332,0.37776874086910855,0.043,-0.1135,7.276554307781249,7.59464388743155,0.93825,0.0,0.00375,0.0365,0.0805,135
PHI,36.0,53.5135,0.03695235032928238,0.03739608058359786,0.00025,-0.00025,6.235312623697889,6.235756353952206,0.99975,0.0,0.0,0.0,0.00025,135
TOR,27.0,41.698,0.28908258947559534,0.6563932139981348,0.1175,0.00375,8.307493537384376,10.381613896549862,0.4575,0.0,0.15,0.38425,0.1845,135
WAS,26.0,36.7555,0.2865032373491071,0.1199877935410714,0.018,0.08,10.083216052570835,11.799568616123215,0.02725,0.0,0.8565,0.12025,0.0155,135
DAL,17.0,29.9895,0.3475636756633929,0.17393580719810375,0.0465,0.12525,2.3985181274558034,3.0501320140522457,0.103,0.00825,0.702,0.2515,0.019,135
DEN,33.0,49.6685,0.0,0.0,0.00025,-0.00175,0.0,0.0,0.99975,0.0,0.0,0.0,0.00025,135
GSW,28.0,38.98975,0.14806738083869048,0.10541972166995464,0.017,-0.009,7.9933460115008925,8.657486477408744,0.77225,0.0,0.001,0.03325,0.42525,135
HOU,38.0,54.83275,0.015815277777777772,0.015815277777777772,0.0,0.0,6.197669874338626,6.197669874338626,1.0,0.0,0.0,0.0,0.0,135
LAC,22.0,30.931,0.0002581238977072313,0.0002581238977072313,0.047,0.1525,5.169438194444443,5.169438194444443,0.0935,0.0005,0.57475,0.36,0.0415,135
LAL,19.0,33.22525,0.0,0.0,0.089,0.10275,0.0,0.0,0.39425,0.00025,0.2265,0.48425,0.137,135
MEM,18.0,25.07025,0.2797388574049105,-0.09123092323189885,0.001,0.0075,14.435923849026336,12.725833045840117,0.0005,0.24325,0.74825,0.0085,0.0,135
MIN,31.0,48.04575,0.0,0.0,0.0,-0.004,0.0,0.0,1.0,0.0,0.0,0.0,0.0,135
NOP,16.0,25.0665,0.18172976190476198,-0.13557514880952384,0.00125,0.009,19.632503125,15.595676190476192,0.0005,0.264,0.72875,0.007,0.00025,135
OKC,44.0,66.129,0.011099327601410946,0.011099327601410946,0.0,0.0,5.169438194444443,5.169438194444443,1.0,0.0,0.0,0.0,0.0,135
PHX,33.0,47.57,0.0,0.0,0.0015,-0.0075,0.0,0.0,0.99875,0.0,0.0,0.0,0.0035,135
POR,24.0,34.46475,0.48327431003333343,0.4449244973951444,0.083,0.05875,9.810976071874405,10.408711737041564,0.44925,0.0,0.09425,0.3945,0.29525,135
SAC,16.0,24.26725,0.24950191703616065,-0.11063586832683646,0.00025,0.00325,14.672943954112943,12.603432489595482,0.00025,0.3895,0.608,0.00225,0.00025,135
SAS,40.0,60.31125,0.0,0.0,0.0,0.0,0.0,0.0,1.0,0.0,0.0,0.0,0.0,135
UTA,21.0,31.8205,0.48100072346101197,0.17926416822976182,0.0645,0.13725,11.404294044185269,9.643460944523214,0.188,0.00075,0.41,0.45875,0.07775,135
ATL,34.0,51.1805,0.0,0.0,0.00075,-0.008,0.0,0.0,0.99925,0.0,0.0,0.0,0.00325,136
BOS,30.0,46.47075,0.10752391698359788,0.24134957195353837,0.0185,-0.107,7.33158330383762,7.556760007374341,0.9585,0.0,0.00075,0.0165,0.07925,136
BKN,14.0,23.51475,-0.0020324349647266324,-0.002278417107583775,0.0,0.0,5.808917146164021,5.816657027116402,0.0,0.653,0.347,0.0,0.0,136
CHA,25.0,37.80275,0.47235453443601205,0.32353650416544466,0.05625,0.135,10.024101791169494,12.082053185432203,0.131,0.0,0.50625,0.40025,0.05625,136
CHI,15.0,25.04925,0.2283595031674107,-0.11599235455012737,0.0,0.0,14.692308987544195,12.604145607157024,0.0,0.37075,0.62925,0.0,0.0,136
CLE,25.0,39.50575,0.0,0.0,0.092,0.0975,0.0,0.0,0.308,0.0,0.24075,0.53775,0.10425,136
DET,28.0,43.3475,0.18495043719657742,0.44136677592675744,0.07075,-0.0975,7.810773951208184,8.902726745383443,0.75275,0.0,0.023,0.14425,0.29225,136
IND,35.0,51.2685,0.20414008425644845,0.20827478846180558,0.0005,-0.004,6.446954044174273,6.452338879059392,0.999,0.0,0.0,0.0,0.0025,136
MIA,24.0,37.37075,0.3898549367472609,0.23687489154184374,0.0565,0.139,10.448145968674698,12.491544942110918,0.10225,0.0,0.57975,0.364,0.02975,136
MIL,25.0,34.60275,0.0,0.0,0.00925,0.062,0.0,0.0,0.01175,0.0,0.914,0.07875,0.00525,136
NYK,34.0,51.698,0.0,0.0,0.00075,-0.004,0.0,0.0,1.0,0.0,0.0,0.0,0.0005,136
ORL,33.0,45.74525,0.13061202096886576,0.2876626464244567,0.04925,-0.12175,7.458846580073186,7.8613504960864935,0.90025,0.0,0.0015,0.03125,0.15025,136
PHI,26.0,42.937,0.1987688283364584,0.4607124332337684,0.0725,-0.08025,7.811396315586458,8.913548171220468,0.77825,0.0,0.027,0.16475,0.25325,136
TOR,37.0,50.8105,0.21248371140486663,0.22221330002803133,0.00225,-0.00875,6.552209501566728,6.564660361438702,0.9985,0.0,0.0,0.00025,0.005,136
WAS,25.0,36.5525,0.4713521508729168,0.18174361206785725,0.03525,0.12275,10.700033892666223,11.629866593127975,0.0605,0.0,0.707,0.26225,0.01825,136
DAL,18.0,27.139,0.2684812669151786,-0.06736986003822705,0.0,0.00175,3.9004350281642854,3.279060116967552,0.00075,0.1125,0.88175,0.00575,0.0,136
DEN,34.0,51.6325,0.0,0.0,0.00225,-0.0225,0.0,0.0,0.997,0.0,0.0,0.0,0.00925,136
GSW,25.0,37.0005,0.37477845002351196,0.11202762401150791,0.02025,0.01125,10.026340599043603,11.60106749930496,0.23125,0.0,0.013,0.929,0.0385,136
HOU,37.0,53.9365,0.19862056754287932,0.2008096382735341,0.001,-0.005,5.809077421358218,5.814656892595272,0.99925,0.0,0.0,0.0,0.00225,136
LAC,19.0,27.68975,0.0,0.0,0.00025,0.00625,5.16143635361552,5.16143635361552,0.0,0.07325,0.92175,0.005,0.0,136
LAL,35.0,50.452,0.0,0.0,0.00625,-0.0565,0.0,0.0,0.987,0.0,0.0,0.0005,0.035,136
MEM,14.0,23.07125,0.14602808586339303,-0.09994114204890574,0.0,0.0,15.139362436153124,12.284934271131869,0.0,0.735,0.265,0.0,0.0,136
MIN,34.0,50.69525,0.0,0.0,0.0035,-0.0465,0.0,0.0,0.99325,0.0,0.0,0.00025,0.02075,136
NOP,18.0,28.246,0.15730997023809504,-0.08574434523809528,0.0015,0.011,15.74871830357143,16.472823809523813,0.00175,0.0555,0.93275,0.01175,0.0,136
OKC,40.0,60.72275,0.004646230158730164,0.004646230158730164,0.0,0.0,5.16143635361552,5.16143635361552,1.0,0.0,0.0,0.0,0.0,136
PHX,30.0,42.5305,0.0,0.0,0.03375,-0.01575,0.0,0.0,0.628,0.0,0.0,0.11125,0.57575,136
POR,31.0,45.85375,0.09062506456981922,0.1491744857098986,0.01275,-0.08525,7.4483709169561605,8.10854355156737,0.889,0.0,0.0,0.01125,0.28075,136
SAC,7.0,12.27775,0.0001872648607142855,-5.5538529166665465e-05,0.0,0.0,15.863406805357135,12.052605666800595,0.0,1.0,0.0,0.0,0.0,136
SAS,44.0,63.6455,0.0,0.0,0.0,0.0,0.0,0.0,1.0,0.0,0.0,0.0,0.0,136
UTA,24.0,37.2505,0.36723978597842266,0.05909595203928572,0.0245,0.009,9.824950859340628,9.520371088423214,0.27275,0.0,0.0095,0.92525,0.03775,136
ATL,31.0,46.09625,0.0,0.0,0.07375,-0.142,0.0,0.0,0.8335,0.0,0.00075,0.13325,0.1565,137
BOS,38.0,55.3555,0.1567576499118167,0.15742414823651907,0.0,-0.00075,5.732196042768959,5.732196042768959,1.0,0.0,0.0,0.0,0.0,137
BKN,10.0,17.851,0.0006097552910052934,0.0006097552910052934,0.0,0.0,6.2736497354497365,6.273822205687831,0.0,0.99725,0.00275,0.0,0.0,137
CHA,21.0,32.512,0.3539650831674106,0.016337448061643955,0.00125,0.01425,11.93434914247902,12.921185490817638,0.00125,0.0015,0.983,0.0155,0.0,137
CHI,18.0,28.30425,0.34781810399196395,-0.03646159188747439,0.0,0.0,13.723252933732587,12.89093721575479,0.0,0.057,0.943,0.0,0.0,137
CLE,32.0,48.6005,0.0,0.0,0.02025,-0.0795,0.0,0.0,0.9695,0.0,0.0,0.0195,0.052,137
DET,38.0,55.951,0.15701916887125236,0.15701916887125236,0.0,-0.00025,5.617648004850088,5.617648004850088,1.0,0.0,0.0,0.0,0.0,137
IND,31.0,45.59625,0.18444748585485013,0.5262727069699791,0.08025,-0.1395,7.597875758015536,8.564191694856955,0.78275,0.0,0.0,0.15475,0.219,137
MIA,27.0,43.8395,-0.005235669139539144,0.344352521839126,0.089,-0.091,9.214720156439542,10.69411970034921,0.67625,0.0,0.0015,0.3995,0.18875,137
MIL,15.0,23.4665,0.0,0.0,0.0,0.0,0.0,0.0,0.0,0.78125,0.21875,0.0,0.0,137
NYK,29.0,43.83025,0.0,0.0,0.09325,-0.0955,0.0,0.0,0.5955,0.0,0.00075,0.4,0.211,137
ORL,35.0,49.1585,0.19145020264270832,0.29429170669791666,0.02,-0.0615,6.892677633167741,7.053584352929844,0.96875,0.0,0.0,0.01425,0.04925,137
PHI,33.0,48.85275,0.19330605457750222,0.3023459682914407,0.0215,-0.07325,6.959465019355528,7.1102158256590995,0.96425,0.0,0.0,0.01475,0.04775,137
TOR,28.0,40.48775,0.20661914863764883,0.27561851873691323,0.0545,0.00825,9.056450253631104,11.385819486349744,0.206,0.0,0.03625,0.825,0.07575,137
WAS,22.0,33.21525,0.3345218403686012,0.01661712772142859,0.00075,0.01725,11.653177028569942,11.95477647829226,0.00225,0.001,0.97525,0.0235,0.0,137
DAL,19.0,29.57375,0.36317045130133935,-0.0012825639359608837,0.0025,0.01475,3.0390912482638397,3.3905649551110937,0.002,0.01975,0.96025,0.02,0.0,137
DEN,35.0,51.794,0.0,0.0,0.0005,-0.00225,0.0,0.0,0.99975,0.0,0.0,0.0,0.00025,137
GSW,29.0,40.949,0.2377709022803572,0.447236999518006,0.08075,-0.05075,8.573709979290477,10.152629238403174,0.4985,0.0,0.0015,0.47225,0.26475,137
HOU,34.0,52.22,0.1496734553876874,0.1511181966906636,0.00025,-0.0035,6.2736497354497365,6.274982732099141,1.0,0.0,0.0,0.0,0.0005,137
LAC,20.0,28.245,0.0017505291005291024,0.0017505291005291024,0.0005,0.0075,5.503022982804232,5.503022982804232,0.00025,0.04675,0.94725,0.006,0.0,137
LAL,28.0,44.32375,0.0,0.0,0.03975,-0.12425,0.0,0.0,0.88125,0.0,0.0,0.0745,0.19075,137
MEM,21.0,30.23125,0.3932241928657735,0.026006057158459446,0.0035,0.03075,12.900273363853124,12.879126475555342,0.00525,0.00975,0.94675,0.04325,0.00025,137
MIN,37.0,53.33175,0.0,0.0,0.0,-0.00075,0.0,0.0,0.99975,0.0,0.0,0.0,0.00025,137
NOP,18.0,27.22575,0.18201547619047623,0.07157351190476184,0.0,0.00275,19.04599761904762,15.873254761904763,0.0,0.11075,0.88625,0.003,0.0,137
OKC,37.0,56.453,0.14568802910052925,0.14568802910052925,0.0,0.0,5.503022982804232,5.503022982804232,1.0,0.0,0.0,0.0,0.0,137
PHX,26.0,41.51725,0.0,0.0,0.086,-0.05725,0.0,0.0,0.63975,0.0,0.00075,0.3745,0.26925,137
POR,29.0,43.5085,0.17708854830877976,0.38632231726026794,0.063,-0.114,7.775920256203422,8.576667926223958,0.8245,0.0,0.0005,0.128,0.243,137
SAC,12.0,20.19925,0.06998824776205363,-0.020258880989790194,0.0,0.0,15.518519631858926,12.083831036554256,0.0,0.975,0.025,0.0,0.0,137
SAS,42.0,60.74225,0.0,0.0,0.0,0.0,0.0,0.0,1.0,0.0,0.0,0.0,0.0,137
UTA,25.0,36.56825,0.2844856364513393,0.07108069426666662,0.02925,0.03875,9.922682668375,9.570925751954762,0.149,0.0,0.06975,0.8785,0.031,137
ATL,25.0,38.709,0.0,0.0,0.07425,0.102,0.0,0.0,0.248,0.0,0.2315,0.59775,0.1055,138
BOS,38.0,55.74125,0.1446972736509867,0.1473481167055998,0.00075,-0.0015,5.62494422398589,5.62494422398589,1.0,0.0,0.0,0.0,0.0,138
BKN,14.0,24.099,-0.002597916666666667,-0.0026214285714285727,0.0,0.0,6.7650598324515,6.763297332451499,0.0,0.90125,0.09875,0.0,0.0,138
CHA,23.0,33.128,0.5546808976700891,0.04872260589275221,0.00375,0.043,12.150035143436607,12.885020558842134,0.00625,0.007,0.93575,0.05475,0.00175,138
CHI,22.0,32.5395,0.5322678746995532,0.031133883092162678,0.005,0.03025,12.510979960625445,12.89860772979229,0.00425,0.01175,0.94175,0.046,0.00025,138
CLE,31.0,47.401,0.0,0.0,0.0265,-0.12525,0.0,0.0,0.9205,0.0,0.00025,0.00625,0.21275,138
DET,38.0,54.15125,0.13665971485047407,0.14264596269005744,0.0015,-0.00575,5.9526500648973775,5.961114138369996,0.999,0.0,0.0,0.0,0.0035,138
IND,24.0,37.641,0.43576186141934525,0.2779053159791849,0.0485,0.1215,9.470305043265478,12.007964001703728,0.15825,0.0,0.388,0.531,0.05025,138
MIA,37.0,53.4605,-0.0013789615370094798,0.0034136956238977074,0.00125,-0.00775,9.381837747877979,9.386744549870528,0.999,0.0,0.0,0.0,0.00275,138
MIL,27.0,37.333,0.0,0.0,0.034,0.137,0.0,0.0,0.08775,0.0,0.45,0.47675,0.0565,138
NYK,43.0,61.506,0.0,0.0,0.0,0.0,0.0,0.0,1.0,0.0,0.0,0.0,0.0,138
ORL,26.0,41.65225,0.17938468392931553,0.4493815855474319,0.07475,0.00975,7.885188195914138,9.75508392766117,0.654,0.0,0.0375,0.27975,0.355,138
PHI,31.0,47.85375,0.169104113233416,0.3024000453606482,0.016,-0.12875,7.003494684679051,7.390657930824984,0.9435,0.0,0.0,0.0035,0.1575,138
TOR,34.0,50.02325,0.18166781509172175,0.25125422131364633,0.01525,-0.06975,6.557713305404719,6.687878754402239,0.97925,0.0,0.0,0.00075,0.05425,138
WAS,19.0,30.02175,0.4099224498421128,-0.03670456573095233,0.001,0.004,13.843206506669642,11.922373645429165,0.00025,0.115,0.8815,0.0035,0.0,138
DAL,21.0,33.4485,0.4258172226267858,0.20959491216391585,0.0495,0.12975,1.9305776151901788,2.7916843418082062,0.1425,0.00625,0.496,0.43225,0.034,138
DEN,27.0,40.306,0.0,0.0,0.05975,-0.12375,0.0,0.0,0.8325,0.0,0.0045,0.08425,0.24625,138
GSW,27.0,38.89625,0.31593487355386907,0.45451233125418083,0.077,-0.078,8.240422581150447,9.162010163002805,0.7185,0.0,0.01875,0.204,0.2955,138
HOU,32.0,48.7655,0.1780736655863591,0.17801686507936507,-0.00025,-0.0005,6.765200650992124,6.762731541341974,0.99975,0.0,0.0,0.0,0.00025,138
LAC,18.0,26.12375,0.0,0.0,0.00025,0.0025,5.156790123456789,5.156790123456789,0.00025,0.71275,0.28475,0.0025,0.0,138
LAL,31.0,48.23775,0.0,0.0,0.0005,-0.0045,0.0,0.0,1.0,0.0,0.0,0.0,0.00075,138
MEM,23.0,31.24675,0.5243874917970235,0.10577253199242766,0.012,0.09225,13.189227805065176,12.707063670077252,0.0175,0.036,0.7935,0.1615,0.007,138
MIN,29.0,44.61225,0.0,0.0,0.007,-0.0405,0.0,0.0,0.992,0.0,0.00025,0.00275,0.01775,138
NOP,18.0,28.9875,0.297984226190476,-0.08513839285714284,0.00725,0.03025,14.913289285714287,15.995665029761906,0.0065,0.198,0.762,0.039,0.0005,138
OKC,45.0,65.86175,0.0,0.0,0.0,0.0,5.156790123456789,5.156790123456789,1.0,0.0,0.0,0.0,0.0,138
PHX,24.0,35.97325,0.0,0.0,0.08175,0.0495,0.0,0.0,0.32275,0.0005,0.1475,0.5665,0.14875,138
POR,26.0,40.16675,0.20152374478824409,0.36114089656387044,0.05625,-0.123,7.781333126128571,8.39796225407035,0.85875,0.0,0.004,0.0975,0.215,138
SAC,13.0,19.11175,0.021523636492410698,-0.000861610293852042,0.0,0.0,15.832152999495529,12.081312708783436,0.0,0.999,0.001,0.0,0.0,138
SAS,32.0,49.7875,0.0,0.0,0.0,-0.00025,0.0,0.0,1.0,0.0,0.0,0.0,0.0,138
UTA,22.0,33.21425,0.6439516350703866,0.12127530514107134,0.044,0.128,11.8269145169439,9.817120331420238,0.109,0.0125,0.52275,0.40975,0.03425,138
ATL,25.0,39.471,0.0,0.0,0.03975,0.098,0.0,0.0,0.1925,0.0,0.23925,0.70975,0.02275,139
BOS,35.0,51.78925,0.12102131305690036,0.14531646951329918,0.0025,-0.01825,6.259787856384866,6.279797162226235,0.9985,0.0,0.0,0.00075,0.00675,139
BKN,18.0,26.596,-0.0018875000000000014,-0.008409374999999978,0.0,0.0,7.4865625606261,7.621555566578482,0.0,0.1535,0.84625,0.00025,0.0,139
CHA,24.0,36.21325,0.3185165794081846,0.10377796268679275,0.015,0.07925,11.00564689827545,12.786078364309171,0.027,0.0,0.82975,0.16875,0.00125,139
CHI,9.0,16.33025,0.03882146160133925,-0.0016018048165872992,0.0,0.0,15.78225928178705,12.104549436829107,0.0,0.99875,0.00125,0.0,0.0,139
CLE,32.0,47.13975,0.0,0.0,0.0565,-0.136,0.0,0.0,0.87875,0.0,0.0005,0.0875,0.1405,139
DET,33.0,51.016,0.13409958914443892,0.17726262694180994,0.00825,-0.03425,6.362684204724599,6.4155351404306,0.992,0.0,0.0,0.0035,0.017,139
IND,32.0,44.81175,0.23419965101547627,0.5379746063819627,0.086,-0.10075,7.876154477375596,9.489039790498344,0.57875,0.0,0.005,0.33075,0.263,139
MIA,31.0,46.96525,-0.032471200429855566,0.21546864090563653,0.05725,-0.137,9.286584339214524,9.83106751611302,0.88175,0.0,0.00125,0.09425,0.139,139
MIL,12.0,19.01725,0.0,0.0,0.0,0.0,0.0,0.0,0.0,0.98675,0.01325,0.0,0.0,139
NYK,37.0,57.2415,0.0,0.0,0.0,0.0,0.0,0.0,1.0,0.0,0.0,0.0,0.0,139
ORL,31.0,45.3335,0.22712225030291563,0.5584761337522707,0.084,-0.12225,7.653548138762946,8.984262148123996,0.715,0.0,0.00225,0.25525,0.218,139
PHI,34.0,52.807,0.10819985911292994,0.11993261593088628,0.0025,-0.00725,6.14031026599686,6.146081363397455,0.9985,0.0,0.0,0.00025,0.00225,139
TOR,31.0,45.34325,0.246385285046131,0.5918884805655356,0.0915,-0.11775,7.646201996981845,8.951108165264959,0.7285,0.0,0.00225,0.269,0.1895,139
WAS,25.0,35.07575,0.2703853880480656,0.04802600378214275,0.00525,0.05,11.457072679613393,11.934464407166072,0.00875,0.0,0.92,0.08,0.0,139
DAL,26.0,39.49225,0.12607680040580357,0.24217237031766584,0.085,-0.03225,0.5070859858232143,1.868952462956475,0.3695,0.0,0.00425,0.718,0.119,139
DEN,30.0,43.555,0.0,0.0,0.08,-0.13975,0.0,0.0,0.79975,0.0,0.0,0.137,0.1955,139
GSW,32.0,43.6495,0.21691109137916673,0.44649929269885913,0.07325,-0.145,7.815414954178274,8.466919351079017,0.7915,0.0,0.0,0.13375,0.201,139
HOU,28.0,44.68425,0.1488967582310406,0.32069934198100086,0.0355,-0.13775,7.500192062667322,7.828637588773731,0.925,0.0,0.00025,0.05825,0.09675,139
LAC,20.0,29.94275,0.0,0.0,0.0005,0.005,5.156790123456789,5.156790123456789,0.00075,0.01025,0.9835,0.00625,0.0,139
LAL,26.0,40.1955,0.0,0.0,0.09575,-0.045,0.0,0.0,0.4515,0.0,0.00325,0.62275,0.157,139
MEM,19.0,25.5265,0.293630902258482,-0.10494364641956605,0.0,0.0,14.455691018472764,12.738121015915443,0.0,0.28825,0.71175,0.0,0.0,139
MIN,34.0,50.388,0.0,0.0,0.001,-0.0045,0.0,0.0,0.99975,0.0,0.0,0.00025,0.001,139
NOP,16.0,27.068,0.24029449404761913,-0.1157328869047619,0.00025,0.0005,19.210303869047625,15.772751339285714,0.00025,0.1325,0.867,0.0005,0.0,139
OKC,45.0,67.88275,0.0,0.0,0.0,0.0,5.156790123456789,5.156790123456789,1.0,0.0,0.0,0.0,0.0,139
PHX,27.0,41.904,0.0,0.0,0.0925,-0.1105,0.0,0.0,0.66575,0.0,0.0,0.32125,0.22425,139
POR,34.0,49.29425,0.1836741676177083,0.19588877729146822,0.00325,-0.01425,6.645651054866452,6.657934690489617,0.99625,0.0,0.0,0.001,0.0055,139
SAC,17.0,25.418,0.2836491550245534,-0.113659109070106,0.0,0.0005,14.495558281266515,12.695042047001976,0.0,0.33625,0.66375,0.0,0.0,139
SAS,39.0,58.2775,0.0,0.0,0.0,0.0,0.0,0.0,1.0,0.0,0.0,0.0,0.0,139
UTA,18.0,27.571,0.30932792604196396,-0.0025867014261904053,0.0,0.001,13.728146151477675,10.134673825607734,0.0,0.09375,0.90525,0.001,0.0,139
ATL,31.0,47.462,0.0,0.0,0.0605,-0.13825,0.0,0.0,0.8735,0.0,0.005,0.10475,0.1325,140
BOS,29.0,44.57075,0.2857379295225585,0.6575876016349437,0.09875,-0.07025,8.022213948073782,9.944899149243032,0.57275,0.0,0.03975,0.46275,0.1505,140
BKN,17.0,25.3865,-0.002402612433862435,-0.00048282076719577047,0.0,0.0,6.254817223324516,6.257668116181658,0.0,0.41675,0.58325,0.0,0.0,140
CHA,26.0,39.2125,0.30612159124776783,0.16859518221896228,0.0275,0.095,10.062796541943898,12.572896846318887,0.05075,0.0,0.75675,0.22,0.012,140
CHI,15.0,24.3805,0.27603418347008923,-0.12155645476438176,0.0,0.0,14.981477307870085,12.421552222996468,0.0,0.5835,0.4165,0.0,0.0,140
CLE,31.0,48.1065,0.0,0.0,0.05475,-0.127,0.0,0.0,0.91375,0.0,0.001,0.067,0.095,140
DET,29.0,42.627,0.3081753254827382,0.45934705613656573,0.08225,0.0395,8.882759712758782,11.253967788000374,0.2485,0.0,0.17425,0.60825,0.1015,140
IND,36.0,51.60025,0.20813323512723775,0.24257976189425168,0.006,-0.0225,6.085502476636779,6.120731479828395,0.992,0.0,0.0005,0.00275,0.01125,140
MIA,32.0,48.27375,-0.027310574955538996,0.1638110915112425,0.048,-0.11975,9.314884538561797,9.693362154888504,0.911,0.0,0.00225,0.06775,0.0915,140
MIL,19.0,27.6935,0.0,0.0,0.0,0.0,0.0,0.0,0.0,0.118,0.882,0.0,0.0,140
NYK,36.0,53.17225,0.0,0.0,0.00075,-0.00675,0.0,0.0,0.99875,0.0,0.0,0.001,0.0035,140
ORL,32.0,47.18025,0.2676371536340168,0.5610963489915068,0.071,-0.137,7.241187317427894,8.065837441302397,0.83125,0.0,0.0055,0.13775,0.15875,140
PHI,31.0,49.55,0.24944486320292664,0.36634575749290677,0.0215,-0.085,6.549811988825066,6.712890666309095,0.97625,0.0,0.0,0.02,0.04,140
TOR,32.0,45.634,0.3184913712914463,0.7214801490294621,0.115,-0.11925,7.767137787036855,9.192619359044915,0.6315,0.0,0.017,0.306,0.2035,140
WAS,24.0,33.611,0.16982766659374998,0.0018043705077380964,0.0,0.0025,11.94874302583393,11.970999774556546,0.0,0.00025,0.99775,0.002,0.0,140
DAL,19.0,27.98725,0.32632117139464295,-0.057625458628422624,0.0,0.002,3.4680048460459822,3.3188002237934957,0.0,0.09275,0.90475,0.0025,0.0,140
DEN,32.0,49.2015,0.0,0.0,0.0025,-0.023,0.0,0.0,0.99525,0.0,0.0,0.001,0.01,140
GSW,28.0,41.78675,0.331405691111756,0.5376760116511905,0.09975,-0.082,8.421403203594942,9.621852703735168,0.64375,0.0,0.00025,0.371,0.23825,140
HOU,35.0,50.8135,0.20367733061825402,0.21066259824995046,0.0005,-0.00725,6.255110133448623,6.260228568724368,0.99925,0.0,0.0,0.00025,0.002,140
LAC,14.0,22.05925,0.0002581238977072313,0.0002581238977072313,0.0,0.0,5.182172784391533,5.182172784391533,0.0,0.88875,0.11125,0.0,0.0,140
LAL,27.0,41.1185,0.0,0.0,0.085,-0.058,0.0,0.0,0.4975,0.0,0.00175,0.4895,0.237,140
MEM,22.0,30.05325,0.2661018538580353,0.007331098540660429,0.00125,0.01575,12.838456465154465,12.895002064076246,0.00175,0.0145,0.9645,0.021,0.0,140
MIN,29.0,44.95275,0.0,0.0,0.045,-0.135,0.0,0.0,0.9195,0.0,0.00025,0.05475,0.126,140
NOP,17.0,25.5495,0.3442296130952381,-0.16771562499999998,0.0,0.0005,18.42890193452381,16.09556517857143,0.0,0.3895,0.61,0.0005,0.0,140
OKC,38.0,57.871,0.029221693121693152,0.029221693121693152,0.0,0.0,5.182172784391533,5.182172784391533,1.0,0.0,0.0,0.0,0.0,140
PHX,28.0,43.463,0.0,0.0,0.07175,-0.134,0.0,0.0,0.79525,0.0,0.0,0.1505,0.228,140
POR,30.0,45.66675,0.1791120502885637,0.29904051631668876,0.0295,-0.11425,7.373620994612355,7.639847450352534,0.942,0.0,0.0,0.0315,0.101,140
SAC,18.0,25.003,0.3154964395111607,-0.14408319225625527,0.0,0.0,14.802639725379908,12.498344770440458,0.0,0.496,0.504,0.0,0.0,140
SAS,38.0,58.359,0.0,0.0,0.0,0.0,0.0,0.0,1.0,0.0,0.0,0.0,0.0,140
UTA,25.0,37.65425,0.3148715798175596,0.10084478111964285,0.039,0.009,10.190019526831101,9.473090925013096,0.20575,0.0,0.02175,0.8775,0.05775,140
ATL,34.0,48.541,0.0,0.0,0.0115,-0.07275,0.0,0.0,0.979,0.0,0.0,0.00175,0.051,141
BOS,35.0,52.222,0.07852593081729498,0.08332163426521162,0.0005,-0.00775,6.2347316100707415,6.239339632191722,0.99925,0.0,0.0,0.0,0.002,141
BKN,22.0,32.7435,0.004239285714285717,0.007687648809523815,0.0065,0.0315,7.538499553571428,7.950806845238094,0.00875,0.0115,0.94825,0.03825,0.00125,141
CHA,25.0,37.8935,0.36225391393377976,0.36147420570071576,0.0705,0.134,9.46934810414003,11.856092519083816,0.19975,0.0,0.401,0.47875,0.077,141
CHI,16.0,24.97725,0.14146606853660726,-0.09177770872558108,0.0,0.0,15.247163848683034,12.156077875003092,0.0,0.8425,0.1575,0.0,0.0,141
CLE,38.0,57.62825,0.0,0.0,0.0,-0.00025,0.0,0.0,1.0,0.0,0.0,0.0,0.0,141
DET,29.0,40.923,0.2766148430090775,0.43049593375592404,0.08825,0.02825,8.466883056411161,10.327429194731321,0.4455,0.0,0.08125,0.36275,0.35675,141
IND,20.0,32.26925,0.47848372715744025,0.008063665434155307,0.0025,0.01875,12.393950907744047,12.837494179015048,0.0035,0.02025,0.9555,0.0235,0.00075,141
MIA,30.0,48.04075,-0.012415470613916445,0.0527772774876454,0.013,-0.0945,9.371088049026705,9.454819866974045,0.987,0.0,0.00025,0.0035,0.04625,141
MIL,27.0,38.21375,0.0,0.0,0.0635,0.1195,0.0,0.0,0.17075,0.0,0.34775,0.50475,0.1025,141
NYK,31.0,46.21575,0.0,0.0,0.0325,-0.13675,0.0,0.0,0.92975,0.0,0.00075,0.0175,0.16375,141
ORL,19.0,29.2,0.41648323634568424,-0.0760210647378784,0.0005,0.0025,13.962563613278125,12.738678605905623,0.0,0.167,0.8315,0.0015,0.0,141
PHI,31.0,47.482,0.18080451555238095,0.2812342942413832,0.0165,-0.118,6.992486665840089,7.198635796389658,0.97175,0.0,0.00025,0.00525,0.08175,141
TOR,38.0,54.76175,0.09057655423280431,0.09121927400661382,0.0,-0.001,5.9993381723985895,6.000002331041745,1.0,0.0,0.0,0.0,0.00025,141
WAS,26.0,38.874,0.3164899959319941,0.31949673838154763,0.08,0.09975,9.04920874912143,10.766028266373809,0.305,0.0,0.23475,0.5625,0.11675,141
DAL,21.0,30.2095,0.45384471973526797,0.048035534713056986,0.008,0.095,3.3142295150691967,3.0340935732839927,0.01575,0.08975,0.72075,0.1895,0.0,141
DEN,35.0,53.53625,0.0,0.0,0.00025,-0.00025,0.0,0.0,1.0,0.0,0.0,0.0,0.0,141
GSW,19.0,30.81175,0.5485784868752973,0.10500661588791803,0.022,0.1175,13.010603319756992,12.51146123858919,0.04475,0.057,0.671,0.27175,0.0,141
HOU,29.0,43.831,0.13527805999642856,0.37825980732480163,0.04975,-0.1425,7.568217586463987,8.304734054979464,0.866,0.0,0.0,0.08775,0.22525,141
LAC,21.0,31.1225,-0.000774371693121694,-0.000774371693121694,0.0135,0.124,5.189571858465608,5.189571858465608,0.034,0.04075,0.638,0.32125,0.0,141
LAL,27.0,43.81825,0.0,0.0,0.049,-0.1305,0.0,0.0,0.87025,0.0,0.0,0.1015,0.19475,141
MEM,22.0,30.3725,0.48056574673496993,0.06724478075261474,0.00825,0.09625,13.313577380756694,12.56357346374729,0.0205,0.0775,0.70825,0.21425,0.0,141
MIN,31.0,47.1785,0.0,0.0,0.012,-0.071,0.0,0.0,0.981,0.0,0.0,0.0095,0.0385,141
NOP,5.0,11.15175,0.00035937499999999647,-0.011258482142857136,0.0,0.0,16.513586160714286,14.702895833333335,0.0,1.0,0.0,0.0,0.0,141
OKC,39.0,60.55625,0.03149111552028223,0.03149111552028223,0.0,0.0,5.189571858465608,5.189571858465608,1.0,0.0,0.0,0.0,0.0,141
PHX,29.0,44.73225,0.0,0.0,0.0385,-0.12975,0.0,0.0,0.917,0.0,0.0,0.051,0.16125,141
POR,33.0,44.546,0.15052276812247026,0.376233764112996,0.054,-0.14475,7.5147695389364575,8.12983604296493,0.852,0.0,0.0,0.0565,0.224,141
SAC,19.0,26.2705,0.21042221369821434,-0.11957997078763463,0.00025,0.00625,15.041749131919193,12.278587687678685,0.00025,0.69375,0.301,0.00525,0.0,141
SAS,42.0,62.00925,0.0,0.0,0.0,0.0,0.0,0.0,1.0,0.0,0.0,0.0,0.0,141
UTA,27.0,39.868,0.273714712189137,0.2079743927577381,0.06725,-0.03975,8.657422900211163,9.146934634389286,0.3985,0.0,0.00225,0.69175,0.15625,141
ATL,25.0,37.6125,0.0,0.0,0.06875,0.0785,0.0,0.0,0.251,0.0,0.189,0.631,0.1055,142
BOS,37.0,54.4695,0.08170954585537922,0.08170954585537922,0.0,-0.00025,6.133933917548502,6.134592588534514,1.0,0.0,0.0,0.0,0.00025,142
BKN,14.0,22.8625,-0.0012699955908289254,-0.0012699955908289254,0.0,0.0,5.894047982804233,5.894047982804233,0.0,0.49075,0.50925,0.0,0.0,142
CHA,22.0,33.843,0.4264102677087797,0.14126760615441752,0.0195,0.0955,11.809631711600595,12.689423522034708,0.0305,0.0,0.81575,0.17625,0.004,142
CHI,13.0,20.44175,0.14509799989017866,-0.08038680289147383,0.0,0.0,15.46403709737321,12.185346269217579,0.0,0.858,0.142,0.0,0.0,142
CLE,38.0,56.704,0.0,0.0,0.0,0.0,0.0,0.0,1.0,0.0,0.0,0.0,0.0,142
DET,21.0,33.35575,0.4259177652193451,0.10978369605087726,0.01475,0.07825,12.047729471059375,12.744237778182763,0.0255,0.0,0.86275,0.1285,0.00475,142
IND,24.0,38.486,0.4441145891084823,0.41425846506172054,0.08875,0.05,9.129848718468155,11.052822717760126,0.371,0.0,0.10525,0.62875,0.1325,142
MIA,29.0,45.35525,-0.016738986773798488,0.09735206998479459,0.029,-0.12175,9.347706366687413,9.563444547665691,0.95425,0.0,0.0,0.01675,0.10075,142
MIL,17.0,24.8165,0.0,0.0,0.0,0.0,0.0,0.0,0.0,0.19375,0.80625,0.0,0.0,142
NYK,40.0,57.7765,0.0,0.0,0.0,0.0,0.0,0.0,1.0,0.0,0.0,0.0,0.0,142
ORL,30.0,43.23625,0.13689274871696433,0.3276212392315263,0.05175,-0.1165,7.665139872962052,8.449251472095323,0.82125,0.0,0.0025,0.078,0.276,142
PHI,35.0,52.52875,0.09059091710758375,0.09059091710758375,0.0,-0.001,6.305511055996474,6.306171692899152,1.0,0.0,0.0,0.0,0.00025,142
TOR,30.0,46.72025,0.08770214911928464,0.15589348614904652,0.011,-0.07275,7.271021619034225,7.388719370461855,0.9835,0.0,0.00025,0.00425,0.04575,142
WAS,28.0,40.4715,0.3080804639281251,0.3763342438363095,0.087,-0.02075,8.34667731059762,9.476228525577381,0.563,0.0,0.0245,0.3365,0.33025,142
DAL,21.0,31.6055,0.26105788713928574,0.018462538493775518,0.0015,0.016,2.6681860835486604,3.374750745863245,0.00275,0.00025,0.98,0.01875,0.00025,142
DEN,29.0,41.79025,0.0,0.0,0.08425,-0.0725,0.0,0.0,0.68875,0.0,0.02025,0.23525,0.25225,142
GSW,20.0,30.016,0.24961666853229147,0.004222889863820868,0.00125,0.006,13.314902560934968,12.92428346214218,0.00175,0.0015,0.99225,0.006,0.0,142
HOU,40.0,56.45575,0.138899614197531,0.138899614197531,0.0,0.0,5.894047982804233,5.894047982804233,1.0,0.0,0.0,0.0,0.0,142
LAC,29.0,39.278,0.0033556106701940073,0.0033556106701940073,0.09325,0.0345,5.350160637125219,5.350160637125219,0.33925,0.0,0.1085,0.5745,0.1615,142
LAL,30.0,47.2255,0.0,0.0,0.01025,-0.04375,0.0,0.0,0.99025,0.0,0.00025,0.005,0.0205,142
MEM,31.0,41.172,0.2899878410779763,0.5212492144540816,0.102,-0.05525,8.22427332876116,9.756938846224598,0.55625,0.0,0.03125,0.333,0.28475,142
MIN,35.0,51.30325,0.0,0.0,0.00025,-0.0015,0.0,0.0,1.0,0.0,0.0,0.0,0.00025,142
NOP,13.0,22.45075,0.11220937500000006,-0.1257037202380952,0.0,0.0,19.818465029761906,15.959616964285715,0.0,0.5675,0.4325,0.0,0.0,142
OKC,37.0,59.339,0.13558647486772504,0.13558647486772504,0.0,0.0,5.350160637125219,5.350160637125219,1.0,0.0,0.0,0.0,0.0,142
PHX,30.0,44.48,0.0,0.0,0.04625,-0.1175,0.0,0.0,0.92175,0.0,0.0,0.04425,0.1185,142
POR,27.0,39.26175,0.4046835916419643,0.5352862755221868,0.1,0.02875,8.831799592886906,10.867356574262136,0.419,0.0,0.12425,0.5535,0.14625,142
SAC,13.0,20.16775,0.13941614630267868,-0.07115466459369323,0.0,0.0,15.515256531961603,12.15897568307791,0.0,0.88825,0.11175,0.0,0.0,142
SAS,40.0,61.32225,0.0,0.0,0.0,0.0,0.0,0.0,1.0,0.0,0.0,0.0,0.0,142
UTA,22.0,35.45225,0.5067150187845239,0.0954558567464286,0.045,0.102,10.954638736059675,9.961688891666666,0.08025,0.0,0.7415,0.22975,0.01575,142
ATL,26.0,40.46525,0.0,0.0,0.0615,0.0615,0.0,0.0,0.2705,0.0,0.13425,0.7445,0.06525,143
BOS,37.0,54.628,0.1322068783068784,0.13154037998217605,0.0,-0.0015,6.033745672880788,6.036621043383467,0.9995,0.0,0.0,0.0,0.00125,143
BKN,18.0,28.411,0.002700848765432104,0.002700848765432104,0.0,0.0005,6.19565444223986,6.195630930335098,0.0,0.1285,0.871,0.0005,0.0,143
CHA,27.0,38.11875,0.30643940544151793,0.212981051380741,0.029,0.13225,9.436468498887352,12.181803289062715,0.09825,0.0,0.41375,0.5575,0.0205,143
CHI,23.0,34.43325,0.519548733209226,0.06870269130351464,0.0095,0.05525,11.198840380994792,12.850528771958503,0.01,0.0,0.9125,0.086,0.0015,143
CLE,30.0,46.5205,0.0,0.0,0.04425,-0.1345,0.0,0.0,0.89075,0.0,0.001,0.04225,0.236,143
DET,33.0,52.545,0.1120244978366953,0.12292898968848101,0.0005,-0.01425,6.295177666308313,6.304271724864562,0.999,0.0,0.0,0.0,0.00375,143
IND,31.0,45.3785,0.1051045575058036,0.3774900078905244,0.0525,-0.109,7.54560489048497,8.707310546532401,0.7855,0.0,0.00125,0.08975,0.36775,143
MIA,23.0,36.782,0.37064256245229277,0.13779373390372923,0.0245,0.122,10.081507783617438,12.690867757534289,0.0625,0.0,0.65425,0.33975,0.00325,143
MIL,20.0,29.38125,0.0,0.0,0.00025,0.00175,0.0,0.0,0.0,0.0685,0.9305,0.001,0.0,143
NYK,41.0,58.88275,0.0,0.0,0.0,0.0,0.0,0.0,1.0,0.0,0.0,0.0,0.0,143
ORL,34.0,47.48025,0.14119412330949074,0.3324657743388558,0.0395,-0.12725,7.277149483004525,7.837115699189742,0.899,0.0,0.0,0.0165,0.21875,143
PHI,29.0,48.37375,0.14451309835699405,0.2643091340440972,0.014,-0.1175,7.090382138917559,7.311218857386112,0.971,0.0,0.0,0.00725,0.0815,143
TOR,41.0,57.01875,0.14470428791887138,0.14470428791887138,0.0,-0.0005,5.6046805555555546,5.6046805555555546,1.0,0.0,0.0,0.0,0.0,143
WAS,24.0,34.87125,0.5052039429255951,0.07111815839821425,0.00925,0.07225,10.942374347919644,11.879335746169643,0.014,0.0,0.8845,0.115,0.0005,143
DAL,18.0,28.57525,0.36674020577366084,-0.0021044939993239745,0.01525,0.056,3.9028495893790187,3.2171677777743453,0.02025,0.11575,0.78975,0.08625,0.006,143
DEN,34.0,50.5775,0.0,0.0,0.0,-0.00025,0.0,0.0,1.0,0.0,0.0,0.0,0.0,143
GSW,30.0,43.51825,0.0294596678404762,0.05979579764791667,0.007,-0.04475,7.387571459504611,7.440173832497667,0.98975,0.0,0.0,0.00175,0.02575,143
HOU,37.0,53.39525,0.11384899691358026,0.11384899691358026,0.0,0.0,6.19565444223986,6.195630930335098,1.0,0.0,0.0,0.0,0.0,143
LAC,25.0,35.07775,0.0,0.0,0.0755,0.03075,5.169954442239858,5.169954442239858,0.435,0.00025,0.08175,0.417,0.31625,143
LAL,20.0,33.51975,0.0,0.0,0.08,0.097,0.0,0.0,0.32875,0.00175,0.2475,0.49475,0.15925,143
MEM,17.0,24.13125,0.14994866751830369,-0.0816628571440956,0.0,0.00225,15.30050848797455,12.229550029915185,0.0,0.823,0.176,0.001,0.0,143
MIN,24.0,40.52225,0.0,0.0,0.01825,-0.122,0.0,0.0,0.96025,0.0,0.00075,0.018,0.1085,143
NOP,15.0,22.229,0.01362678571428572,-0.05046904761904764,0.0,0.00025,19.38820877976191,15.726752827380954,0.0,0.95275,0.04725,0.0,0.0,143
OKC,41.0,61.833,0.015006900352733702,0.015006900352733702,0.0,0.0,5.169954442239858,5.169954442239858,1.0,0.0,0.0,0.0,0.0,143
PHX,25.0,39.52475,0.0,0.0,0.03275,-0.11825,0.0,0.0,0.9035,0.0,0.00175,0.03825,0.197,143
POR,23.0,33.1285,0.6314980740999998,0.39584293524018965,0.06675,0.10925,11.304942612780804,11.585708097280477,0.21525,0.0025,0.2845,0.5255,0.117,143
SAC,14.0,23.1635,0.12404901881473222,-0.05996558383149929,0.0,0.0005,15.456366300289282,12.163408287629412,0.0,0.89875,0.101,0.00025,0.0,143
SAS,39.0,55.5045,0.0,0.0,0.0,0.0,0.0,0.0,1.0,0.0,0.0,0.0,0.0,143
UTA,21.0,32.00925,0.6297317099572916,0.15649668334940467,0.05725,0.12475,12.060642042504167,9.71741382095774,0.14725,0.00825,0.46675,0.41725,0.07025,143
ATL,33.0,48.27325,0.0,0.0,0.011,-0.0435,0.0,0.0,0.986,0.0,0.00025,0.008,0.0175,144
BOS,38.0,54.79275,0.1484910383597885,0.14916066391693136,0.0,-0.00025,5.838376984126984,5.838376984126984,1.0,0.0,0.0,0.0,0.0,144
BKN,18.0,28.173,-0.0004690476190476187,0.0002830357142857165,0.0,0.0,6.839975777116402,6.85639289021164,0.0,0.32075,0.67925,0.0,0.0,144
CHA,27.0,39.72725,0.41814286409255963,0.5394545977045491,0.10425,0.09475,9.191956248875597,11.562749603446596,0.23425,0.0,0.38325,0.41725,0.083,144
CHI,10.0,20.7545,0.03633844099017858,-0.006969458938319144,0.0,0.0,15.526650437386607,12.081831293333272,0.0,0.99,0.01,0.0,0.0,144
CLE,29.0,43.01975,0.0,0.0,0.11225,-0.0885,0.0,0.0,0.63825,0.0,0.0625,0.23525,0.21325,144
DET,27.0,43.2335,0.2593695145974704,0.6418869978027977,0.10725,-0.101,7.853544390002828,9.067949254788939,0.7105,0.0,0.05475,0.21975,0.17,144
IND,24.0,39.03125,0.4305840674114584,0.42794423931354425,0.086,0.11075,9.474001756149107,11.928293673660336,0.19375,0.0,0.50825,0.36,0.05225,144
MIA,38.0,53.80725,0.0,0.0,0.0,0.0,9.382940917107586,9.382940917107586,1.0,0.0,0.0,0.0,0.0,144
MIL,22.0,29.57625,0.0,0.0,0.0,0.00025,0.0,0.0,0.0,0.1415,0.85825,0.00025,0.0,144
NYK,29.0,44.6505,0.0,0.0,0.0775,-0.12775,0.0,0.0,0.8555,0.0,0.021,0.11,0.11975,144
ORL,29.0,43.877,0.2148139208831846,0.5889195003419797,0.0885,-0.11525,7.6821274425656245,8.634127641598582,0.78125,0.0,0.03525,0.15625,0.16175,144
PHI,38.0,54.8215,0.15115097001763683,0.15115097001763683,0.0,0.0,5.8262129850088185,5.8262129850088185,1.0,0.0,0.0,0.0,0.0,144
TOR,28.0,42.083,0.3039205304739584,0.6359201289260699,0.114,-0.025,8.207098701827084,9.94819989921611,0.5535,0.0,0.11275,0.3455,0.1665,144
WAS,24.0,36.9775,0.4557027196354167,0.16183603994702378,0.03425,0.09675,10.564885413117263,11.74890104004226,0.047,0.0,0.82225,0.14775,0.016,144
DAL,20.0,30.73075,0.38844173052008935,0.022973457570778073,0.012,0.0655,3.355117578634375,3.272291042224933,0.016,0.0685,0.836,0.095,0.00025,144
DEN,39.0,56.098,0.0,0.0,0.0,0.0,0.0,0.0,1.0,0.0,0.0,0.0,0.0,144
GSW,30.0,42.26825,0.18378987090446428,0.291771674877381,0.0405,-0.11025,7.840023447975595,8.628795037655804,0.80225,0.0,0.00075,0.03925,0.40975,144
HOU,32.0,48.04725,0.17404635961461087,0.19827393048598987,0.00425,-0.031,6.840863653804795,6.86951978504046,0.99675,0.0,0.0,0.0005,0.012,144
LAC,23.0,30.4845,-0.002323115079365082,-0.002323115079365082,0.005,0.059,5.254634171075837,5.254634171075837,0.00775,0.06775,0.85825,0.07375,0.00025,144
LAL,32.0,50.341,0.0,0.0,0.0005,-0.00625,0.0,0.0,0.9995,0.0,0.0,0.0,0.0015,144
MEM,24.0,35.41225,0.4837952916065476,0.21743450188559216,0.04025,0.1005,10.878829717991815,11.920532459649966,0.173,0.0005,0.24325,0.7075,0.03275,144
MIN,27.0,43.04525,0.0,0.0,0.025,-0.12575,0.0,0.0,0.91425,0.0,0.00025,0.02675,0.2285,144
NOP,20.0,27.73075,0.07891324404761908,-0.025883333333333317,0.0,0.0075,18.725430208333332,16.23830967261905,0.0,0.40425,0.59125,0.0045,0.0,144
OKC,39.0,58.71475,0.0740815586419754,0.0740815586419754,0.0,0.0,5.254634171075837,5.254634171075837,1.0,0.0,0.0,0.0,0.0,144
PHX,28.0,42.88,0.0,0.0,0.03,-0.121,0.0,0.0,0.8845,0.0,0.0005,0.0245,0.2875,144
POR,21.0,33.489,0.5175780908916665,0.17230339668444705,0.036,0.12975,11.953660619490774,12.403853504342397,0.097,0.00575,0.567,0.41625,0.006,144
SAC,10.0,17.27825,0.028922698067857112,-4.5794340476191575e-05,0.0,0.0,15.808960146553567,12.072992865140277,0.0,1.0,0.0,0.0,0.0,144
SAS,37.0,56.022,0.0,0.0,0.0,0.0,0.0,0.0,1.0,0.0,0.0,0.0,0.0,144
UTA,24.0,34.65975,0.47897961450089277,0.10120110634999992,0.03675,0.1265,11.39105043648021,9.755585918454763,0.109,0.001,0.355,0.612,0.0215,144
ATL,21.0,33.91775,0.0,0.0,0.044,0.1135,0.0,0.0,0.0845,0.00575,0.72,0.22025,0.032,145
BOS,35.0,50.66875,0.08770899470899468,0.0883770736625661,0.0,-0.00075,6.322187279541447,6.322187279541447,1.0,0.0,0.0,0.0,0.0,145
BKN,23.0,32.23675,0.004608184523809521,0.034666071428571435,0.0125,0.06925,7.458557589285714,7.937362351190475,0.0135,0.0245,0.876,0.0885,0.0085,145
CHA,27.0,40.713,0.21431449000877983,0.43193889677637753,0.07375,-0.102,7.843490480152975,8.62290012424432,0.80125,0.0,0.02375,0.11425,0.232,145
CHI,19.0,29.37175,0.3765636987824402,-0.068795982298268,0.00225,0.01025,14.207005453271577,12.768013773340204,0.00125,0.201,0.79025,0.008,0.00025,145
CLE,22.0,35.2585,0.0,0.0,0.07625,0.13325,0.0,0.0,0.1855,0.00375,0.52825,0.33075,0.07,145
DET,34.0,51.367,0.06636132299242171,0.06746608465745149,0.00025,-0.0005,6.253503505291006,6.254144152029399,1.0,0.0,0.0,0.0,0.00025,145
IND,25.0,37.017,0.5208229795831847,0.5466419344845818,0.106,0.089,9.377615780747174,11.024722737715589,0.33975,0.00025,0.24525,0.416,0.17175,145
MIA,25.0,37.947,0.2285258997035881,0.38201030653238227,0.10425,0.02675,9.693386013075834,11.129877256710053,0.49025,0.0,0.14875,0.3375,0.22725,145
MIL,22.0,32.0825,0.0,0.0,0.01775,0.06275,0.0,0.0,0.0175,0.0365,0.8785,0.075,0.007,145
NYK,38.0,57.06325,0.0,0.0,0.0,0.0,0.0,0.0,1.0,0.0,0.0,0.0,0.0,145
ORL,31.0,46.572,0.1619841466675595,0.18115833744717263,0.00225,-0.01675,6.990464945248958,7.009067095487797,0.99775,0.0,0.0,0.0,0.008,145
PHI,27.0,41.61725,0.14982410119404765,0.3350567227938902,0.05025,-0.11075,7.617797962135863,8.120172890451707,0.8875,0.0,0.0105,0.06125,0.162,145
TOR,33.0,47.80225,0.16812331902282296,0.1758530080816027,0.00075,-0.0055,6.752838957112952,6.762054025878427,0.999,0.0,0.0,0.0,0.004,145
WAS,24.0,35.44,0.6379832747797618,0.3465115132672618,0.0715,0.13775,10.385579405084526,11.174513969272025,0.18225,0.001,0.506,0.3485,0.077,145
DAL,27.0,39.85925,0.06844683072544643,0.2106733263205017,0.065,-0.0265,0.23173977224866074,1.8345916478229252,0.38925,0.0,0.00525,0.70425,0.14475,145
DEN,31.0,50.0575,0.0,0.0,0.001,-0.01425,0.0,0.0,0.99925,0.0,0.0,0.0,0.00325,145
GSW,22.0,33.46425,0.6500430491782736,0.13779479784146112,0.0225,0.121,11.702465067862203,12.371694725626623,0.0715,0.0075,0.5185,0.47175,0.001,145
HOU,30.0,43.83025,0.14033804918541667,0.4158105470228316,0.05875,-0.1295,7.488949938224552,8.37186996952521,0.82575,0.0,0.00025,0.09125,0.2565,145
LAC,21.0,30.55925,0.0,0.0,0.006,0.05125,5.157822619047618,5.157822619047618,0.007,0.11,0.8,0.08975,0.0,145
LAL,37.0,57.171,0.0,0.0,0.0,0.0,0.0,0.0,1.0,0.0,0.0,0.0,0.0,145
MEM,18.0,26.315,0.17142017272455365,-0.09827847484389014,0.00025,0.00325,15.152992627720087,12.281833703330134,0.0,0.763,0.23425,0.00275,0.0,145
MIN,28.0,43.52725,0.0,0.0,0.04825,-0.1245,0.0,0.0,0.851,0.0,0.0005,0.10875,0.24425,145
NOP,17.0,25.55125,0.10557380952380958,-0.056728273809523756,0.0,0.00075,18.213434077380953,15.704426636904762,0.00025,0.83925,0.16,0.00075,0.0,145
OKC,44.0,64.977,0.001548743386243388,0.001548743386243388,0.0,0.0,5.157822619047618,5.157822619047618,1.0,0.0,0.0,0.0,0.0,145
PHX,30.0,45.299,0.0,0.0,0.0325,-0.12525,0.0,0.0,0.9155,0.0,0.0,0.03675,0.14725,145
POR,31.0,44.59775,0.14327012177068454,0.40738725869037695,0.04925,-0.144,7.376907454024702,8.040017491170634,0.87825,0.0,0.0,0.05925,0.20125,145
SAC,14.0,20.71325,0.03257632551696427,-0.0022820318763321972,0.0,0.0,15.816409001642405,12.077844065162349,0.0,0.99825,0.00175,0.0,0.0,145
SAS,42.0,61.64375,0.0,0.0,0.0,0.0,0.0,0.0,1.0,0.0,0.0,0.0,0.0,145
UTA,22.0,33.3595,0.6080896875223213,0.06922187533392853,0.019,0.1175,11.822365629883334,9.900842002783335,0.06225,0.00925,0.55225,0.43475,0.00175,145
ATL,31.0,44.8575,0.0,0.0,0.04025,-0.12075,0.0,0.0,0.914,0.0,0.0005,0.0365,0.15425,146
BOS,41.0,60.034,0.09801708553791899,0.09801708553791899,0.0,0.0,5.331161078042327,5.331161078042327,1.0,0.0,0.0,0.0,0.0,146
BKN,11.0,18.294,-0.0018198798500881825,-0.0027389274691358026,0.0,0.0,6.467919802689596,6.471148522927691,0.0,0.98625,0.01375,0.0,0.0,146
CHA,18.0,30.241,0.3144802220936009,0.00947195872186083,0.00125,0.01025,12.526825722165626,12.861561559448837,0.002,0.0035,0.98575,0.01075,0.0,146
CHI,15.0,25.715,0.29578701468348184,-0.07485732061733275,0.00025,0.001,14.187492264349105,12.734414169972272,0.0,0.16525,0.83475,0.0,0.0,146
CLE,36.0,54.4625,0.0,0.0,0.0,-0.00025,0.0,0.0,1.0,0.0,0.0,0.0,0.0,146
DET,28.0,42.9815,0.15074496648184527,0.3778565894624504,0.06175,-0.102,7.761132500925296,8.705146530161047,0.78725,0.0,0.0075,0.13375,0.27075,146
IND,26.0,39.29725,0.3020646101090775,0.4415932684797548,0.09125,0.02625,8.769738731270387,10.870678945744748,0.3715,0.0,0.0745,0.621,0.1535,146
MIA,39.0,54.54525,0.0,0.0,0.0,0.0,9.382940917107586,9.382940917107586,1.0,0.0,0.0,0.0,0.0,146
MIL,15.0,23.8045,0.0,0.0,0.0,0.0,0.0,0.0,0.0,0.45525,0.54475,0.0,0.0,146
NYK,38.0,56.83725,0.0,0.0,0.0,0.0,0.0,0.0,1.0,0.0,0.0,0.0,0.0,146
ORL,32.0,47.6315,0.08310254366184415,0.12590204944468145,0.00925,-0.05025,7.2819253800929165,7.351830793701051,0.988,0.0,0.0,0.00225,0.0295,146
PHI,22.0,35.1605,0.3738412745476191,0.1833244991077665,0.03275,0.1095,10.5461833162939,12.467174265025077,0.066,0.0,0.7025,0.277,0.0115,146
TOR,26.0,37.75825,0.3297923899107143,0.31628602206052303,0.0605,0.08525,9.398364989166817,11.562936257448207,0.1965,0.0,0.20975,0.64925,0.087,146
WAS,28.0,41.5425,0.22492238132812503,0.3961319135994047,0.0825,-0.05925,8.04371323842991,9.100272368908334,0.67475,0.0,0.016,0.2695,0.2935,146
DAL,24.0,36.144,0.13378467763928575,0.07967765269204934,0.0185,0.047,0.7439032382745536,2.2740671813344817,0.17125,0.0,0.07725,0.894,0.01925,146
DEN,31.0,46.619,0.0,0.0,0.02375,-0.12675,0.0,0.0,0.93675,0.0,0.0,0.00775,0.17125,146
GSW,21.0,31.1535,0.31171682018273794,0.05523605296544788,0.00775,0.04775,12.182786695269645,12.779438195054215,0.011,0.0005,0.91725,0.08225,0.0,146
HOU,36.0,52.472,0.13311898392716598,0.1368488399713624,0.00025,-0.0055,6.468293778142721,6.478531544675309,0.99825,0.0,0.0,0.0,0.0045,146
LAC,20.0,28.63775,0.0,0.0,0.00075,0.0125,5.157564495149911,5.157564495149911,0.0015,0.009,0.97925,0.01175,0.0,146
LAL,35.0,52.4375,0.0,0.0,0.00075,-0.0115,0.0,0.0,0.998,0.0,0.0,0.0,0.00425,146
MEM,20.0,26.7435,0.3121599426348211,-0.03643525693255384,0.00075,0.00275,13.839168099185711,12.819577999277714,0.00025,0.064,0.934,0.002,0.0,146
MIN,35.0,50.47625,0.0,0.0,0.0035,-0.02775,0.0,0.0,0.9955,0.0,0.0,0.0,0.0155,146
NOP,17.0,24.4985,0.07529627976190477,-0.027836607142857114,0.0,0.00025,19.288034672619048,15.88955193452381,0.0,0.31725,0.68275,0.0,0.0,146
OKC,42.0,64.96325,0.0012906194885361566,0.0012906194885361566,0.0,0.0,5.157564495149911,5.157564495149911,1.0,0.0,0.0,0.0,0.0,146
PHX,29.0,45.85275,0.0,0.0,0.02125,-0.131,0.0,0.0,0.921,0.0,0.0,0.017,0.21125,146
POR,30.0,42.76625,0.1456058430224703,0.2744729554783164,0.047,-0.0435,7.878385625217559,9.273682016753167,0.68625,0.0,0.0005,0.14525,0.483,146
SAC,9.0,15.5765,0.04109869369196425,-0.0009369464607142861,0.0,0.0,15.785217564189281,12.014669904822565,0.0,0.999,0.001,0.0,0.0,146
SAS,39.0,59.85175,0.0,0.0,0.0,0.0,0.0,0.0,1.0,0.0,0.0,0.0,0.0,146
UTA,26.0,38.645,0.25122179432857145,0.09531588736428571,0.0355,0.00925,9.028281990356696,9.436688147248809,0.28025,0.0,0.01825,0.84,0.091,146
ATL,20.0,32.7655,0.0,0.0,0.00025,0.006,0.0,0.0,0.00025,0.01825,0.976,0.00575,0.0,147
BOS,29.0,46.11125,0.1920240310636905,0.49624257456381654,0.059,-0.132,7.304125052115178,7.957975347125843,0.893,0.0,0.00525,0.08625,0.148,147
BKN,14.0,21.83575,-0.0020471726190476164,-0.009787351190476197,0.0,0.0,7.647910863095237,7.748494791666665,0.0,0.98625,0.01375,0.0,0.0,147
CHA,33.0,47.4955,0.2047871272483245,0.3974016373936405,0.0375,-0.12,7.032563929250067,7.4106663725415585,0.9275,0.0,0.002,0.04,0.10575,147
CHI,27.0,39.2445,0.31023791063065476,0.2606801105217997,0.03275,0.123,9.535987645206845,12.165033970021282,0.0995,0.0,0.56,0.3765,0.03875,147
CLE,28.0,42.6225,0.0,0.0,0.0935,0.0145,0.0,0.0,0.44725,0.0,0.11225,0.4445,0.21475,147
DET,26.0,40.92575,0.2953849979254465,0.4170793966625424,0.07575,0.0815,8.814213619275447,11.356029028041718,0.279,0.0,0.258,0.53675,0.10025,147
IND,38.0,56.6405,0.11015209435626114,0.11015209435626114,0.0,0.0,5.410569435867201,5.410998453909016,0.99975,0.0,0.0,0.0,0.00025,147
MIA,31.0,47.03675,-0.027430901207269598,0.16075418531607694,0.0445,-0.12425,9.312857619713075,9.697611138643618,0.91525,0.0,0.00225,0.05675,0.122,147
MIL,19.0,27.92775,0.0,0.0,0.0,0.0,0.0,0.0,0.0,0.40625,0.59375,0.0,0.0,147
NYK,35.0,52.0725,0.0,0.0,0.0,-0.0085,0.0,0.0,0.9995,0.0,0.0,0.0,0.0025,147
ORL,30.0,43.0035,0.23769322178333346,0.5483727891738874,0.09175,-0.0245,8.176306810133482,10.24741239477762,0.455,0.0,0.066,0.44675,0.2345,147
PHI,32.0,49.3035,0.18439054463922508,0.27034210952493937,0.0135,-0.06,6.61395506401045,6.713105151888973,0.984,0.0,0.0,0.00675,0.03325,147
TOR,39.0,55.8385,0.14710239197530883,0.14710239197530883,0.0,0.0,5.531952998236331,5.531952998236331,1.0,0.0,0.0,0.0,0.0,147
WAS,20.0,29.71525,0.3529925092334818,-0.048551789385119004,0.0,0.0,14.033897863527676,11.833784070428573,0.0,0.1485,0.8515,0.0,0.0,147
DAL,19.0,30.19525,0.38446072188839286,-0.03052983608806549,0.0065,0.0315,3.67261013624375,3.160786545364801,0.00675,0.11225,0.849,0.03575,0.00175,147
DEN,35.0,51.88125,0.0,0.0,0.0,0.0,0.0,0.0,1.0,0.0,0.0,0.0,0.0,147
GSW,22.0,32.481,0.500212183670089,0.1536393674160699,0.02375,0.0945,12.652637703717113,12.591157715792335,0.04,0.01125,0.8185,0.15,0.01225,147
HOU,28.0,41.4595,0.1733350730590774,0.3054612424632652,0.0485,-0.11975,7.681387988430058,8.029471207456574,0.8985,0.0,0.00475,0.0595,0.14525,147
LAC,29.0,39.673,-0.0005162477954144627,-0.0005162477954144627,0.0975,-0.099,5.157306371252203,5.157306371252203,0.6815,0.0,0.02725,0.17125,0.29075,147
LAL,22.0,36.025,0.0,0.0,0.08875,0.09425,0.0,0.0,0.3485,0.00025,0.2985,0.461,0.096,147
MEM,20.0,28.449,0.27931321117053554,-0.09533293678008344,0.0,0.0065,14.52032058428214,12.580493018900574,0.00075,0.3145,0.67975,0.00525,0.0005,147
MIN,33.0,48.802,0.0,0.0,0.0005,-0.004,0.0,0.0,0.99975,0.0,0.0,0.00025,0.00125,147
NOP,25.0,35.90825,0.346148511904762,0.30699880952380953,0.085,0.101,15.893235565476193,15.094890327380952,0.23475,0.00075,0.30625,0.48625,0.10725,147
OKC,40.0,62.05025,0.0043881062610229326,0.0043881062610229326,0.0,0.0,5.157306371252203,5.157306371252203,1.0,0.0,0.0,0.0,0.0,147
PHX,22.0,34.7795,0.0,0.0,0.0635,0.12175,0.0,0.0,0.16675,0.002,0.508,0.37825,0.058,147
POR,31.0,44.06275,0.07392784436741073,0.11973495676512896,0.012,-0.059,7.38007779565357,7.447384763563886,0.9815,0.0,0.0,0.00525,0.0355,147
SAC,12.0,18.449,0.032880209778571395,-0.0009376979677295916,0.0,0.0,15.80486250737455,12.001907696797236,0.0,0.99975,0.00025,0.0,0.0,147
SAS,35.0,54.4955,0.0,0.0,0.0,0.0,0.0,0.0,1.0,0.0,0.0,0.0,0.0,147
UTA,26.0,38.74975,0.4258169656764882,0.28332470787678576,0.09375,-0.041,8.657628523237054,8.46365646272381,0.64125,0.0,0.067,0.24725,0.2515,147
ATL,28.0,43.8285,0.0,0.0,0.0595,-0.07025,0.0,0.0,0.7615,0.0,0.0005,0.15425,0.3785,148
BOS,36.0,51.94325,0.16987682367443785,0.18214324481848546,0.0005,-0.01625,6.38697371396864,6.405015000799593,0.9985,0.0,0.0,0.0,0.00725,148
BKN,16.0,25.74875,0.005011458333333332,-0.010152678571428563,0.0,0.0,7.508382142857142,7.708987797619046,0.0,0.559,0.44025,0.00075,0.0,148
CHA,18.0,28.45775,0.3702344572214282,-0.06067338279692159,0.00025,0.007,13.970036808805355,12.863146699862403,0.0,0.1395,0.85525,0.00525,0.0,148
CHI,23.0,34.66375,0.4477137436232142,0.1521785446580257,0.0125,0.12225,10.718157504362352,12.530486928781851,0.03825,0.00025,0.62225,0.37525,0.00175,148
CLE,22.0,35.6645,0.0,0.0,0.02075,0.1175,0.0,0.0,0.09275,0.00025,0.4115,0.57975,0.0055,148
DET,29.0,45.46075,0.08724439115699406,0.297089518622371,0.0375,-0.12025,7.498619197434225,8.417697591981002,0.855,0.0,0.0,0.058,0.30725,148
IND,39.0,57.32875,0.13525074955908303,0.13525074955908303,0.0,0.0,5.423785692239859,5.423785692239859,1.0,0.0,0.0,0.0,0.0,148
MIA,33.0,49.214,-0.011015165418727954,0.05203946055462228,0.01075,-0.0715,9.361164342741068,9.463671620461682,0.97975,0.0,0.0,0.001,0.05625,148
MIL,22.0,29.634,0.0,0.0,0.0,0.00875,0.0,0.0,0.00025,0.0435,0.9455,0.011,0.0,148
NYK,38.0,54.288,0.0,0.0,0.0005,-0.00175,0.0,0.0,0.99975,0.0,0.0,0.0,0.00025,148
ORL,38.0,56.39525,0.16902592592592608,0.16902592592592608,0.0,-0.00025,5.56157208994709,5.56157208994709,1.0,0.0,0.0,0.0,0.0,148
PHI,29.0,47.431,0.11640192985208332,0.2498744686530754,0.01875,-0.117,7.254723493766964,7.563936363953025,0.95775,0.0,0.0,0.00975,0.115,148
TOR,27.0,40.38725,0.20404385808809533,0.3225861313792063,0.0605,0.0075,8.508435369357441,11.213525949686886,0.31175,0.0,0.02175,0.7655,0.12825,148
WAS,21.0,31.05225,0.46575397990312467,0.017712102222023785,0.0025,0.02775,12.718817475918602,11.960341139254762,0.00475,0.02075,0.93975,0.0395,0.0,148
DAL,28.0,39.36075,0.07502145930357143,0.22374868638365222,0.07125,-0.0215,0.26938381461250005,1.398970411024443,0.49175,0.0,0.0135,0.3935,0.34375,148
DEN,36.0,55.18475,0.0,0.0,0.0,0.0,0.0,0.0,1.0,0.0,0.0,0.0,0.0,148
GSW,29.0,43.36325,0.1003102485202381,0.22800448854133923,0.033,-0.11825,7.574402684457588,8.07783625422233,0.9025,0.0,0.00075,0.0415,0.19425,148
HOU,31.0,44.19725,0.09491213850089286,0.21973581397550596,0.036,-0.1265,7.519586082368599,7.928140328019144,0.90975,0.0,0.0,0.01975,0.17825,148
LAC,23.0,32.43175,0.002014186507936511,0.002014186507936511,0.01375,0.099,5.3994872244268075,5.3994872244268075,0.0415,0.004,0.7345,0.254,0.00525,148
LAL,21.0,34.463,0.0,0.0,0.04175,0.11725,0.0,0.0,0.166,0.00175,0.3395,0.621,0.02025,148
MEM,15.0,22.4155,0.09841736936250003,-0.039220036320612155,0.0,0.0,15.518100739479014,12.15178969760191,0.0,0.9425,0.0575,0.0,0.0,148
MIN,34.0,52.8445,0.0,0.0,0.0,-0.00025,0.0,0.0,1.0,0.0,0.0,0.0,0.0,148
NOP,19.0,27.21375,0.23331994047619048,-0.0714126488095238,0.00075,0.00625,17.953,16.535614583333334,0.0005,0.28625,0.7085,0.00525,0.0,148
OKC,38.0,57.42025,0.1341909060846562,0.1341909060846562,0.0,0.0,5.3994872244268075,5.3994872244268075,1.0,0.0,0.0,0.0,0.0,148
PHX,25.0,38.5605,0.0,0.0,0.079,0.00225,0.0,0.0,0.4685,0.0,0.02975,0.54825,0.2385,148
POR,34.0,47.99,0.12791783048041228,0.1530944327543706,0.00675,-0.03175,7.149473714258817,7.1874037073423,0.99425,0.0,0.0,0.00025,0.01675,148
SAC,14.0,21.008,0.07744925582723215,-0.015968360901771502,0.0,0.0,15.697558559290622,12.118003050934785,0.0,0.9805,0.0195,0.0,0.0,148
SAS,34.0,51.141,0.0,0.0,0.00025,-0.003,0.0,0.0,1.0,0.0,0.0,0.0,0.0015,148
UTA,20.0,30.908,0.4887014395147318,0.036546245364880915,0.01125,0.06375,12.720833239748512,10.073902333577378,0.02525,0.02175,0.85975,0.1165,0.0015,148
ATL,34.0,49.5595,0.0,0.0,0.0205,-0.06675,0.0,0.0,0.97475,0.0,0.0,0.01125,0.04175,149
BOS,26.0,40.93175,0.31015755928497024,0.3574468211611493,0.06275,0.103,9.201535311297322,11.750853214341062,0.238,0.0,0.28875,0.5945,0.05075,149
BKN,15.0,24.58025,0.0008732142857142873,-0.0018596726190476163,0.0,0.0,7.10016440696649,7.245880627204586,0.0,0.222,0.778,0.0,0.0,149
CHA,33.0,48.02725,0.23141834374581127,0.39483257199347005,0.0355,-0.1235,7.033601184586558,7.370988769266538,0.92725,0.0,0.001,0.0355,0.10325,149
CHI,12.0,20.41725,0.13370106378348226,-0.06566970067386609,0.0,0.0,15.44309831962098,12.19950473711522,0.0,0.89,0.11,0.0,0.0,149
CLE,37.0,53.9675,0.0,0.0,0.0,-0.00425,0.0,0.0,1.0,0.0,0.0,0.00025,0.0,149
DET,32.0,50.41775,0.21072538186386133,0.2641095912291887,0.0085,-0.049,6.434503019629074,6.489728502603478,0.99075,0.0,0.0,0.0045,0.01775,149
IND,30.0,46.13025,0.2481501826972498,0.5172655372430236,0.07425,-0.127,7.517595255268044,8.373672569425354,0.81025,0.0,0.00525,0.13525,0.20075,149
MIA,33.0,47.3515,-0.019079338474977912,0.17968736435917296,0.05125,-0.134,9.303576608435678,9.761583758386164,0.8845,0.0,0.001,0.05925,0.15675,149
MIL,13.0,18.981,0.0,0.0,0.0,0.0,0.0,0.0,0.0,0.9655,0.0345,0.0,0.0,149
NYK,29.0,42.5,0.0,0.0,0.09875,0.00325,0.0,0.0,0.3355,0.0,0.1125,0.5985,0.12425,149
ORL,25.0,39.38375,0.31808585944151785,0.2483894027816567,0.04475,0.11975,9.816133565498363,12.386575352093837,0.102,0.0,0.58425,0.382,0.017,149
PHI,31.0,48.21875,0.22065738052157186,0.3666256905556889,0.0345,-0.109,6.966498545431559,7.252881936800071,0.945,0.0,0.001,0.03075,0.0835,149
TOR,31.0,46.001,0.26216647617725974,0.5662263956261671,0.08025,-0.143,7.565036415087918,8.45778289900886,0.792,0.0,0.00725,0.14725,0.20425,149
WAS,20.0,31.38875,0.22030297440267826,0.0012572125845238071,0.0,0.00125,12.393699694539286,12.007477205468453,0.0,0.0,0.999,0.001,0.0,149
DAL,20.0,29.77475,0.2502342804549108,0.012968657905539967,0.0025,0.015,2.703979143657143,3.5058104254363482,0.003,0.00275,0.97675,0.0205,0.0,149
DEN,23.0,37.27775,0.0,0.0,0.01675,0.025,0.0,0.0,0.2455,0.0,0.03325,0.94775,0.0095,149
GSW,33.0,45.662,0.20037664650541226,0.3688536120583884,0.043,-0.12775,7.578228742533399,8.288753828963458,0.831,0.0,0.0,0.041,0.32,149
HOU,32.0,47.53725,0.21391602175121802,0.3445558239619323,0.02725,-0.11325,7.108178543557264,7.393497786505329,0.94525,0.0,0.0,0.0115,0.1235,149
LAC,29.0,39.82575,0.0,0.0,0.0355,-0.00225,5.156790123456789,5.156790123456789,0.20625,0.0,0.0025,0.896,0.06175,149
LAL,33.0,49.3925,0.0,0.0,0.0105,-0.07025,0.0,0.0,0.98525,0.0,0.0,0.0025,0.04175,149
MEM,21.0,28.6105,0.2863671507602675,0.0052025196600481915,0.00075,0.0085,13.278522081492408,12.98388035654727,0.00025,0.00575,0.98925,0.005,0.0,149
MIN,35.0,53.65125,0.0,0.0,0.00025,-0.005,0.0,0.0,0.99975,0.0,0.0,0.0,0.0005,149
NOP,20.0,29.1565,0.3403715773809524,0.02715624999999998,0.00075,0.0105,18.546893898809525,15.939088988095238,0.00025,0.004,0.986,0.01,0.0,149
OKC,43.0,65.38075,0.0,0.0,0.0,0.0,5.156790123456789,5.156790123456789,1.0,0.0,0.0,0.0,0.0,149
PHX,30.0,45.4445,0.0,0.0,0.03425,-0.1275,0.0,0.0,0.85,0.0,0.0,0.053,0.296,149
POR,33.0,47.391,0.2154925514671186,0.3477738783558091,0.02675,-0.121,7.154108190551719,7.489608675303951,0.9335,0.0,0.0,0.0125,0.147,149
SAC,15.0,21.7135,0.15338959469687513,-0.10688600607021517,0.0,0.0,15.224513320078568,12.311757649202002,0.0,0.76325,0.23675,0.0,0.0,149
SAS,37.0,56.01425,0.0,0.0,0.0,-0.00025,0.0,0.0,1.0,0.0,0.0,0.0,0.0,149
UTA,15.0,25.3115,0.24433197423392836,-0.004365923806547508,0.0,0.00025,14.359111523830801,10.13237107259702,0.0,0.14675,0.853,0.00025,0.0,149
